{"type":"FeatureCollection","features":[{"type":"Feature","properties":{"id":null,"riding_id":"01001","FEDNUM":"01001","name_en":"Congressional District 1","name_fr":"Congressional District 1","state":"AL"},"geometry":{"type":"Polygon","coordinates":[[[-86.18725,30.99403],[-87.59883,30.99746],[-87.59094,30.95352],[-87.63475,30.86562],[-87.54544,30.77939],[-87.52998,30.74096],[-87.40648,30.67515],[-87.39492,30.61427],[-87.45038,30.51447],[-87.42508,30.4656],[-87.36694,30.44049],[-87.42958,30.4065],[-87.46108,30.33531],[-87.50258,30.32741],[-87.49998,30.30621],[-87.45008,30.31111],[-87.51838,30.28391],[-87.51835,30.22951],[-87.80716,30.17738],[-87.98741,30.1779],[-88.04611,30.14469],[-88.1285,30.17208],[-88.16203,30.2001],[-88.30303,30.17797],[-88.34772,30.19009],[-88.38444,30.15855],[-88.43201,31.1143],[-88.32993,31.11436],[-88.32979,31.14383],[-88.02265,31.14427],[-87.98883,31.17331],[-87.94375,31.16135],[-87.94659,31.19294],[-87.91423,31.18674],[-87.87668,31.19839],[-87.86978,31.21577],[-87.8535,31.20345],[-87.86376,31.23111],[-87.83561,31.22974],[-87.85196,31.25911],[-87.83459,31.25839],[-87.8241,31.27927],[-87.78456,31.27675],[-87.80403,31.31902],[-87.77159,31.29372],[-87.71429,31.30212],[-87.66061,31.25191],[-87.559,31.22727],[-87.48921,31.26008],[-86.76397,31.2613],[-86.76716,31.18305],[-86.7414,31.19535],[-86.72066,31.18341],[-86.70029,31.19222],[-86.7028,31.34539],[-86.66746,31.36902],[-86.67542,31.38946],[-86.66209,31.40232],[-86.67125,31.43402],[-86.70122,31.43665],[-86.70156,31.52395],[-86.39994,31.52713],[-86.39855,31.45195],[-86.41121,31.43347],[-86.38708,31.43208],[-86.39768,31.42134],[-86.38567,31.40298],[-86.33621,31.41069],[-86.3345,31.38267],[-86.29897,31.38523],[-86.28996,31.37121],[-86.30042,31.32622],[-86.26219,31.32645],[-86.24494,31.28264],[-86.19389,31.28353],[-86.18725,30.99403]]]}},{"type":"Feature","properties":{"id":null,"riding_id":"01002","FEDNUM":"01002","name_en":"Congressional District 2","name_fr":"Congressional District 2","state":"AL"},"geometry":{"type":"Polygon","coordinates":[[[-85.88615,32.49306],[-85.79716,32.49424],[-85.79859,32.5811],[-85.71266,32.58184],[-85.71276,32.59574],[-85.48935,32.49694],[-85.43858,32.4971],[-85.43405,32.40985],[-85.33015,32.41085],[-85.33385,32.46865],[-85.0593,32.47292],[-85.06079,32.50918],[-84.99974,32.50815],[-84.99533,32.45325],[-84.96303,32.42425],[-84.98096,32.40607],[-84.96873,32.39146],[-84.98841,32.38522],[-84.97216,32.37692],[-85.00641,32.32676],[-84.93465,32.29892],[-84.88828,32.25934],[-84.92443,32.25016],[-84.91273,32.24336],[-84.92823,32.21986],[-84.97333,32.21766],[-84.98023,32.20776],[-84.96373,32.19586],[-85.01127,32.1805],[-85.06161,32.13342],[-85.04477,32.08584],[-85.05883,32.04696],[-85.04883,32.02171],[-85.06783,31.96736],[-85.08673,31.95916],[-85.07893,31.94017],[-85.11314,31.91187],[-85.11203,31.89477],[-85.13414,31.89217],[-85.14184,31.83987],[-85.13124,31.81527],[-85.14184,31.78127],[-85.11893,31.73267],[-85.12553,31.69497],[-85.05817,31.62023],[-85.05796,31.57085],[-85.04137,31.5425],[-85.09233,31.36405],[-85.08978,31.29503],[-85.11461,31.27734],[-85.09677,31.22566],[-85.10752,31.18646],[-85.03562,31.1082],[-85.0025,31.00069],[-86.18725,30.99403],[-86.19389,31.28353],[-86.24494,31.28264],[-86.26219,31.32645],[-86.30042,31.32622],[-86.28996,31.37121],[-86.29897,31.38523],[-86.3345,31.38267],[-86.33621,31.41069],[-86.38567,31.40298],[-86.39768,31.42134],[-86.38708,31.43208],[-86.41121,31.43347],[-86.39855,31.45195],[-86.39994,31.52713],[-86.83939,31.52521],[-86.86646,31.5466],[-86.90677,31.63268],[-86.90894,31.96168],[-86.85759,31.96217],[-86.85658,32.04836],[-86.90696,32.04798],[-86.9086,32.22082],[-86.81032,32.22475],[-86.8641,32.27054],[-86.82606,32.30596],[-86.85051,32.30986],[-86.85042,32.32895],[-86.81492,32.34081],[-86.82028,32.31501],[-86.79827,32.30864],[-86.77317,32.34073],[-86.78136,32.3925],[-86.74852,32.38936],[-86.72408,32.40533],[-86.71134,32.36077],[-86.68132,32.35389],[-86.65151,32.39932],[-86.62141,32.40669],[-86.61485,32.37427],[-86.59534,32.36135],[-86.57922,32.37587],[-86.5479,32.36925],[-86.53254,32.33878],[-86.49212,32.34559],[-86.49191,32.36433],[-86.4625,32.37814],[-86.46056,32.40471],[-86.42508,32.40244],[-86.39687,32.41368],[-86.3984,32.42695],[-86.34646,32.43302],[-86.31072,32.41173],[-86.32531,32.44246],[-86.3077,32.46826],[-86.35199,32.4908],[-86.33731,32.51844],[-86.3535,32.53644],[-86.3477,32.5619],[-86.33759,32.57845],[-86.28221,32.58165],[-86.31849,32.61414],[-86.28712,32.60944],[-86.26431,32.63665],[-86.23607,32.63728],[-86.22763,32.65836],[-86.15623,32.62191],[-86.16743,32.59082],[-86.15417,32.57972],[-86.12185,32.59071],[-86.10264,32.61954],[-86.0731,32.57997],[-86.04298,32.62505],[-86.04677,32.61181],[-86.03526,32.62438],[-85.99953,32.58037],[-85.90799,32.59167],[-85.90194,32.57328],[-85.89007,32.57893],[-85.88615,32.49306]]]}},{"type":"Feature","properties":{"id":null,"riding_id":"01003","FEDNUM":"01003","name_en":"Congressional District 3","name_fr":"Congressional District 3","state":"AL"},"geometry":{"type":"Polygon","coordinates":[[[-86.5778,33.76532],[-86.57753,33.80198],[-86.43022,33.81951],[-86.34566,33.88303],[-86.3479,33.9122],[-86.32232,33.93349],[-86.37016,33.93978],[-86.33366,33.9821],[-86.32267,34.07229],[-86.20048,34.17704],[-86.10562,34.18624],[-86.10609,34.20076],[-85.84362,34.20001],[-85.84381,34.2446],[-85.80842,34.23938],[-85.80905,34.25893],[-85.77417,34.2591],[-85.66416,34.36194],[-85.62919,34.3724],[-85.6273,34.39715],[-85.61551,34.39388],[-85.57966,34.43972],[-85.57679,34.48444],[-85.51407,34.52453],[-85.1844,32.86132],[-85.15629,32.85053],[-85.16805,32.81185],[-85.12233,32.77439],[-85.14299,32.75994],[-85.11333,32.73576],[-85.11704,32.69204],[-85.08849,32.65776],[-85.10454,32.64102],[-85.08312,32.63617],[-85.09089,32.62514],[-85.06754,32.57955],[-85.00102,32.51016],[-85.06079,32.50918],[-85.0593,32.47292],[-85.33385,32.46865],[-85.33015,32.41085],[-85.43405,32.40985],[-85.43858,32.4971],[-85.48935,32.49694],[-85.71276,32.59574],[-85.71266,32.58184],[-85.79859,32.5811],[-85.79716,32.49424],[-85.88724,32.49392],[-85.88775,32.64762],[-85.91161,32.68439],[-85.87986,32.75453],[-85.95486,32.75483],[-85.95557,32.76913],[-85.97277,32.76923],[-85.97216,32.75494],[-86.00719,32.75499],[-86.00932,33.10465],[-86.27912,33.10393],[-86.28549,33.12387],[-86.33281,33.14113],[-86.31115,33.15946],[-86.40636,33.15532],[-86.42275,33.17186],[-86.48429,33.16124],[-86.50329,33.17487],[-86.48932,33.20074],[-86.46202,33.20003],[-86.45803,33.24144],[-86.42967,33.24823],[-86.43353,33.28263],[-86.4045,33.27276],[-86.35829,33.29447],[-86.36811,33.34168],[-86.34112,33.35461],[-86.37882,33.38812],[-86.37823,33.50242],[-86.48194,33.50255],[-86.48155,33.54608],[-86.55199,33.5609],[-86.55135,33.61998],[-86.52513,33.64871],[-86.52508,33.72124],[-86.54265,33.73564],[-86.54276,33.76518],[-86.5778,33.76532]]]}},{"type":"Feature","properties":{"id":null,"riding_id":"01004","FEDNUM":"01004","name_en":"Congressional District 4","name_fr":"Congressional District 4","state":"AL"},"geometry":{"type":"Polygon","coordinates":[[[-88.27462,33.53401],[-88.09789,34.89221],[-88.15242,34.91975],[-88.20296,35.00803],[-87.42458,35.00244],[-87.43853,34.99418],[-87.42989,34.9239],[-87.49648,34.87172],[-87.49531,34.81905],[-87.42652,34.80003],[-87.4344,34.77362],[-87.41592,34.76432],[-87.43583,34.72954],[-87.4263,34.70934],[-87.45269,34.69302],[-87.44578,34.65097],[-87.4835,34.64834],[-87.47691,34.63764],[-87.51479,34.59786],[-87.51574,34.56798],[-87.52967,34.56709],[-87.52973,34.3046],[-86.58194,34.3047],[-86.55077,34.54567],[-86.53345,34.5028],[-86.50152,34.48305],[-86.42461,34.47931],[-86.38906,34.49968],[-86.39114,34.51997],[-86.32989,34.51304],[-86.30664,34.56106],[-86.33159,34.57301],[-86.29968,34.58018],[-86.32696,34.59975],[-86.14847,34.59908],[-86.14777,34.52091],[-86.12772,34.53386],[-86.09488,34.51963],[-86.10464,34.50687],[-86.08906,34.46753],[-86.00384,34.48004],[-85.78548,34.62459],[-85.69304,34.74426],[-85.6602,34.75497],[-85.62689,34.83213],[-85.58315,34.86038],[-85.51362,34.52383],[-85.57679,34.48444],[-85.57966,34.43972],[-85.61551,34.39388],[-85.6273,34.39715],[-85.62919,34.3724],[-85.66416,34.36194],[-85.77417,34.2591],[-85.80905,34.25893],[-85.80842,34.23938],[-85.84381,34.2446],[-85.84362,34.20001],[-86.10609,34.20076],[-86.10562,34.18624],[-86.20048,34.17704],[-86.32267,34.07229],[-86.33366,33.9821],[-86.37016,33.93978],[-86.32215,33.93243],[-86.3479,33.9122],[-86.34566,33.88303],[-86.43022,33.81951],[-86.57753,33.80198],[-86.5778,33.76532],[-86.64777,33.7659],[-86.75915,33.84062],[-86.88395,33.84324],[-86.95367,33.8153],[-86.97093,33.78647],[-87.00597,33.78724],[-87.04064,33.72898],[-87.0398,33.68536],[-87.05726,33.68548],[-87.05776,33.65637],[-87.0927,33.65688],[-87.09274,33.62786],[-87.17943,33.6138],[-87.20493,33.57711],[-87.18723,33.55175],[-87.23731,33.53833],[-87.25047,33.5142],[-87.27106,33.52987],[-87.26359,33.49833],[-87.28739,33.50119],[-87.2903,33.47913],[-87.32918,33.49267],[-87.375,33.44234],[-87.41552,33.35416],[-87.39324,33.2879],[-87.4222,33.27872],[-87.42918,33.25416],[-87.46092,33.25311],[-87.46115,33.21483],[-87.48704,33.20712],[-87.48712,33.22574],[-87.54298,33.22369],[-87.61757,33.1935],[-87.62612,33.18124],[-87.57761,33.17686],[-87.58814,33.1556],[-87.56836,33.16306],[-87.57565,33.12361],[-87.54362,33.11568],[-87.60314,33.06296],[-87.63011,33.05979],[-87.62656,33.01316],[-87.65498,33.03127],[-87.68818,33.0099],[-87.83224,33.01726],[-87.84069,33.52485],[-88.27462,33.53401]],[[-86.14979,34.53016],[-86.15423,34.53379],[-86.15428,34.53006],[-86.14979,34.53016]]]}},{"type":"Feature","properties":{"id":null,"riding_id":"01005","FEDNUM":"01005","name_en":"Congressional District 5","name_fr":"Congressional District 5","state":"AL"},"geometry":{"type":"MultiPolygon","coordinates":[[[[-86.15423,34.53379],[-86.14979,34.53016],[-86.15428,34.53006],[-86.15423,34.53379]]],[[[-86.1459,34.52001],[-86.14847,34.59908],[-86.24562,34.60012],[-86.32696,34.59975],[-86.29968,34.58018],[-86.33159,34.57301],[-86.30664,34.56106],[-86.33017,34.51271],[-86.39082,34.52008],[-86.38906,34.49968],[-86.42401,34.47952],[-86.46891,34.47564],[-86.53049,34.5001],[-86.55077,34.54567],[-86.58194,34.3047],[-87.52973,34.3046],[-87.52967,34.56709],[-87.51574,34.56798],[-87.51479,34.59786],[-87.47691,34.63764],[-87.4835,34.64834],[-87.44578,34.65097],[-87.45269,34.69302],[-87.4263,34.70934],[-87.43583,34.72954],[-87.41593,34.76418],[-87.4344,34.77362],[-87.42652,34.80003],[-87.49531,34.81905],[-87.49648,34.87172],[-87.42949,34.92483],[-87.43309,35.00067],[-85.60517,34.98468],[-85.58315,34.86038],[-85.62689,34.83213],[-85.6602,34.75497],[-85.69304,34.74426],[-85.78548,34.62459],[-86.00384,34.48004],[-86.08342,34.46458],[-86.10464,34.50687],[-86.09488,34.51963],[-86.12772,34.53386],[-86.1459,34.52001]]]]}},{"type":"Feature","properties":{"id":null,"riding_id":"01006","FEDNUM":"01006","name_en":"Congressional District 6","name_fr":"Congressional District 6","state":"AL"},"geometry":{"type":"Polygon","coordinates":[[[-87.03982,33.68747],[-87.02329,33.77273],[-86.97093,33.78647],[-86.95367,33.8153],[-86.88395,33.84324],[-86.75915,33.84062],[-86.64777,33.7659],[-86.54276,33.76518],[-86.54265,33.73564],[-86.52508,33.72124],[-86.52513,33.64871],[-86.55135,33.61998],[-86.55199,33.5609],[-86.48155,33.54608],[-86.48194,33.50255],[-86.37823,33.50242],[-86.37882,33.38812],[-86.34094,33.35308],[-86.36811,33.34168],[-86.35829,33.29447],[-86.4045,33.27276],[-86.43353,33.28263],[-86.42967,33.24823],[-86.45803,33.24144],[-86.46202,33.20003],[-86.48932,33.20074],[-86.50329,33.17487],[-86.48429,33.16124],[-86.42275,33.17186],[-86.40636,33.15532],[-86.31115,33.15946],[-86.33281,33.14113],[-86.28549,33.12387],[-86.27912,33.10393],[-86.00932,33.10465],[-86.00719,32.75499],[-85.97216,32.75494],[-85.97277,32.76923],[-85.95557,32.76913],[-85.95486,32.75483],[-85.87986,32.75453],[-85.91161,32.68439],[-85.88775,32.64762],[-85.89201,32.57603],[-85.90799,32.59167],[-85.99953,32.58037],[-86.03526,32.62438],[-86.04677,32.61181],[-86.04298,32.62505],[-86.0731,32.57997],[-86.10264,32.61954],[-86.12185,32.59071],[-86.15417,32.57972],[-86.16743,32.59082],[-86.15623,32.62191],[-86.22778,32.65834],[-86.23607,32.63728],[-86.26431,32.63665],[-86.28712,32.60944],[-86.31849,32.61414],[-86.28221,32.58165],[-86.33759,32.57845],[-86.3477,32.5619],[-86.3535,32.53644],[-86.33731,32.51844],[-86.35199,32.4908],[-86.3077,32.46826],[-86.32531,32.44246],[-86.31072,32.41173],[-86.34646,32.43302],[-86.3984,32.42695],[-86.39687,32.41368],[-86.42508,32.40244],[-86.46056,32.40471],[-86.4625,32.37814],[-86.49191,32.36433],[-86.49212,32.34559],[-86.53254,32.33878],[-86.5479,32.36925],[-86.57922,32.37587],[-86.59534,32.36135],[-86.61485,32.37427],[-86.61982,32.40648],[-86.65151,32.39932],[-86.68354,32.3534],[-86.71412,32.36289],[-86.72096,32.40482],[-86.74852,32.38936],[-86.77837,32.39461],[-86.77317,32.34073],[-86.81081,32.30758],[-86.82093,32.33325],[-86.80738,32.35436],[-86.84615,32.40973],[-86.8244,32.42473],[-86.86667,32.4378],[-86.85995,32.45063],[-86.90675,32.53698],[-86.89871,32.57745],[-86.9176,32.66418],[-87.01766,32.66328],[-87.01916,32.83704],[-87.31919,32.83153],[-87.31948,32.87513],[-87.42121,32.87451],[-87.42194,33.00339],[-87.31854,33.00619],[-87.31158,33.09394],[-87.28195,33.13307],[-87.19932,33.13066],[-87.19916,33.19656],[-87.15208,33.23249],[-87.12188,33.23585],[-87.12152,33.22148],[-87.10411,33.22146],[-87.07665,33.24684],[-86.98289,33.24601],[-86.96958,33.26748],[-86.92617,33.27817],[-86.92614,33.29654],[-86.88254,33.33297],[-86.83069,33.33202],[-86.81607,33.37799],[-86.82767,33.37634],[-86.84231,33.41587],[-86.82142,33.41794],[-86.80561,33.47428],[-86.78724,33.47473],[-86.79316,33.48876],[-86.74416,33.51686],[-86.76306,33.52026],[-86.74463,33.54025],[-86.75441,33.54363],[-86.69682,33.59099],[-86.67832,33.6288],[-86.68321,33.65105],[-86.70283,33.63855],[-86.71921,33.66022],[-86.80959,33.62132],[-86.87456,33.62992],[-86.87237,33.65601],[-86.89933,33.65582],[-86.91191,33.6718],[-86.90608,33.64943],[-86.93183,33.65236],[-86.95028,33.66898],[-86.95359,33.71047],[-86.99787,33.68578],[-87.01146,33.69755],[-87.03982,33.68747]]]}},{"type":"Feature","properties":{"id":null,"riding_id":"01007","FEDNUM":"01007","name_en":"Congressional District 7","name_fr":"Congressional District 7","state":"AL"},"geometry":{"type":"Polygon","coordinates":[[[-87.26137,33.50069],[-87.27021,33.53033],[-87.25047,33.5142],[-87.23731,33.53833],[-87.18677,33.55227],[-87.20493,33.57711],[-87.17943,33.6138],[-87.09274,33.62786],[-87.0927,33.65688],[-87.05776,33.65637],[-87.05726,33.68548],[-87.01234,33.69755],[-86.99787,33.68578],[-86.96493,33.71116],[-86.94725,33.70908],[-86.94969,33.66838],[-86.93183,33.65236],[-86.90608,33.64943],[-86.91191,33.6718],[-86.89933,33.65582],[-86.87237,33.65601],[-86.87456,33.62992],[-86.80959,33.62132],[-86.71921,33.66022],[-86.71401,33.64209],[-86.68321,33.65105],[-86.679,33.63596],[-86.69682,33.59099],[-86.76364,33.52676],[-86.74416,33.51686],[-86.79316,33.48876],[-86.78724,33.47473],[-86.80561,33.47428],[-86.82142,33.41794],[-86.84231,33.41587],[-86.82767,33.37634],[-86.81607,33.37799],[-86.83069,33.33202],[-86.88254,33.33297],[-86.92614,33.29654],[-86.92617,33.27817],[-86.96958,33.26748],[-86.98289,33.24601],[-87.07665,33.24684],[-87.10411,33.22146],[-87.12152,33.22148],[-87.12188,33.23585],[-87.15208,33.23249],[-87.19916,33.19656],[-87.19932,33.13066],[-87.28195,33.13307],[-87.31158,33.09394],[-87.31854,33.00619],[-87.42199,33.00013],[-87.42121,32.87451],[-87.31948,32.87513],[-87.31919,32.83153],[-87.01916,32.83704],[-87.01766,32.66328],[-86.9176,32.66418],[-86.89871,32.57745],[-86.90675,32.53698],[-86.85995,32.45063],[-86.86667,32.4378],[-86.8244,32.42473],[-86.84512,32.40519],[-86.80687,32.35179],[-86.85042,32.32895],[-86.85051,32.30986],[-86.82606,32.30596],[-86.86469,32.27357],[-86.81032,32.22475],[-86.90851,32.22382],[-86.90696,32.04798],[-86.85658,32.04836],[-86.85759,31.96217],[-86.90894,31.96168],[-86.90677,31.63268],[-86.86646,31.5466],[-86.83939,31.52521],[-86.70156,31.52395],[-86.70122,31.43665],[-86.67125,31.43402],[-86.66209,31.4028],[-86.67542,31.38946],[-86.66746,31.36902],[-86.7028,31.34539],[-86.70029,31.19222],[-86.767,31.18277],[-86.76397,31.2613],[-87.48921,31.26008],[-87.55929,31.2273],[-87.66061,31.25191],[-87.71429,31.30212],[-87.77159,31.29372],[-87.80403,31.31902],[-87.78456,31.27675],[-87.8241,31.27927],[-87.83459,31.25839],[-87.85196,31.25911],[-87.83561,31.22974],[-87.86376,31.23111],[-87.8535,31.20345],[-87.86978,31.21577],[-87.87668,31.19839],[-87.91423,31.18674],[-87.94659,31.19294],[-87.94375,31.16135],[-87.98883,31.17331],[-88.02265,31.14427],[-88.32979,31.14383],[-88.32993,31.11436],[-88.43201,31.1143],[-88.47323,31.89386],[-88.27462,33.53401],[-87.84069,33.52485],[-87.83224,33.01726],[-87.68818,33.0099],[-87.65611,33.03123],[-87.62525,33.01394],[-87.63011,33.05979],[-87.60314,33.06296],[-87.54362,33.11568],[-87.57565,33.12361],[-87.56836,33.16306],[-87.58814,33.1556],[-87.57761,33.17686],[-87.59226,33.18651],[-87.62612,33.18124],[-87.61601,33.19543],[-87.52164,33.22651],[-87.51113,33.21627],[-87.48712,33.22574],[-87.48704,33.20712],[-87.46115,33.21483],[-87.46092,33.25311],[-87.42918,33.25416],[-87.4222,33.27872],[-87.39275,33.28923],[-87.41576,33.35135],[-87.38639,33.42678],[-87.33028,33.49197],[-87.28851,33.47937],[-87.28739,33.50119],[-87.26137,33.50069]]]}},{"type":"Feature","properties":{"id":"7","riding_id":"02000","FEDNUM":"02000","name_en":"Congressional District (at Large)","name_fr":"Congressional District (at Large)","state":""},"geometry":{"type":"MultiPolygon","coordinates":[[[[179.38969,51.9238],[179.40873,52.00536],[179.4296,52.02359],[179.50831,52.03972],[179.54087,52.06417],[179.65838,52.07828],[179.77102,52.04084],[179.84708,51.99248],[179.85968,51.96037],[179.82502,51.89203],[179.78507,51.86265],[179.62321,51.819],[179.4568,51.8599],[179.38969,51.9238]]],[[[178.53062,51.62474],[178.55949,51.70166],[178.60729,51.71653],[179.04017,51.64004],[179.07793,51.62112],[179.08744,51.58354],[179.17033,51.52304],[179.22682,51.51294],[179.28707,51.46983],[179.42522,51.46283],[179.55319,51.40002],[179.57841,51.35435],[179.51087,51.30827],[179.29808,51.31103],[179.25552,51.29368],[179.18105,51.30546],[179.10194,51.3661],[178.96936,51.42878],[178.89601,51.49254],[178.79024,51.49247],[178.55177,51.59986],[178.53062,51.62474]]],[[[178.12383,51.84399],[178.15551,51.87533],[178.19795,51.88887],[178.33218,51.87086],[178.43115,51.82698],[178.49277,51.7769],[178.49635,51.74453],[178.46922,51.71872],[178.40046,51.70362],[178.24988,51.72448],[178.14053,51.79654],[178.12383,51.84399]]],[[[178.00345,52.0496],[178.0769,52.10001],[178.16272,52.10666],[178.24737,52.06754],[178.26716,52.03746],[178.40266,52.02171],[178.51241,52.04344],[178.64332,51.99761],[178.66395,51.98285],[178.67021,51.9441],[178.6446,51.90613],[178.58073,51.85956],[178.5021,51.84695],[178.41299,51.87537],[178.37109,51.90685],[178.26054,51.91016],[178.19587,51.94885],[178.05968,51.94812],[178.01631,51.97871],[178.00345,52.0496]]],[[[177.9339,51.87229],[177.97441,51.91464],[178.03435,51.92261],[178.09371,51.89451],[178.10128,51.86297],[178.0664,51.82721],[177.99719,51.82204],[177.94814,51.84664],[177.9339,51.87229]]],[[[177.28016,52.12759],[177.31541,52.16098],[177.38048,52.17454],[177.43793,52.14688],[177.44656,52.11446],[177.41498,52.08479],[177.34511,52.0721],[177.2906,52.10216],[177.28016,52.12759]]],[[[177.11961,51.85874],[177.12134,51.91788],[177.32085,52.02124],[177.41643,52.03814],[177.426,52.07779],[177.46064,52.09464],[177.49808,52.15164],[177.58671,52.18951],[177.70378,52.16303],[177.76461,52.12098],[177.76043,52.06118],[177.70316,52.00704],[177.81156,51.99532],[177.874,51.95611],[177.86082,51.92229],[177.81919,51.89536],[177.73597,51.90214],[177.54641,51.86162],[177.41624,51.87123],[177.41521,51.79105],[177.34532,51.75775],[177.29862,51.7629],[177.11961,51.85874]]],[[[175.76529,52.38733],[175.79479,52.4248],[175.87478,52.43972],[176.00491,52.40951],[176.06452,52.36338],[176.00993,52.29956],[175.89661,52.28127],[175.83139,52.30558],[175.76529,52.38733]]],[[[173.77379,52.7816],[173.80201,52.81967],[173.87064,52.8348],[174.05015,52.78909],[174.12863,52.80122],[174.22144,52.7677],[174.23783,52.70327],[174.21176,52.6742],[174.16252,52.65674],[174.01799,52.67185],[173.83797,52.71603],[173.78871,52.74973],[173.77379,52.7816]]],[[[173.27341,52.41047],[173.33669,52.47616],[173.42159,52.50729],[173.4805,52.50257],[173.60826,52.55988],[173.77814,52.56611],[173.85559,52.52834],[173.84461,52.48888],[173.78059,52.45079],[173.81408,52.35335],[173.74771,52.29998],[173.63864,52.29426],[173.5337,52.33178],[173.46228,52.3277],[173.32154,52.34998],[173.28058,52.37759],[173.27341,52.41047]]],[[[172.34934,52.92219],[172.37641,52.95962],[172.62316,53.05316],[172.76363,53.06526],[172.95416,53.03896],[173.13221,53.04397],[173.21589,53.02036],[173.23836,52.99977],[173.32194,52.99213],[173.37141,52.96035],[173.3926,52.90746],[173.43166,52.9175],[173.48955,52.90012],[173.56762,52.84187],[173.58065,52.81549],[173.52606,52.77449],[173.40338,52.77757],[173.42169,52.75562],[173.41434,52.72816],[173.36198,52.69576],[173.30634,52.69887],[173.20963,52.73966],[173.10331,52.7298],[173.04578,52.74886],[173.03602,52.72847],[172.90147,52.68161],[172.81439,52.73085],[172.71607,52.73242],[172.58732,52.80915],[172.47908,52.85524],[172.41938,52.85975],[172.36259,52.88702],[172.34934,52.92219]]],[[[-146.50828,59.39073],[-146.49139,59.42305],[-146.42783,59.46667],[-146.42643,59.55551],[-146.35849,59.58606],[-146.25518,59.56696],[-146.23743,59.54457],[-146.24292,59.51995],[-146.18548,59.49699],[-146.14545,59.43523],[-146.16299,59.40316],[-146.25354,59.35767],[-146.36191,59.33548],[-146.46929,59.35005],[-146.50828,59.39073]]],[[[-152.46653,58.91499],[-152.41402,58.99224],[-152.32345,59.00746],[-152.24565,58.99346],[-152.1454,59.01789],[-152.01955,59.01092],[-151.93718,58.9883],[-151.86778,58.94641],[-151.85164,58.91735],[-151.8832,58.88068],[-152.01717,58.82852],[-152.13407,58.85812],[-152.31462,58.82],[-152.40145,58.83667],[-152.46653,58.91499]]],[[[-154.93369,57.29468],[-154.88863,57.38192],[-154.8154,57.41279],[-154.79016,57.46142],[-154.72297,57.52795],[-154.62518,57.5729],[-154.58902,57.61288],[-154.48094,57.63186],[-154.40701,57.69053],[-154.24006,57.71547],[-153.97825,57.86147],[-153.91713,57.91656],[-153.87057,57.92878],[-153.78662,57.91771],[-153.48019,58.01884],[-153.50476,58.04033],[-153.50658,58.06623],[-153.4702,58.1087],[-153.36747,58.17929],[-153.31467,58.19301],[-153.27135,58.23849],[-153.20004,58.26625],[-152.88086,58.48979],[-152.8469,58.5315],[-152.77512,58.54941],[-152.76755,58.5866],[-152.71908,58.63538],[-152.54557,58.74245],[-152.43454,58.75078],[-152.39299,58.73046],[-152.3848,58.69042],[-152.31259,58.70045],[-152.24771,58.68073],[-152.18932,58.62026],[-152.18283,58.57397],[-152.11348,58.56166],[-152.06549,58.52676],[-152.06088,58.50083],[-152.07982,58.47859],[-152.18205,58.45195],[-152.07191,58.44003],[-151.89522,58.3717],[-151.82397,58.39888],[-151.75049,58.39466],[-151.70403,58.35734],[-151.70729,58.33134],[-151.75518,58.3034],[-151.69658,58.25977],[-151.7066,58.18782],[-151.78217,58.12876],[-151.88418,58.11296],[-151.93399,58.12572],[-151.96639,58.15374],[-152.05527,58.10453],[-152.26074,58.07336],[-152.31231,58.04964],[-152.45335,58.05929],[-152.47452,58.04543],[-152.41445,58.03658],[-152.23558,57.94994],[-152.22021,57.93022],[-152.25523,57.86627],[-152.13795,57.82981],[-152.07979,57.6863],[-152.03486,57.65332],[-152.03101,57.62863],[-152.0635,57.5712],[-152.22244,57.4753],[-152.21649,57.43823],[-152.15652,57.40586],[-152.18634,57.35318],[-152.25848,57.32343],[-152.33768,57.32158],[-152.38315,57.33541],[-152.41558,57.38447],[-152.52601,57.32937],[-152.53767,57.30075],[-152.64272,57.23537],[-152.83563,57.21737],[-152.78521,57.19246],[-152.77437,57.16056],[-152.79295,57.12288],[-152.83416,57.09443],[-153.09829,57.04031],[-153.12152,57.00153],[-153.20555,56.95322],[-153.32,56.94094],[-153.44909,56.97081],[-153.47686,56.94132],[-153.45462,56.92643],[-153.45095,56.90034],[-153.4887,56.86367],[-153.61518,56.83438],[-153.69455,56.78564],[-153.76042,56.77647],[-153.74755,56.74504],[-153.78354,56.69756],[-153.89007,56.67171],[-153.91992,56.64254],[-153.99976,56.63495],[-153.98212,56.60901],[-153.84211,56.62056],[-153.7909,56.6101],[-153.76494,56.58808],[-153.76243,56.55674],[-153.8066,56.50936],[-153.91908,56.45699],[-154.05788,56.44843],[-154.15334,56.46005],[-154.23361,56.44347],[-154.34056,56.4644],[-154.42988,56.44114],[-154.49821,56.45578],[-154.58199,56.42681],[-154.6571,56.37323],[-154.72573,56.35522],[-154.79493,56.35929],[-154.86294,56.38385],[-154.88902,56.41261],[-154.89385,56.44472],[-154.75811,56.55982],[-154.5405,56.65584],[-154.42998,56.65463],[-154.35211,56.63254],[-154.23667,56.66757],[-154.2393,56.69286],[-154.21783,56.72047],[-154.38552,56.83027],[-154.38772,56.89562],[-154.60861,56.97028],[-154.62854,57.00201],[-154.60113,57.03638],[-154.61978,57.16236],[-154.68577,57.21422],[-154.8311,57.23064],[-154.91403,57.26673],[-154.93369,57.29468]]],[[[-155.8368,55.80082],[-155.80476,55.83644],[-155.6341,55.92547],[-155.47435,55.91359],[-155.45312,55.88392],[-155.48522,55.81862],[-155.47475,55.74146],[-155.52809,55.70585],[-155.71982,55.71179],[-155.79435,55.72959],[-155.82624,55.75927],[-155.8368,55.80082]]],[[[-156.90203,56.16544],[-156.88071,56.23229],[-156.84199,56.27008],[-156.77023,56.27979],[-156.70739,56.26743],[-156.65111,56.20096],[-156.65377,56.16759],[-156.67587,56.1525],[-156.60985,56.13215],[-156.55605,56.09016],[-156.54804,56.03862],[-156.64778,55.9623],[-156.79307,55.95579],[-156.82221,55.96756],[-156.82641,56.00758],[-156.84653,56.03023],[-156.81717,56.1041],[-156.8836,56.12284],[-156.90203,56.16544]]],[[[-159.91034,54.81417],[-159.85464,54.8644],[-159.72929,54.89416],[-159.6363,54.8718],[-159.55612,54.88026],[-159.44065,54.81754],[-159.41644,54.782],[-159.46929,54.72097],[-159.54787,54.6993],[-159.65243,54.71778],[-159.68858,54.7656],[-159.7654,54.73977],[-159.83508,54.74546],[-159.91034,54.81417]]],[[[-160.09759,58.59991],[-160.07488,58.63989],[-160.00465,58.6656],[-159.90528,58.64671],[-159.86768,58.61052],[-159.86258,58.58568],[-159.92132,58.54396],[-160.00853,58.53468],[-160.05905,58.54783],[-160.09759,58.59991]]],[[[-160.54406,58.68784],[-160.49037,58.77363],[-160.41604,58.79845],[-160.13762,58.7489],[-160.09626,58.70534],[-160.15273,58.6582],[-160.1684,58.61856],[-160.21216,58.59505],[-160.2256,58.56554],[-160.30103,58.53576],[-160.39686,58.55392],[-160.41429,58.58693],[-160.38763,58.62765],[-160.47534,58.62719],[-160.52874,58.65416],[-160.54406,58.68784]]],[[[-161.19453,55.159],[-161.14891,55.20101],[-161.10906,55.208],[-161.04386,55.20109],[-161.00542,55.16347],[-161.01997,55.12924],[-161.09566,55.10345],[-161.16606,55.12213],[-161.19453,55.159]]],[[[-161.43692,64.13355],[-161.39329,64.17201],[-161.31036,64.18937],[-161.22355,64.17643],[-161.17666,64.14686],[-161.18448,64.10616],[-161.20992,64.08205],[-161.30603,64.06197],[-161.41444,64.08677],[-161.43692,64.13355]]],[[[-161.85929,63.61091],[-161.82623,63.64249],[-161.7585,63.65452],[-161.67714,63.64265],[-161.63397,63.60432],[-161.67522,63.56634],[-161.75197,63.55206],[-161.83922,63.57035],[-161.85929,63.61091]]],[[[-162.81901,54.81116],[-162.76939,54.85336],[-162.72517,54.85739],[-162.67295,54.84344],[-162.63718,54.80479],[-162.6778,54.76272],[-162.74018,54.7531],[-162.80259,54.77582],[-162.81901,54.81116]]],[[[-163.01369,54.38509],[-162.99505,54.41479],[-162.95988,54.42802],[-162.96459,54.44625],[-162.93558,54.47772],[-162.93884,54.52114],[-162.86063,54.55431],[-162.35435,54.45669],[-162.24821,54.39926],[-162.23838,54.36992],[-162.2822,54.33096],[-162.35896,54.32852],[-162.42936,54.29851],[-162.49229,54.29383],[-162.54694,54.24802],[-162.70008,54.23797],[-162.74659,54.25265],[-162.77997,54.29321],[-162.87517,54.33902],[-162.92199,54.32602],[-162.98327,54.33778],[-163.00475,54.35158],[-163.01369,54.38509]]],[[[-163.27089,55.43172],[-163.25213,55.45382],[-163.2715,55.47702],[-163.26,55.50623],[-163.17388,55.53212],[-163.07601,55.48869],[-163.02794,55.42083],[-163.07096,55.36133],[-163.15394,55.34312],[-163.24705,55.3745],[-163.27089,55.43172]]],[[[-167.55823,60.22436],[-167.50807,60.26311],[-167.30983,60.29072],[-167.10258,60.29004],[-167.01807,60.26624],[-166.94378,60.2781],[-166.87341,60.3312],[-166.7633,60.38128],[-166.66631,60.38578],[-166.50579,60.44764],[-166.34982,60.41774],[-166.27633,60.45161],[-166.27093,60.47862],[-166.24933,60.49113],[-166.15243,60.51075],[-166.05419,60.46949],[-165.99977,60.41128],[-166.00953,60.3877],[-165.98137,60.37409],[-165.89938,60.4032],[-165.82845,60.39005],[-165.73846,60.40561],[-165.67148,60.38346],[-165.64948,60.34882],[-165.58619,60.32978],[-165.56152,60.30173],[-165.5883,60.24141],[-165.5666,60.21565],[-165.5885,60.17888],[-165.55968,60.13333],[-165.56662,60.05873],[-165.40254,59.96786],[-165.49547,59.87018],[-165.65782,59.83626],[-165.73902,59.84135],[-166.01245,59.70538],[-166.17695,59.69982],[-166.24211,59.7171],[-166.32185,59.77314],[-166.42967,59.80164],[-166.65434,59.80239],[-166.73678,59.8383],[-166.8289,59.85233],[-166.94062,59.91191],[-167.13784,59.94403],[-167.22273,59.99385],[-167.40082,60.02612],[-167.44077,60.05646],[-167.43645,60.10876],[-167.47324,60.1489],[-167.53635,60.17824],[-167.55823,60.22436]]],[[[-168.13502,53.95146],[-168.08296,53.99244],[-167.99359,53.99042],[-167.95904,53.9637],[-167.95345,53.92116],[-167.98406,53.8865],[-168.05533,53.87634],[-168.11637,53.90551],[-168.13502,53.95146]]],[[[-168.21011,64.95137],[-168.20791,65.00329],[-168.07611,65.04329],[-167.95308,65.02348],[-167.9243,65.00273],[-167.91383,64.96994],[-167.97615,64.92287],[-168.09088,64.91111],[-168.21011,64.95137]]],[[[-168.23154,65.62623],[-168.22131,65.67545],[-168.20014,65.69937],[-168.07713,65.75609],[-167.52082,65.87815],[-166.71947,66.14805],[-165.77774,66.39736],[-165.13882,66.52846],[-164.46354,66.6263],[-163.90079,66.64267],[-163.62622,66.62417],[-162.83203,66.92681],[-163.04947,66.98661],[-163.78152,67.06976],[-163.91138,67.1047],[-163.99123,67.14788],[-164.00272,67.17255],[-163.88253,67.21498],[-164.00451,67.39781],[-164.17543,67.5476],[-164.28127,67.59167],[-164.65522,67.69245],[-165.49945,68.01878],[-165.96604,68.07249],[-166.09592,68.11827],[-166.17754,68.18503],[-166.36478,68.24426],[-166.65198,68.28832],[-166.86059,68.28748],[-166.97211,68.32245],[-166.97157,68.35606],[-166.91291,68.38533],[-166.50287,68.45611],[-166.44393,68.47849],[-166.43491,68.53064],[-166.36766,68.57499],[-166.37124,68.6513],[-166.3333,68.69613],[-166.32731,68.78176],[-166.36612,68.86888],[-166.34743,68.90039],[-166.27833,68.92707],[-166.20015,68.93382],[-165.62086,68.90371],[-165.35705,68.90894],[-164.63867,68.96644],[-164.27938,68.97962],[-164.02036,69.03315],[-163.6508,69.16869],[-163.38059,69.32022],[-163.33319,69.35932],[-163.28959,69.43036],[-163.28777,69.63238],[-163.13356,69.8387],[-162.81882,69.99903],[-162.6059,70.14685],[-162.46522,70.21724],[-161.94866,70.37474],[-161.87022,70.38278],[-161.31513,70.34726],[-160.90786,70.41574],[-160.66515,70.47644],[-160.41422,70.5613],[-159.75547,70.83053],[-159.23844,70.92028],[-158.734,70.96312],[-158.62077,70.94557],[-158.55272,70.90283],[-158.33354,70.87203],[-158.17146,70.87105],[-157.93147,70.90215],[-157.53242,71.00755],[-157.34829,71.08798],[-156.94083,71.3112],[-156.76087,71.37288],[-156.64226,71.39614],[-156.58225,71.42767],[-156.40063,71.43541],[-155.92643,71.35769],[-155.82736,71.32869],[-155.75621,71.28338],[-155.45887,71.26859],[-155.00332,71.20008],[-154.62627,71.10072],[-154.43768,71.02355],[-153.89918,70.93622],[-153.5124,70.93594],[-153.27431,70.97096],[-153.00011,70.96988],[-152.81685,70.96052],[-152.67991,70.93458],[-152.50976,70.93473],[-152.15185,70.87513],[-152.05815,70.84117],[-152.04636,70.81316],[-151.61274,70.5936],[-151.51678,70.57135],[-151.50333,70.53602],[-151.54889,70.49108],[-151.31498,70.46343],[-151.18984,70.49292],[-150.92972,70.51429],[-150.79515,70.54836],[-150.34524,70.55323],[-150.32321,70.57856],[-150.24271,70.60434],[-150.11787,70.60618],[-150.03353,70.5877],[-149.92951,70.61476],[-149.71913,70.62194],[-149.40735,70.60383],[-149.09048,70.56542],[-148.97494,70.53371],[-148.78726,70.52538],[-148.65177,70.47817],[-148.54887,70.47297],[-148.48701,70.45332],[-148.51494,70.48972],[-148.4213,70.53286],[-148.29251,70.53746],[-148.12693,70.50135],[-148.05196,70.53883],[-147.89963,70.5421],[-147.81853,70.52002],[-147.77847,70.49166],[-147.77944,70.47187],[-147.65248,70.4597],[-147.61127,70.43648],[-147.45516,70.44571],[-147.37252,70.43054],[-147.32835,70.40743],[-147.22594,70.38899],[-147.17191,70.35016],[-146.92652,70.35078],[-146.77788,70.31574],[-146.70896,70.28243],[-146.37792,70.28375],[-146.20606,70.25469],[-145.98178,70.24231],[-145.33551,70.09871],[-145.06498,70.08761],[-144.92655,70.04002],[-144.68147,70.01577],[-144.5291,70.07906],[-144.05686,70.13866],[-143.94058,70.16969],[-143.57566,70.19943],[-143.41145,70.18357],[-143.22643,70.202],[-142.48027,70.03391],[-142.05781,69.90335],[-141.59145,69.81458],[-141.3779,69.74415],[-141.00278,69.70365],[-141.00183,60.30589],[-140.52043,60.21982],[-140.45821,60.30809],[-139.98109,60.18196],[-139.69298,60.33523],[-139.07482,60.3525],[-139.07212,60.31943],[-139.19885,60.0883],[-139.05367,59.99484],[-138.70738,59.90633],[-138.66865,59.80966],[-138.6262,59.76858],[-137.60735,59.2438],[-137.5,58.98539],[-137.52612,58.90637],[-137.45173,58.90835],[-137.28285,59.0],[-136.82873,59.15996],[-136.58444,59.16585],[-136.4897,59.25977],[-136.49576,59.27513],[-136.46925,59.28408],[-136.47716,59.46582],[-136.36824,59.44896],[-136.30502,59.46452],[-136.23851,59.52433],[-136.23983,59.55941],[-136.35394,59.59983],[-136.1929,59.64003],[-135.95264,59.66217],[-135.47916,59.79804],[-135.36011,59.73761],[-135.23367,59.69614],[-135.21984,59.66278],[-135.15759,59.62572],[-135.11783,59.62307],[-135.0289,59.56366],[-135.02756,59.47474],[-135.10102,59.42753],[-134.98975,59.38713],[-135.03053,59.34635],[-134.9599,59.28093],[-134.70072,59.24901],[-134.67912,59.19227],[-134.56557,59.13112],[-134.48339,59.1316],[-134.38188,59.03876],[-134.40715,58.97921],[-134.31349,58.96218],[-134.33647,58.92341],[-134.25807,58.86104],[-133.8405,58.72944],[-133.70712,58.61227],[-133.37731,58.43055],[-133.4615,58.38772],[-133.34543,58.27633],[-133.17231,58.15368],[-133.0701,58.00034],[-132.86937,57.83971],[-132.75106,57.69597],[-132.55369,57.49651],[-132.36979,57.34975],[-132.24792,57.21125],[-132.36898,57.09151],[-132.04519,57.04506],[-132.12357,56.87365],[-131.87288,56.80599],[-131.90107,56.75368],[-131.86067,56.70298],[-131.83533,56.5992],[-131.58107,56.61223],[-131.47203,56.55267],[-131.08735,56.40601],[-130.78198,56.36684],[-130.62331,56.26688],[-130.46787,56.24305],[-130.42601,56.14156],[-130.24622,56.09641],[-130.1038,56.1228],[-130.00348,56.00807],[-130.01767,55.91193],[-130.00379,55.90744],[-130.15241,55.76629],[-130.14776,55.7149],[-130.11166,55.6829],[-130.1279,55.58103],[-130.08985,55.49798],[-130.04122,55.45173],[-130.02111,55.33792],[-129.97417,55.28192],[-130.10284,55.1926],[-130.18756,55.06284],[-130.34454,54.91881],[-130.5682,54.79215],[-130.65904,54.76306],[-130.62572,54.73807],[-130.64791,54.64891],[-130.7266,54.66992],[-131.20307,54.69132],[-132.00481,54.68245],[-133.6489,54.63204],[-133.74157,54.82292],[-133.79053,55.00058],[-133.61148,55.17646],[-133.69122,55.19847],[-133.70761,55.22937],[-133.77562,55.28225],[-133.77845,55.31962],[-133.76138,55.34626],[-133.7716,55.39432],[-133.87392,55.39884],[-133.90715,55.434],[-133.89786,55.45907],[-133.86138,55.48064],[-133.79825,55.63323],[-133.8675,55.65733],[-133.88768,55.68364],[-133.87956,55.71545],[-133.83178,55.74151],[-133.84852,55.7634],[-133.83798,55.7933],[-133.93656,55.776],[-133.99588,55.7952],[-134.02698,55.892],[-134.04661,55.85048],[-134.19203,55.69305],[-134.42103,55.74863],[-134.60231,55.82251],[-134.64127,55.85795],[-134.63848,55.88915],[-134.60156,55.92292],[-134.51251,55.95594],[-134.49417,55.99964],[-134.6664,56.14759],[-134.84601,56.23396],[-135.8599,56.9924],[-136.45443,57.83068],[-136.64462,57.88377],[-136.66212,57.92031],[-136.65113,57.99378],[-136.67915,58.01427],[-136.65024,58.10263],[-136.51027,58.15346],[-136.51543,58.18058],[-136.65839,58.14565],[-136.81441,58.18879],[-136.88074,58.25078],[-136.97484,58.29604],[-137.0145,58.34431],[-137.07235,58.32362],[-137.1203,58.32966],[-137.60256,58.54175],[-137.72061,58.57086],[-137.76222,58.5965],[-137.77594,58.64075],[-137.99604,58.7495],[-138.02929,58.8055],[-138.01152,58.83868],[-138.02147,58.86145],[-138.25251,58.98944],[-138.6377,59.07964],[-138.96701,59.21155],[-139.39027,59.31738],[-139.90284,59.49798],[-140.4251,59.65703],[-140.91287,59.69846],[-141.9139,59.95827],[-142.29727,60.01183],[-142.57799,60.04352],[-142.82604,60.0511],[-143.6427,59.98882],[-143.85115,59.9437],[-144.14408,59.91945],[-144.41051,59.74627],[-144.54218,59.71932],[-144.67677,59.7274],[-144.7781,59.77856],[-144.7778,59.82993],[-144.53968,60.01015],[-144.60728,60.07835],[-144.77602,60.12959],[-145.09797,60.14611],[-145.31769,60.17969],[-145.82432,60.31512],[-145.97657,60.31465],[-146.93928,60.10385],[-147.10194,60.08134],[-147.24174,59.99832],[-147.27113,59.96344],[-147.28096,59.87873],[-147.33483,59.83387],[-147.52085,59.77408],[-147.68724,59.74168],[-147.95644,59.74413],[-148.03966,59.76905],[-148.21851,59.87564],[-148.43722,59.89281],[-148.9802,59.89372],[-149.26962,59.84542],[-149.4675,59.73377],[-149.6213,59.52752],[-150.99219,59.18084],[-151.44417,59.09969],[-153.02118,59.00245],[-153.18409,58.90573],[-153.15165,58.85756],[-153.16703,58.82302],[-153.2025,58.80133],[-153.16592,58.76498],[-153.18696,58.72935],[-153.2448,58.70747],[-153.31802,58.71296],[-153.37158,58.67327],[-153.47878,58.64169],[-153.44702,58.59841],[-153.46148,58.57261],[-153.51515,58.5484],[-153.59267,58.54225],[-153.628,58.5083],[-153.69236,58.49351],[-153.81066,58.51539],[-153.82107,58.4878],[-153.88179,58.4565],[-153.85856,58.37427],[-153.92599,58.31979],[-153.97004,58.31272],[-154.03904,58.23036],[-154.05897,58.17521],[-154.10892,58.14601],[-154.13365,58.10014],[-154.2118,58.08029],[-154.26552,58.03823],[-154.39074,57.9993],[-154.70899,57.9823],[-154.80093,57.95915],[-154.8938,57.98354],[-154.94074,57.97507],[-154.99402,57.86319],[-155.04352,57.81239],[-155.09942,57.79124],[-155.16086,57.79059],[-155.15006,57.75002],[-155.24579,57.6816],[-155.277,57.67611],[-155.3004,57.64289],[-155.36091,57.62503],[-155.45986,57.63765],[-155.63949,57.60227],[-155.6455,57.52236],[-155.66796,57.50835],[-155.84448,57.49751],[-155.93976,57.41287],[-156.09835,57.37985],[-156.1672,57.34585],[-156.24704,57.24378],[-156.21451,57.19518],[-156.22781,57.16246],[-156.31648,57.1055],[-156.31167,57.06792],[-156.3307,57.05084],[-156.33071,56.74928],[-157.12976,56.2687],[-157.09871,56.23831],[-158.0,55.63944],[-159.44687,55.63853],[-159.52152,55.60089],[-159.50505,55.55811],[-159.53815,55.53201],[-159.95114,55.50758],[-160.00205,55.45908],[-160.04116,55.44888],[-160.0593,55.41621],[-160.05054,55.39578],[-159.99637,55.39019],[-159.93258,55.33698],[-159.88356,55.3452],[-159.80421,55.32397],[-159.7668,55.29308],[-159.73789,55.22229],[-159.60906,55.26779],[-159.54433,55.32841],[-159.4826,55.33629],[-159.41531,55.31538],[-159.39739,55.28041],[-159.39949,55.25979],[-159.41979,55.2499],[-159.42708,55.20115],[-159.40467,55.15974],[-159.41089,55.1235],[-159.23342,55.09864],[-159.20919,55.07725],[-159.2032,55.04334],[-159.25014,54.9981],[-159.14161,54.96054],[-159.11326,54.93033],[-159.1327,54.88553],[-159.2266,54.82068],[-159.27736,54.81121],[-159.3623,54.82832],[-159.43178,54.8942],[-159.50326,54.90075],[-159.54144,54.92395],[-159.54325,54.97637],[-159.56482,54.99139],[-159.67656,54.98724],[-159.7245,55.01779],[-159.73474,54.99025],[-159.77399,54.96849],[-159.77573,54.93784],[-159.81604,54.90953],[-159.87503,54.90424],[-159.95298,54.92938],[-159.98682,54.89122],[-160.03449,54.8796],[-160.09398,54.89038],[-160.11304,54.85492],[-160.15542,54.82902],[-160.20773,54.80734],[-160.25811,54.80689],[-160.31578,54.84329],[-160.34318,54.89436],[-160.34339,54.93088],[-160.29766,54.97647],[-160.29286,55.00067],[-160.24436,55.02258],[-160.26192,55.0352],[-160.28532,55.12456],[-160.14968,55.19638],[-160.13009,55.23868],[-160.15599,55.25381],[-160.20358,55.33577],[-160.23897,55.34027],[-160.21579,55.30828],[-160.24254,55.24106],[-160.27837,55.20507],[-160.36683,55.19647],[-160.37691,55.16542],[-160.44692,55.10817],[-160.43093,55.06486],[-160.46084,55.03585],[-160.51947,55.02512],[-160.57326,55.03698],[-160.60768,55.09836],[-160.70969,55.11205],[-160.78636,55.07082],[-160.83677,55.06815],[-160.89968,55.09535],[-160.90506,55.15945],[-160.94148,55.18849],[-160.92236,55.23806],[-160.94395,55.26382],[-160.95342,55.32537],[-160.85901,55.41987],[-160.9079,55.42037],[-161.23952,55.29846],[-161.18561,55.28576],[-161.08999,55.31665],[-161.0311,55.29474],[-161.01292,55.26299],[-161.05863,55.22013],[-161.15551,55.22246],[-161.24851,55.19326],[-161.2465,55.12698],[-161.27226,55.10009],[-161.37539,55.08916],[-161.41773,55.06682],[-161.35315,55.0196],[-161.35952,54.99145],[-161.38488,54.97396],[-161.47009,54.94973],[-161.58458,54.96795],[-161.67228,54.95925],[-161.66668,54.92812],[-161.71728,54.89574],[-161.6524,54.87504],[-161.63007,54.84035],[-161.57674,54.81421],[-161.56633,54.78475],[-161.59031,54.74985],[-161.63984,54.73616],[-161.69837,54.74744],[-161.84102,54.68452],[-161.93584,54.69524],[-161.96467,54.71693],[-162.05657,54.70453],[-162.02852,54.65912],[-162.04802,54.63191],[-162.10485,54.61829],[-162.24047,54.64053],[-162.25273,54.60337],[-162.32187,54.57583],[-162.32179,54.53193],[-162.36504,54.50769],[-162.42851,54.50767],[-162.47982,54.54093],[-162.46417,54.58752],[-162.49035,54.62238],[-162.45988,54.66652],[-162.52624,54.69469],[-162.55493,54.74934],[-162.53314,54.77661],[-162.48308,54.79272],[-162.59998,54.82681],[-162.61893,54.84523],[-162.6146,54.8779],[-162.57889,54.90852],[-162.643,54.93332],[-162.73259,54.89576],[-162.7908,54.88882],[-162.80424,54.86637],[-162.84681,54.84843],[-162.8939,54.84424],[-162.9678,54.88252],[-163.0632,54.87952],[-163.07939,54.85384],[-163.1373,54.82982],[-163.14174,54.82025],[-163.07085,54.78874],[-162.96861,54.7087],[-162.95478,54.65982],[-163.02563,54.61115],[-163.2251,54.61729],[-163.43588,54.60281],[-163.50108,54.58201],[-163.52618,54.55166],[-163.56405,54.53959],[-163.75787,54.57203],[-164.12267,54.55612],[-164.22786,54.52366],[-164.27668,54.43721],[-164.41499,54.36882],[-164.48706,54.3696],[-164.61711,54.33887],[-164.80538,54.34554],[-164.9013,54.37465],[-164.99563,54.45731],[-165.03616,54.5766],[-164.99948,54.62625],[-164.87686,54.67543],[-164.78278,54.6917],[-164.65118,54.8442],[-164.62774,54.91153],[-164.52118,54.96912],[-164.41815,54.97956],[-164.29788,54.95264],[-164.15787,55.01565],[-164.04745,55.02066],[-163.9127,55.09058],[-163.7703,55.10883],[-163.56795,55.10016],[-163.14133,55.23196],[-162.93516,55.38205],[-162.83018,55.42943],[-162.68156,55.46318],[-162.57088,55.51582],[-162.28979,55.72487],[-162.17227,55.77353],[-162.13419,55.80906],[-162.00225,55.84875],[-161.90619,55.9122],[-161.82575,55.94266],[-161.42866,56.01157],[-161.21111,56.06741],[-160.92957,56.07938],[-160.61604,56.06742],[-160.54566,56.11528],[-160.51367,56.20302],[-160.43943,56.29881],[-160.30558,56.36921],[-160.22542,56.4336],[-160.06914,56.48028],[-159.87017,56.59086],[-159.58098,56.67292],[-159.42574,56.74019],[-159.17391,56.81445],[-158.89359,56.94506],[-158.89348,56.99984],[-158.06982,58.49032],[-158.14787,58.54378],[-158.21303,58.5426],[-158.60523,58.45559],[-158.63821,58.41325],[-158.77268,58.35493],[-159.07885,58.33926],[-159.14839,58.3703],[-159.16238,58.39523],[-159.15139,58.41577],[-159.40473,58.66596],[-159.54468,58.77842],[-159.70169,58.7964],[-159.81172,58.73545],[-159.93908,58.71791],[-160.00437,58.74461],[-160.08915,58.8063],[-160.17224,58.76933],[-160.27345,58.78873],[-160.31053,58.81263],[-160.34309,58.88054],[-160.60871,58.84362],[-160.5935,58.82173],[-160.60163,58.79332],[-160.7933,58.5601],[-160.87415,58.51007],[-160.93344,58.49611],[-161.0156,58.50306],[-161.09579,58.49003],[-161.14096,58.50334],[-161.17734,58.54257],[-161.17704,58.60707],[-161.23398,58.64345],[-161.45783,58.58597],[-161.48987,58.56189],[-161.5715,58.54375],[-161.61702,58.50677],[-161.70423,58.49691],[-161.81757,58.50573],[-161.86092,58.53909],[-161.87072,58.57041],[-162.08176,58.5649],[-162.23029,58.59855],[-162.27765,58.63288],[-162.25976,58.67267],[-162.16852,58.71028],[-161.94917,58.72433],[-161.8512,58.80798],[-161.8872,58.87128],[-161.88177,58.94415],[-161.90247,58.9776],[-162.00113,59.07023],[-162.01682,59.06024],[-162.1022,59.12875],[-162.17101,59.24757],[-162.1666,59.27508],[-162.06475,59.36003],[-162.05361,59.40899],[-161.91445,59.46929],[-161.87127,59.52479],[-162.04261,59.67073],[-162.06832,59.71643],[-162.17833,59.81484],[-162.36434,59.81087],[-162.44166,59.84408],[-162.44985,59.88462],[-162.69837,59.89182],[-162.81805,59.84028],[-162.82609,59.80066],[-162.94722,59.76829],[-163.10567,59.77824],[-163.14586,59.79564],[-163.7077,59.74113],[-163.99371,59.76376],[-163.99974,59.75496],[-163.89689,59.71464],[-163.7878,59.70919],[-163.73995,59.66865],[-163.76096,59.63972],[-163.81195,59.62083],[-163.91972,59.64046],[-164.0133,59.63776],[-164.08078,59.67051],[-164.1248,59.71628],[-164.27463,59.77831],[-164.34654,59.84835],[-164.4157,59.88487],[-164.44966,59.95334],[-164.42027,59.9781],[-164.34283,60.00293],[-164.48823,60.05496],[-164.59739,60.15824],[-164.6586,60.17553],[-164.74881,60.24031],[-164.97192,60.27702],[-165.14145,60.35798],[-165.23541,60.42515],[-165.23956,60.44323],[-165.38752,60.45951],[-165.50145,60.52618],[-165.51826,60.56602],[-165.46411,60.61374],[-165.34019,60.63827],[-165.12337,60.73663],[-165.17618,60.79633],[-165.15751,60.8293],[-165.17749,60.84797],[-165.17052,60.87693],[-165.26303,60.92313],[-165.30215,60.96644],[-165.30114,60.99024],[-165.23656,61.05009],[-165.3466,61.01544],[-165.41667,61.01248],[-165.66365,61.05781],[-165.74339,61.12519],[-165.78688,61.19812],[-165.83756,61.23872],[-165.92306,61.26484],[-165.99039,61.31643],[-166.0313,61.3953],[-166.19449,61.45987],[-166.28075,61.56288],[-166.28643,61.6031],[-166.22973,61.79833],[-166.17176,61.85217],[-166.11251,61.87314],[-166.07595,61.98305],[-166.12982,62.0253],[-166.09622,62.07345],[-166.00577,62.12344],[-165.90181,62.11928],[-165.87458,62.15023],[-165.73957,62.20485],[-165.44887,62.39102],[-165.41873,62.44043],[-165.37958,62.46961],[-165.38841,62.48526],[-165.34621,62.5267],[-165.33869,62.57604],[-165.27697,62.60921],[-165.21309,62.61443],[-165.2481,62.64803],[-165.25902,62.6922],[-165.24732,62.70989],[-165.16525,62.73594],[-165.06302,62.73398],[-164.9867,62.76074],[-165.01689,62.78444],[-165.03377,62.83661],[-164.99653,62.86658],[-164.93927,62.87752],[-164.91588,62.90261],[-164.918,62.92825],[-164.89553,62.94864],[-164.91252,63.00001],[-164.89297,63.01914],[-164.90674,63.04489],[-164.88022,63.06544],[-164.7438,63.09323],[-164.74682,63.1104],[-164.72774,63.12465],[-164.49567,63.25116],[-164.25005,63.30345],[-164.05126,63.31735],[-163.6581,63.24972],[-163.58471,63.2058],[-163.45517,63.17495],[-163.25248,63.09245],[-163.1187,63.10156],[-162.95813,63.17679],[-162.9377,63.2151],[-162.87086,63.25356],[-162.73952,63.26893],[-162.70029,63.29118],[-162.43777,63.49199],[-162.67983,63.49163],[-162.7729,63.52975],[-162.82644,63.57636],[-162.81603,63.60337],[-162.73063,63.6512],[-162.58432,63.69139],[-162.39436,63.6883],[-162.30435,63.67202],[-162.25462,63.64647],[-162.22274,63.59691],[-161.95696,63.55721],[-161.89621,63.50822],[-161.84041,63.49329],[-161.68777,63.51462],[-161.60311,63.50415],[-161.51195,63.51975],[-161.28519,63.52337],[-161.20207,63.58737],[-161.14254,63.60418],[-161.13997,63.62523],[-161.09807,63.65614],[-161.00849,63.67768],[-160.8862,63.7714],[-160.87698,63.79688],[-160.94464,63.92153],[-161.04566,64.02247],[-161.0706,64.08498],[-161.0754,64.20665],[-161.3268,64.33401],[-161.4139,64.35859],[-161.49343,64.32838],[-161.59084,64.33554],[-162.31349,64.54279],[-162.47198,64.48684],[-162.51255,64.39257],[-162.55792,64.35579],[-162.72806,64.28747],[-162.7958,64.27567],[-163.24193,64.36074],[-163.36375,64.44564],[-163.53617,64.50358],[-163.81406,64.53119],[-163.97622,64.50832],[-164.1809,64.51957],[-164.35536,64.50845],[-164.7548,64.40782],[-165.03221,64.38799],[-165.33592,64.44442],[-166.07779,64.52046],[-166.07087,64.49016],[-166.13353,64.43821],[-166.27196,64.43778],[-166.35113,64.47788],[-166.35387,64.50644],[-166.28139,64.54496],[-166.49126,64.61896],[-166.59016,64.73895],[-166.58219,64.82209],[-166.51721,64.85738],[-166.52269,64.8711],[-166.58918,64.90829],[-166.7619,64.96349],[-166.829,64.99931],[-166.82447,65.01746],[-166.97896,65.06941],[-167.07298,65.13838],[-167.08434,65.15569],[-167.07244,65.19978],[-167.00853,65.27665],[-166.94893,65.30791],[-167.40089,65.34727],[-167.60639,65.38563],[-167.93803,65.4999],[-168.15297,65.53889],[-168.21865,65.59612],[-168.23154,65.62623]]],[[[-168.86923,65.62085],[-168.82007,65.66519],[-168.73493,65.6743],[-168.66603,65.65983],[-168.62681,65.61237],[-168.67347,65.58417],[-168.7661,65.57148],[-168.84606,65.59251],[-168.86923,65.62085]]],[[[-168.9719,65.68877],[-168.97103,65.81464],[-168.83571,65.81068],[-168.78706,65.78462],[-168.76247,65.75117],[-168.78549,65.71632],[-168.88093,65.68579],[-168.9719,65.68877]]],[[[-169.32632,52.76538],[-169.29427,52.81163],[-169.18821,52.85067],[-169.25542,52.8845],[-169.25885,52.91328],[-169.23388,52.9459],[-169.19713,52.96488],[-169.10941,52.95839],[-169.06573,52.98129],[-169.00009,52.9828],[-168.99947,53.01061],[-168.96535,53.05075],[-168.87278,53.08172],[-168.8907,53.10855],[-168.88307,53.15017],[-168.81943,53.22168],[-168.69905,53.28037],[-168.66687,53.31522],[-168.4776,53.37869],[-168.49636,53.42108],[-168.47667,53.4506],[-168.41526,53.50945],[-168.31817,53.5395],[-168.28401,53.57114],[-168.08034,53.62049],[-167.94835,53.61039],[-167.87504,53.56905],[-167.76231,53.56802],[-167.71823,53.54862],[-167.69599,53.51461],[-167.71054,53.47312],[-167.76123,53.43161],[-167.75243,53.42151],[-167.5552,53.46542],[-167.50266,53.49532],[-167.42239,53.49813],[-167.36047,53.54007],[-167.29628,53.53973],[-167.23038,53.56673],[-167.24438,53.62942],[-167.21523,53.6582],[-167.15568,53.67834],[-167.1382,53.70942],[-167.16488,53.77384],[-167.23407,53.81424],[-167.24289,53.85467],[-167.23008,53.88825],[-167.1763,53.91185],[-167.16074,53.9539],[-167.0957,53.97585],[-167.05399,54.00861],[-166.75581,54.06882],[-166.35444,54.06111],[-166.24322,54.03023],[-166.20807,54.04797],[-166.14083,54.04693],[-166.20243,54.11982],[-166.16512,54.19509],[-166.13754,54.21425],[-166.03394,54.26095],[-165.93722,54.27699],[-165.769,54.23918],[-165.72516,54.30627],[-165.65555,54.34705],[-165.43133,54.34069],[-165.34518,54.25103],[-165.26302,54.23654],[-165.23207,54.21652],[-165.24282,54.17787],[-165.32097,54.14453],[-165.27117,54.14413],[-165.15026,54.18052],[-165.06687,54.18009],[-165.03151,54.20888],[-164.97497,54.21488],[-164.91124,54.25469],[-164.80537,54.28239],[-164.70891,54.26402],[-164.68064,54.23217],[-164.69206,54.18218],[-164.77619,54.13585],[-164.82194,54.13081],[-164.88105,54.04343],[-164.9228,54.02848],[-165.02726,54.01294],[-165.18446,54.01701],[-165.26963,53.98073],[-165.40307,54.01714],[-165.56324,53.96728],[-165.60671,53.97684],[-165.65717,54.03634],[-165.78897,54.01624],[-165.82807,53.97823],[-165.88688,53.97026],[-165.96109,53.91624],[-165.92267,53.84596],[-165.97636,53.77106],[-166.04623,53.74584],[-166.17494,53.65978],[-166.37866,53.60214],[-166.52229,53.49329],[-166.7248,53.3942],[-167.10676,53.36699],[-167.21988,53.32551],[-167.25514,53.28733],[-167.36438,53.27651],[-167.44858,53.21392],[-167.59251,53.17405],[-167.76844,53.18201],[-168.01052,53.22027],[-168.04405,53.24419],[-168.13216,53.21928],[-168.15696,53.20431],[-168.1699,53.15859],[-168.25771,53.14189],[-168.33399,53.08319],[-168.32049,53.05007],[-168.34088,53.03005],[-168.31484,52.98215],[-168.33715,52.95692],[-168.40268,52.92925],[-168.47627,52.91948],[-168.55711,52.95822],[-168.60442,52.93541],[-168.60969,52.91573],[-168.743,52.85473],[-168.82705,52.85839],[-169.22806,52.71461],[-169.29146,52.72265],[-169.31966,52.73954],[-169.32632,52.76538]]],[[[-169.87963,56.6148],[-169.86255,56.652],[-169.80253,56.67397],[-169.50926,56.66747],[-169.40164,56.63655],[-169.37754,56.58773],[-169.52664,56.49298],[-169.58126,56.48323],[-169.67609,56.49623],[-169.80478,56.54737],[-169.86824,56.58703],[-169.87963,56.6148]]],[[[-170.0505,57.18688],[-170.00798,57.2253],[-169.93999,57.23894],[-169.87123,57.22154],[-169.84769,57.1849],[-169.88687,57.14544],[-169.96898,57.12798],[-170.02246,57.14433],[-170.0505,57.18688]]],[[[-170.27299,52.74851],[-170.20676,52.82276],[-170.15279,52.83582],[-170.19013,52.86283],[-170.19859,52.91643],[-170.11652,52.96313],[-169.96342,52.96322],[-169.92975,52.95158],[-169.90816,52.92255],[-169.81775,52.93735],[-169.84289,52.96952],[-169.83295,53.00997],[-169.88343,53.05145],[-169.86075,53.10501],[-169.81409,53.12664],[-169.75915,53.13405],[-169.70064,53.11645],[-169.61407,53.06981],[-169.58064,53.03216],[-169.58037,52.98239],[-169.63361,52.92906],[-169.59339,52.88952],[-169.58861,52.80056],[-169.65972,52.72623],[-169.73804,52.72099],[-169.84875,52.76311],[-169.90385,52.74057],[-169.97555,52.73812],[-169.9818,52.71202],[-170.0484,52.67062],[-170.17375,52.66289],[-170.25006,52.68109],[-170.27299,52.74851]]],[[[-170.52271,57.19337],[-170.43819,57.25488],[-170.33446,57.27237],[-170.2617,57.26413],[-170.15889,57.30437],[-170.06538,57.29793],[-170.01236,57.25409],[-170.02978,57.22086],[-170.0808,57.19227],[-170.07831,57.16946],[-170.11178,57.13671],[-170.22325,57.0766],[-170.30537,57.05674],[-170.3061,57.02952],[-170.35413,57.00232],[-170.39946,56.99577],[-170.4783,57.0072],[-170.50198,57.03318],[-170.50837,57.06237],[-170.49204,57.08018],[-170.4148,57.10473],[-170.49526,57.12831],[-170.52271,57.19337]]],[[[-170.92604,52.55864],[-170.88891,52.64927],[-170.86545,52.66906],[-170.68045,52.74959],[-170.52632,52.72921],[-170.47471,52.6738],[-170.47402,52.63839],[-170.53613,52.57385],[-170.67443,52.53988],[-170.76383,52.48981],[-170.82832,52.49193],[-170.88759,52.51383],[-170.92604,52.55864]]],[[[-171.3933,52.48085],[-171.37443,52.53712],[-171.31242,52.57075],[-171.24856,52.58086],[-171.17916,52.63866],[-171.06974,52.62706],[-171.02011,52.59678],[-171.04952,52.53104],[-171.11184,52.50756],[-171.1365,52.44567],[-171.20626,52.39889],[-171.29431,52.39313],[-171.35835,52.41255],[-171.3933,52.48085]]],[[[-171.96532,63.47287],[-171.92484,63.61085],[-171.8602,63.67474],[-171.86517,63.7055],[-171.83533,63.74336],[-171.85593,63.78567],[-171.84598,63.79987],[-171.77637,63.83772],[-171.67473,63.84368],[-171.54883,63.80046],[-171.52068,63.75024],[-171.5356,63.72187],[-170.95916,63.62589],[-170.6567,63.72355],[-170.50403,63.7534],[-170.29685,63.75557],[-170.16807,63.71989],[-169.98563,63.62296],[-169.9266,63.52674],[-169.79299,63.49074],[-169.60228,63.48063],[-169.45554,63.41502],[-168.7047,63.35471],[-168.60836,63.33505],[-168.57862,63.30867],[-168.60926,63.22936],[-168.73346,63.13155],[-168.68279,63.08467],[-168.70073,63.05692],[-168.76409,63.02762],[-168.83733,63.01617],[-168.91749,63.03112],[-168.9487,63.06247],[-168.92278,63.09957],[-169.02779,63.12453],[-169.26379,63.11847],[-169.36797,63.06108],[-169.45108,63.03855],[-169.41986,62.97386],[-169.43632,62.94744],[-169.52534,62.92466],[-169.59104,62.88787],[-169.6388,62.88491],[-169.83895,62.92589],[-169.8646,62.9447],[-169.86326,62.98014],[-169.90141,63.03737],[-170.11542,63.12725],[-170.35942,63.14774],[-170.40046,63.18223],[-170.38345,63.21075],[-170.43908,63.2516],[-170.59689,63.31162],[-170.90825,63.36995],[-171.04838,63.37369],[-171.16605,63.34816],[-171.2514,63.29257],[-171.39889,63.25764],[-171.59455,63.26955],[-171.83924,63.34268],[-171.96532,63.47287]]],[[[-172.72069,52.26437],[-172.70129,52.31463],[-172.63324,52.38787],[-172.44831,52.4431],[-172.37949,52.44128],[-172.27453,52.40576],[-172.23129,52.37993],[-172.21053,52.32712],[-172.22844,52.29619],[-172.28771,52.26565],[-172.37792,52.22836],[-172.5106,52.19995],[-172.67601,52.21058],[-172.72069,52.26437]]],[[[-172.88569,60.2088],[-172.73155,60.26216],[-172.64922,60.23689],[-172.63432,60.20074],[-172.69419,60.15461],[-172.79954,60.1388],[-172.88102,60.16878],[-172.88569,60.2088]]],[[[-173.23223,60.65434],[-173.15863,60.72877],[-173.10041,60.74517],[-173.01247,60.74037],[-172.96225,60.70981],[-172.94385,60.6507],[-172.82884,60.62225],[-172.81533,60.55785],[-172.76026,60.51418],[-172.53002,60.43574],[-172.34754,60.42775],[-172.14504,60.34015],[-172.10877,60.30343],[-172.18949,60.25082],[-172.29551,60.23883],[-172.40753,60.27876],[-172.59613,60.25862],[-172.80238,60.31865],[-172.87777,60.32631],[-172.92536,60.35258],[-172.93145,60.38968],[-173.15827,60.46749],[-173.17052,60.49648],[-173.14022,60.57553],[-173.23223,60.63683],[-173.23223,60.65434]]],[[[-175.22482,52.23297],[-175.20465,52.25912],[-175.11981,52.28055],[-175.05358,52.25131],[-175.03633,52.21764],[-175.07869,52.17718],[-175.15254,52.16299],[-175.20531,52.19124],[-175.22482,52.23297]]],[[[-175.60976,52.18301],[-175.5793,52.22025],[-175.49205,52.23758],[-175.43681,52.21705],[-175.40374,52.182],[-175.43701,52.13281],[-175.51236,52.10738],[-175.59865,52.14669],[-175.60976,52.18301]]],[[[-177.55174,51.91553],[-177.50914,51.96575],[-177.45955,51.98289],[-177.36469,51.95683],[-177.33258,51.90078],[-177.38086,51.85575],[-177.46896,51.83987],[-177.53257,51.873],[-177.55174,51.91553]]],[[[-178.30779,51.88162],[-178.22844,51.95688],[-178.10724,51.97651],[-178.06496,51.96478],[-177.947,51.97132],[-177.88993,51.95258],[-177.81193,51.89078],[-177.56776,51.89725],[-177.53226,51.85511],[-177.53827,51.82094],[-177.5643,51.79599],[-177.54205,51.78828],[-177.4457,51.80949],[-177.40622,51.83624],[-177.3089,51.8368],[-177.28289,51.86308],[-177.26746,51.95964],[-177.20621,51.99312],[-177.1489,51.99841],[-177.0169,51.96504],[-176.97005,51.92451],[-176.97099,51.86112],[-176.9102,51.88964],[-176.87553,51.95968],[-176.82701,52.00914],[-176.69149,52.01773],[-176.60128,52.05657],[-176.54119,52.05089],[-176.48848,52.02605],[-176.47291,51.96357],[-176.44895,51.93332],[-176.45277,51.90794],[-176.26931,51.91897],[-176.24287,51.92675],[-176.29142,52.05336],[-176.28538,52.09409],[-176.22444,52.15313],[-176.14838,52.17147],[-175.99192,52.14968],[-175.92777,52.09108],[-175.85366,52.09653],[-175.83029,52.0854],[-175.80646,52.04368],[-175.73933,52.02131],[-175.54914,52.00989],[-175.47036,52.04284],[-175.41243,52.03599],[-175.38433,52.0633],[-175.29662,52.08883],[-175.10237,52.10863],[-175.05943,52.13662],[-174.99322,52.13642],[-174.92524,52.16392],[-174.79471,52.15022],[-174.73156,52.17145],[-174.66851,52.22521],[-174.589,52.22873],[-174.55349,52.2595],[-174.4944,52.26534],[-174.53765,52.31704],[-174.52487,52.34817],[-174.49471,52.36696],[-174.4107,52.37644],[-174.39077,52.40992],[-174.31274,52.45672],[-174.15786,52.47303],[-174.03087,52.43939],[-173.92292,52.37807],[-173.90464,52.29367],[-173.99048,52.18315],[-173.87182,52.2029],[-173.73211,52.18326],[-173.60168,52.21254],[-173.50631,52.21315],[-173.45571,52.19169],[-173.44077,52.16877],[-173.30977,52.15501],[-172.89487,52.15551],[-172.8425,52.13636],[-172.81992,52.10498],[-172.83923,52.07157],[-172.92306,52.02417],[-173.07,52.026],[-173.08517,51.97494],[-173.15126,51.94715],[-173.22487,51.97461],[-173.24318,52.00941],[-173.30453,52.00543],[-173.35668,51.98083],[-173.5186,51.97166],[-173.63787,52.00367],[-173.85396,51.99127],[-173.97069,52.01424],[-174.04987,52.05525],[-174.27716,52.04541],[-174.31398,52.03623],[-174.3504,51.98034],[-174.48089,51.95251],[-174.59428,51.97842],[-174.74507,51.95565],[-174.86931,51.98911],[-175.05636,51.94817],[-175.34872,51.96259],[-175.40998,51.93019],[-175.51308,51.92681],[-175.58538,51.90491],[-175.63593,51.91118],[-175.71194,51.87322],[-175.80594,51.86647],[-175.79864,51.83909],[-175.82711,51.80545],[-175.91304,51.80036],[-175.96472,51.75543],[-176.04184,51.75586],[-176.13321,51.72164],[-176.21134,51.73315],[-176.25519,51.69538],[-176.45655,51.67643],[-176.69873,51.57844],[-176.8014,51.55942],[-176.86215,51.57041],[-176.94279,51.53708],[-177.04256,51.5661],[-177.07433,51.62092],[-177.04544,51.69071],[-176.97022,51.7437],[-177.00416,51.78779],[-176.98368,51.83381],[-177.04028,51.80771],[-177.03409,51.73275],[-177.07999,51.67424],[-177.12686,51.65338],[-177.2811,51.62762],[-177.37229,51.64158],[-177.40298,51.67039],[-177.45203,51.64021],[-177.55379,51.63978],[-177.58116,51.61327],[-177.65769,51.59867],[-177.72771,51.61097],[-177.7834,51.64787],[-177.82491,51.63106],[-177.81787,51.59812],[-177.83053,51.57005],[-177.89936,51.54023],[-177.97129,51.5524],[-178.18937,51.63368],[-178.20598,51.67935],[-178.19234,51.72086],[-178.13205,51.75786],[-178.27247,51.82313],[-178.30705,51.85845],[-178.30779,51.88162]]],[[[-178.43118,51.48913],[-178.39007,51.52917],[-178.27896,51.54199],[-178.20892,51.50923],[-178.18783,51.47264],[-178.21813,51.4315],[-178.30434,51.42135],[-178.38741,51.43682],[-178.43118,51.48913]]],[[[-178.95728,51.78081],[-178.91532,51.85809],[-178.83936,51.88833],[-178.71911,51.86526],[-178.64665,51.7994],[-178.66349,51.74737],[-178.7009,51.71655],[-178.79619,51.6934],[-178.86849,51.7117],[-178.94174,51.75336],[-178.95728,51.78081]]],[[[-179.14951,51.5766],[-179.124,51.62627],[-179.07828,51.64364],[-179.00082,51.63171],[-178.94861,51.58731],[-178.89076,51.62854],[-178.84458,51.63763],[-178.7683,51.61662],[-178.72589,51.65267],[-178.6343,51.66649],[-178.4704,51.62868],[-178.42168,51.58729],[-178.44062,51.55087],[-178.55019,51.50849],[-178.63642,51.5248],[-178.7148,51.49382],[-178.80019,51.48587],[-178.90027,51.52229],[-178.95031,51.56481],[-179.00236,51.52164],[-179.10253,51.51346],[-179.14111,51.53804],[-179.14951,51.5766]]],[[[-179.23023,51.28393],[-179.19648,51.32982],[-179.1076,51.35368],[-179.09324,51.39094],[-178.99015,51.45683],[-178.87316,51.4248],[-178.82564,51.36754],[-178.84236,51.31554],[-178.97887,51.25525],[-179.0736,51.17904],[-179.18382,51.18378],[-179.22056,51.22799],[-179.23023,51.28393]]]]}},{"type":"Feature","properties":{"id":"10","riding_id":"04001","FEDNUM":"04001","name_en":"Congressional District 1","name_fr":"Congressional District 1","state":""},"geometry":{"type":"Polygon","coordinates":[[[-112.11456,33.69987],[-112.02569,33.69937],[-111.99544,33.74769],[-112.03067,33.84386],[-112.03078,33.90112],[-111.9957,33.90093],[-111.9962,34.02987],[-111.72633,34.00004],[-111.45441,34.00475],[-111.4331,33.9844],[-111.45255,33.96593],[-111.45174,33.92099],[-111.4052,33.91944],[-111.41282,33.88588],[-111.38721,33.86249],[-111.3925,33.8359],[-111.37232,33.82392],[-111.38833,33.80535],[-111.38681,33.75004],[-111.35629,33.73884],[-111.33139,33.68834],[-111.22369,33.60286],[-111.20704,33.63688],[-111.15335,33.67761],[-111.03991,33.4661],[-111.58063,33.4658],[-111.60307,33.46718],[-111.60377,33.49579],[-111.64993,33.49516],[-111.67205,33.46937],[-111.68404,33.49989],[-111.71484,33.49974],[-111.77521,33.47197],[-111.7873,33.48091],[-111.78728,33.4664],[-111.82678,33.46653],[-111.85619,33.43671],[-111.90965,33.43675],[-111.90928,33.45128],[-111.93934,33.4646],[-111.95464,33.44453],[-111.98253,33.45115],[-111.97847,33.46567],[-112.01292,33.46573],[-112.01298,33.49524],[-112.04762,33.49472],[-112.04752,33.51649],[-112.09977,33.51687],[-112.09979,33.66922],[-112.11323,33.66856],[-112.11456,33.69987]]]}},{"type":"Feature","properties":{"id":"15","riding_id":"04002","FEDNUM":"04002","name_en":"Congressional District 2","name_fr":"Congressional District 2","state":""},"geometry":{"type":"Polygon","coordinates":[[[-114.04238,35.72514],[-113.97909,35.77571],[-113.93906,35.77205],[-113.92892,35.78906],[-113.94048,35.80703],[-113.9048,35.81992],[-113.90353,36.09284],[-113.87675,36.05735],[-113.81064,36.04836],[-113.78243,36.02532],[-113.76921,35.97267],[-113.7138,35.92787],[-113.71344,35.88538],[-113.66883,35.86578],[-113.64743,35.82388],[-113.63184,35.81961],[-113.60592,35.84946],[-113.51417,35.76754],[-113.38689,35.7533],[-113.33788,35.79275],[-113.31039,35.86321],[-113.31007,35.892],[-113.33485,35.91386],[-113.31726,35.96861],[-113.33978,35.98515],[-113.35418,36.04037],[-113.31997,36.09677],[-113.22492,36.09114],[-113.20167,36.11904],[-113.20127,36.14957],[-113.16293,36.17174],[-113.12801,36.16948],[-113.01757,36.23718],[-112.93591,36.2426],[-112.86923,36.2823],[-112.79376,36.2844],[-112.75579,36.32435],[-112.72287,36.31997],[-112.72257,36.34694],[-112.69285,36.35516],[-112.68073,36.34166],[-112.65663,36.35723],[-112.62413,36.41003],[-112.64759,36.44689],[-112.62182,36.4849],[-112.64064,36.48847],[-112.6601,36.54339],[-112.62095,36.59564],[-112.63868,36.67448],[-112.61223,36.73685],[-112.61973,36.78274],[-112.59656,36.82874],[-112.82737,36.83199],[-112.8295,37.00052],[-109.04517,36.99898],[-109.04672,33.77741],[-109.34858,33.77812],[-109.36475,33.73998],[-109.35289,33.72492],[-109.44818,33.71127],[-109.48365,33.68673],[-109.48166,33.65494],[-109.49544,33.6527],[-109.49574,33.07841],[-109.51484,33.03458],[-109.52111,33.05139],[-109.56023,33.0517],[-109.59478,33.01592],[-109.62031,33.02817],[-109.66569,33.01488],[-109.73942,33.05569],[-109.74032,33.07781],[-109.75954,33.07036],[-109.7702,33.12587],[-109.81746,33.11877],[-109.83304,33.15792],[-109.84963,33.16191],[-109.89387,33.14607],[-109.89292,33.16002],[-109.9514,33.19072],[-109.95262,33.23157],[-109.98231,33.24898],[-110.00064,33.23567],[-110.02239,33.24553],[-110.01962,33.26489],[-110.04259,33.27395],[-110.05543,33.30452],[-110.05476,32.87514],[-110.09296,32.89557],[-110.13675,32.95838],[-110.23037,32.98952],[-110.39514,33.00661],[-110.41741,32.98132],[-110.44939,32.98742],[-110.44853,32.77116],[-111.15071,32.76914],[-111.17068,32.78641],[-111.24861,32.78723],[-111.25976,32.78698],[-111.25965,32.76259],[-111.36161,32.76292],[-111.36147,32.8497],[-111.45376,32.85064],[-111.49798,32.85043],[-111.49393,32.79237],[-111.51518,32.77784],[-111.51527,32.83591],[-111.60209,32.85042],[-111.61057,32.87236],[-111.59321,32.87968],[-111.62781,32.87972],[-111.61935,32.85773],[-111.64531,32.86505],[-111.65409,32.85045],[-111.65364,32.8943],[-111.73996,32.89414],[-111.80461,32.91219],[-111.80893,32.88982],[-111.86069,32.89463],[-111.87761,32.87222],[-111.94686,32.87936],[-111.94684,32.86466],[-111.98032,32.86465],[-111.98052,32.87935],[-112.03205,32.87932],[-112.03191,32.85017],[-112.0665,32.85038],[-112.06652,32.87929],[-112.04927,32.87929],[-112.04801,32.98563],[-112.13258,32.98551],[-112.13453,32.97102],[-112.19696,32.97843],[-112.20209,33.24686],[-112.30618,33.24692],[-112.30867,33.38103],[-112.23495,33.38897],[-112.13379,33.29026],[-111.8936,33.29115],[-111.8929,33.20333],[-111.68591,33.20464],[-111.68603,33.11766],[-111.48611,33.11837],[-111.49121,33.13284],[-111.4739,33.13318],[-111.47413,33.14768],[-111.49176,33.14741],[-111.48768,33.16205],[-111.46612,33.15348],[-111.50391,33.24919],[-111.52879,33.24909],[-111.52879,33.26366],[-111.51065,33.26366],[-111.5181,33.29269],[-111.40853,33.30879],[-111.49411,33.38607],[-111.47684,33.39338],[-111.47681,33.46589],[-111.03991,33.4661],[-111.15335,33.67761],[-111.20872,33.63507],[-111.22205,33.60245],[-111.33139,33.68834],[-111.33637,33.72035],[-111.38681,33.75004],[-111.38833,33.80535],[-111.37232,33.82392],[-111.3925,33.8359],[-111.38721,33.86249],[-111.41282,33.88588],[-111.4052,33.91944],[-111.45174,33.92099],[-111.45255,33.96593],[-111.4331,33.9844],[-111.45441,34.00475],[-111.72633,34.00004],[-112.16476,34.04817],[-112.15365,34.04091],[-112.16113,34.01772],[-112.18291,34.01248],[-112.19677,33.97393],[-112.24035,33.95664],[-112.23505,33.91641],[-112.27617,33.88247],[-112.74395,33.9999],[-113.33331,34.00004],[-113.3341,35.50842],[-113.3545,35.49438],[-113.62036,35.4945],[-113.7843,35.65462],[-113.82982,35.66957],[-113.83109,35.60692],[-113.87275,35.58905],[-113.87549,35.60554],[-113.85173,35.6233],[-113.91303,35.63725],[-113.91993,35.62074],[-113.98499,35.70807],[-114.04238,35.72514]]]}},{"type":"Feature","properties":{"id":"8","riding_id":"04003","FEDNUM":"04003","name_en":"Congressional District 3","name_fr":"Congressional District 3","state":""},"geometry":{"type":"Polygon","coordinates":[[[-112.31279,33.49323],[-112.29438,33.52213],[-112.27248,33.52277],[-112.27248,33.50821],[-112.20316,33.50926],[-112.20306,33.53832],[-112.04752,33.51649],[-112.04762,33.49472],[-112.01298,33.49524],[-112.01292,33.46573],[-111.97847,33.46567],[-111.97818,33.37819],[-111.9633,33.37801],[-111.95702,33.35641],[-111.97874,33.36423],[-112.01786,33.33859],[-112.01451,33.32684],[-112.08362,33.31971],[-112.08361,33.30514],[-112.14791,33.30465],[-112.23495,33.38897],[-112.27252,33.38126],[-112.27236,33.43559],[-112.22097,33.43715],[-112.22115,33.45178],[-112.27242,33.46473],[-112.27244,33.4938],[-112.31279,33.49323]]]}},{"type":"Feature","properties":{"id":"14","riding_id":"04004","FEDNUM":"04004","name_en":"Congressional District 4","name_fr":"Congressional District 4","state":""},"geometry":{"type":"Polygon","coordinates":[[[-112.14584,33.30466],[-112.08361,33.30514],[-112.08362,33.31971],[-112.01451,33.32684],[-112.01786,33.33859],[-111.97874,33.36423],[-111.95702,33.35641],[-111.9633,33.37801],[-111.97818,33.37819],[-111.98141,33.45114],[-111.94147,33.44736],[-111.93934,33.4646],[-111.90928,33.45128],[-111.90965,33.43675],[-111.85619,33.43671],[-111.82678,33.46653],[-111.68404,33.49989],[-111.67514,33.45711],[-111.63621,33.42724],[-111.68792,33.37938],[-111.84107,33.37879],[-111.82436,33.28264],[-112.13379,33.29026],[-112.14584,33.30466]]]}},{"type":"Feature","properties":{"id":"12","riding_id":"04005","FEDNUM":"04005","name_en":"Congressional District 5","name_fr":"Congressional District 5","state":""},"geometry":{"type":"Polygon","coordinates":[[[-111.89359,33.2914],[-111.82436,33.28264],[-111.84107,33.37879],[-111.68806,33.37936],[-111.66749,33.40789],[-111.63705,33.41513],[-111.68392,33.47257],[-111.64993,33.49516],[-111.60377,33.49579],[-111.60307,33.46718],[-111.47681,33.46589],[-111.47684,33.39338],[-111.49411,33.38607],[-111.40853,33.30879],[-111.5181,33.29269],[-111.51065,33.26366],[-111.52879,33.26366],[-111.52879,33.24909],[-111.50391,33.24919],[-111.46612,33.15348],[-111.48768,33.16205],[-111.49176,33.14741],[-111.47413,33.14768],[-111.4739,33.13318],[-111.49121,33.13284],[-111.48611,33.11837],[-111.68603,33.11766],[-111.68591,33.20464],[-111.8929,33.20333],[-111.89359,33.2914]]]}},{"type":"Feature","properties":{"id":"13","riding_id":"04006","FEDNUM":"04006","name_en":"Congressional District 6","name_fr":"Congressional District 6","state":""},"geometry":{"type":"Polygon","coordinates":[[[-111.87765,32.87502],[-111.86069,32.89463],[-111.80893,32.88982],[-111.80897,32.91222],[-111.73996,32.89414],[-111.65364,32.8943],[-111.65409,32.85045],[-111.64531,32.86505],[-111.61935,32.85773],[-111.62781,32.87972],[-111.59321,32.87968],[-111.61057,32.87236],[-111.60209,32.85042],[-111.51527,32.83591],[-111.51518,32.77784],[-111.49393,32.79237],[-111.49798,32.85043],[-111.36147,32.8497],[-111.36161,32.76292],[-111.25965,32.76259],[-111.25976,32.78698],[-111.24861,32.78723],[-111.17068,32.78641],[-111.15071,32.76914],[-110.44853,32.77116],[-110.44939,32.98742],[-110.41741,32.98132],[-110.39514,33.00661],[-110.23037,32.98952],[-110.13675,32.95838],[-110.09296,32.89557],[-110.05476,32.87514],[-110.05543,33.30452],[-110.04259,33.27395],[-110.01962,33.26489],[-110.02239,33.24553],[-110.00064,33.23567],[-109.98231,33.24898],[-109.95262,33.23157],[-109.9514,33.19072],[-109.89292,33.16002],[-109.89387,33.14607],[-109.84963,33.16191],[-109.83304,33.15792],[-109.81746,33.11877],[-109.7702,33.12587],[-109.75954,33.07036],[-109.74032,33.07781],[-109.73942,33.05569],[-109.66569,33.01488],[-109.62031,33.02817],[-109.59478,33.01592],[-109.56023,33.0517],[-109.52111,33.05139],[-109.51484,33.03458],[-109.49574,33.07841],[-109.49544,33.6527],[-109.48166,33.65494],[-109.48365,33.68673],[-109.44818,33.71127],[-109.35289,33.72492],[-109.36475,33.73998],[-109.34858,33.77812],[-109.04672,33.77741],[-109.05003,31.33235],[-109.49449,31.33398],[-109.46437,31.38582],[-109.49228,31.41803],[-109.48232,31.45465],[-109.64647,31.46605],[-109.6302,31.43696],[-109.81707,31.43647],[-109.82447,31.51872],[-109.85193,31.55706],[-110.05337,31.55307],[-110.05321,31.46864],[-110.00354,31.46852],[-110.00352,31.42368],[-110.03756,31.42335],[-110.03749,31.37985],[-110.11113,31.37998],[-110.12233,31.40909],[-110.24074,31.40908],[-110.20708,31.37994],[-110.20722,31.35118],[-110.23911,31.34778],[-110.28446,31.3677],[-110.2872,31.35259],[-110.36269,31.3801],[-110.39894,31.37678],[-110.43627,31.42482],[-110.4599,31.39988],[-110.4523,31.73122],[-111.05804,31.72623],[-111.00912,31.85279],[-111.01173,31.89072],[-110.96371,31.89556],[-110.94435,31.95031],[-110.9106,31.94287],[-110.91045,31.95762],[-110.85889,31.96307],[-110.85795,32.14155],[-110.90951,32.13425],[-110.90928,32.19515],[-110.81028,32.19183],[-110.82948,32.22098],[-110.90959,32.22157],[-110.90968,32.23619],[-110.92681,32.23601],[-110.92674,32.26495],[-110.96098,32.26481],[-110.97816,32.29419],[-111.04353,32.31574],[-111.12253,32.31591],[-111.14843,32.35199],[-111.1444,32.38098],[-111.174,32.38815],[-111.18245,32.37003],[-111.23377,32.36584],[-111.23397,32.40249],[-111.30396,32.39202],[-111.30426,32.45113],[-111.33851,32.47161],[-111.34247,32.49924],[-111.46568,32.50134],[-111.46546,32.6148],[-111.49954,32.61765],[-111.4996,32.64665],[-111.67203,32.64613],[-111.67196,32.67538],[-111.71463,32.68997],[-111.71428,32.71915],[-111.69467,32.71932],[-111.72286,32.74097],[-111.72281,32.76293],[-111.74058,32.76305],[-111.75736,32.82786],[-111.82594,32.82786],[-111.84338,32.87212],[-111.87765,32.87502]]]}},{"type":"Feature","properties":{"id":"16","riding_id":"04007","FEDNUM":"04007","name_en":"Congressional District 7","name_fr":"Congressional District 7","state":""},"geometry":{"type":"Polygon","coordinates":[[[-114.81355,32.49402],[-114.79141,32.55646],[-114.79281,32.56952],[-114.81393,32.56221],[-114.7994,32.59262],[-114.80844,32.61943],[-114.76378,32.6434],[-114.70158,32.74563],[-114.6174,32.72826],[-114.52663,32.7603],[-114.55029,32.72078],[-114.61435,32.72579],[-114.59885,32.68006],[-114.63857,32.68398],[-114.64088,32.66947],[-114.66736,32.66929],[-114.66746,32.6838],[-114.6846,32.68379],[-114.68425,32.62555],[-114.63265,32.62583],[-114.632,32.5528],[-114.56289,32.55298],[-114.54224,32.62638],[-114.11617,32.6198],[-114.02207,32.64966],[-113.97014,32.64982],[-113.97028,32.6644],[-113.88404,32.66494],[-113.88443,32.67913],[-113.81537,32.67922],[-113.81535,32.69403],[-113.74711,32.69429],[-113.74726,32.72571],[-113.61694,32.76696],[-113.33371,32.76785],[-113.33379,33.02348],[-113.14469,33.09788],[-113.02658,33.20439],[-112.82843,33.20347],[-112.82828,33.11652],[-112.49593,33.13096],[-112.496,33.21794],[-112.46101,33.21792],[-112.4612,33.18879],[-112.35794,33.18875],[-112.35787,33.36278],[-112.3396,33.37185],[-112.36623,33.38833],[-112.35394,33.44983],[-112.3411,33.44987],[-112.34094,33.4788],[-112.35801,33.48608],[-112.27244,33.4938],[-112.27242,33.46473],[-112.23819,33.46533],[-112.22097,33.43715],[-112.27236,33.43559],[-112.27252,33.38126],[-112.30867,33.38103],[-112.30618,33.24692],[-112.20209,33.24686],[-112.20298,32.99281],[-112.19696,32.97843],[-112.15654,32.97103],[-112.13453,32.97102],[-112.13258,32.98551],[-112.04801,32.98563],[-112.04927,32.87929],[-112.06652,32.87929],[-112.0665,32.85038],[-112.03191,32.85017],[-112.03205,32.87932],[-111.98052,32.87935],[-111.98032,32.86465],[-111.94684,32.86466],[-111.94686,32.87936],[-111.84338,32.87212],[-111.82594,32.82786],[-111.75736,32.82786],[-111.74058,32.76305],[-111.72281,32.76293],[-111.72286,32.74097],[-111.69467,32.71932],[-111.71428,32.71915],[-111.71463,32.68997],[-111.67196,32.67538],[-111.67203,32.64613],[-111.4996,32.64665],[-111.49954,32.61765],[-111.46546,32.6148],[-111.46568,32.50134],[-111.34247,32.49924],[-111.33851,32.47161],[-111.30426,32.45113],[-111.30396,32.39202],[-111.23397,32.40249],[-111.23377,32.36584],[-111.18245,32.37003],[-111.174,32.38815],[-111.1444,32.38098],[-111.14843,32.35199],[-111.12253,32.31591],[-111.04353,32.31574],[-110.97816,32.29419],[-110.96098,32.26481],[-110.92674,32.26495],[-110.92681,32.23601],[-110.90968,32.23619],[-110.90959,32.22157],[-110.82948,32.22098],[-110.81028,32.19183],[-110.90928,32.19515],[-110.90951,32.13425],[-110.85795,32.14155],[-110.85889,31.96307],[-110.91045,31.95762],[-110.9106,31.94287],[-110.94435,31.95031],[-110.96371,31.89556],[-111.01173,31.89072],[-111.00912,31.85279],[-111.05804,31.72623],[-110.4523,31.73122],[-110.4599,31.39988],[-110.43627,31.42482],[-110.40323,31.37861],[-110.36269,31.3801],[-110.2872,31.35259],[-110.28446,31.3677],[-110.20722,31.35118],[-110.20708,31.37994],[-110.24074,31.40908],[-110.12233,31.40909],[-110.11113,31.37998],[-110.03749,31.37985],[-110.03756,31.42335],[-110.00352,31.42368],[-110.00354,31.46852],[-110.05321,31.46864],[-110.05337,31.55307],[-109.85193,31.55706],[-109.82447,31.51872],[-109.81707,31.43647],[-109.6302,31.43696],[-109.64647,31.46605],[-109.50293,31.46543],[-109.48006,31.45272],[-109.49228,31.41803],[-109.46437,31.38582],[-109.48704,31.33406],[-111.07498,31.33234],[-114.81355,32.49402]]]}},{"type":"Feature","properties":{"id":"11","riding_id":"04008","FEDNUM":"04008","name_en":"Congressional District 8","name_fr":"Congressional District 8","state":""},"geometry":{"type":"Polygon","coordinates":[[[-112.46033,33.63844],[-112.41054,33.68557],[-112.32094,33.69892],[-112.30552,33.71765],[-112.34265,33.72069],[-112.36019,33.75315],[-112.39463,33.75305],[-112.39484,33.78212],[-112.44711,33.78214],[-112.44712,33.83218],[-112.42975,33.82904],[-112.42793,33.9207],[-112.27617,33.88247],[-112.23505,33.91641],[-112.24035,33.95664],[-112.19677,33.97393],[-112.18291,34.01248],[-112.16113,34.01772],[-112.15365,34.04091],[-112.16476,34.04817],[-111.9962,34.02987],[-111.9957,33.90093],[-112.03078,33.90112],[-112.03067,33.84386],[-111.99544,33.74769],[-112.02569,33.69937],[-112.11456,33.69987],[-112.11323,33.66856],[-112.09979,33.66922],[-112.09964,33.53139],[-112.30676,33.55073],[-112.30768,33.63875],[-112.46033,33.63844]]]}},{"type":"Feature","properties":{"id":"9","riding_id":"04009","FEDNUM":"04009","name_en":"Congressional District 9","name_fr":"Congressional District 9","state":""},"geometry":{"type":"Polygon","coordinates":[[[-114.75451,36.08617],[-114.63047,36.14222],[-114.61545,36.12965],[-114.57109,36.1511],[-114.51122,36.15058],[-114.50472,36.12719],[-114.4626,36.13964],[-114.44504,36.12535],[-114.40562,36.14698],[-114.37018,36.14262],[-114.30694,36.08249],[-114.31359,36.05905],[-114.27086,36.04552],[-114.24386,36.01527],[-114.15139,36.02313],[-114.13711,36.03849],[-114.112,36.09491],[-114.12086,36.11085],[-114.09699,36.12082],[-114.0668,36.17909],[-114.04394,36.19335],[-114.05062,37.00017],[-112.8295,37.00052],[-112.82737,36.83199],[-112.59691,36.82954],[-112.63868,36.67448],[-112.62095,36.59564],[-112.6601,36.54339],[-112.64064,36.48847],[-112.62182,36.4849],[-112.64759,36.44689],[-112.62417,36.41461],[-112.62949,36.39161],[-112.66842,36.34661],[-112.72257,36.34694],[-112.72287,36.31997],[-112.75579,36.32435],[-112.79376,36.2844],[-112.86923,36.2823],[-112.93591,36.2426],[-113.01757,36.23718],[-113.12801,36.16948],[-113.16293,36.17174],[-113.20127,36.14957],[-113.20167,36.11904],[-113.22492,36.09114],[-113.31997,36.09677],[-113.35418,36.04037],[-113.33978,35.98515],[-113.31726,35.96861],[-113.33485,35.91386],[-113.31007,35.892],[-113.31039,35.86321],[-113.33788,35.79275],[-113.38386,35.75455],[-113.51417,35.76754],[-113.60592,35.84946],[-113.63184,35.81961],[-113.64743,35.82388],[-113.66883,35.86578],[-113.71344,35.88538],[-113.7138,35.92787],[-113.76921,35.97267],[-113.78243,36.02532],[-113.81064,36.04836],[-113.87675,36.05735],[-113.90353,36.09284],[-113.9048,35.81992],[-113.94048,35.80703],[-113.92892,35.78906],[-113.93906,35.77205],[-113.97909,35.77571],[-114.04288,35.72475],[-113.98499,35.70807],[-113.91993,35.62074],[-113.91303,35.63725],[-113.85173,35.6233],[-113.87549,35.60554],[-113.87275,35.58905],[-113.83109,35.60692],[-113.82982,35.66957],[-113.7843,35.65462],[-113.62036,35.4945],[-113.3545,35.49438],[-113.3341,35.50842],[-113.33331,34.00004],[-112.74395,33.9999],[-112.42793,33.9207],[-112.42975,33.82904],[-112.44712,33.83218],[-112.44711,33.78214],[-112.39484,33.78212],[-112.39463,33.75305],[-112.36019,33.75315],[-112.34265,33.72069],[-112.30552,33.71765],[-112.32094,33.69892],[-112.41054,33.68557],[-112.46033,33.63844],[-112.30768,33.63875],[-112.30676,33.55073],[-112.2203,33.55242],[-112.22045,33.53793],[-112.20306,33.53832],[-112.20316,33.50926],[-112.27248,33.50821],[-112.27248,33.52277],[-112.29438,33.52213],[-112.31283,33.49313],[-112.35801,33.48608],[-112.34094,33.4788],[-112.3411,33.44987],[-112.35394,33.44983],[-112.36623,33.38833],[-112.3396,33.37185],[-112.35787,33.36278],[-112.35794,33.18875],[-112.4612,33.18879],[-112.46101,33.21792],[-112.496,33.21794],[-112.49593,33.13096],[-112.82828,33.11652],[-112.82843,33.20347],[-113.02658,33.20439],[-113.14469,33.09788],[-113.33379,33.02348],[-113.33371,32.76785],[-113.61694,32.76696],[-113.74726,32.72571],[-113.74711,32.69429],[-113.81535,32.69403],[-113.81537,32.67922],[-113.88443,32.67913],[-113.88404,32.66494],[-113.97028,32.6644],[-113.97014,32.64982],[-114.02207,32.64966],[-114.11617,32.6198],[-114.54224,32.62638],[-114.56289,32.55298],[-114.632,32.5528],[-114.63265,32.62583],[-114.68425,32.62555],[-114.6846,32.68379],[-114.66746,32.6838],[-114.66736,32.66929],[-114.64088,32.66947],[-114.63857,32.68398],[-114.59885,32.68006],[-114.61435,32.72579],[-114.55552,32.71968],[-114.53483,32.7325],[-114.52963,32.79548],[-114.46897,32.84515],[-114.46293,32.90794],[-114.48092,32.93628],[-114.46737,32.96538],[-114.49294,32.97178],[-114.52013,33.02998],[-114.61879,33.0272],[-114.64598,33.0489],[-114.66232,33.03267],[-114.68902,33.08404],[-114.70649,33.08816],[-114.67536,33.18549],[-114.67363,33.22312],[-114.68954,33.24643],[-114.67209,33.2585],[-114.73122,33.30243],[-114.69804,33.35244],[-114.72528,33.40505],[-114.6433,33.41675],[-114.59237,33.49867],[-114.52421,33.55307],[-114.54062,33.59141],[-114.52184,33.61254],[-114.53319,33.65166],[-114.51406,33.66018],[-114.53152,33.67511],[-114.4942,33.70792],[-114.52805,33.81496],[-114.52988,33.85756],[-114.50302,33.868],[-114.52587,33.90101],[-114.50792,33.90381],[-114.53568,33.93355],[-114.45926,33.99471],[-114.46587,34.01099],[-114.43827,34.02261],[-114.43418,34.08738],[-114.41168,34.11003],[-114.22971,34.18693],[-114.16465,34.2597],[-114.13121,34.26273],[-114.13828,34.30323],[-114.17691,34.34931],[-114.22611,34.36592],[-114.33537,34.45004],[-114.3867,34.45791],[-114.38084,34.52972],[-114.43681,34.59607],[-114.4242,34.61045],[-114.45798,34.65711],[-114.47048,34.71137],[-114.55268,34.76687],[-114.58684,34.83567],[-114.63518,34.875],[-114.63752,35.02705],[-114.60291,35.06859],[-114.64676,35.10187],[-114.57826,35.12881],[-114.56926,35.18342],[-114.60461,35.35524],[-114.67864,35.49763],[-114.65677,35.53496],[-114.67567,35.58003],[-114.65353,35.60967],[-114.68951,35.65143],[-114.68063,35.68405],[-114.7056,35.70827],[-114.69427,35.75663],[-114.71203,35.80553],[-114.69528,35.83109],[-114.70586,35.85051],[-114.66164,35.87123],[-114.70811,35.90993],[-114.74054,35.97554],[-114.743,36.00845],[-114.7221,36.02895],[-114.74126,36.03804],[-114.73529,36.05665],[-114.75451,36.08617]]]}},{"type":"Feature","properties":{"id":"18","riding_id":"05001","FEDNUM":"05001","name_en":"Congressional District 1","name_fr":"Congressional District 1","state":""},"geometry":{"type":"Polygon","coordinates":[[[-93.30082,36.12155],[-93.29317,36.49843],[-90.15231,36.49798],[-90.15954,36.48024],[-90.14239,36.4714],[-90.15541,36.46379],[-90.13395,36.45378],[-90.1385,36.41373],[-90.0635,36.38408],[-90.08238,36.322],[-90.06419,36.3025],[-90.08353,36.27212],[-90.11707,36.26349],[-90.12626,36.22921],[-90.22035,36.18454],[-90.23544,36.1394],[-90.31961,36.08957],[-90.3779,35.99574],[-89.73306,36.00081],[-89.7185,35.96312],[-89.64431,35.92094],[-89.64359,35.88974],[-89.66328,35.8747],[-89.73055,35.9117],[-89.7705,35.88585],[-89.76792,35.86002],[-89.69471,35.83477],[-89.70815,35.81246],[-89.78166,35.80523],[-89.79957,35.78833],[-89.79942,35.75811],[-89.82545,35.74519],[-89.90746,35.75929],[-89.95812,35.72693],[-89.95584,35.6904],[-89.92545,35.65821],[-89.89424,35.65161],[-89.86311,35.67052],[-89.85116,35.65714],[-89.85813,35.63343],[-89.95757,35.58853],[-89.9421,35.557],[-89.91068,35.54745],[-89.90893,35.51424],[-89.95875,35.52384],[-89.95809,35.54123],[-89.98967,35.56022],[-90.03002,35.55481],[-90.04833,35.50425],[-90.00267,35.42999],[-90.04809,35.41174],[-90.05678,35.40386],[-90.04156,35.39662],[-90.05432,35.38928],[-90.06953,35.40813],[-90.06827,35.46707],[-90.10112,35.47807],[-90.16888,35.42188],[-90.17934,35.38531],[-90.16528,35.37398],[-90.13568,35.3767],[-90.14614,35.39979],[-90.13223,35.41366],[-90.07916,35.38247],[-90.10997,35.30499],[-90.15733,35.30149],[-90.16892,35.27971],[-90.14886,35.25427],[-90.09109,35.245],[-90.07584,35.21309],[-90.11719,35.1883],[-90.06824,35.15567],[-90.06621,35.13922],[-90.09191,35.11946],[-90.13867,35.13152],[-90.1679,35.12113],[-90.18779,35.07322],[-90.18116,35.05394],[-90.207,35.02585],[-90.29661,35.03867],[-90.30782,34.9929],[-90.24518,34.9479],[-90.24133,34.91903],[-90.25786,34.89339],[-90.31774,34.87106],[-90.30849,34.84549],[-90.33845,34.85852],[-90.38939,34.83067],[-90.43873,34.82525],[-90.44969,34.83992],[-90.42941,34.86641],[-90.43656,34.88273],[-90.48091,34.88159],[-90.4835,34.86046],[-90.45538,34.82079],[-90.47658,34.794],[-90.44817,34.7401],[-90.48333,34.72222],[-90.51667,34.72722],[-90.49278,34.7725],[-90.51389,34.8],[-90.54417,34.79167],[-90.53979,34.7543],[-90.57194,34.71278],[-90.52956,34.69583],[-90.47417,34.70528],[-90.46288,34.6838],[-90.53421,34.62746],[-90.55488,34.64517],[-90.54193,34.68386],[-90.5701,34.69343],[-90.59159,34.62101],[-90.53962,34.55392],[-90.59266,34.49058],[-90.57769,34.43245],[-90.58623,34.40917],[-90.65714,34.3774],[-90.66934,34.31309],[-90.69313,34.32257],[-90.6763,34.37126],[-90.76439,34.36368],[-90.73802,34.28928],[-90.76562,34.26951],[-90.83177,34.27694],[-90.84715,34.20613],[-90.89228,34.22289],[-90.90633,34.24438],[-90.93555,34.23785],[-90.90821,34.19207],[-90.81749,34.1832],[-90.80722,34.16371],[-90.84528,34.13689],[-90.90996,34.16551],[-90.95864,34.13548],[-90.94564,34.10797],[-90.91886,34.09284],[-90.88313,34.09673],[-90.87112,34.08025],[-90.894,34.02621],[-90.98818,34.01921],[-90.96617,33.96466],[-90.99895,33.9656],[-91.01895,34.00323],[-91.04667,33.99243],[-91.08639,34.00613],[-91.08646,33.9578],[-91.01025,33.93217],[-91.07131,33.87081],[-91.06938,33.84331],[-90.98881,33.78308],[-91.01937,33.76412],[-91.13306,33.78332],[-91.14881,33.73136],[-91.11764,33.7053],[-91.05917,33.71452],[-91.03194,33.67697],[-91.09135,33.65776],[-91.16037,33.7066],[-91.21543,33.69906],[-91.23068,33.68008],[-91.21672,33.65882],[-91.15253,33.63808],[-91.12873,33.6092],[-91.16275,33.57107],[-91.23406,33.56141],[-91.18249,33.49983],[-91.23554,33.43924],[-91.17717,33.44394],[-91.16892,33.49821],[-91.13088,33.48055],[-91.11705,33.45498],[-91.13275,33.42962],[-91.20004,33.41806],[-91.20803,33.40173],[-91.14296,33.37969],[-91.09972,33.40696],[-91.08703,33.45129],[-91.05811,33.44691],[-91.0647,33.41816],[-91.14222,33.34899],[-91.14138,33.29882],[-91.10579,33.24153],[-91.07805,33.28363],[-91.04386,33.27578],[-91.0708,33.2274],[-91.10026,33.21943],[-91.0804,33.18009],[-91.08602,33.13628],[-91.18322,33.1418],[-91.20181,33.12404],[-91.19992,33.10675],[-91.12067,33.0577],[-91.16589,33.0043],[-91.46037,33.00619],[-91.45028,33.78054],[-91.97587,33.79173],[-91.97644,33.97727],[-91.95302,33.97719],[-91.95366,34.09343],[-91.74509,34.09402],[-91.74473,34.06498],[-91.72671,34.06511],[-91.71762,34.17614],[-91.62443,34.12899],[-91.586,34.13124],[-91.60571,34.1144],[-91.60424,34.08752],[-91.54519,34.10448],[-91.48339,34.05869],[-91.46222,34.06497],[-91.46294,34.08519],[-91.4315,34.08774],[-91.44246,34.08796],[-91.44282,34.12599],[-91.49294,34.12718],[-91.49647,34.14999],[-91.51542,34.14309],[-91.53833,34.22396],[-91.59482,34.21222],[-91.59911,34.23148],[-91.71167,34.23386],[-91.70525,34.48273],[-92.14373,34.49156],[-92.14555,34.51526],[-92.1173,34.54799],[-92.16758,34.57332],[-92.15026,34.60198],[-92.17323,34.64094],[-92.15059,34.70275],[-92.22073,34.75429],[-92.16142,34.78142],[-92.15151,34.82398],[-92.12218,34.84432],[-92.07551,34.8428],[-92.07081,35.01156],[-92.12154,35.0122],[-92.11937,35.06687],[-92.01275,35.07629],[-91.99576,35.05897],[-91.87518,35.02351],[-91.70128,35.06303],[-91.60822,35.02064],[-91.58517,35.02522],[-91.58401,35.09158],[-91.46527,35.08946],[-91.46169,35.10261],[-91.45209,35.08828],[-91.45201,35.1021],[-91.4252,35.1033],[-91.4441,35.10487],[-91.4519,35.13671],[-91.42865,35.13673],[-91.43394,35.15287],[-91.46315,35.16111],[-91.42132,35.17744],[-91.4359,35.18235],[-91.40414,35.21471],[-91.37898,35.18938],[-91.39055,35.20217],[-91.37995,35.21565],[-91.39479,35.22155],[-91.37819,35.22226],[-91.38898,35.23609],[-91.37105,35.26287],[-91.38822,35.25126],[-91.41184,35.26483],[-91.41277,35.30335],[-91.43743,35.29612],[-91.42481,35.33182],[-91.44481,35.34628],[-91.42316,35.35691],[-91.43581,35.37122],[-91.41038,35.3615],[-91.42568,35.37508],[-91.41049,35.38523],[-91.38487,35.37474],[-91.40069,35.3931],[-91.36878,35.40788],[-91.36565,35.43053],[-91.3504,35.41043],[-91.34726,35.43911],[-91.58445,35.44231],[-91.58209,35.53033],[-91.79358,35.53408],[-91.78964,35.71178],[-92.41841,35.71603],[-92.41685,35.78863],[-92.54046,35.79006],[-92.62984,35.79082],[-92.63143,35.71838],[-92.95137,35.72463],[-92.94462,36.11555],[-93.30082,36.12155]]]}},{"type":"Feature","properties":{"id":"20","riding_id":"05002","FEDNUM":"05002","name_en":"Congressional District 2","name_fr":"Congressional District 2","state":""},"geometry":{"type":"Polygon","coordinates":[[[-93.30588,34.8612],[-93.30568,34.87546],[-93.20049,34.94759],[-93.20002,34.96233],[-93.16019,34.97585],[-93.16016,34.99046],[-93.10595,35.01813],[-93.10556,35.03428],[-93.05149,35.06235],[-93.02543,35.09],[-93.03966,35.10988],[-92.98132,35.11684],[-92.92495,35.16798],[-92.8551,35.17384],[-92.84928,35.54947],[-92.81346,35.54892],[-92.80975,35.72242],[-92.63143,35.71838],[-92.62984,35.79082],[-92.41685,35.78863],[-92.41841,35.71603],[-91.78964,35.71178],[-91.79358,35.53408],[-91.58209,35.53033],[-91.58445,35.44231],[-91.34726,35.43911],[-91.3504,35.41043],[-91.36565,35.43053],[-91.36878,35.40788],[-91.40069,35.3931],[-91.38487,35.37474],[-91.40641,35.38639],[-91.42568,35.37508],[-91.41102,35.36091],[-91.43861,35.36852],[-91.42298,35.35807],[-91.44481,35.34628],[-91.42481,35.33182],[-91.43743,35.29612],[-91.414,35.30461],[-91.41184,35.26483],[-91.38869,35.25128],[-91.37102,35.26054],[-91.38898,35.23609],[-91.37819,35.22226],[-91.39479,35.22155],[-91.37995,35.21565],[-91.39055,35.20217],[-91.37898,35.18938],[-91.40414,35.21471],[-91.4359,35.18235],[-91.42132,35.17744],[-91.46315,35.16111],[-91.42807,35.13815],[-91.4515,35.13971],[-91.4441,35.10487],[-91.42413,35.1056],[-91.45232,35.10191],[-91.4506,35.08861],[-91.46169,35.10261],[-91.46527,35.08946],[-91.58401,35.09158],[-91.58517,35.02522],[-91.60822,35.02064],[-91.70128,35.06303],[-91.87518,35.02351],[-91.99576,35.05897],[-92.01275,35.07629],[-92.11975,35.06656],[-92.12154,35.0122],[-92.07081,35.01156],[-92.07551,34.8428],[-92.12218,34.84432],[-92.15151,34.82398],[-92.16142,34.78142],[-92.22073,34.75429],[-92.15059,34.70275],[-92.17319,34.63843],[-92.19041,34.63818],[-92.19024,34.66338],[-92.23774,34.69345],[-92.23715,34.71687],[-92.29337,34.70445],[-92.31688,34.67978],[-92.36153,34.67746],[-92.36317,34.65509],[-92.38095,34.65175],[-92.38194,34.62634],[-92.34646,34.62564],[-92.34869,34.58229],[-92.24421,34.58089],[-92.24584,34.49358],[-92.40337,34.49571],[-92.40467,34.45189],[-92.58947,34.45558],[-92.62338,34.42539],[-92.62103,34.41111],[-92.68619,34.4147],[-92.68507,34.4731],[-92.73882,34.47393],[-92.73826,34.50324],[-92.79319,34.50357],[-92.7915,34.56198],[-92.80895,34.56225],[-92.80803,34.59041],[-92.87692,34.59117],[-92.87539,34.6352],[-92.97998,34.63725],[-92.96932,34.77226],[-93.28778,34.77324],[-93.28828,34.86087],[-93.30588,34.8612]]]}},{"type":"Feature","properties":{"id":"17","riding_id":"05003","FEDNUM":"05003","name_en":"Congressional District 3","name_fr":"Congressional District 3","state":""},"geometry":{"type":"Polygon","coordinates":[[[-94.61786,36.49953],[-93.29299,36.49809],[-93.30082,36.12155],[-93.47952,36.12505],[-93.48027,36.08155],[-93.44574,36.08079],[-93.45079,35.9675],[-93.48623,35.95336],[-93.48692,35.92433],[-93.50487,35.92514],[-93.506,35.88103],[-93.52365,35.88151],[-93.51918,35.76349],[-93.91058,35.7743],[-93.89286,35.74506],[-93.91119,35.74532],[-93.91167,35.7308],[-93.96424,35.73203],[-93.96504,35.70331],[-93.98284,35.70402],[-93.98423,35.66066],[-94.07396,35.66246],[-94.0762,35.57562],[-94.02288,35.57428],[-94.04067,35.5421],[-94.029,35.5075],[-94.05763,35.47355],[-94.03946,35.46461],[-94.07444,35.445],[-94.08222,35.21478],[-94.04702,35.19947],[-94.04657,35.21408],[-94.02887,35.21418],[-94.03124,35.14091],[-94.13934,35.14352],[-94.13968,35.12895],[-94.17585,35.1296],[-94.17551,35.14435],[-94.23799,35.14571],[-94.23663,35.16191],[-94.35668,35.16246],[-94.35487,35.22411],[-94.43679,35.24672],[-94.43101,35.39317],[-94.61786,36.49953]]]}},{"type":"Feature","properties":{"id":"19","riding_id":"05004","FEDNUM":"05004","name_en":"Congressional District 4","name_fr":"Congressional District 4","state":""},"geometry":{"type":"Polygon","coordinates":[[[-94.4859,33.63786],[-94.43679,35.24672],[-94.35487,35.22411],[-94.35668,35.16246],[-94.23663,35.16191],[-94.23799,35.14571],[-94.17551,35.14435],[-94.17585,35.1296],[-94.13968,35.12895],[-94.13934,35.14352],[-94.03124,35.14091],[-94.02887,35.21418],[-94.04657,35.21408],[-94.04702,35.19947],[-94.08222,35.21478],[-94.07444,35.445],[-94.03946,35.46461],[-94.05763,35.47355],[-94.029,35.5075],[-94.04067,35.5421],[-94.02288,35.57428],[-94.0762,35.57562],[-94.07396,35.66246],[-93.98423,35.66066],[-93.98284,35.70402],[-93.96504,35.70331],[-93.96424,35.73203],[-93.91167,35.7308],[-93.91119,35.74532],[-93.89286,35.74506],[-93.91058,35.7743],[-93.51918,35.76349],[-93.52365,35.88151],[-93.506,35.88103],[-93.50487,35.92514],[-93.48692,35.92433],[-93.48623,35.95336],[-93.45079,35.9675],[-93.44574,36.08079],[-93.48027,36.08155],[-93.47952,36.12505],[-92.94462,36.11555],[-92.95137,35.72463],[-92.80975,35.72242],[-92.81346,35.54892],[-92.84928,35.54947],[-92.8551,35.17384],[-92.92495,35.16798],[-92.98132,35.11684],[-93.03966,35.10988],[-93.02543,35.09],[-93.05149,35.06235],[-93.06922,35.06263],[-93.10595,35.01813],[-93.12374,35.01861],[-93.12407,35.0041],[-93.14177,35.00464],[-93.16019,34.97585],[-93.18135,34.9763],[-93.25257,34.90379],[-93.30568,34.87546],[-93.30586,34.86105],[-93.28828,34.86087],[-93.28778,34.77324],[-92.96932,34.77226],[-92.97998,34.63725],[-92.87539,34.6352],[-92.87692,34.59117],[-92.80803,34.59041],[-92.80895,34.56225],[-92.7915,34.56198],[-92.79319,34.50357],[-92.73826,34.50324],[-92.73882,34.47393],[-92.68507,34.4731],[-92.68619,34.4147],[-92.62103,34.41111],[-92.62338,34.42539],[-92.58947,34.45558],[-92.40467,34.45189],[-92.40337,34.49571],[-92.24584,34.49358],[-92.24421,34.58089],[-92.34869,34.58229],[-92.34646,34.62564],[-92.38194,34.62634],[-92.36153,34.67746],[-92.31603,34.68007],[-92.29417,34.70405],[-92.24984,34.7168],[-92.15383,34.60931],[-92.1643,34.56638],[-92.11748,34.55039],[-92.14555,34.51526],[-92.14373,34.49156],[-91.70525,34.48273],[-91.71167,34.23386],[-91.59911,34.23148],[-91.59482,34.21222],[-91.53667,34.22319],[-91.5157,34.14341],[-91.49517,34.14929],[-91.49237,34.12703],[-91.4522,34.13409],[-91.4315,34.08774],[-91.46294,34.08519],[-91.46222,34.06497],[-91.48205,34.05859],[-91.54519,34.10448],[-91.60207,34.08669],[-91.60571,34.1144],[-91.586,34.13124],[-91.62443,34.12899],[-91.71401,34.17623],[-91.72738,34.17528],[-91.72671,34.06511],[-91.74473,34.06498],[-91.74509,34.09402],[-91.95366,34.09343],[-91.95302,33.97719],[-91.97644,33.97727],[-91.97587,33.79173],[-91.45028,33.78054],[-91.46037,33.00619],[-94.04301,33.01926],[-94.04331,33.55158],[-94.07342,33.55492],[-94.05562,33.56158],[-94.07382,33.58475],[-94.0725,33.57232],[-94.12067,33.56699],[-94.12874,33.55092],[-94.13514,33.57103],[-94.15145,33.56847],[-94.14203,33.58113],[-94.18377,33.59467],[-94.2173,33.58024],[-94.19448,33.57367],[-94.19545,33.55516],[-94.20582,33.5671],[-94.25069,33.55711],[-94.24252,33.58974],[-94.27732,33.55733],[-94.29083,33.55903],[-94.28787,33.58251],[-94.30954,33.55163],[-94.34371,33.56795],[-94.35271,33.54424],[-94.38166,33.54404],[-94.40146,33.56053],[-94.38065,33.58186],[-94.41245,33.56902],[-94.43065,33.59157],[-94.47171,33.60262],[-94.44834,33.64245],[-94.4859,33.63786]]]}},{"type":"Feature","properties":{"id":null,"riding_id":"06001","FEDNUM":"06001","name_en":"Congressional District 1","name_fr":"Congressional District 1","state":"CA"},"geometry":{"type":"Polygon","coordinates":[[[-119.99987,41.18397],[-120.00377,39.44506],[-120.50544,39.44612],[-120.53452,39.46438],[-120.55657,39.51411],[-120.65456,39.52692],[-120.75624,39.45247],[-120.97862,39.41782],[-121.02209,39.39156],[-121.03441,39.51451],[-121.0582,39.53704],[-121.02438,39.55905],[-121.00948,39.63946],[-121.07954,39.58526],[-121.10747,39.58528],[-121.10697,39.56719],[-121.14121,39.56228],[-121.1593,39.5196],[-121.30512,39.51958],[-121.31479,39.4759],[-121.34514,39.45257],[-121.33407,39.4258],[-121.40597,39.34057],[-121.5637,39.30494],[-121.61118,39.31928],[-121.62376,39.29562],[-121.90827,39.30388],[-121.88894,39.38308],[-122.00974,39.38386],[-122.00886,39.41357],[-122.13616,39.4145],[-122.13601,39.38549],[-122.78509,39.38298],[-122.74221,39.36529],[-122.77547,39.31518],[-122.75811,39.28538],[-122.69136,39.24743],[-122.67973,39.22453],[-122.57022,39.20386],[-122.51533,39.20922],[-122.47729,39.17395],[-122.47454,39.1447],[-122.49684,39.1405],[-122.50091,39.12107],[-122.48604,39.08558],[-122.49202,39.0535],[-122.40914,39.01212],[-122.48557,39.02298],[-122.49355,39.00283],[-122.53901,38.98882],[-122.57253,39.01796],[-122.61376,39.00884],[-122.60384,38.93228],[-122.57605,38.93192],[-122.61174,38.92556],[-122.60743,38.87429],[-122.54377,38.84015],[-122.53619,38.81961],[-122.55576,38.7923],[-122.61465,38.80572],[-122.684,38.85191],[-122.69594,38.84769],[-122.66804,38.82829],[-122.68477,38.80787],[-122.7413,38.83583],[-122.75559,38.8247],[-122.74822,38.7878],[-122.69545,38.71309],[-122.64669,38.70281],[-122.65745,38.67366],[-122.716,38.67127],[-122.72859,38.65257],[-122.67376,38.63224],[-122.69476,38.60853],[-122.67377,38.57197],[-122.69606,38.54741],[-122.66552,38.53207],[-122.64939,38.50887],[-122.65694,38.48943],[-122.62406,38.46727],[-122.6308,38.4574],[-122.57004,38.4464],[-122.58181,38.41586],[-122.59989,38.42134],[-122.61052,38.40707],[-122.64875,38.44047],[-122.65708,38.41407],[-122.68411,38.43225],[-122.71049,38.39899],[-122.77677,38.39743],[-122.74153,38.38715],[-122.74933,38.36128],[-122.76819,38.35663],[-122.86602,38.39509],[-122.88477,38.44293],[-122.92323,38.4384],[-122.94867,38.46254],[-122.96577,38.49704],[-122.95405,38.53612],[-122.9698,38.55614],[-123.06517,38.57953],[-122.99793,38.59745],[-123.06782,38.65042],[-123.0769,38.67325],[-123.10046,38.673],[-123.10914,38.69163],[-123.07985,38.70807],[-123.10711,38.72241],[-123.10421,38.74019],[-123.26179,38.78503],[-123.27681,38.82321],[-123.24261,38.84435],[-123.25201,38.88103],[-123.31955,38.90097],[-123.29019,38.92149],[-123.35104,38.98491],[-123.40171,39.00656],[-123.4075,39.02312],[-123.3841,39.02228],[-123.39198,39.03581],[-123.45891,39.05983],[-123.46225,39.07557],[-123.43777,39.08285],[-123.4297,39.07074],[-123.42173,39.09011],[-123.37595,39.08096],[-123.40807,39.10359],[-123.41191,39.12753],[-123.39546,39.13787],[-123.43727,39.13829],[-123.43356,39.19341],[-123.48044,39.2301],[-123.46464,39.22951],[-123.47791,39.23427],[-123.47743,39.26555],[-123.43841,39.27238],[-123.49599,39.28122],[-123.49536,39.30724],[-123.51368,39.30972],[-123.51827,39.41641],[-123.46752,39.45957],[-123.46463,39.47824],[-123.44364,39.48362],[-123.46436,39.51162],[-123.45151,39.53924],[-123.46868,39.57986],[-123.45366,39.60179],[-123.47621,39.64764],[-123.47414,39.68169],[-123.53577,39.75258],[-123.54374,39.80353],[-123.56985,39.82676],[-123.67105,39.82602],[-123.71595,39.852],[-123.70157,39.88065],[-123.75363,39.89233],[-123.76092,39.92834],[-123.80106,39.97673],[-123.78323,40.00199],[-123.54446,40.00192],[-123.54456,39.97702],[-122.93401,39.97813],[-122.95186,39.99883],[-122.95091,40.05591],[-122.97316,40.07717],[-122.96144,40.08975],[-122.96857,40.13903],[-122.98961,40.14513],[-122.97006,40.18631],[-122.97755,40.24128],[-123.06601,40.28569],[-122.97687,40.31515],[-122.91847,40.30676],[-122.87245,40.34898],[-122.74538,40.36571],[-122.7317,40.34696],[-122.65134,40.32829],[-122.52457,40.39448],[-122.44397,40.37326],[-122.31041,40.37106],[-122.22715,40.38931],[-122.19939,40.37784],[-122.19356,40.39231],[-122.18733,40.3814],[-122.17309,40.37905],[-122.18848,40.38748],[-122.00994,40.42677],[-121.90095,40.42093],[-121.85135,40.4426],[-121.73458,40.43563],[-121.68579,40.45313],[-121.59309,40.43113],[-121.56513,40.4458],[-121.32783,40.44537],[-121.31998,40.90589],[-121.33234,40.90539],[-121.33179,41.18389],[-119.99987,41.18397]]]}},{"type":"Feature","properties":{"id":null,"riding_id":"06002","FEDNUM":"06002","name_en":"Congressional District 2","name_fr":"Congressional District 2","state":"CA"},"geometry":{"type":"Polygon","coordinates":[[[-122.37805,42.0095],[-119.99923,41.99494],[-119.99987,41.18397],[-121.33179,41.18389],[-121.33234,40.90539],[-121.31998,40.90589],[-121.32783,40.44537],[-121.56513,40.4458],[-121.59309,40.43113],[-121.68579,40.45313],[-121.73458,40.43563],[-121.85135,40.4426],[-121.90095,40.42093],[-122.00994,40.42677],[-122.18848,40.38748],[-122.17309,40.37905],[-122.18733,40.3814],[-122.19356,40.39231],[-122.19939,40.37784],[-122.22715,40.38931],[-122.31041,40.37106],[-122.44397,40.37326],[-122.52457,40.39448],[-122.65134,40.32829],[-122.7317,40.34696],[-122.74538,40.36571],[-122.87245,40.34898],[-122.91847,40.30676],[-122.97687,40.31515],[-123.06601,40.28569],[-122.97755,40.24128],[-122.97006,40.18631],[-122.98961,40.14513],[-122.96857,40.13903],[-122.96144,40.08975],[-122.97316,40.07717],[-122.95091,40.05591],[-122.95186,39.99883],[-122.93401,39.97813],[-123.54456,39.97702],[-123.54446,40.00192],[-123.78323,40.00199],[-123.80167,39.98265],[-123.76092,39.92834],[-123.75363,39.89233],[-123.70157,39.88065],[-123.71564,39.85169],[-123.67105,39.82602],[-123.56985,39.82676],[-123.54374,39.80353],[-123.53556,39.75226],[-123.47893,39.69425],[-123.45366,39.60179],[-123.46868,39.57986],[-123.45151,39.53924],[-123.46436,39.51162],[-123.44364,39.48362],[-123.46463,39.47824],[-123.46752,39.45957],[-123.51827,39.41641],[-123.51368,39.30972],[-123.49536,39.30724],[-123.49599,39.28122],[-123.43841,39.27238],[-123.47743,39.26555],[-123.47791,39.23427],[-123.46464,39.22951],[-123.48044,39.2301],[-123.43356,39.19341],[-123.43727,39.13829],[-123.39546,39.13787],[-123.41191,39.12753],[-123.40807,39.10359],[-123.37595,39.08096],[-123.42173,39.09011],[-123.42725,39.0718],[-123.44863,39.08155],[-123.4604,39.06479],[-123.39198,39.03581],[-123.3841,39.02228],[-123.4075,39.02312],[-123.40171,39.00656],[-123.35104,38.98491],[-123.29019,38.92149],[-123.31955,38.90097],[-123.25201,38.88103],[-123.24219,38.84553],[-123.27462,38.83421],[-123.27263,38.79771],[-123.24027,38.77249],[-123.18178,38.77078],[-123.10421,38.74019],[-123.10711,38.72241],[-123.07985,38.70807],[-123.10914,38.69163],[-123.10046,38.673],[-123.0769,38.67325],[-123.06782,38.65042],[-122.99793,38.59745],[-123.06517,38.57953],[-122.96971,38.55606],[-122.95405,38.53612],[-122.96577,38.49704],[-122.94867,38.46254],[-122.92323,38.4384],[-122.88477,38.44293],[-122.86726,38.39603],[-122.81796,38.37162],[-122.79697,38.37847],[-122.73831,38.33456],[-122.73475,38.31075],[-122.62503,38.24516],[-122.60092,38.18526],[-122.57059,38.18712],[-122.50056,38.11178],[-122.34745,38.07326],[-122.44158,37.97392],[-122.41867,37.85251],[-122.52774,37.81514],[-122.61228,37.81522],[-122.67565,37.84852],[-122.75247,37.8577],[-122.8298,37.91033],[-122.88929,37.97411],[-122.95322,37.94109],[-123.06797,37.95867],[-123.08513,38.00843],[-123.01482,38.14913],[-123.04962,38.21429],[-123.13452,38.29626],[-123.13431,38.34579],[-123.16476,38.38834],[-123.22022,38.44195],[-123.36093,38.5102],[-123.51058,38.68089],[-123.71781,38.82792],[-123.78468,38.89373],[-123.80607,38.97704],[-123.76315,39.00869],[-123.76197,39.04109],[-123.84077,39.18733],[-123.89308,39.33749],[-123.8874,39.45304],[-123.87252,39.50239],[-123.83465,39.54919],[-123.85718,39.67469],[-123.89322,39.70478],[-123.91053,39.79957],[-123.9536,39.82699],[-123.98295,39.87678],[-124.0786,39.97226],[-124.13326,39.99986],[-124.15376,40.06354],[-124.2312,40.09338],[-124.40315,40.218],[-124.42673,40.24986],[-124.42806,40.36178],[-124.47862,40.4221],[-124.47916,40.45264],[-124.40337,40.61317],[-124.23262,40.86929],[-124.19762,40.95053],[-124.18269,41.00131],[-124.22708,41.04662],[-124.25247,41.13408],[-124.23762,41.16596],[-124.19553,41.18458],[-124.1607,41.28929],[-124.22003,41.30299],[-124.24242,41.3433],[-124.20651,41.38472],[-124.13997,41.38182],[-124.13323,41.43231],[-124.16049,41.54341],[-124.18499,41.56577],[-124.20978,41.6352],[-124.21171,41.68119],[-124.39951,41.77786],[-124.43891,41.8245],[-124.43092,41.86291],[-124.3762,41.887],[-124.28503,41.85949],[-124.27612,41.90305],[-124.29194,41.9285],[-124.28858,41.96956],[-124.32883,41.99833],[-122.37805,42.0095]]]}},{"type":"Feature","properties":{"id":null,"riding_id":"06003","FEDNUM":"06003","name_en":"Congressional District 3","name_fr":"Congressional District 3","state":"CA"},"geometry":{"type":"Polygon","coordinates":[[[-120.11201,38.70502],[-120.14049,38.63817],[-120.21463,38.62887],[-120.23385,38.58832],[-120.30172,38.54911],[-120.43452,38.52667],[-120.53226,38.54937],[-120.55584,38.5735],[-120.63703,38.60549],[-120.60278,38.60767],[-120.62849,38.63403],[-120.68237,38.64894],[-120.66221,38.6828],[-120.67574,38.6936],[-120.67597,38.73706],[-120.64422,38.74455],[-120.66187,38.75802],[-120.64166,38.75711],[-120.64575,38.77672],[-120.61909,38.79408],[-120.68611,38.78668],[-120.70422,38.77134],[-120.77889,38.7829],[-120.78421,38.83121],[-120.82156,38.8796],[-120.82157,38.89307],[-120.81456,38.8839],[-120.798,38.897],[-120.78786,38.9369],[-120.87714,38.93146],[-120.93621,38.96393],[-120.93857,38.93556],[-121.03993,38.91586],[-121.05341,38.8995],[-121.05799,38.84785],[-121.10176,38.81522],[-121.14159,38.71194],[-121.11905,38.71786],[-121.07909,38.63227],[-121.1436,38.61612],[-121.1433,38.56958],[-121.18727,38.56933],[-121.188,38.53402],[-121.22327,38.50191],[-121.24246,38.50576],[-121.24274,38.52556],[-121.26116,38.52804],[-121.26109,38.50993],[-121.29486,38.50021],[-121.29788,38.51911],[-121.33761,38.52869],[-121.33491,38.51082],[-121.37013,38.51071],[-121.37226,38.49615],[-121.39984,38.49602],[-121.41897,38.47434],[-121.4541,38.48517],[-121.47755,38.51769],[-121.45384,38.54676],[-121.3986,38.56322],[-121.42169,38.57744],[-121.41528,38.62454],[-121.36089,38.64464],[-121.35525,38.62837],[-121.29564,38.63628],[-121.29226,38.66362],[-121.26304,38.66403],[-121.26224,38.67853],[-121.19256,38.6501],[-121.18818,38.67661],[-121.1999,38.68171],[-121.18291,38.71384],[-121.21649,38.71619],[-121.22657,38.7515],[-121.18951,38.80289],[-121.22876,38.8099],[-121.2202,38.84333],[-121.23775,38.8733],[-121.23795,38.88652],[-121.21686,38.88661],[-121.22933,38.92671],[-121.20975,38.9414],[-121.22831,38.94156],[-121.22977,38.95919],[-121.21197,38.99387],[-121.23067,39.02354],[-121.27953,39.03462],[-121.27953,39.23054],[-121.25918,39.25642],[-121.26613,39.27272],[-121.21838,39.28418],[-121.19562,39.32958],[-121.15753,39.33247],[-121.12748,39.38024],[-121.084,39.39462],[-121.02452,39.38926],[-120.97833,39.41787],[-120.8,39.43767],[-120.75573,39.45266],[-120.65466,39.52691],[-120.55657,39.51411],[-120.53452,39.46438],[-120.50544,39.44612],[-120.00377,39.44506],[-120.00101,38.99957],[-119.88764,38.9183],[-119.87729,38.87019],[-119.90631,38.85551],[-119.94793,38.78164],[-120.07239,38.70277],[-120.11201,38.70502]]]}},{"type":"Feature","properties":{"id":null,"riding_id":"06004","FEDNUM":"06004","name_en":"Congressional District 4","name_fr":"Congressional District 4","state":"CA"},"geometry":{"type":"Polygon","coordinates":[[[-121.62339,39.29628],[-121.61118,39.31928],[-121.5637,39.30494],[-121.40597,39.34057],[-121.33407,39.4258],[-121.34514,39.45257],[-121.31479,39.4759],[-121.30512,39.51958],[-121.1593,39.5196],[-121.14121,39.56228],[-121.10697,39.56719],[-121.10747,39.58528],[-121.07954,39.58526],[-121.00948,39.63946],[-121.02438,39.55905],[-121.0582,39.53704],[-121.03441,39.51451],[-121.02209,39.39156],[-121.12789,39.38004],[-121.15753,39.33247],[-121.19562,39.32958],[-121.21838,39.28418],[-121.26613,39.27272],[-121.25918,39.25642],[-121.27953,39.23054],[-121.27953,39.03462],[-121.23067,39.02354],[-121.21197,38.99387],[-121.22947,38.965],[-121.22834,38.9416],[-121.20928,38.93583],[-121.22933,38.92671],[-121.21686,38.88661],[-121.23795,38.88652],[-121.23139,38.83915],[-121.29949,38.83962],[-121.30073,38.80528],[-121.37702,38.8098],[-121.37713,38.82439],[-121.42468,38.81187],[-121.43246,38.82432],[-121.44662,38.80613],[-121.40026,38.80248],[-121.40318,38.75174],[-121.31387,38.75187],[-121.31805,38.72337],[-121.36458,38.7265],[-121.35152,38.70558],[-121.40132,38.70451],[-121.40358,38.67227],[-121.41762,38.669],[-121.54025,38.68551],[-121.54062,38.71432],[-121.60725,38.71459],[-121.63049,38.68063],[-121.59291,38.64496],[-121.56687,38.6451],[-121.55361,38.60333],[-121.58314,38.60204],[-121.58346,38.5786],[-121.76472,38.52592],[-121.94029,38.53338],[-122.01354,38.48871],[-122.05742,38.51744],[-122.10328,38.51335],[-122.12639,38.42892],[-122.07338,38.36091],[-122.06478,38.31591],[-122.20598,38.31571],[-122.18838,38.27161],[-122.21648,38.26602],[-122.19328,38.25641],[-122.21248,38.24871],[-122.19337,38.22122],[-122.21508,38.17972],[-122.19538,38.15502],[-122.40697,38.15565],[-122.34745,38.07326],[-122.5019,38.11242],[-122.57059,38.18712],[-122.60092,38.18526],[-122.62473,38.24492],[-122.73475,38.31075],[-122.73831,38.33456],[-122.76906,38.35874],[-122.74933,38.36128],[-122.74153,38.38715],[-122.78017,38.3951],[-122.75072,38.40713],[-122.71049,38.39899],[-122.68411,38.43225],[-122.65708,38.41407],[-122.64875,38.44047],[-122.61052,38.40707],[-122.59989,38.42134],[-122.58181,38.41586],[-122.57004,38.4464],[-122.6308,38.4574],[-122.62406,38.46727],[-122.65694,38.48943],[-122.64939,38.50887],[-122.66552,38.53207],[-122.69606,38.54741],[-122.67377,38.57197],[-122.69476,38.60853],[-122.67376,38.63224],[-122.72859,38.65257],[-122.716,38.67127],[-122.65745,38.67366],[-122.64669,38.70281],[-122.69545,38.71309],[-122.74822,38.7878],[-122.75559,38.8247],[-122.7413,38.83583],[-122.68477,38.80787],[-122.66804,38.82829],[-122.69594,38.84769],[-122.684,38.85191],[-122.61465,38.80572],[-122.55576,38.7923],[-122.53619,38.81961],[-122.54377,38.84015],[-122.60743,38.87429],[-122.61174,38.92556],[-122.57605,38.93192],[-122.60384,38.93228],[-122.61376,39.00884],[-122.57253,39.01796],[-122.53901,38.98882],[-122.49355,39.00283],[-122.48557,39.02298],[-122.40914,39.01212],[-122.49202,39.0535],[-122.48604,39.08558],[-122.50091,39.12107],[-122.49684,39.1405],[-122.47454,39.1447],[-122.47729,39.17395],[-122.51533,39.20922],[-122.57022,39.20386],[-122.67973,39.22453],[-122.69136,39.24743],[-122.75811,39.28538],[-122.77547,39.31518],[-122.74221,39.36529],[-122.78509,39.38298],[-122.13601,39.38549],[-122.13616,39.4145],[-122.00886,39.41357],[-122.00974,39.38386],[-121.88894,39.38308],[-121.90827,39.30388],[-121.62339,39.29628]]]}},{"type":"Feature","properties":{"id":null,"riding_id":"06005","FEDNUM":"06005","name_en":"Congressional District 5","name_fr":"Congressional District 5","state":"CA"},"geometry":{"type":"Polygon","coordinates":[[[-115.73589,35.79362],[-118.00809,35.78894],[-118.00742,35.85818],[-117.98076,35.86751],[-117.98329,35.92656],[-118.01679,35.95455],[-118.00358,35.98372],[-118.03361,36.00894],[-118.05161,36.08354],[-118.06731,36.09344],[-118.07351,36.14034],[-118.05931,36.17014],[-118.10562,36.21344],[-118.1276,36.28035],[-118.10032,36.34614],[-118.16292,36.38944],[-118.13882,36.41894],[-118.15682,36.43264],[-118.20982,36.43034],[-118.21592,36.45674],[-118.24992,36.48244],[-118.23502,36.49374],[-118.23882,36.52363],[-118.29202,36.56224],[-118.27462,36.59733],[-118.32133,36.62743],[-118.33823,36.65543],[-118.33123,36.66943],[-118.36613,36.69044],[-118.33473,36.70533],[-118.35133,36.74103],[-118.98244,36.74165],[-118.98478,36.65715],[-119.01443,36.65735],[-119.01844,36.6807],[-119.04793,36.68905],[-119.01115,36.70725],[-119.04929,36.72658],[-119.05988,36.75218],[-119.02093,36.74514],[-119.01569,36.7651],[-119.05905,36.83672],[-119.09732,36.84257],[-119.09576,36.85762],[-119.13417,36.87062],[-119.12134,36.90285],[-119.13879,36.91813],[-119.16968,36.91161],[-119.21008,36.93702],[-119.20384,36.97068],[-119.22693,36.96],[-119.26777,36.99171],[-119.30181,36.95714],[-119.33271,36.97503],[-119.38654,36.9727],[-119.41382,36.99273],[-119.44527,36.96167],[-119.4962,36.96274],[-119.52046,36.91669],[-119.50526,36.89169],[-119.51883,36.89974],[-119.56603,36.86688],[-119.62185,36.86619],[-119.65879,36.84518],[-119.64595,36.80109],[-119.70028,36.80166],[-119.69088,36.82397],[-119.72468,36.81762],[-119.72955,36.83759],[-119.93255,36.84299],[-120.03603,36.93811],[-120.0194,36.94179],[-120.03755,36.94685],[-120.04148,36.98677],[-120.08708,36.98548],[-120.06589,36.96238],[-120.10812,36.95282],[-120.11031,36.98192],[-120.12852,36.98196],[-120.12666,37.01823],[-120.15177,37.04116],[-120.20241,37.05457],[-120.20243,37.06913],[-120.2477,37.08393],[-120.2476,37.09826],[-120.29283,37.10548],[-120.2927,37.12428],[-120.25549,37.12896],[-120.27234,37.15334],[-120.05205,37.18311],[-120.09008,37.22147],[-120.17849,37.26242],[-120.18771,37.30107],[-120.2834,37.42436],[-120.27958,37.45795],[-120.38767,37.63336],[-120.81557,37.46696],[-120.83983,37.49272],[-120.83074,37.50643],[-120.88544,37.5219],[-120.90185,37.56564],[-120.93645,37.57434],[-120.93612,37.59116],[-120.88475,37.60926],[-120.89897,37.62193],[-120.89326,37.63836],[-121.02195,37.65687],[-121.03143,37.68189],[-121.05402,37.68292],[-121.11025,37.73013],[-121.08959,37.74411],[-121.1427,37.76855],[-121.14803,37.94212],[-121.05672,37.93347],[-121.05532,37.89277],[-121.01223,37.90125],[-121.00625,37.9275],[-120.99987,37.88638],[-120.94467,37.89227],[-120.95539,37.92122],[-120.92643,37.91443],[-120.92655,38.07311],[-120.94489,38.08295],[-121.02708,38.30025],[-121.02751,38.50829],[-120.94132,38.5286],[-120.92702,38.51495],[-120.90237,38.53123],[-120.88632,38.52465],[-120.87611,38.54336],[-120.86352,38.53533],[-120.84253,38.55578],[-120.74572,38.57902],[-120.70388,38.60943],[-120.67896,38.65152],[-120.62849,38.63403],[-120.60278,38.60767],[-120.63703,38.60549],[-120.55584,38.5735],[-120.53216,38.54934],[-120.43452,38.52667],[-120.30172,38.54911],[-120.23385,38.58832],[-120.2143,38.62908],[-120.14008,38.63837],[-120.11201,38.70502],[-120.07239,38.70277],[-119.94793,38.78164],[-119.90631,38.85551],[-119.87775,38.86831],[-119.88604,38.91548],[-119.90431,38.93332],[-117.87593,37.49727],[-116.87425,36.75208],[-115.64836,35.80921],[-115.73574,35.8091],[-115.73589,35.79362]]]}},{"type":"Feature","properties":{"id":null,"riding_id":"06006","FEDNUM":"06006","name_en":"Congressional District 6","name_fr":"Congressional District 6","state":"CA"},"geometry":{"type":"Polygon","coordinates":[[[-121.59006,38.71437],[-121.54062,38.71432],[-121.54025,38.68551],[-121.48562,38.68519],[-121.4771,38.67],[-121.40605,38.67041],[-121.40132,38.70451],[-121.3543,38.70373],[-121.36458,38.7265],[-121.31805,38.72337],[-121.32223,38.74006],[-121.30907,38.74022],[-121.31387,38.75187],[-121.40318,38.75174],[-121.40023,38.80245],[-121.44665,38.80247],[-121.43246,38.82432],[-121.42468,38.81187],[-121.37713,38.82439],[-121.37702,38.8098],[-121.30073,38.80528],[-121.29949,38.83962],[-121.23139,38.83915],[-121.22173,38.85114],[-121.22876,38.8099],[-121.18951,38.80289],[-121.22657,38.7515],[-121.21649,38.71619],[-121.18291,38.71384],[-121.1999,38.68171],[-121.18818,38.67661],[-121.19256,38.6501],[-121.26224,38.67853],[-121.26304,38.66403],[-121.29226,38.66362],[-121.29564,38.63628],[-121.35525,38.62837],[-121.36089,38.64464],[-121.41052,38.62656],[-121.4153,38.57411],[-121.43663,38.55501],[-121.47335,38.55891],[-121.44987,38.59009],[-121.50488,38.60061],[-121.52413,38.5205],[-121.5587,38.50194],[-121.58813,38.50966],[-121.58743,38.59422],[-121.55361,38.60333],[-121.5651,38.6423],[-121.5932,38.64514],[-121.6327,38.68923],[-121.59006,38.71437]]]}},{"type":"Feature","properties":{"id":null,"riding_id":"06007","FEDNUM":"06007","name_en":"Congressional District 7","name_fr":"Congressional District 7","state":"CA"},"geometry":{"type":"Polygon","coordinates":[[[-121.00015,37.92539],[-121.01223,37.90125],[-121.05532,37.89277],[-121.05672,37.93347],[-121.14797,37.94212],[-121.14217,38.05128],[-121.15081,38.0842],[-121.18381,38.08349],[-121.17349,38.11628],[-121.15087,38.1181],[-121.15064,38.14697],[-121.25955,38.13732],[-121.26972,38.1159],[-121.29862,38.1155],[-121.29759,38.1452],[-121.39868,38.14598],[-121.40084,38.18375],[-121.44777,38.2551],[-121.47577,38.25755],[-121.4909,38.22559],[-121.55636,38.22348],[-121.56957,38.2407],[-121.53927,38.27326],[-121.57866,38.31699],[-121.521,38.36122],[-121.51326,38.39882],[-121.5326,38.43146],[-121.50385,38.43961],[-121.50414,38.46656],[-121.54272,38.47645],[-121.55904,38.49959],[-121.51262,38.54167],[-121.52097,38.5662],[-121.50628,38.59976],[-121.4472,38.58773],[-121.47335,38.55891],[-121.39657,38.57068],[-121.40934,38.55358],[-121.45384,38.54676],[-121.47755,38.51769],[-121.4541,38.48517],[-121.40874,38.47438],[-121.37013,38.51071],[-121.33491,38.51082],[-121.33493,38.529],[-121.29788,38.51911],[-121.29635,38.50047],[-121.26109,38.50993],[-121.26116,38.52804],[-121.22327,38.50191],[-121.188,38.53402],[-121.18727,38.56933],[-121.1433,38.56958],[-121.1436,38.61612],[-121.07909,38.63227],[-121.11905,38.71786],[-121.14159,38.71194],[-121.10176,38.81522],[-121.05799,38.84785],[-121.05341,38.8995],[-121.03993,38.91586],[-120.93857,38.93556],[-120.93529,38.96396],[-120.87714,38.93146],[-120.78786,38.9369],[-120.798,38.897],[-120.81456,38.8839],[-120.82157,38.89307],[-120.82156,38.8796],[-120.78421,38.83121],[-120.77889,38.7829],[-120.70422,38.77134],[-120.68611,38.78668],[-120.61909,38.79408],[-120.64575,38.77672],[-120.64166,38.75711],[-120.66187,38.75802],[-120.64422,38.74455],[-120.67597,38.73706],[-120.66761,38.65796],[-120.73918,38.58264],[-120.84253,38.55578],[-120.86352,38.53533],[-120.87611,38.54336],[-120.88632,38.52465],[-120.90237,38.53123],[-120.92702,38.51495],[-120.94132,38.5286],[-121.02751,38.50829],[-121.02708,38.30025],[-120.94489,38.08295],[-120.92655,38.07311],[-120.92643,37.91443],[-120.95539,37.92122],[-120.94467,37.89227],[-120.99987,37.88638],[-121.00015,37.92539]]]}},{"type":"Feature","properties":{"id":null,"riding_id":"06008","FEDNUM":"06008","name_en":"Congressional District 8","name_fr":"Congressional District 8","state":"CA"},"geometry":{"type":"Polygon","coordinates":[[[-121.78356,38.52329],[-121.58346,38.5786],[-121.58768,38.50271],[-121.5587,38.50194],[-121.50186,38.45561],[-121.50559,38.43803],[-121.5326,38.43146],[-121.51326,38.39882],[-121.52164,38.3601],[-121.57689,38.32724],[-121.57453,38.30448],[-121.53927,38.27326],[-121.56949,38.24009],[-121.52812,38.21494],[-121.4909,38.22559],[-121.47547,38.25775],[-121.44777,38.2551],[-121.40084,38.18375],[-121.39868,38.14598],[-121.29872,38.14547],[-121.3064,38.11557],[-121.27573,38.12025],[-121.28097,38.10104],[-121.31044,38.09996],[-121.31048,38.08652],[-121.28755,38.08648],[-121.2954,38.06857],[-121.48904,38.03838],[-121.55616,38.06072],[-121.58528,38.09637],[-121.66246,38.09562],[-121.70094,38.04448],[-121.78877,38.01842],[-121.82807,38.02802],[-121.86214,38.06607],[-121.9068,38.045],[-121.97744,38.06684],[-122.0611,38.06214],[-122.14312,38.03176],[-122.22518,38.06101],[-122.2366,38.02142],[-122.20966,38.00761],[-122.20962,37.99617],[-122.23021,37.99638],[-122.20122,37.95669],[-122.23597,37.92181],[-122.2555,37.92154],[-122.22175,37.87956],[-122.27108,37.90582],[-122.37378,37.88372],[-122.43228,37.92982],[-122.44158,37.97392],[-122.34745,38.07326],[-122.40697,38.15565],[-122.19538,38.15502],[-122.21508,38.17972],[-122.19337,38.22122],[-122.21248,38.24871],[-122.19328,38.25641],[-122.21648,38.26602],[-122.18838,38.27161],[-122.20598,38.31571],[-122.06478,38.31591],[-122.07338,38.36091],[-122.12639,38.42892],[-122.10328,38.51335],[-122.05742,38.51744],[-122.01338,38.48872],[-121.94107,38.53326],[-121.86012,38.53851],[-121.78356,38.52329]]]}},{"type":"Feature","properties":{"id":null,"riding_id":"06009","FEDNUM":"06009","name_en":"Congressional District 9","name_fr":"Congressional District 9","state":"CA"},"geometry":{"type":"Polygon","coordinates":[[[-121.08959,37.74411],[-121.15539,37.72032],[-121.16882,37.69927],[-121.17858,37.72123],[-121.20615,37.72122],[-121.20618,37.7394],[-121.22458,37.73941],[-121.23389,37.76217],[-121.27626,37.75379],[-121.29315,37.76613],[-121.28373,37.78533],[-121.26595,37.78551],[-121.25364,37.87366],[-121.21856,37.85987],[-121.22278,37.90489],[-121.18241,37.91211],[-121.23111,37.94112],[-121.20216,37.95991],[-121.26789,37.98935],[-121.27886,37.95769],[-121.32183,37.94454],[-121.31152,37.92101],[-121.29426,37.92443],[-121.27844,37.87563],[-121.30157,37.86589],[-121.29199,37.88246],[-121.33206,37.87784],[-121.31012,37.82689],[-121.31772,37.81249],[-121.37625,37.82227],[-121.41434,37.8028],[-121.35138,37.78949],[-121.31861,37.76376],[-121.32619,37.7461],[-121.34387,37.74841],[-121.37977,37.69619],[-121.41369,37.69592],[-121.44486,37.67392],[-121.4343,37.65854],[-121.45803,37.67129],[-121.47437,37.66191],[-121.46684,37.67221],[-121.48182,37.66675],[-121.50637,37.70181],[-121.55696,37.70358],[-121.55694,37.81722],[-121.5341,37.84946],[-121.57896,37.8585],[-121.55641,37.92364],[-121.57555,37.97368],[-121.64022,37.97616],[-121.67468,37.99717],[-121.7551,37.99779],[-121.73243,37.96146],[-121.75078,37.96153],[-121.75082,37.93982],[-121.78724,37.93968],[-121.77872,37.92086],[-121.824,37.93537],[-121.82255,37.96574],[-121.85127,37.96872],[-121.85128,37.98319],[-121.90672,37.98361],[-121.90662,38.00525],[-121.92403,37.99798],[-121.9327,38.01214],[-121.95342,37.98849],[-121.96033,38.00927],[-121.98595,38.01749],[-121.92763,38.01872],[-121.9281,38.04698],[-121.88018,38.04871],[-121.86244,38.06607],[-121.81567,38.02104],[-121.7395,38.02616],[-121.68203,38.06066],[-121.67306,38.09352],[-121.63809,38.08613],[-121.61365,38.09965],[-121.58002,38.09441],[-121.55616,38.06072],[-121.48904,38.03838],[-121.46141,38.05145],[-121.4169,38.0419],[-121.41775,38.05876],[-121.3257,38.05763],[-121.33335,38.07207],[-121.31047,38.07211],[-121.31052,38.05758],[-121.28737,38.07523],[-121.31044,38.09996],[-121.28097,38.10104],[-121.25955,38.13732],[-121.15064,38.14697],[-121.15087,38.1181],[-121.17349,38.11628],[-121.18381,38.08349],[-121.15081,38.0842],[-121.14217,38.05128],[-121.1427,37.76855],[-121.08959,37.74411]]]}},{"type":"Feature","properties":{"id":null,"riding_id":"06010","FEDNUM":"06010","name_en":"Congressional District 10","name_fr":"Congressional District 10","state":"CA"},"geometry":{"type":"Polygon","coordinates":[[[-121.55758,37.9465],[-121.57896,37.8585],[-121.5341,37.84946],[-121.557,37.81649],[-121.95511,37.71972],[-121.9528,37.70759],[-121.97293,37.72817],[-121.98763,37.70003],[-122.129,37.68439],[-122.13841,37.73096],[-122.11619,37.73413],[-122.11618,37.75037],[-122.14332,37.79302],[-122.17917,37.80497],[-122.18512,37.83735],[-122.2555,37.92154],[-122.23597,37.92181],[-122.20122,37.95669],[-122.23021,37.99638],[-122.20962,37.99617],[-122.20966,38.00761],[-122.2366,38.02142],[-122.22518,38.06101],[-122.14312,38.03176],[-122.0611,38.06214],[-121.98316,38.0673],[-121.9281,38.04698],[-121.92681,38.02534],[-121.98353,38.01177],[-121.96033,38.00927],[-121.95342,37.98849],[-121.9327,38.01214],[-121.92403,37.99798],[-121.90662,38.00525],[-121.90672,37.98361],[-121.85128,37.98319],[-121.85127,37.96872],[-121.82255,37.96574],[-121.82063,37.93404],[-121.77862,37.92085],[-121.78724,37.93968],[-121.75082,37.93982],[-121.75078,37.96153],[-121.73239,37.97125],[-121.7551,37.99779],[-121.67468,37.99717],[-121.64022,37.97616],[-121.57555,37.97368],[-121.55758,37.9465]]]}},{"type":"Feature","properties":{"id":null,"riding_id":"06011","FEDNUM":"06011","name_en":"Congressional District 11","name_fr":"Congressional District 11","state":"CA"},"geometry":{"type":"MultiPolygon","coordinates":[[[[-123.12611,37.82166],[-123.07049,37.81383],[-122.95464,37.73683],[-122.93587,37.70246],[-122.94907,37.66338],[-122.98675,37.64178],[-123.02715,37.64522],[-123.06358,37.66732],[-123.09285,37.71369],[-123.15676,37.73784],[-123.17293,37.7636],[-123.16911,37.79236],[-123.12611,37.82166]]],[[[-122.40466,37.73295],[-122.46808,37.72166],[-122.46906,37.70823],[-122.57519,37.70672],[-122.58817,37.78936],[-122.61228,37.81522],[-122.4991,37.81988],[-122.41867,37.85251],[-122.43228,37.92982],[-122.37378,37.88372],[-122.28178,37.70823],[-122.39511,37.70834],[-122.40466,37.73295]]]]}},{"type":"Feature","properties":{"id":null,"riding_id":"06012","FEDNUM":"06012","name_en":"Congressional District 12","name_fr":"Congressional District 12","state":"CA"},"geometry":{"type":"Polygon","coordinates":[[[-122.15506,37.67114],[-122.21872,37.63171],[-122.34668,37.81103],[-122.37378,37.88372],[-122.26403,37.90378],[-122.18512,37.83735],[-122.1787,37.80443],[-122.14332,37.79302],[-122.1155,37.74887],[-122.12217,37.72939],[-122.13841,37.73096],[-122.12251,37.69861],[-122.16241,37.6902],[-122.15506,37.67114]]]}},{"type":"Feature","properties":{"id":null,"riding_id":"06013","FEDNUM":"06013","name_en":"Congressional District 13","name_fr":"Congressional District 13","state":"CA"},"geometry":{"type":"Polygon","coordinates":[[[-120.38565,37.63008],[-120.27958,37.45795],[-120.2834,37.42436],[-120.18771,37.30107],[-120.17849,37.26242],[-120.09008,37.22147],[-120.05205,37.18311],[-120.27234,37.15334],[-120.25549,37.12896],[-120.2927,37.12428],[-120.29283,37.10548],[-120.2476,37.09826],[-120.2477,37.08393],[-120.20243,37.06913],[-120.20241,37.05457],[-120.15177,37.04116],[-120.12666,37.01823],[-120.12852,36.98196],[-120.11031,36.98192],[-120.10812,36.95282],[-120.06589,36.96238],[-120.08708,36.98548],[-120.04148,36.98677],[-120.03755,36.94685],[-120.0194,36.94179],[-120.03603,36.93811],[-120.00617,36.90938],[-120.01939,36.90937],[-120.01033,36.86586],[-120.20084,36.85108],[-120.20503,36.81487],[-120.23833,36.80685],[-120.22438,36.78981],[-120.2383,36.77714],[-120.25936,36.78304],[-120.29059,36.76305],[-120.30134,36.77819],[-120.31258,36.78202],[-120.32358,36.7783],[-120.3123,36.78162],[-120.31458,36.73434],[-120.44153,36.71995],[-120.44167,36.70541],[-120.51398,36.69087],[-120.56823,36.65992],[-120.59183,36.66269],[-120.77288,36.85851],[-120.91873,36.74038],[-121.14152,36.83666],[-121.1843,36.90897],[-121.22171,36.91036],[-121.23468,36.92689],[-121.21173,36.95738],[-121.24589,36.98304],[-121.23334,37.01175],[-121.24865,37.03368],[-121.20818,37.06166],[-121.24548,37.08915],[-121.21734,37.12304],[-121.23663,37.15667],[-121.26209,37.15932],[-121.28111,37.1836],[-121.29855,37.16596],[-121.32841,37.16595],[-121.35956,37.18445],[-121.38355,37.15149],[-121.40464,37.15599],[-121.41687,37.21126],[-121.44874,37.23728],[-121.45907,37.28232],[-121.40575,37.31099],[-121.42365,37.35884],[-121.41063,37.38611],[-121.45665,37.39554],[-121.47261,37.42334],[-121.46292,37.45149],[-121.48677,37.47565],[-121.46927,37.48969],[-121.49827,37.52243],[-121.55666,37.54273],[-121.55696,37.70358],[-121.50637,37.70181],[-121.48182,37.66675],[-121.46684,37.67221],[-121.47437,37.66191],[-121.45803,37.67129],[-121.4343,37.65854],[-121.44486,37.67392],[-121.36154,37.71089],[-121.36168,37.73],[-121.31861,37.76376],[-121.37062,37.80032],[-121.41434,37.8028],[-121.37625,37.82227],[-121.31772,37.81249],[-121.31012,37.82689],[-121.33206,37.87784],[-121.29199,37.88246],[-121.30157,37.86589],[-121.27844,37.87563],[-121.29426,37.92443],[-121.31152,37.92101],[-121.32183,37.94454],[-121.27886,37.95769],[-121.26789,37.98935],[-121.20216,37.95991],[-121.23111,37.94112],[-121.18241,37.91211],[-121.22278,37.90489],[-121.21856,37.85987],[-121.25364,37.87366],[-121.26595,37.78551],[-121.28373,37.78533],[-121.29315,37.76613],[-121.27626,37.75379],[-121.23389,37.76217],[-121.22458,37.73941],[-121.20618,37.7394],[-121.20615,37.72122],[-121.17858,37.72123],[-121.1689,37.69929],[-121.15547,37.72028],[-121.11025,37.73013],[-121.05402,37.68292],[-121.03143,37.68189],[-121.02195,37.65687],[-120.89326,37.63836],[-120.89897,37.62193],[-120.88475,37.60926],[-120.93612,37.59116],[-120.93645,37.57434],[-120.90185,37.56564],[-120.88544,37.5219],[-120.83074,37.50643],[-120.83983,37.49272],[-120.81557,37.46696],[-120.38565,37.63008]]]}},{"type":"Feature","properties":{"id":null,"riding_id":"06014","FEDNUM":"06014","name_en":"Congressional District 14","name_fr":"Congressional District 14","state":"CA"},"geometry":{"type":"Polygon","coordinates":[[[-122.11724,37.50672],[-122.21872,37.63171],[-122.15506,37.67114],[-122.16241,37.6902],[-122.14791,37.68667],[-122.14238,37.70169],[-122.12988,37.70197],[-122.129,37.68439],[-121.98763,37.70003],[-121.97293,37.72817],[-121.9528,37.70759],[-121.95511,37.71972],[-121.557,37.81649],[-121.55666,37.54273],[-121.50147,37.525],[-121.46921,37.48936],[-121.87011,37.48073],[-121.88005,37.52136],[-121.94149,37.53099],[-121.93952,37.51476],[-121.96746,37.50745],[-122.03846,37.56365],[-122.11724,37.50672]]]}},{"type":"Feature","properties":{"id":null,"riding_id":"06015","FEDNUM":"06015","name_en":"Congressional District 15","name_fr":"Congressional District 15","state":"CA"},"geometry":{"type":"Polygon","coordinates":[[[-122.28178,37.70823],[-122.08147,37.47784],[-122.12829,37.45186],[-122.18678,37.47676],[-122.23097,37.4483],[-122.26386,37.44811],[-122.29114,37.46949],[-122.28004,37.47546],[-122.29045,37.49014],[-122.34553,37.5112],[-122.44576,37.62204],[-122.46278,37.61933],[-122.4816,37.66613],[-122.57047,37.66533],[-122.57519,37.70672],[-122.46906,37.70823],[-122.46808,37.72166],[-122.4063,37.73531],[-122.39511,37.70834],[-122.28178,37.70823]]]}},{"type":"Feature","properties":{"id":null,"riding_id":"06016","FEDNUM":"06016","name_en":"Congressional District 16","name_fr":"Congressional District 16","state":"CA"},"geometry":{"type":"Polygon","coordinates":[[[-122.29489,37.10415],[-122.3139,37.05476],[-122.36965,37.06202],[-122.46412,37.17785],[-122.48405,37.24994],[-122.46701,37.34989],[-122.50989,37.44155],[-122.57278,37.48918],[-122.58818,37.57941],[-122.57047,37.66533],[-122.4816,37.66613],[-122.46278,37.61933],[-122.44576,37.62204],[-122.34553,37.5112],[-122.29045,37.49014],[-122.28004,37.47546],[-122.29114,37.46949],[-122.26386,37.44811],[-122.23097,37.4483],[-122.18678,37.47676],[-122.12847,37.45185],[-122.08147,37.47784],[-122.05967,37.46409],[-122.05977,37.42684],[-122.03492,37.4263],[-122.06381,37.33411],[-122.09051,37.33961],[-122.07758,37.30807],[-122.09181,37.30067],[-122.06841,37.30032],[-122.06855,37.27916],[-122.05801,37.29736],[-121.95548,37.2974],[-121.94709,37.32338],[-121.91493,37.31544],[-121.90494,37.29342],[-121.88887,37.30871],[-121.87694,37.30161],[-121.84633,37.3432],[-121.80907,37.32524],[-121.80269,37.29977],[-121.82419,37.27817],[-121.87679,37.2757],[-121.87304,37.23633],[-121.93584,37.19536],[-121.91392,37.16034],[-121.95268,37.17693],[-121.96562,37.16506],[-121.95655,37.1504],[-121.97447,37.14746],[-121.96622,37.13574],[-122.02617,37.16685],[-122.03075,37.18999],[-122.10423,37.23427],[-122.15228,37.28605],[-122.15277,37.21544],[-122.24257,37.21513],[-122.24266,37.19004],[-122.31768,37.18695],[-122.29489,37.10415]]]}},{"type":"Feature","properties":{"id":null,"riding_id":"06017","FEDNUM":"06017","name_en":"Congressional District 17","name_fr":"Congressional District 17","state":"CA"},"geometry":{"type":"Polygon","coordinates":[[[-121.88005,37.52136],[-121.87011,37.48073],[-121.83422,37.46818],[-121.82521,37.43985],[-121.77959,37.41743],[-121.78377,37.39153],[-121.82641,37.39655],[-121.82635,37.38107],[-121.86623,37.35407],[-121.90463,37.36078],[-121.89246,37.32393],[-121.94785,37.32328],[-121.95548,37.2974],[-122.05801,37.29736],[-122.05927,37.27846],[-122.06841,37.30032],[-122.09181,37.30067],[-122.07758,37.30807],[-122.09051,37.33961],[-122.06381,37.33411],[-122.03492,37.4263],[-122.05977,37.42684],[-122.05967,37.46409],[-122.11724,37.50672],[-122.03846,37.56365],[-121.96746,37.50745],[-121.92012,37.53341],[-121.88005,37.52136]]]}},{"type":"Feature","properties":{"id":null,"riding_id":"06018","FEDNUM":"06018","name_en":"Congressional District 18","name_fr":"Congressional District 18","state":"CA"},"geometry":{"type":"Polygon","coordinates":[[[-121.14152,36.83666],[-120.91873,36.74038],[-120.77288,36.85851],[-120.59183,36.66269],[-120.56815,36.66249],[-120.62255,36.63952],[-120.61067,36.62418],[-120.44529,36.49231],[-120.27379,36.30147],[-120.19831,36.18144],[-120.1064,36.08056],[-120.05901,36.09941],[-120.07546,36.06089],[-119.98192,36.00439],[-119.78259,35.78961],[-121.18506,35.79416],[-121.15654,35.81552],[-121.17159,35.84483],[-121.25828,35.88852],[-121.32373,35.96697],[-121.41076,36.01598],[-121.46931,36.01588],[-121.4753,36.05438],[-121.56176,36.12789],[-121.54255,36.14134],[-121.56468,36.16307],[-121.54695,36.17793],[-121.5809,36.2033],[-121.5758,36.35232],[-121.59635,36.38617],[-121.58027,36.39854],[-121.60528,36.41686],[-121.51626,36.4369],[-121.53024,36.47468],[-121.5646,36.49788],[-121.52124,36.52148],[-121.59762,36.59368],[-121.6442,36.60692],[-121.58433,36.61121],[-121.61178,36.64489],[-121.69191,36.65877],[-121.7026,36.64637],[-121.74594,36.67785],[-121.71801,36.7141],[-121.7668,36.77214],[-121.71156,36.77155],[-121.71185,36.75878],[-121.6907,36.75637],[-121.69667,36.74634],[-121.65719,36.73474],[-121.66374,36.75201],[-121.61568,36.75959],[-121.6033,36.77557],[-121.64538,36.83669],[-121.67533,36.82431],[-121.71042,36.8459],[-121.74872,36.84603],[-121.74771,36.89544],[-121.77873,36.89451],[-121.80952,36.94377],[-121.79037,36.95041],[-121.79654,36.97125],[-121.74219,36.97573],[-121.71788,36.99556],[-121.68994,36.9814],[-121.68444,37.00243],[-121.6266,37.01217],[-121.60458,37.0354],[-121.66081,37.05481],[-121.66057,37.06698],[-121.62073,37.0693],[-121.65739,37.10139],[-121.65237,37.11868],[-121.67205,37.11701],[-121.67282,37.13514],[-121.67993,37.12077],[-121.69805,37.12401],[-121.66898,37.14281],[-121.68145,37.15088],[-121.67005,37.17299],[-121.62536,37.1671],[-121.58594,37.19512],[-121.63118,37.20231],[-121.63146,37.21683],[-121.67912,37.20067],[-121.72244,37.20895],[-121.74679,37.22909],[-121.71839,37.23692],[-121.73343,37.24883],[-121.70444,37.29223],[-121.75047,37.29668],[-121.76139,37.33594],[-121.78998,37.35214],[-121.83383,37.33163],[-121.84633,37.3432],[-121.87694,37.30161],[-121.91354,37.29444],[-121.91493,37.31544],[-121.89246,37.32393],[-121.90463,37.36078],[-121.86623,37.35407],[-121.82635,37.38107],[-121.82641,37.39655],[-121.78377,37.39153],[-121.77959,37.41743],[-121.82521,37.43985],[-121.85576,37.48454],[-121.47265,37.48217],[-121.48677,37.47565],[-121.46292,37.45149],[-121.47261,37.42334],[-121.45665,37.39554],[-121.40908,37.38067],[-121.42365,37.35884],[-121.40575,37.31099],[-121.45907,37.28232],[-121.44874,37.23728],[-121.41687,37.21126],[-121.40601,37.15789],[-121.38355,37.15149],[-121.35956,37.18445],[-121.32841,37.16595],[-121.29855,37.16596],[-121.28111,37.1836],[-121.26209,37.15932],[-121.23711,37.1572],[-121.21734,37.12304],[-121.24548,37.08915],[-121.20818,37.06166],[-121.24865,37.03368],[-121.23334,37.01175],[-121.24589,36.98304],[-121.21173,36.95738],[-121.23433,36.92615],[-121.22171,36.91036],[-121.1843,36.90897],[-121.14152,36.83666]]]}},{"type":"Feature","properties":{"id":null,"riding_id":"06019","FEDNUM":"06019","name_en":"Congressional District 19","name_fr":"Congressional District 19","state":"CA"},"geometry":{"type":"Polygon","coordinates":[[[-121.94684,36.27179],[-121.98143,36.42087],[-122.022,36.50891],[-122.01745,36.5374],[-122.04405,36.57825],[-122.00112,36.6477],[-122.0764,36.9102],[-122.26105,36.99345],[-122.3139,37.05476],[-122.28938,37.11347],[-122.31768,37.18695],[-122.24266,37.19004],[-122.24257,37.21513],[-122.15277,37.21544],[-122.15228,37.28605],[-122.10423,37.23427],[-122.03075,37.18999],[-122.02617,37.16685],[-121.96622,37.13574],[-121.97447,37.14746],[-121.95655,37.1504],[-121.96562,37.16506],[-121.95268,37.17693],[-121.91392,37.16034],[-121.93584,37.19536],[-121.87304,37.23633],[-121.87679,37.2757],[-121.82419,37.27817],[-121.80269,37.29977],[-121.81724,37.34179],[-121.78998,37.35214],[-121.76139,37.33594],[-121.75047,37.29668],[-121.70444,37.29223],[-121.73343,37.24883],[-121.71839,37.23692],[-121.74679,37.22909],[-121.72244,37.20895],[-121.67912,37.20067],[-121.63146,37.21683],[-121.63118,37.20231],[-121.58594,37.19512],[-121.62536,37.1671],[-121.67005,37.17299],[-121.68145,37.15088],[-121.66898,37.14281],[-121.69805,37.12401],[-121.67993,37.12077],[-121.67282,37.13514],[-121.67205,37.11701],[-121.65237,37.11868],[-121.65739,37.10139],[-121.62073,37.0693],[-121.66057,37.06698],[-121.66081,37.05481],[-121.60458,37.0354],[-121.6266,37.01217],[-121.68444,37.00243],[-121.68994,36.9814],[-121.71788,36.99556],[-121.74219,36.97573],[-121.79654,36.97125],[-121.79037,36.95041],[-121.80952,36.94377],[-121.77873,36.89451],[-121.74771,36.89544],[-121.74872,36.84603],[-121.71042,36.8459],[-121.67533,36.82431],[-121.64538,36.83669],[-121.6033,36.77557],[-121.61568,36.75959],[-121.66374,36.75201],[-121.65719,36.73474],[-121.69667,36.74634],[-121.6907,36.75637],[-121.71185,36.75878],[-121.71156,36.77155],[-121.7668,36.77214],[-121.71801,36.7141],[-121.74594,36.67785],[-121.7026,36.64637],[-121.69191,36.65877],[-121.61178,36.64489],[-121.58433,36.61121],[-121.6442,36.60692],[-121.59762,36.59368],[-121.52124,36.52148],[-121.5646,36.49788],[-121.53024,36.47468],[-121.51626,36.4369],[-121.60528,36.41686],[-121.58027,36.39854],[-121.59635,36.38617],[-121.5758,36.35232],[-121.5809,36.2033],[-121.54695,36.17793],[-121.56468,36.16307],[-121.54255,36.14134],[-121.56176,36.12789],[-121.4753,36.05438],[-121.46931,36.01588],[-121.41076,36.01598],[-121.32373,35.96697],[-121.25828,35.88852],[-121.17159,35.84483],[-121.15654,35.81552],[-121.18506,35.79416],[-120.19437,35.78936],[-120.19399,35.61439],[-120.08618,35.6144],[-120.08677,35.52643],[-120.06878,35.52656],[-120.05704,35.48526],[-120.0906,35.46083],[-120.12641,35.46347],[-120.15143,35.43988],[-120.17619,35.43995],[-120.18017,35.47666],[-120.17703,35.43994],[-120.20073,35.49931],[-120.24773,35.47382],[-120.24749,35.49403],[-120.27139,35.46699],[-120.32801,35.48517],[-120.34682,35.47698],[-120.35568,35.49372],[-120.35567,35.46649],[-120.44553,35.49035],[-120.43008,35.47461],[-120.45791,35.4798],[-120.44866,35.4632],[-120.47177,35.45294],[-120.51659,35.45108],[-120.52254,35.4654],[-120.51797,35.45175],[-120.59512,35.45389],[-120.62923,35.43259],[-120.65411,35.44091],[-120.65407,35.45495],[-120.70451,35.43985],[-120.73823,35.47509],[-120.79544,35.48846],[-120.82152,35.51493],[-120.89283,35.52237],[-120.91257,35.50192],[-120.90685,35.45342],[-120.94317,35.45119],[-120.98419,35.473],[-120.98411,35.40763],[-121.03697,35.41777],[-121.15106,35.51641],[-121.20155,35.58369],[-121.32351,35.62497],[-121.36636,35.68042],[-121.39346,35.7634],[-121.50105,35.84275],[-121.56146,35.94382],[-121.63182,35.97895],[-121.67436,36.06466],[-121.72781,36.12901],[-121.88019,36.21031],[-121.94684,36.27179]]]}},{"type":"Feature","properties":{"id":null,"riding_id":"06020","FEDNUM":"06020","name_en":"Congressional District 20","name_fr":"Congressional District 20","state":"CA"},"geometry":{"type":"Polygon","coordinates":[[[-117.6511,35.42667],[-117.77365,35.41647],[-117.79705,35.39322],[-117.90752,35.37102],[-117.89845,35.36164],[-118.00071,35.30004],[-118.01569,35.3095],[-118.01377,35.29335],[-118.08549,35.23447],[-118.07794,35.21528],[-118.16078,35.14779],[-118.19664,35.1462],[-118.20423,35.11695],[-118.19041,35.11301],[-118.17952,35.06868],[-118.06278,35.07135],[-118.06296,35.02541],[-118.04253,35.01472],[-117.63225,34.99086],[-117.63215,34.82227],[-118.85401,34.81776],[-118.85427,34.80301],[-118.89463,34.81797],[-118.8804,34.78865],[-118.97802,34.78981],[-118.97793,34.81171],[-119.24253,34.81432],[-119.24258,34.8576],[-119.27724,34.85728],[-119.27644,34.87248],[-119.38185,34.87399],[-119.38371,34.90082],[-119.47249,34.90138],[-119.47255,35.07667],[-119.49054,35.07668],[-119.49038,35.09165],[-119.56175,35.08783],[-119.55382,35.18012],[-119.6673,35.17498],[-119.66658,35.26264],[-119.80941,35.26369],[-119.80921,35.35094],[-119.88036,35.35112],[-119.88004,35.43913],[-119.91509,35.44936],[-119.80772,35.49904],[-119.71616,35.49908],[-119.70752,35.52096],[-119.68973,35.52101],[-119.68966,35.49913],[-119.4747,35.50043],[-119.46537,35.55769],[-119.4029,35.5579],[-119.40267,35.5796],[-119.36704,35.5934],[-119.29146,35.51438],[-119.30502,35.49265],[-119.28727,35.4926],[-119.29657,35.45635],[-119.35026,35.45633],[-119.35022,35.44201],[-119.07867,35.44051],[-119.07466,35.45574],[-119.01925,35.4564],[-119.00119,35.43604],[-119.02353,35.37335],[-119.04417,35.37359],[-119.07445,35.3182],[-119.09215,35.31824],[-119.09217,35.29614],[-119.00308,35.25228],[-119.00315,35.20855],[-118.85135,35.209],[-118.84204,35.17282],[-118.82392,35.17296],[-118.82402,35.19104],[-118.80588,35.18047],[-118.80627,35.20919],[-118.75263,35.20936],[-118.75269,35.29242],[-118.84317,35.33816],[-118.84392,35.37439],[-118.89641,35.36174],[-118.89638,35.3836],[-118.94966,35.38315],[-118.92987,35.39642],[-118.94896,35.42181],[-118.93517,35.44658],[-118.89464,35.43709],[-118.90534,35.45127],[-118.88675,35.46712],[-118.8734,35.45433],[-118.86987,35.47047],[-118.90356,35.50872],[-118.88777,35.51344],[-118.87857,35.61386],[-118.91968,35.61653],[-118.91728,35.85847],[-118.98901,35.84933],[-119.00015,35.89165],[-119.04482,35.89532],[-119.04501,35.92069],[-119.01794,35.92064],[-119.00018,35.9497],[-118.99979,36.05118],[-118.94548,36.052],[-119.00835,36.07118],[-119.00868,36.08379],[-119.03736,36.06777],[-119.0529,36.08039],[-119.05302,36.05463],[-119.1075,36.07851],[-119.10749,36.1163],[-119.05392,36.11629],[-119.06718,36.1383],[-119.05107,36.1497],[-119.08094,36.15277],[-119.08323,36.16727],[-119.05848,36.1673],[-119.06612,36.22568],[-119.11853,36.22436],[-119.11705,36.16721],[-119.23288,36.16735],[-119.23244,36.13826],[-119.27081,36.13832],[-119.3287,36.18218],[-119.322,36.20805],[-119.34739,36.20781],[-119.35193,36.22559],[-119.37685,36.22561],[-119.37723,36.20365],[-119.4931,36.19587],[-119.5292,36.19614],[-119.52924,36.2111],[-119.63699,36.2113],[-119.63695,36.2987],[-119.61894,36.30325],[-119.63694,36.30599],[-119.63701,36.33486],[-119.69084,36.31462],[-119.69099,36.32808],[-119.70895,36.32807],[-119.70886,36.24021],[-119.95892,36.25547],[-119.95923,36.40098],[-119.75311,36.40189],[-119.7463,36.41679],[-119.67158,36.43107],[-119.66675,36.41875],[-119.57319,36.48884],[-119.52719,36.48889],[-119.52879,36.40147],[-119.47489,36.40095],[-119.47505,36.37092],[-119.45743,36.37086],[-119.45736,36.35387],[-119.33211,36.37101],[-119.33205,36.35652],[-119.31432,36.35317],[-119.31393,36.32022],[-119.22477,36.32719],[-119.21716,36.27676],[-119.19434,36.29749],[-119.2024,36.32652],[-119.22029,36.32707],[-119.2066,36.39941],[-119.08092,36.40101],[-119.08513,36.42818],[-119.12425,36.42826],[-119.13977,36.41381],[-119.16926,36.45852],[-119.15494,36.476],[-119.16234,36.49253],[-119.24572,36.51134],[-119.21431,36.5443],[-119.26871,36.55198],[-119.26916,36.5885],[-119.2978,36.60326],[-119.30474,36.63882],[-119.36142,36.65429],[-119.3948,36.64017],[-119.41256,36.662],[-119.44864,36.64764],[-119.45743,36.67682],[-119.4577,36.61545],[-119.46815,36.61557],[-119.46743,36.64753],[-119.52747,36.66159],[-119.51093,36.72354],[-119.53399,36.72115],[-119.52929,36.73578],[-119.54529,36.72122],[-119.58307,36.73568],[-119.59245,36.67765],[-119.66382,36.67807],[-119.66394,36.75029],[-119.70023,36.75255],[-119.68965,36.77938],[-119.67313,36.77937],[-119.69107,36.80123],[-119.64595,36.80109],[-119.65879,36.84518],[-119.62185,36.86619],[-119.56603,36.86688],[-119.51883,36.89974],[-119.50526,36.89169],[-119.52056,36.91139],[-119.50653,36.95282],[-119.48659,36.9661],[-119.44527,36.96167],[-119.41382,36.99273],[-119.38654,36.9727],[-119.33271,36.97503],[-119.30183,36.95714],[-119.26777,36.99171],[-119.22693,36.96],[-119.20384,36.97068],[-119.19795,36.95564],[-119.21523,36.9453],[-119.20088,36.92912],[-119.16968,36.91161],[-119.13842,36.91788],[-119.12134,36.90285],[-119.13417,36.87062],[-119.09576,36.85762],[-119.09732,36.84257],[-119.05905,36.83672],[-119.02006,36.78015],[-119.02093,36.74514],[-119.05988,36.75218],[-119.04929,36.72658],[-119.01115,36.70725],[-119.04803,36.68949],[-119.01844,36.6807],[-119.01443,36.65735],[-118.98478,36.65715],[-118.98244,36.74165],[-118.35133,36.74103],[-118.33473,36.70533],[-118.36613,36.69044],[-118.33123,36.66943],[-118.33823,36.65543],[-118.32133,36.62743],[-118.27462,36.59733],[-118.29202,36.56224],[-118.23882,36.52363],[-118.23502,36.49374],[-118.24992,36.48244],[-118.21592,36.45674],[-118.20982,36.43034],[-118.15682,36.43264],[-118.13882,36.41894],[-118.16292,36.38944],[-118.10032,36.34614],[-118.1276,36.28035],[-118.10562,36.21344],[-118.05931,36.17014],[-118.07351,36.14034],[-118.06731,36.09344],[-118.05161,36.08354],[-118.03361,36.00894],[-118.00358,35.98372],[-118.01679,35.95455],[-117.98329,35.92656],[-117.98076,35.86751],[-118.00742,35.85818],[-118.00809,35.78894],[-117.75906,35.79772],[-117.7467,35.75386],[-117.75908,35.75394],[-117.75861,35.65263],[-117.72301,35.65506],[-117.71455,35.6116],[-117.6966,35.65187],[-117.67005,35.6518],[-117.67022,35.68099],[-117.61652,35.68069],[-117.61652,35.65161],[-117.63435,35.65157],[-117.63022,35.45141],[-117.6511,35.42667]]]}},{"type":"Feature","properties":{"id":null,"riding_id":"06021","FEDNUM":"06021","name_en":"Congressional District 21","name_fr":"Congressional District 21","state":"CA"},"geometry":{"type":"Polygon","coordinates":[[[-119.52879,36.40147],[-119.52719,36.48889],[-119.6291,36.48916],[-119.62879,36.54711],[-119.75502,36.54735],[-119.75485,36.60532],[-119.78187,36.60526],[-119.78617,36.63426],[-119.81785,36.63416],[-119.81779,36.66322],[-119.90733,36.66277],[-119.91649,36.69174],[-119.93435,36.69164],[-119.93439,36.70625],[-119.88978,36.70636],[-119.88926,36.74621],[-119.89822,36.76444],[-119.91621,36.76436],[-119.91642,36.80072],[-119.84108,36.80823],[-119.86241,36.83723],[-119.72955,36.83759],[-119.72468,36.81762],[-119.69088,36.82397],[-119.70028,36.80166],[-119.67311,36.77949],[-119.68965,36.77938],[-119.70014,36.75043],[-119.66394,36.75029],[-119.66365,36.67793],[-119.59245,36.67765],[-119.58307,36.73568],[-119.54529,36.72122],[-119.52929,36.73578],[-119.53399,36.72115],[-119.51093,36.72354],[-119.52747,36.66159],[-119.46743,36.64753],[-119.46815,36.61557],[-119.4577,36.61545],[-119.45743,36.67682],[-119.44864,36.64764],[-119.41256,36.662],[-119.3948,36.64017],[-119.36142,36.65429],[-119.30474,36.63882],[-119.2978,36.60326],[-119.26916,36.5885],[-119.26871,36.55198],[-119.21431,36.5443],[-119.24572,36.51134],[-119.16234,36.49253],[-119.15494,36.476],[-119.16926,36.45852],[-119.13977,36.41381],[-119.12425,36.42826],[-119.08513,36.42818],[-119.08092,36.40101],[-119.2066,36.39941],[-119.22029,36.32707],[-119.2024,36.32652],[-119.19434,36.29749],[-119.21825,36.27676],[-119.22477,36.32719],[-119.31393,36.32022],[-119.31432,36.35317],[-119.33205,36.35652],[-119.33211,36.37101],[-119.45736,36.35387],[-119.45743,36.37086],[-119.47505,36.37092],[-119.47489,36.40095],[-119.52879,36.40147]]]}},{"type":"Feature","properties":{"id":null,"riding_id":"06022","FEDNUM":"06022","name_en":"Congressional District 22","name_fr":"Congressional District 22","state":"CA"},"geometry":{"type":"Polygon","coordinates":[[[-120.62255,36.63952],[-120.51398,36.69087],[-120.44167,36.70541],[-120.44153,36.71995],[-120.31458,36.73434],[-120.3123,36.78162],[-120.32358,36.7783],[-120.31258,36.78202],[-120.30134,36.77819],[-120.29059,36.76305],[-120.25936,36.78304],[-120.2383,36.77714],[-120.22438,36.78981],[-120.23833,36.80685],[-120.20503,36.81487],[-120.20084,36.85108],[-120.01033,36.86586],[-120.01939,36.90937],[-119.9439,36.84891],[-119.86241,36.83723],[-119.84108,36.80823],[-119.91642,36.80072],[-119.91621,36.76436],[-119.89822,36.76444],[-119.88926,36.74621],[-119.88978,36.70636],[-119.93439,36.70625],[-119.93435,36.69164],[-119.91649,36.69174],[-119.90733,36.66277],[-119.81779,36.66322],[-119.81785,36.63416],[-119.78617,36.63426],[-119.78187,36.60526],[-119.75485,36.60532],[-119.75502,36.54735],[-119.62879,36.54711],[-119.6291,36.48916],[-119.57319,36.48884],[-119.66675,36.41875],[-119.67158,36.43107],[-119.7463,36.41679],[-119.75311,36.40189],[-119.95923,36.40098],[-119.95892,36.25547],[-119.70886,36.24021],[-119.70895,36.32807],[-119.69099,36.32808],[-119.69084,36.31462],[-119.63701,36.33486],[-119.63694,36.30599],[-119.61894,36.30325],[-119.63695,36.2987],[-119.63699,36.2113],[-119.52924,36.2111],[-119.5292,36.19614],[-119.4931,36.19587],[-119.37723,36.20365],[-119.37685,36.22561],[-119.35193,36.22559],[-119.34739,36.20781],[-119.322,36.20805],[-119.3287,36.18218],[-119.27081,36.13832],[-119.23244,36.13826],[-119.23288,36.16735],[-119.11705,36.16721],[-119.11853,36.22436],[-119.06563,36.22549],[-119.05848,36.1673],[-119.08323,36.16727],[-119.08094,36.15277],[-119.05107,36.1497],[-119.06718,36.1383],[-119.05392,36.11629],[-119.10749,36.1163],[-119.1075,36.07851],[-119.05302,36.05463],[-119.0529,36.08039],[-119.03736,36.06777],[-119.00868,36.08379],[-119.00835,36.07118],[-118.94549,36.05204],[-119.00205,36.04818],[-119.00018,35.9497],[-119.01794,35.92064],[-119.04501,35.92069],[-119.04482,35.89532],[-119.00015,35.89165],[-118.98896,35.84931],[-118.91728,35.85847],[-118.91968,35.61653],[-118.87857,35.61386],[-118.88777,35.51344],[-118.90356,35.50872],[-118.8762,35.48622],[-118.87223,35.45767],[-118.89443,35.46325],[-118.9055,35.45102],[-118.89464,35.43709],[-118.93501,35.44675],[-118.94896,35.42181],[-118.92987,35.39642],[-118.94966,35.38315],[-118.89638,35.3836],[-118.89641,35.36174],[-118.84392,35.37439],[-118.84317,35.33816],[-118.75269,35.29242],[-118.75263,35.20936],[-118.80627,35.20919],[-118.80588,35.18047],[-118.82402,35.19104],[-118.82392,35.17296],[-118.84204,35.17282],[-118.85135,35.209],[-119.00315,35.20855],[-119.00308,35.25228],[-119.09217,35.29614],[-119.09215,35.31824],[-119.07445,35.3182],[-119.04417,35.37359],[-119.02353,35.37335],[-119.00119,35.43604],[-119.01925,35.4564],[-119.07466,35.45574],[-119.07867,35.44051],[-119.35022,35.44201],[-119.35026,35.45633],[-119.29657,35.45635],[-119.28727,35.4926],[-119.30502,35.49265],[-119.29146,35.51438],[-119.36704,35.5934],[-119.40267,35.5796],[-119.4029,35.5579],[-119.46537,35.55769],[-119.4747,35.50043],[-119.68966,35.49913],[-119.68973,35.52101],[-119.70752,35.52096],[-119.71616,35.49908],[-119.85801,35.48405],[-119.91366,35.43926],[-119.99315,35.43947],[-119.99745,35.46871],[-120.08677,35.52643],[-120.08618,35.6144],[-120.19399,35.61439],[-120.19437,35.78936],[-119.78259,35.78961],[-119.98192,36.00439],[-120.07546,36.06089],[-120.05901,36.09941],[-120.1064,36.08056],[-120.19831,36.18144],[-120.28798,36.31789],[-120.47373,36.52008],[-120.62255,36.63952]]]}},{"type":"Feature","properties":{"id":null,"riding_id":"06023","FEDNUM":"06023","name_en":"Congressional District 23","name_fr":"Congressional District 23","state":"CA"},"geometry":{"type":"Polygon","coordinates":[[[-117.05009,33.75107],[-117.0677,33.75826],[-117.06903,33.74383],[-117.08735,33.74361],[-117.11171,33.75789],[-117.08559,33.77227],[-117.09682,33.8087],[-117.19139,33.78665],[-117.19118,33.81573],[-117.20659,33.82291],[-117.179,33.83028],[-117.20437,33.84463],[-117.20877,33.86764],[-117.14683,33.90447],[-117.12972,33.88932],[-117.0882,33.90401],[-117.14761,33.96126],[-117.1866,33.96115],[-117.22531,33.98233],[-117.22537,34.01872],[-117.2706,34.01872],[-117.27804,34.0519],[-117.24366,34.07591],[-117.21726,34.03587],[-117.18661,34.03088],[-117.13896,34.04839],[-117.13831,34.09056],[-117.06858,34.07702],[-117.06888,34.09131],[-117.12575,34.10971],[-117.13926,34.13489],[-117.16508,34.14222],[-117.22622,34.13582],[-117.22605,34.14933],[-117.30972,34.18921],[-117.30486,34.20081],[-117.32535,34.19438],[-117.32676,34.21513],[-117.37192,34.19917],[-117.46437,34.25636],[-117.45323,34.29292],[-117.48194,34.33381],[-117.43799,34.35415],[-117.48557,34.3686],[-117.48536,34.38337],[-117.62463,34.38283],[-117.67593,34.40437],[-117.67609,34.42605],[-117.93465,34.43174],[-117.92124,34.48099],[-117.88781,34.50643],[-117.88064,34.58],[-117.88061,34.76362],[-117.88948,34.77821],[-117.91633,34.77829],[-117.91675,34.82255],[-117.63215,34.82227],[-117.63225,34.99086],[-118.04253,35.01472],[-118.06296,35.02541],[-118.06278,35.07135],[-118.17952,35.06868],[-118.19041,35.11301],[-118.20423,35.11695],[-118.19664,35.1462],[-118.16078,35.14779],[-118.07794,35.21528],[-118.08549,35.23447],[-118.01377,35.29335],[-118.01569,35.3095],[-118.00071,35.30004],[-117.89845,35.36164],[-117.90752,35.37102],[-117.79719,35.39316],[-117.77365,35.41647],[-117.67213,35.43334],[-117.66302,35.42311],[-117.63369,35.43932],[-117.63435,35.65157],[-117.61652,35.65161],[-117.61652,35.68069],[-117.67022,35.68099],[-117.67005,35.6518],[-117.6966,35.65187],[-117.71455,35.6116],[-117.72301,35.65506],[-117.75861,35.65263],[-117.75908,35.75394],[-117.7467,35.75386],[-117.75906,35.79772],[-115.73589,35.79362],[-115.73574,35.8091],[-115.64836,35.80921],[-114.63349,35.00186],[-114.63438,34.87289],[-114.58684,34.83567],[-114.55268,34.76687],[-114.47048,34.71137],[-114.45798,34.65711],[-114.4242,34.61045],[-114.43681,34.59607],[-114.38084,34.52972],[-114.3867,34.45791],[-114.33537,34.45004],[-114.22611,34.36592],[-114.17691,34.34931],[-114.13828,34.30323],[-114.13149,34.26039],[-114.16465,34.2597],[-114.22971,34.18693],[-114.4205,34.10347],[-114.44054,34.01933],[-114.52868,33.94782],[-114.53575,33.92753],[-114.50916,33.90721],[-114.52575,33.8994],[-114.50302,33.868],[-114.52988,33.85756],[-114.52805,33.81496],[-114.49572,33.69845],[-114.53152,33.67511],[-114.51406,33.66018],[-114.53319,33.65166],[-114.52184,33.61254],[-114.54062,33.59141],[-114.5246,33.55223],[-114.59237,33.49867],[-114.62713,33.43355],[-114.93483,33.42986],[-114.94272,33.60255],[-115.11349,33.60659],[-115.24356,33.68234],[-115.30522,33.70041],[-115.45216,33.70299],[-115.45135,33.72235],[-115.42081,33.72874],[-115.39664,33.7726],[-115.32322,33.77775],[-115.25633,33.83746],[-115.23356,34.03391],[-115.21968,34.04705],[-115.31608,34.07256],[-115.31621,34.03411],[-115.7485,34.03537],[-115.79559,34.1223],[-115.77384,34.12233],[-115.7733,34.16546],[-115.87913,34.16547],[-115.87899,34.1777],[-115.92253,34.18013],[-115.93128,34.16569],[-116.00143,34.16524],[-116.00132,34.19427],[-116.03642,34.19412],[-116.06302,34.25185],[-116.09827,34.25164],[-116.05839,34.2278],[-116.07167,34.16443],[-116.10623,34.1752],[-116.10702,34.16434],[-116.17707,34.16421],[-116.17695,34.14954],[-116.19448,34.14964],[-116.1944,34.12045],[-116.26566,34.12044],[-116.25517,34.08264],[-116.16724,34.0337],[-116.89456,34.03401],[-116.91186,33.98822],[-116.91428,34.00439],[-116.93364,34.00491],[-116.92952,33.97601],[-116.91172,33.9826],[-116.89702,33.96057],[-116.91069,33.93982],[-116.92934,33.96899],[-116.96428,33.95426],[-116.9773,33.96874],[-117.00529,33.95865],[-117.02517,33.96863],[-117.0177,33.95374],[-117.07148,33.9643],[-117.03417,33.94347],[-117.03409,33.92514],[-117.00815,33.93315],[-116.95797,33.90372],[-116.95785,33.8894],[-116.98126,33.88948],[-116.99938,33.86915],[-116.99841,33.8493],[-116.96289,33.84544],[-116.97444,33.82202],[-117.06052,33.8373],[-117.03842,33.77295],[-117.05009,33.75107]]]}},{"type":"Feature","properties":{"id":null,"riding_id":"06024","FEDNUM":"06024","name_en":"Congressional District 24","name_fr":"Congressional District 24","state":"CA"},"geometry":{"type":"MultiPolygon","coordinates":[[[[-119.52531,33.33486],[-119.37594,33.26476],[-119.36018,33.22832],[-119.37594,33.19219],[-119.43372,33.16699],[-119.51025,33.16742],[-119.57419,33.18648],[-119.63128,33.24497],[-119.62908,33.29934],[-119.59252,33.32582],[-119.52531,33.33486]]],[[[-119.00093,33.53589],[-118.96276,33.48521],[-118.98051,33.42859],[-119.05307,33.41102],[-119.09413,33.42687],[-119.10888,33.45115],[-119.10721,33.50002],[-119.11895,33.50002],[-119.10872,33.51926],[-119.07014,33.53642],[-119.00093,33.53589]]],[[[-119.29647,34.00001],[-119.31844,33.9749],[-119.38046,33.95361],[-119.43296,33.95591],[-119.49229,33.98322],[-119.53895,33.94766],[-119.63673,33.93828],[-119.70749,33.91039],[-119.83442,33.90079],[-119.90476,33.93967],[-119.93919,33.89864],[-120.11727,33.84158],[-120.22113,33.88419],[-120.29897,33.96846],[-120.36707,33.96104],[-120.48815,33.98428],[-120.51878,34.01408],[-120.52339,34.05113],[-120.567,34.06864],[-120.58226,34.10752],[-120.56785,34.13562],[-120.53812,34.15034],[-120.47165,34.1341],[-120.41879,34.16057],[-120.35516,34.14502],[-120.25285,34.05803],[-120.04515,34.09061],[-119.99164,34.06487],[-119.96547,34.11256],[-119.92879,34.1299],[-119.7926,34.10637],[-119.75098,34.11258],[-119.65493,34.07122],[-119.61427,34.09943],[-119.55743,34.1086],[-119.46784,34.06293],[-119.33093,34.06506],[-119.29764,34.03658],[-119.29647,34.00001]]],[[[-119.33593,34.23752],[-119.46699,34.29366],[-119.51947,34.33607],[-119.61746,34.36873],[-119.71613,34.33611],[-119.79707,34.36533],[-119.89152,34.35746],[-120.02436,34.40934],[-120.14728,34.42292],[-120.46213,34.39248],[-120.52365,34.41951],[-120.55944,34.48847],[-120.68221,34.52533],[-120.71333,34.57496],[-120.66469,34.69634],[-120.70209,34.74833],[-120.67328,34.83862],[-120.72032,34.86924],[-120.73438,34.9015],[-120.69472,35.02884],[-120.68961,35.09883],[-120.80041,35.11658],[-120.86487,35.14784],[-120.94385,35.21378],[-120.96136,35.25614],[-120.92641,35.33664],[-120.92829,35.38684],[-120.98411,35.40763],[-120.98419,35.473],[-120.9119,35.45109],[-120.91187,35.50468],[-120.89283,35.52237],[-120.86115,35.5225],[-120.73823,35.47509],[-120.70451,35.43985],[-120.65407,35.45495],[-120.65411,35.44091],[-120.62923,35.43259],[-120.59512,35.45389],[-120.51797,35.45175],[-120.52254,35.4654],[-120.51659,35.45108],[-120.47177,35.45294],[-120.44866,35.4632],[-120.45791,35.4798],[-120.43008,35.47461],[-120.44553,35.49035],[-120.35567,35.46649],[-120.35568,35.49372],[-120.34682,35.47698],[-120.32801,35.48517],[-120.27139,35.46699],[-120.24749,35.49403],[-120.24773,35.47382],[-120.20073,35.49931],[-120.17703,35.43994],[-120.18001,35.47672],[-120.17619,35.43995],[-120.15143,35.43988],[-120.12641,35.46347],[-120.07653,35.46994],[-120.05704,35.48526],[-120.06522,35.51296],[-120.05102,35.51307],[-120.05093,35.49825],[-119.99745,35.46871],[-119.99315,35.43947],[-119.88004,35.43913],[-119.88036,35.35112],[-119.80921,35.35094],[-119.80941,35.26369],[-119.66658,35.26264],[-119.6673,35.17498],[-119.55382,35.18012],[-119.56175,35.08783],[-119.49038,35.09165],[-119.49054,35.07668],[-119.47255,35.07667],[-119.47249,34.90138],[-119.44369,34.90117],[-119.44038,34.44347],[-119.45136,34.39815],[-119.37747,34.39177],[-119.34453,34.43876],[-119.28977,34.4662],[-119.2899,34.44615],[-119.26019,34.44484],[-119.2506,34.47058],[-119.2368,34.47066],[-119.22061,34.44649],[-119.2431,34.4025],[-119.28501,34.38876],[-119.29824,34.30773],[-119.27621,34.3037],[-119.29337,34.28975],[-119.23122,34.28331],[-119.22602,34.29797],[-119.21777,34.28498],[-119.20997,34.30752],[-119.19636,34.28805],[-119.15447,34.29903],[-119.13902,34.28133],[-119.17425,34.26039],[-119.19325,34.26791],[-119.19928,34.23668],[-119.22163,34.25742],[-119.22812,34.24475],[-119.26356,34.26178],[-119.23907,34.2366],[-119.33593,34.23752]]]]}},{"type":"Feature","properties":{"id":null,"riding_id":"06025","FEDNUM":"06025","name_en":"Congressional District 25","name_fr":"Congressional District 25","state":"CA"},"geometry":{"type":"Polygon","coordinates":[[[-116.73599,33.54069],[-116.61361,33.54134],[-116.62794,33.55742],[-116.59144,33.56956],[-116.56958,33.56124],[-116.56967,33.52933],[-116.5181,33.52895],[-116.51642,33.57132],[-116.50445,33.54052],[-116.41525,33.52829],[-116.40286,33.63717],[-116.32147,33.64201],[-116.32107,33.69938],[-116.29535,33.71911],[-116.34754,33.7435],[-116.35636,33.71442],[-116.37365,33.71165],[-116.37295,33.67072],[-116.39091,33.68495],[-116.38942,33.6745],[-116.44296,33.6705],[-116.44287,33.71396],[-116.46005,33.71362],[-116.46066,33.74273],[-116.4778,33.74269],[-116.48641,33.79059],[-116.46693,33.7895],[-116.47559,33.81591],[-116.493,33.81946],[-116.49357,33.87116],[-116.57077,33.93215],[-116.58349,33.92483],[-116.58005,33.90053],[-116.61555,33.90223],[-116.58279,33.87453],[-116.63217,33.88811],[-116.64048,33.92379],[-116.67817,33.92268],[-116.66717,33.91416],[-116.66705,33.88792],[-116.68624,33.89013],[-116.66968,33.91149],[-116.69526,33.92141],[-116.73701,33.90607],[-116.71994,33.90325],[-116.71993,33.88617],[-116.79725,33.88573],[-116.78948,33.85715],[-116.80527,33.85334],[-116.78292,33.83725],[-116.81025,33.83873],[-116.75052,33.82808],[-116.75152,33.81054],[-116.72971,33.80886],[-116.74122,33.78648],[-116.76151,33.79731],[-116.80192,33.73168],[-116.91875,33.72976],[-116.91521,33.76537],[-116.94057,33.7513],[-116.97186,33.77295],[-117.03341,33.77294],[-117.05092,33.78975],[-117.05937,33.83829],[-117.03441,33.82353],[-117.01018,33.83685],[-116.97444,33.82202],[-116.96368,33.83104],[-116.96289,33.84544],[-116.99841,33.8493],[-116.99938,33.86915],[-116.98126,33.88948],[-116.95785,33.8894],[-116.95797,33.90372],[-117.00815,33.93315],[-117.03409,33.92514],[-117.03417,33.94347],[-117.07148,33.9643],[-117.0177,33.95374],[-117.02517,33.96863],[-117.00529,33.95865],[-116.9773,33.96874],[-116.96428,33.95426],[-116.92934,33.96899],[-116.91069,33.93982],[-116.89702,33.96057],[-116.91172,33.9826],[-116.92952,33.97601],[-116.93364,34.00491],[-116.91428,34.00439],[-116.91186,33.98822],[-116.89456,34.03401],[-116.16724,34.0337],[-116.25517,34.08264],[-116.26566,34.12044],[-116.1944,34.12045],[-116.19448,34.14964],[-116.17695,34.14954],[-116.17707,34.16421],[-116.10702,34.16434],[-116.10623,34.1752],[-116.07167,34.16443],[-116.05839,34.2278],[-116.09827,34.25164],[-116.06302,34.25185],[-116.03642,34.19412],[-116.00132,34.19427],[-116.00143,34.16524],[-115.93128,34.16569],[-115.92253,34.18013],[-115.87899,34.1777],[-115.87913,34.16547],[-115.7733,34.16546],[-115.77384,34.12233],[-115.79559,34.1223],[-115.7485,34.03537],[-115.31621,34.03411],[-115.31608,34.07256],[-115.21968,34.04705],[-115.23356,34.03391],[-115.25633,33.83746],[-115.32322,33.77775],[-115.39664,33.7726],[-115.42081,33.72874],[-115.45135,33.72235],[-115.45216,33.70299],[-115.30522,33.70041],[-115.24356,33.68234],[-115.11349,33.60659],[-114.94272,33.60255],[-114.93483,33.42986],[-114.62713,33.43355],[-114.64954,33.41363],[-114.72553,33.40405],[-114.69804,33.35244],[-114.73122,33.30243],[-114.67209,33.2585],[-114.68954,33.24643],[-114.67363,33.22312],[-114.67536,33.18549],[-114.70782,33.0911],[-114.68902,33.08404],[-114.66232,33.03267],[-114.64598,33.0489],[-114.61879,33.0272],[-114.57165,33.03662],[-114.51134,33.02345],[-114.49294,32.97178],[-114.46838,32.97075],[-114.48092,32.93628],[-114.46293,32.90794],[-114.46897,32.84515],[-114.52963,32.79548],[-114.52686,32.75709],[-114.61567,32.72845],[-114.70158,32.74563],[-114.7195,32.71874],[-116.10617,32.61848],[-116.10325,33.07467],[-116.08109,33.07483],[-116.08517,33.42593],[-116.82183,33.42687],[-116.8293,33.46577],[-116.81625,33.4746],[-116.83514,33.48444],[-116.78784,33.50098],[-116.788,33.54092],[-116.75334,33.54073],[-116.7533,33.56253],[-116.73599,33.56263],[-116.73599,33.54069]]]}},{"type":"Feature","properties":{"id":null,"riding_id":"06026","FEDNUM":"06026","name_en":"Congressional District 26","name_fr":"Congressional District 26","state":"CA"},"geometry":{"type":"Polygon","coordinates":[[[-118.48527,34.64829],[-118.55832,34.61714],[-118.71464,34.61653],[-118.70998,34.58558],[-118.61211,34.4972],[-118.60518,34.44322],[-118.65721,34.41928],[-118.6676,34.43451],[-118.66913,34.41087],[-118.6929,34.40609],[-118.65229,34.32339],[-118.68292,34.29947],[-118.71889,34.3001],[-118.71852,34.31857],[-118.74008,34.32265],[-118.76145,34.31164],[-118.76742,34.28624],[-118.81605,34.29541],[-118.85777,34.27505],[-118.81535,34.27622],[-118.82879,34.24621],[-118.78175,34.20837],[-118.71662,34.22821],[-118.70612,34.21613],[-118.6147,34.21189],[-118.60625,34.129],[-118.65006,34.12907],[-118.65025,34.1181],[-118.71134,34.10391],[-118.70616,34.12543],[-118.80042,34.13935],[-118.84765,34.11032],[-118.85647,34.12676],[-118.8966,34.11446],[-118.88912,34.10671],[-118.94097,34.07483],[-118.95172,33.99286],[-119.21799,34.06249],[-119.29757,34.16032],[-119.33593,34.23752],[-119.23907,34.2366],[-119.26356,34.26178],[-119.22812,34.24475],[-119.22163,34.25742],[-119.19928,34.23668],[-119.19325,34.26791],[-119.17425,34.26039],[-119.13902,34.28133],[-119.15447,34.29903],[-119.19636,34.28805],[-119.20997,34.30752],[-119.21777,34.28498],[-119.22602,34.29797],[-119.23122,34.28331],[-119.29337,34.28975],[-119.27621,34.3037],[-119.29824,34.30773],[-119.28501,34.38876],[-119.2431,34.4025],[-119.22061,34.44649],[-119.2368,34.47066],[-119.2506,34.47058],[-119.26019,34.44484],[-119.2899,34.44615],[-119.28977,34.4662],[-119.34453,34.43876],[-119.37747,34.39177],[-119.45136,34.39815],[-119.44038,34.44347],[-119.44369,34.90117],[-119.38371,34.90082],[-119.38185,34.87399],[-119.27644,34.87248],[-119.27724,34.85728],[-119.24258,34.8576],[-119.24253,34.81432],[-118.97793,34.81171],[-118.97802,34.78981],[-118.8804,34.78865],[-118.89463,34.81797],[-118.87211,34.80314],[-118.85427,34.80301],[-118.85401,34.81776],[-118.19377,34.81114],[-118.20208,34.76212],[-118.23718,34.76209],[-118.23659,34.68937],[-118.2541,34.68935],[-118.25394,34.66017],[-118.20805,34.67888],[-118.20124,34.64698],[-118.16555,34.64575],[-118.1535,34.61652],[-118.20995,34.62369],[-118.23606,34.64561],[-118.27124,34.64551],[-118.27459,34.62553],[-118.28884,34.64547],[-118.32326,34.65256],[-118.34249,34.63707],[-118.36387,34.64399],[-118.35943,34.63071],[-118.41611,34.64843],[-118.44279,34.62499],[-118.43967,34.6444],[-118.48527,34.64829]]]}},{"type":"Feature","properties":{"id":null,"riding_id":"06027","FEDNUM":"06027","name_en":"Congressional District 27","name_fr":"Congressional District 27","state":"CA"},"geometry":{"type":"Polygon","coordinates":[[[-118.44207,34.64306],[-118.44851,34.62529],[-118.41636,34.64838],[-118.35943,34.63071],[-118.36387,34.64399],[-118.34249,34.63707],[-118.32326,34.65256],[-118.28884,34.64547],[-118.2739,34.62552],[-118.27124,34.64551],[-118.23606,34.64561],[-118.20995,34.62369],[-118.1535,34.61652],[-118.16555,34.64575],[-118.20124,34.64698],[-118.20805,34.67888],[-118.25394,34.66017],[-118.2541,34.68935],[-118.23659,34.68937],[-118.23718,34.76209],[-118.20208,34.76212],[-118.19375,34.80575],[-118.23759,34.80568],[-118.23767,34.82015],[-117.91675,34.82255],[-117.91633,34.77829],[-117.88948,34.77821],[-117.88061,34.76362],[-117.88781,34.50643],[-117.92124,34.48099],[-117.92488,34.43718],[-117.96702,34.46437],[-117.96237,34.50279],[-118.03037,34.50593],[-118.03254,34.52819],[-118.05392,34.51006],[-118.07961,34.51356],[-118.07974,34.49537],[-118.12099,34.49508],[-118.15427,34.52779],[-118.20698,34.5427],[-118.35854,34.52571],[-118.39237,34.43342],[-118.5053,34.36169],[-118.50834,34.33389],[-118.46763,34.2907],[-118.47219,34.25007],[-118.49578,34.24014],[-118.49019,34.18664],[-118.53602,34.1866],[-118.53169,34.20476],[-118.55357,34.23548],[-118.51117,34.24669],[-118.5131,34.29492],[-118.64163,34.30167],[-118.6929,34.40609],[-118.66913,34.41087],[-118.6676,34.43451],[-118.65721,34.41928],[-118.60518,34.44322],[-118.61211,34.4972],[-118.70998,34.58558],[-118.71464,34.61653],[-118.55832,34.61714],[-118.51819,34.64422],[-118.44207,34.64306]]]}},{"type":"Feature","properties":{"id":null,"riding_id":"06028","FEDNUM":"06028","name_en":"Congressional District 28","name_fr":"Congressional District 28","state":"CA"},"geometry":{"type":"Polygon","coordinates":[[[-117.46678,34.2589],[-117.41054,34.21881],[-117.42106,34.19349],[-117.45359,34.17126],[-117.48816,34.1794],[-117.48823,34.16664],[-117.5166,34.16458],[-117.51471,34.14674],[-117.54086,34.16503],[-117.54081,34.14324],[-117.57584,34.13969],[-117.57589,34.12553],[-117.55852,34.12521],[-117.56691,34.10656],[-117.69963,34.10683],[-117.67771,34.16517],[-117.6979,34.16525],[-117.68635,34.15373],[-117.72455,34.1654],[-117.7417,34.14725],[-117.73986,34.12166],[-117.75943,34.11992],[-117.75036,34.15817],[-117.78099,34.14691],[-117.79433,34.17966],[-117.84472,34.1794],[-117.82566,34.16156],[-117.83661,34.1559],[-117.85106,34.17935],[-117.9248,34.16531],[-117.92511,34.19396],[-118.02138,34.19394],[-118.02032,34.1309],[-118.00673,34.12934],[-118.01555,34.1029],[-117.99219,34.09505],[-118.0305,34.10638],[-118.06185,34.08663],[-118.05577,34.07245],[-118.07293,34.07227],[-118.07789,34.0356],[-118.10027,34.04476],[-118.09312,34.03555],[-118.10769,34.02699],[-118.16959,34.0442],[-118.15529,34.09867],[-118.17799,34.0986],[-118.16579,34.12555],[-118.18588,34.13731],[-118.15565,34.14945],[-118.15967,34.18144],[-118.19644,34.17989],[-118.24875,34.22224],[-118.23852,34.26709],[-118.18804,34.29364],[-118.1897,34.37524],[-118.12128,34.37949],[-118.09033,34.40249],[-118.07746,34.39026],[-118.11112,34.45622],[-118.01649,34.50647],[-117.96237,34.50279],[-117.96702,34.46437],[-117.92173,34.4261],[-117.67609,34.42605],[-117.67593,34.40437],[-117.62463,34.38283],[-117.48536,34.38337],[-117.48557,34.3686],[-117.45118,34.36853],[-117.43978,34.34959],[-117.47756,34.33908],[-117.48173,34.32222],[-117.45323,34.29292],[-117.46678,34.2589]]]}},{"type":"Feature","properties":{"id":null,"riding_id":"06029","FEDNUM":"06029","name_en":"Congressional District 29","name_fr":"Congressional District 29","state":"CA"},"geometry":{"type":"Polygon","coordinates":[[[-118.46739,34.28886],[-118.50834,34.33389],[-118.4052,34.32981],[-118.4056,34.30073],[-118.38288,34.29696],[-118.38576,34.28482],[-118.31484,34.27411],[-118.33,34.25968],[-118.31926,34.23872],[-118.35623,34.23122],[-118.33806,34.22228],[-118.33993,34.2065],[-118.37031,34.2012],[-118.34517,34.14275],[-118.49019,34.18664],[-118.50115,34.22119],[-118.49376,34.24295],[-118.47219,34.25007],[-118.46739,34.28886]]]}},{"type":"Feature","properties":{"id":null,"riding_id":"06030","FEDNUM":"06030","name_en":"Congressional District 30","name_fr":"Congressional District 30","state":"CA"},"geometry":{"type":"Polygon","coordinates":[[[-118.22665,34.0799],[-118.25623,34.06785],[-118.30915,34.08351],[-118.32295,34.05468],[-118.35088,34.05276],[-118.3907,34.07208],[-118.39584,34.09105],[-118.36533,34.09984],[-118.37163,34.12262],[-118.35791,34.12069],[-118.36167,34.14344],[-118.34517,34.14275],[-118.37031,34.2012],[-118.33993,34.2065],[-118.33806,34.22228],[-118.35623,34.23122],[-118.31926,34.23872],[-118.33,34.25968],[-118.31476,34.27399],[-118.38576,34.28482],[-118.38288,34.29696],[-118.4056,34.30073],[-118.4052,34.32981],[-118.49272,34.33062],[-118.50554,34.3612],[-118.39237,34.43342],[-118.35854,34.52571],[-118.20698,34.5427],[-118.15427,34.52779],[-118.12099,34.49508],[-118.07974,34.49537],[-118.07961,34.51356],[-118.05392,34.51006],[-118.03254,34.52819],[-118.03012,34.49916],[-118.11112,34.45622],[-118.07746,34.39026],[-118.09033,34.40249],[-118.12128,34.37949],[-118.1897,34.37524],[-118.18804,34.29364],[-118.23852,34.26709],[-118.24875,34.22224],[-118.19644,34.17989],[-118.15967,34.18144],[-118.15209,34.15726],[-118.17767,34.14113],[-118.22623,34.14979],[-118.23524,34.12672],[-118.25326,34.12445],[-118.22665,34.0799]]]}},{"type":"Feature","properties":{"id":null,"riding_id":"06031","FEDNUM":"06031","name_en":"Congressional District 31","name_fr":"Congressional District 31","state":"CA"},"geometry":{"type":"Polygon","coordinates":[[[-117.7207,34.05586],[-117.70548,34.09261],[-117.68089,34.08737],[-117.68184,34.03363],[-117.65457,34.0301],[-117.65064,33.98636],[-117.70879,33.98273],[-117.74002,34.01921],[-117.80163,34.04288],[-117.87401,34.00224],[-117.9346,34.03616],[-117.94378,34.02304],[-117.92068,34.01709],[-117.94236,34.01239],[-117.9905,34.04996],[-117.9459,34.07935],[-117.9548,34.09961],[-117.94295,34.10693],[-117.97804,34.10665],[-117.98238,34.08134],[-118.00146,34.07686],[-117.99219,34.09505],[-118.01555,34.1029],[-118.00673,34.12934],[-118.02032,34.1309],[-118.02138,34.19394],[-117.92511,34.19396],[-117.9248,34.16531],[-117.85106,34.17935],[-117.83661,34.1559],[-117.82566,34.16156],[-117.84472,34.1794],[-117.79433,34.17966],[-117.78099,34.14691],[-117.75473,34.16537],[-117.75613,34.08997],[-117.78682,34.08834],[-117.78754,34.06171],[-117.7207,34.05586]]]}},{"type":"Feature","properties":{"id":null,"riding_id":"06032","FEDNUM":"06032","name_en":"Congressional District 32","name_fr":"Congressional District 32","state":"CA"},"geometry":{"type":"Polygon","coordinates":[[[-118.47402,34.18664],[-118.37767,34.15445],[-118.35588,34.13287],[-118.37166,34.12257],[-118.36533,34.09984],[-118.39584,34.09105],[-118.3992,34.11149],[-118.42279,34.07996],[-118.45549,34.07585],[-118.43595,34.05014],[-118.46772,34.03863],[-118.49447,34.05056],[-118.56311,33.98782],[-118.72746,33.98031],[-118.80983,33.94691],[-118.874,33.98331],[-118.95172,33.99286],[-118.94097,34.07483],[-118.88912,34.10671],[-118.8966,34.11446],[-118.85647,34.12676],[-118.84765,34.11032],[-118.80042,34.13935],[-118.70616,34.12543],[-118.71134,34.10391],[-118.65025,34.1181],[-118.65006,34.12907],[-118.60625,34.129],[-118.6147,34.21189],[-118.70612,34.21613],[-118.71662,34.22821],[-118.78175,34.20837],[-118.82879,34.24621],[-118.81535,34.27622],[-118.85101,34.26758],[-118.85343,34.28821],[-118.76742,34.28624],[-118.76145,34.31164],[-118.74008,34.32265],[-118.71852,34.31857],[-118.71889,34.3001],[-118.68227,34.29962],[-118.65229,34.32339],[-118.63551,34.2968],[-118.61496,34.29311],[-118.60568,34.30769],[-118.59171,34.29049],[-118.58509,34.30348],[-118.52425,34.29997],[-118.51117,34.24669],[-118.55357,34.23548],[-118.55355,34.22046],[-118.53169,34.20476],[-118.53602,34.1866],[-118.47402,34.18664]]]}},{"type":"Feature","properties":{"id":null,"riding_id":"06033","FEDNUM":"06033","name_en":"Congressional District 33","name_fr":"Congressional District 33","state":"CA"},"geometry":{"type":"Polygon","coordinates":[[[-117.42491,34.23705],[-117.37192,34.19917],[-117.32676,34.21513],[-117.32535,34.19438],[-117.30486,34.20081],[-117.30972,34.18921],[-117.22605,34.14933],[-117.22622,34.13582],[-117.13926,34.13489],[-117.13914,34.11701],[-117.06033,34.0821],[-117.13831,34.09056],[-117.13896,34.04839],[-117.18802,34.03073],[-117.21726,34.03587],[-117.2196,34.05583],[-117.25246,34.07594],[-117.27804,34.0519],[-117.27162,34.02068],[-117.22537,34.01872],[-117.22531,33.98233],[-117.27545,33.98297],[-117.26145,33.95385],[-117.29649,33.96102],[-117.29646,33.94493],[-117.31453,33.95541],[-117.30939,33.99372],[-117.33111,33.99384],[-117.30496,34.00474],[-117.39059,34.03387],[-117.37335,34.04825],[-117.4052,34.08497],[-117.40532,34.11404],[-117.51489,34.10456],[-117.52403,34.07718],[-117.60111,34.07755],[-117.61107,34.10901],[-117.55743,34.10929],[-117.57584,34.13969],[-117.54081,34.14324],[-117.54086,34.16503],[-117.51471,34.14674],[-117.5166,34.16458],[-117.48823,34.16664],[-117.48816,34.1794],[-117.45359,34.17126],[-117.42145,34.19315],[-117.41054,34.21881],[-117.42491,34.23705]]]}},{"type":"Feature","properties":{"id":null,"riding_id":"06034","FEDNUM":"06034","name_en":"Congressional District 34","name_fr":"Congressional District 34","state":"CA"},"geometry":{"type":"Polygon","coordinates":[[[-118.22634,34.07991],[-118.25326,34.12445],[-118.23524,34.12672],[-118.22623,34.14979],[-118.18379,34.14908],[-118.17841,34.12326],[-118.16579,34.12555],[-118.17799,34.0986],[-118.15529,34.09867],[-118.16959,34.0442],[-118.12757,34.00805],[-118.15365,34.01963],[-118.23971,34.01471],[-118.23861,34.03498],[-118.25995,34.04945],[-118.28618,34.03679],[-118.3267,34.04782],[-118.30915,34.08351],[-118.25623,34.06785],[-118.22634,34.07991]]]}},{"type":"Feature","properties":{"id":null,"riding_id":"06035","FEDNUM":"06035","name_en":"Congressional District 35","name_fr":"Congressional District 35","state":"CA"},"geometry":{"type":"Polygon","coordinates":[[[-117.70548,34.09261],[-117.7207,34.05586],[-117.78754,34.06171],[-117.78682,34.08834],[-117.75613,34.08997],[-117.72455,34.1654],[-117.68635,34.15373],[-117.6979,34.16525],[-117.67771,34.16517],[-117.69963,34.10683],[-117.61105,34.10666],[-117.60111,34.07755],[-117.52403,34.07718],[-117.51489,34.10456],[-117.40532,34.11404],[-117.4052,34.08497],[-117.37334,34.04676],[-117.39059,34.03387],[-117.55024,34.03347],[-117.55368,33.94999],[-117.52322,33.9625],[-117.50045,33.88982],[-117.54708,33.88188],[-117.5503,33.86132],[-117.55951,33.87257],[-117.60284,33.85974],[-117.60134,33.87889],[-117.63072,33.88474],[-117.66621,33.88776],[-117.67286,33.87089],[-117.80245,33.96831],[-117.78503,34.00485],[-117.76753,34.00469],[-117.76766,34.02351],[-117.74002,34.01921],[-117.70879,33.98273],[-117.65064,33.98636],[-117.65457,34.0301],[-117.68184,34.03363],[-117.68089,34.08737],[-117.70548,34.09261]]]}},{"type":"Feature","properties":{"id":null,"riding_id":"06036","FEDNUM":"06036","name_en":"Congressional District 36","name_fr":"Congressional District 36","state":"CA"},"geometry":{"type":"Polygon","coordinates":[[[-118.48228,33.74869],[-118.48448,33.80315],[-118.44397,33.83906],[-118.56311,33.98782],[-118.49447,34.05056],[-118.46772,34.03863],[-118.43595,34.05014],[-118.45549,34.07585],[-118.42279,34.07996],[-118.42704,34.09063],[-118.40089,34.09399],[-118.39114,34.11242],[-118.3907,34.07208],[-118.37224,34.0622],[-118.42142,34.05946],[-118.41405,34.03912],[-118.3974,34.04138],[-118.41846,34.01198],[-118.37124,33.96337],[-118.44655,33.95199],[-118.43496,33.93084],[-118.37873,33.93089],[-118.37872,33.89465],[-118.36129,33.89465],[-118.35251,33.87432],[-118.35155,33.82559],[-118.29834,33.81305],[-118.31161,33.76305],[-118.301,33.75772],[-118.33306,33.72186],[-118.35201,33.66665],[-118.42864,33.70127],[-118.48228,33.74869]]]}},{"type":"Feature","properties":{"id":null,"riding_id":"06037","FEDNUM":"06037","name_en":"Congressional District 37","name_fr":"Congressional District 37","state":"CA"},"geometry":{"type":"Polygon","coordinates":[[[-118.42142,34.05946],[-118.32295,34.05468],[-118.30027,34.03694],[-118.2626,34.05025],[-118.23861,34.03498],[-118.23792,33.98939],[-118.25644,33.9895],[-118.25642,33.95383],[-118.30026,33.96001],[-118.31339,33.93821],[-118.31775,33.97092],[-118.33303,33.96725],[-118.33519,33.98176],[-118.3931,33.97993],[-118.41846,34.01198],[-118.39778,34.04361],[-118.41405,34.03912],[-118.42142,34.05946]]]}},{"type":"Feature","properties":{"id":null,"riding_id":"06038","FEDNUM":"06038","name_en":"Congressional District 38","name_fr":"Congressional District 38","state":"CA"},"geometry":{"type":"Polygon","coordinates":[[[-117.9459,34.07935],[-117.9905,34.04996],[-117.9375,34.01101],[-117.92068,34.01709],[-117.94378,34.02304],[-117.94081,34.03653],[-117.87939,34.00174],[-117.80163,34.04288],[-117.78518,34.03243],[-117.76753,34.00469],[-117.78503,34.00485],[-117.80254,33.97555],[-117.79355,33.95382],[-117.67225,33.87006],[-117.75323,33.86824],[-117.75763,33.84852],[-117.79358,33.84293],[-117.85416,33.84574],[-117.85982,33.85808],[-117.83142,33.87489],[-117.8454,33.89921],[-117.87237,33.89752],[-117.86392,33.90924],[-117.88028,33.9282],[-117.86881,33.94591],[-117.99269,33.94956],[-117.97665,33.97509],[-118.02863,33.98995],[-118.02861,34.00378],[-118.06554,34.0025],[-118.05113,33.96992],[-118.07486,33.9746],[-118.07089,33.96049],[-118.11153,33.99178],[-118.12511,33.97118],[-118.16712,33.97936],[-118.17029,33.9541],[-118.20611,33.97602],[-118.18903,33.98638],[-118.20433,33.99665],[-118.17255,33.98648],[-118.19223,34.01655],[-118.12757,34.00805],[-118.14416,34.03346],[-118.10769,34.02699],[-118.09445,34.04602],[-118.07789,34.0356],[-118.07293,34.07227],[-118.05577,34.07245],[-118.06185,34.08663],[-118.0305,34.10638],[-117.99747,34.09868],[-118.00146,34.07686],[-117.98238,34.08134],[-117.97804,34.10665],[-117.94295,34.10693],[-117.9548,34.09961],[-117.9459,34.07935]]]}},{"type":"Feature","properties":{"id":null,"riding_id":"06039","FEDNUM":"06039","name_en":"Congressional District 39","name_fr":"Congressional District 39","state":"CA"},"geometry":{"type":"Polygon","coordinates":[[[-117.31214,33.80031],[-117.31387,33.82967],[-117.33107,33.83595],[-117.31388,33.873],[-117.35331,33.87261],[-117.33124,33.90191],[-117.52967,33.87363],[-117.50045,33.88982],[-117.52322,33.9625],[-117.55368,33.94999],[-117.55024,34.03347],[-117.37528,34.03388],[-117.37542,34.0194],[-117.30496,34.00474],[-117.33111,33.99384],[-117.30939,33.99372],[-117.31453,33.95541],[-117.30241,33.94726],[-117.29649,33.96102],[-117.26145,33.95385],[-117.27544,33.98193],[-117.26432,33.98783],[-117.21494,33.9823],[-117.1866,33.96115],[-117.14761,33.96126],[-117.0882,33.90401],[-117.12972,33.88932],[-117.14683,33.90447],[-117.20877,33.86764],[-117.20437,33.84463],[-117.179,33.83028],[-117.20659,33.82291],[-117.19118,33.81573],[-117.19139,33.78665],[-117.16704,33.80122],[-117.13757,33.79428],[-117.14931,33.77123],[-117.18917,33.75444],[-117.18474,33.73566],[-117.22352,33.74303],[-117.2233,33.71407],[-117.27544,33.71419],[-117.28416,33.69893],[-117.30993,33.71309],[-117.29596,33.78854],[-117.31214,33.80031]]]}},{"type":"Feature","properties":{"id":null,"riding_id":"06040","FEDNUM":"06040","name_en":"Congressional District 40","name_fr":"Congressional District 40","state":"CA"},"geometry":{"type":"Polygon","coordinates":[[[-117.65392,33.58195],[-117.69273,33.61726],[-117.61949,33.67292],[-117.64798,33.70618],[-117.67785,33.68524],[-117.72031,33.71129],[-117.70277,33.75598],[-117.67191,33.74943],[-117.68131,33.77249],[-117.66847,33.78112],[-117.71819,33.77418],[-117.71139,33.76288],[-117.76424,33.7735],[-117.77463,33.78788],[-117.84432,33.80233],[-117.84831,33.83025],[-117.81448,33.85102],[-117.75763,33.84852],[-117.75323,33.86824],[-117.67383,33.86953],[-117.66621,33.88776],[-117.60134,33.87889],[-117.60587,33.86022],[-117.55951,33.87257],[-117.5503,33.86132],[-117.5429,33.88287],[-117.51776,33.88626],[-117.53121,33.87572],[-117.50742,33.86843],[-117.49379,33.88688],[-117.38358,33.8868],[-117.38356,33.90165],[-117.33124,33.90191],[-117.35331,33.87261],[-117.31388,33.873],[-117.33107,33.83588],[-117.31387,33.82967],[-117.3224,33.81519],[-117.29598,33.78873],[-117.31173,33.72575],[-117.29937,33.70408],[-117.23546,33.72326],[-117.2233,33.71407],[-117.22352,33.74303],[-117.18474,33.73566],[-117.18469,33.75767],[-117.13647,33.75765],[-117.13684,33.6415],[-117.1191,33.64162],[-117.11886,33.62708],[-117.13684,33.59835],[-117.11845,33.59804],[-117.14128,33.54954],[-117.1906,33.51295],[-117.14421,33.47452],[-117.19846,33.45337],[-117.19751,33.46356],[-117.20652,33.43213],[-117.24127,33.43199],[-117.24167,33.44893],[-117.37092,33.49055],[-117.36427,33.50503],[-117.50972,33.50502],[-117.49712,33.56156],[-117.58062,33.5138],[-117.59781,33.52613],[-117.59986,33.5553],[-117.61214,33.52801],[-117.61631,33.56829],[-117.65847,33.56108],[-117.65392,33.58195]]]}},{"type":"Feature","properties":{"id":null,"riding_id":"06041","FEDNUM":"06041","name_en":"Congressional District 41","name_fr":"Congressional District 41","state":"CA"},"geometry":{"type":"Polygon","coordinates":[[[-117.99269,33.94956],[-117.86881,33.94591],[-117.88078,33.91799],[-117.86386,33.90556],[-117.92876,33.89559],[-117.94174,33.91372],[-118.02878,33.87332],[-118.07339,33.91223],[-118.10484,33.90999],[-118.10086,33.83236],[-118.03709,33.80305],[-118.06755,33.79744],[-118.06739,33.78132],[-118.04293,33.77474],[-118.08764,33.77588],[-118.08128,33.8104],[-118.13391,33.81881],[-118.13384,33.83612],[-118.16736,33.82005],[-118.1677,33.85426],[-118.15119,33.86021],[-118.14274,33.88933],[-118.14922,33.9137],[-118.17042,33.92361],[-118.15625,33.95104],[-118.17029,33.9541],[-118.16712,33.97936],[-118.12511,33.97118],[-118.11153,33.99178],[-118.07089,33.96049],[-118.07486,33.9746],[-118.05113,33.96992],[-118.06554,34.0025],[-118.02861,34.00378],[-118.02863,33.98995],[-117.97665,33.97509],[-117.99269,33.94956]]]}},{"type":"Feature","properties":{"id":null,"riding_id":"06042","FEDNUM":"06042","name_en":"Congressional District 42","name_fr":"Congressional District 42","state":"CA"},"geometry":{"type":"MultiPolygon","coordinates":[[[[-117.90563,33.53537],[-118.09647,33.65365],[-118.1259,33.69715],[-118.22158,33.6906],[-118.24897,33.7559],[-118.21708,33.78109],[-118.22502,33.79706],[-118.20705,33.79714],[-118.20754,33.83866],[-118.16432,33.84706],[-118.16736,33.82005],[-118.13384,33.83612],[-118.13391,33.81881],[-118.09109,33.81882],[-118.08834,33.77646],[-118.04294,33.77407],[-118.07501,33.77428],[-118.09533,33.74089],[-118.04182,33.72993],[-118.04193,33.75009],[-118.0191,33.75395],[-117.97192,33.71994],[-117.98012,33.68678],[-117.94044,33.68681],[-117.92571,33.70901],[-117.87673,33.71612],[-117.86401,33.68625],[-117.88146,33.6615],[-117.85428,33.66613],[-117.86265,33.62946],[-117.87923,33.62523],[-117.85063,33.60744],[-117.86336,33.59627],[-117.82787,33.56539],[-117.90563,33.53537]]],[[[-118.2509,33.35165],[-118.24594,33.29106],[-118.29246,33.25408],[-118.33475,33.24861],[-118.48669,33.2769],[-118.53489,33.31518],[-118.54793,33.3768],[-118.60723,33.39829],[-118.65506,33.44531],[-118.66672,33.49349],[-118.61216,33.53185],[-118.52938,33.53118],[-118.46896,33.513],[-118.33277,33.44804],[-118.2509,33.35165]]],[[[-118.47995,33.00003],[-118.29725,32.84509],[-118.28991,32.81053],[-118.3128,32.78083],[-118.4198,32.75004],[-118.46837,32.76259],[-118.55319,32.8288],[-118.64473,33.00003],[-118.67017,33.00003],[-118.6782,33.03973],[-118.6413,33.08188],[-118.57834,33.08624],[-118.52373,33.05997],[-118.47995,33.00003]]]]}},{"type":"Feature","properties":{"id":null,"riding_id":"06043","FEDNUM":"06043","name_en":"Congressional District 43","name_fr":"Congressional District 43","state":"CA"},"geometry":{"type":"Polygon","coordinates":[[[-118.43487,33.93082],[-118.43155,33.95633],[-118.37884,33.95265],[-118.37625,33.98285],[-118.33519,33.98176],[-118.33303,33.96725],[-118.31775,33.97092],[-118.31339,33.93821],[-118.30026,33.96001],[-118.26512,33.96013],[-118.25364,33.94328],[-118.23399,33.95326],[-118.2288,33.92269],[-118.17995,33.89273],[-118.22653,33.86315],[-118.28273,33.88547],[-118.28163,33.8703],[-118.30915,33.86561],[-118.30922,33.81708],[-118.35155,33.82559],[-118.35251,33.87432],[-118.36129,33.89465],[-118.37872,33.89465],[-118.37873,33.93089],[-118.43487,33.93082]]]}},{"type":"Feature","properties":{"id":null,"riding_id":"06044","FEDNUM":"06044","name_en":"Congressional District 44","name_fr":"Congressional District 44","state":"CA"},"geometry":{"type":"Polygon","coordinates":[[[-118.15872,33.95193],[-118.17042,33.92361],[-118.14293,33.90247],[-118.15119,33.86021],[-118.20754,33.83866],[-118.20705,33.79714],[-118.22502,33.79706],[-118.21708,33.78109],[-118.24897,33.7559],[-118.22158,33.6906],[-118.27424,33.66343],[-118.35201,33.66665],[-118.33306,33.72186],[-118.301,33.75772],[-118.31161,33.76305],[-118.29834,33.81305],[-118.30915,33.86561],[-118.25746,33.88619],[-118.22653,33.86315],[-118.17995,33.89273],[-118.2288,33.92269],[-118.23399,33.95326],[-118.25364,33.94328],[-118.25644,33.9895],[-118.23792,33.98939],[-118.23971,34.01471],[-118.17012,33.99955],[-118.17371,33.98626],[-118.20433,33.99665],[-118.18903,33.98638],[-118.20617,33.97627],[-118.15872,33.95193]]]}},{"type":"Feature","properties":{"id":null,"riding_id":"06045","FEDNUM":"06045","name_en":"Congressional District 45","name_fr":"Congressional District 45","state":"CA"},"geometry":{"type":"Polygon","coordinates":[[[-117.98022,33.69399],[-117.97198,33.72004],[-118.0191,33.75395],[-118.04193,33.75009],[-118.04182,33.72993],[-118.09533,33.74089],[-118.07501,33.77428],[-118.04294,33.77407],[-118.06739,33.78132],[-118.06755,33.79744],[-118.03709,33.80305],[-118.10086,33.83236],[-118.10484,33.90999],[-118.07339,33.91223],[-118.02878,33.87332],[-117.94174,33.91372],[-117.92876,33.89559],[-117.86544,33.88931],[-117.86171,33.8633],[-117.88498,33.85361],[-117.88025,33.87423],[-117.98515,33.87553],[-117.9805,33.83951],[-118.01649,33.82637],[-118.01819,33.80631],[-117.99852,33.79517],[-117.97192,33.80569],[-117.8975,33.78892],[-117.89428,33.769],[-117.92885,33.74957],[-117.91423,33.72861],[-117.93951,33.68708],[-117.98022,33.69399]]]}},{"type":"Feature","properties":{"id":null,"riding_id":"06046","FEDNUM":"06046","name_en":"Congressional District 46","name_fr":"Congressional District 46","state":"CA"},"geometry":{"type":"Polygon","coordinates":[[[-117.99546,33.79519],[-118.01819,33.80631],[-118.01749,33.82446],[-117.9805,33.83951],[-117.98515,33.87553],[-117.88025,33.87423],[-117.88498,33.85361],[-117.86171,33.8633],[-117.87578,33.89816],[-117.84843,33.89939],[-117.83146,33.87211],[-117.85982,33.85808],[-117.8297,33.84401],[-117.85296,33.81191],[-117.77749,33.78795],[-117.8314,33.77307],[-117.83764,33.71126],[-117.86773,33.69194],[-117.87673,33.71612],[-117.92571,33.70901],[-117.91304,33.73748],[-117.92885,33.74957],[-117.89428,33.769],[-117.8975,33.78892],[-117.97192,33.80569],[-117.99546,33.79519]]]}},{"type":"Feature","properties":{"id":null,"riding_id":"06047","FEDNUM":"06047","name_en":"Congressional District 47","name_fr":"Congressional District 47","state":"CA"},"geometry":{"type":"Polygon","coordinates":[[[-117.83592,33.57107],[-117.86336,33.59627],[-117.85063,33.60744],[-117.87923,33.62523],[-117.86265,33.62946],[-117.85428,33.66613],[-117.88146,33.6615],[-117.83764,33.71126],[-117.8314,33.77307],[-117.77553,33.78805],[-117.71139,33.76288],[-117.71819,33.77418],[-117.66847,33.78112],[-117.68131,33.77249],[-117.67191,33.74943],[-117.70277,33.75598],[-117.72091,33.71379],[-117.67785,33.68524],[-117.65489,33.70667],[-117.62082,33.6859],[-117.61949,33.67292],[-117.69273,33.61726],[-117.65392,33.58195],[-117.65899,33.53383],[-117.68434,33.53861],[-117.68537,33.48077],[-117.65469,33.46407],[-117.63451,33.42786],[-117.68032,33.3845],[-117.74141,33.41012],[-117.81636,33.49087],[-117.90563,33.53537],[-117.83592,33.57107]]]}},{"type":"Feature","properties":{"id":null,"riding_id":"06048","FEDNUM":"06048","name_en":"Congressional District 48","name_fr":"Congressional District 48","state":"CA"},"geometry":{"type":"Polygon","coordinates":[[[-116.61361,33.54134],[-116.73599,33.54069],[-116.73599,33.56263],[-116.7533,33.56253],[-116.75334,33.54073],[-116.788,33.54092],[-116.78784,33.50098],[-116.83514,33.48444],[-116.81625,33.4746],[-116.8293,33.46577],[-116.82183,33.42687],[-116.08517,33.42593],[-116.08109,33.07483],[-116.10325,33.07467],[-116.11055,32.638],[-116.16466,32.63592],[-116.3221,32.6997],[-116.34104,32.69157],[-116.36837,32.70695],[-116.36849,32.73435],[-116.47315,32.72009],[-116.51013,32.819],[-116.46053,32.86216],[-116.42174,32.83553],[-116.41142,32.87353],[-116.48241,32.92409],[-116.5612,33.01092],[-116.52662,33.01414],[-116.54481,33.06721],[-116.60164,33.1034],[-116.64605,33.09438],[-116.67068,33.10999],[-116.72038,33.06999],[-116.7199,33.1107],[-116.72901,33.0953],[-116.74952,33.12385],[-116.80491,33.12385],[-116.82604,33.10751],[-116.82005,33.09649],[-116.9038,33.08385],[-116.89265,33.0902],[-116.89315,33.16414],[-116.9168,33.15218],[-116.9671,33.16763],[-116.97941,33.22821],[-116.95406,33.2636],[-116.99481,33.30336],[-117.05211,33.28087],[-117.05402,33.2389],[-117.07713,33.24115],[-117.05329,33.21064],[-117.1086,33.21164],[-117.12759,33.19618],[-117.10831,33.1674],[-117.08822,33.16826],[-117.08582,33.14084],[-117.0315,33.15588],[-117.06949,33.09739],[-117.11416,33.11041],[-117.10468,33.12699],[-117.12864,33.13446],[-117.13972,33.11296],[-117.15597,33.11322],[-117.15645,33.09471],[-117.17727,33.10065],[-117.20218,33.0806],[-117.23033,33.13468],[-117.27064,33.15309],[-117.23258,33.17828],[-117.31146,33.17979],[-117.31094,33.20317],[-117.24123,33.23782],[-117.24503,33.26574],[-117.15618,33.25293],[-117.16123,33.3644],[-117.17901,33.39013],[-117.22782,33.38853],[-117.22529,33.40593],[-117.24077,33.41444],[-117.20652,33.43213],[-117.19751,33.46356],[-117.19846,33.45337],[-117.14423,33.47442],[-117.1906,33.51295],[-117.14128,33.54954],[-117.11845,33.59804],[-117.13684,33.59835],[-117.11886,33.62708],[-117.1191,33.64162],[-117.13684,33.6415],[-117.13647,33.75765],[-117.17171,33.75767],[-117.1374,33.80127],[-117.09418,33.80689],[-117.08559,33.77227],[-117.11171,33.75789],[-117.08735,33.74361],[-117.06903,33.74383],[-117.0677,33.75826],[-117.04155,33.75109],[-117.04256,33.79077],[-117.03341,33.77294],[-116.97186,33.77295],[-116.94057,33.7513],[-116.91521,33.76537],[-116.91875,33.72976],[-116.80585,33.73059],[-116.76169,33.79714],[-116.74123,33.79692],[-116.74276,33.78544],[-116.72971,33.80886],[-116.75152,33.81054],[-116.75052,33.82808],[-116.81025,33.83873],[-116.78292,33.83725],[-116.80527,33.85334],[-116.78948,33.85715],[-116.79725,33.88573],[-116.71993,33.88617],[-116.71994,33.90325],[-116.73701,33.90607],[-116.69526,33.92141],[-116.66968,33.91149],[-116.68624,33.89013],[-116.66705,33.88792],[-116.66717,33.91416],[-116.67817,33.92268],[-116.64048,33.92379],[-116.63217,33.88811],[-116.58279,33.87453],[-116.61555,33.90223],[-116.58005,33.90053],[-116.58349,33.92483],[-116.57077,33.93215],[-116.49357,33.87116],[-116.493,33.81946],[-116.47559,33.81591],[-116.46693,33.7895],[-116.48641,33.79059],[-116.4778,33.74269],[-116.46066,33.74273],[-116.46005,33.71362],[-116.44287,33.71396],[-116.44296,33.6705],[-116.38942,33.6745],[-116.39091,33.68495],[-116.37295,33.67072],[-116.37365,33.71165],[-116.35636,33.71442],[-116.34754,33.7435],[-116.29549,33.71939],[-116.32107,33.69938],[-116.32147,33.64201],[-116.40286,33.63717],[-116.41525,33.52829],[-116.50445,33.54052],[-116.51642,33.57132],[-116.5181,33.52895],[-116.56967,33.52933],[-116.56958,33.56124],[-116.59144,33.56956],[-116.62794,33.55742],[-116.61361,33.54134]]]}},{"type":"Feature","properties":{"id":null,"riding_id":"06049","FEDNUM":"06049","name_en":"Congressional District 49","name_fr":"Congressional District 49","state":"CA"},"geometry":{"type":"Polygon","coordinates":[[[-117.64442,33.56517],[-117.61631,33.56829],[-117.61214,33.52801],[-117.59945,33.55506],[-117.59781,33.52613],[-117.58062,33.5138],[-117.52337,33.55805],[-117.4945,33.56091],[-117.50972,33.50502],[-117.36427,33.50503],[-117.37092,33.49055],[-117.24167,33.44893],[-117.24127,33.43199],[-117.22486,33.43202],[-117.24077,33.41444],[-117.22529,33.40593],[-117.22782,33.38853],[-117.17489,33.38714],[-117.15068,33.30779],[-117.15618,33.25293],[-117.24503,33.26574],[-117.24123,33.23782],[-117.31094,33.20317],[-117.31146,33.17979],[-117.23258,33.17828],[-117.27064,33.15309],[-117.23033,33.13468],[-117.22101,33.09515],[-117.19986,33.08056],[-117.17727,33.10065],[-117.15645,33.09471],[-117.17219,33.06205],[-117.22735,33.0485],[-117.23466,33.03345],[-117.13398,33.04058],[-117.11479,33.07221],[-117.08924,33.05377],[-117.06996,33.05949],[-117.08309,32.9842],[-117.10879,32.94437],[-117.16465,32.93442],[-117.16788,32.90814],[-117.18092,32.9196],[-117.22063,32.90299],[-117.22904,32.87214],[-117.25304,32.87158],[-117.26517,32.84877],[-117.332,32.88358],[-117.32328,32.90306],[-117.37587,33.07522],[-117.43556,33.17751],[-117.5496,33.29442],[-117.68032,33.3845],[-117.63451,33.42786],[-117.68663,33.48729],[-117.68434,33.53861],[-117.65899,33.53383],[-117.64442,33.56517]]]}},{"type":"Feature","properties":{"id":null,"riding_id":"06050","FEDNUM":"06050","name_en":"Congressional District 50","name_fr":"Congressional District 50","state":"CA"},"geometry":{"type":"Polygon","coordinates":[[[-117.22251,32.61955],[-117.26879,32.61941],[-117.30924,32.6564],[-117.342,32.84035],[-117.33264,32.88216],[-117.26517,32.84877],[-117.25304,32.87158],[-117.22904,32.87214],[-117.22063,32.90299],[-117.18092,32.9196],[-117.16788,32.90814],[-117.16465,32.93442],[-117.10879,32.94437],[-117.08309,32.9842],[-117.06996,33.05949],[-117.08924,33.05377],[-117.11479,33.07221],[-117.13398,33.04058],[-117.23695,33.03496],[-117.17219,33.06205],[-117.15586,33.07911],[-117.15597,33.11322],[-117.13972,33.11296],[-117.12864,33.13446],[-117.10468,33.12699],[-117.11416,33.11041],[-117.06648,33.09934],[-117.0315,33.15588],[-117.08582,33.14084],[-117.08822,33.16826],[-117.10831,33.1674],[-117.12759,33.19618],[-117.1086,33.21164],[-117.05329,33.21064],[-117.07713,33.24115],[-117.05402,33.2389],[-117.05058,33.28244],[-116.99494,33.30341],[-116.95406,33.2636],[-116.97941,33.22821],[-116.9671,33.16763],[-116.9168,33.15218],[-116.89315,33.16414],[-116.89265,33.0902],[-116.9038,33.08385],[-116.80843,33.09428],[-116.80685,33.04969],[-116.84125,33.0115],[-116.95329,33.01216],[-116.96211,32.97745],[-116.94485,32.98869],[-116.94034,32.97066],[-116.99783,32.95957],[-116.99781,32.94308],[-116.98053,32.9412],[-116.98928,32.90501],[-116.9624,32.90337],[-116.96274,32.85878],[-116.94506,32.85339],[-116.93798,32.82414],[-116.98714,32.83097],[-117.00997,32.81562],[-117.03817,32.83145],[-117.05899,32.8172],[-117.08405,32.84358],[-117.12093,32.84165],[-117.11425,32.81037],[-117.15231,32.81066],[-117.16331,32.76255],[-117.1966,32.7603],[-117.14801,32.71935],[-117.14732,32.70524],[-117.17339,32.70136],[-117.13326,32.67595],[-117.11446,32.59325],[-117.13297,32.58563],[-117.12419,32.53433],[-117.20492,32.52883],[-117.22251,32.61955]]]}},{"type":"Feature","properties":{"id":null,"riding_id":"06051","FEDNUM":"06051","name_en":"Congressional District 51","name_fr":"Congressional District 51","state":"CA"},"geometry":{"type":"Polygon","coordinates":[[[-116.42174,32.83553],[-116.46028,32.86219],[-116.49339,32.84565],[-116.5105,32.81127],[-116.65219,32.8387],[-116.7753,32.83537],[-116.76996,32.79847],[-116.84549,32.79003],[-116.85004,32.76581],[-116.8374,32.76453],[-116.87609,32.7444],[-116.87371,32.73018],[-116.93291,32.74218],[-116.96133,32.70428],[-117.00646,32.73616],[-117.02317,32.72497],[-117.02144,32.68831],[-117.04459,32.67018],[-117.04976,32.73335],[-117.08493,32.71805],[-117.07936,32.75783],[-117.12504,32.75529],[-117.11219,32.72877],[-117.13807,32.71328],[-117.19861,32.75676],[-117.16331,32.76255],[-117.15231,32.81066],[-117.11425,32.81037],[-117.12093,32.84165],[-117.08405,32.84358],[-117.05899,32.8172],[-117.03817,32.83145],[-117.00997,32.81562],[-116.98714,32.83097],[-116.93798,32.82414],[-116.94506,32.85339],[-116.96274,32.85878],[-116.9624,32.90337],[-116.98928,32.90501],[-116.98053,32.9412],[-116.99781,32.94308],[-116.99783,32.95957],[-116.94034,32.97066],[-116.94485,32.98869],[-116.96211,32.97745],[-116.95298,33.01229],[-116.83135,33.01862],[-116.82783,33.04058],[-116.80685,33.04969],[-116.80843,33.09428],[-116.82621,33.10721],[-116.8046,33.12392],[-116.74952,33.12385],[-116.72901,33.0953],[-116.7199,33.1107],[-116.72038,33.06999],[-116.67068,33.10999],[-116.64605,33.09438],[-116.60164,33.1034],[-116.54484,33.06724],[-116.52662,33.01414],[-116.5612,33.01092],[-116.48241,32.92409],[-116.41206,32.87525],[-116.42174,32.83553]]]}},{"type":"Feature","properties":{"id":null,"riding_id":"06052","FEDNUM":"06052","name_en":"Congressional District 52","name_fr":"Congressional District 52","state":"CA"},"geometry":{"type":"Polygon","coordinates":[[[-116.10617,32.61848],[-117.12419,32.53433],[-117.13297,32.58563],[-117.11446,32.59325],[-117.13326,32.67595],[-117.17339,32.70136],[-117.11852,32.71749],[-117.12504,32.75529],[-117.07936,32.75783],[-117.08493,32.71805],[-117.04976,32.73335],[-117.04459,32.67018],[-117.02144,32.68831],[-117.02317,32.72497],[-117.00646,32.73616],[-116.96,32.70452],[-116.93291,32.74218],[-116.87371,32.73018],[-116.87609,32.7444],[-116.8374,32.76453],[-116.85004,32.76581],[-116.84549,32.79003],[-116.76996,32.79847],[-116.7753,32.83537],[-116.65219,32.8387],[-116.50804,32.80987],[-116.47048,32.7183],[-116.36849,32.73435],[-116.36837,32.70695],[-116.34104,32.69157],[-116.3221,32.6997],[-116.16409,32.6358],[-116.10577,32.64455],[-116.10617,32.61848]]]}},{"type":"Feature","properties":{"id":"74","riding_id":"08001","FEDNUM":"08001","name_en":"Congressional District 1","name_fr":"Congressional District 1","state":""},"geometry":{"type":"Polygon","coordinates":[[[-105.10992,39.62716],[-105.05358,39.65116],[-105.08145,39.66206],[-105.05326,39.66779],[-105.05318,39.7838],[-105.0644,39.79108],[-104.96872,39.7984],[-104.90344,39.78381],[-104.88441,39.81282],[-104.86607,39.81285],[-104.86604,39.79839],[-104.7909,39.79825],[-104.79086,39.8418],[-104.73095,39.84519],[-104.73039,39.89613],[-104.70331,39.89595],[-104.69205,39.91418],[-104.59958,39.89904],[-104.60526,39.87311],[-104.61915,39.87322],[-104.6198,39.82242],[-104.76246,39.82344],[-104.76261,39.79843],[-104.7344,39.79844],[-104.7346,39.76918],[-104.82819,39.77278],[-104.85639,39.76858],[-104.84694,39.75469],[-104.8799,39.75473],[-104.88661,39.72922],[-104.86596,39.69656],[-104.90354,39.69853],[-104.88931,39.68206],[-104.91289,39.67854],[-104.8473,39.6571],[-104.88014,39.65306],[-104.88526,39.62413],[-104.91341,39.62408],[-104.9317,39.65304],[-104.97349,39.66768],[-105.01094,39.66051],[-105.00866,39.67863],[-105.03462,39.65328],[-105.02542,39.62856],[-105.05904,39.63876],[-105.05813,39.61441],[-105.09701,39.61431],[-105.06514,39.61858],[-105.08095,39.63133],[-105.10992,39.62716]]]}},{"type":"Feature","properties":{"id":"79","riding_id":"08002","FEDNUM":"08002","name_en":"Congressional District 2","name_fr":"Congressional District 2","state":""},"geometry":{"type":"Polygon","coordinates":[[[-107.44259,40.33476],[-107.43207,40.33488],[-107.42881,40.54221],[-107.37133,40.5424],[-107.37149,40.6003],[-107.31415,40.60028],[-107.31779,41.00292],[-104.94337,40.99821],[-104.94313,40.9034],[-104.98869,40.77568],[-105.00009,40.76128],[-105.038,40.7654],[-105.03884,40.79821],[-105.07612,40.79822],[-105.07034,40.66153],[-105.00066,40.65352],[-105.00072,40.61355],[-104.98752,40.60294],[-104.99622,40.58138],[-104.93552,40.58847],[-104.94874,40.49174],[-104.96287,40.49869],[-104.96339,40.47944],[-104.98206,40.47947],[-104.99136,40.49765],[-104.99211,40.46473],[-105.09648,40.46539],[-105.09644,40.45102],[-105.13309,40.45097],[-105.11566,40.44384],[-105.13765,40.44369],[-105.1336,40.40815],[-105.15962,40.39727],[-105.15111,40.38109],[-105.15075,40.39294],[-105.12331,40.39279],[-105.13172,40.37479],[-105.09716,40.37824],[-105.10992,40.36798],[-105.09726,40.36375],[-105.10532,40.34175],[-105.10759,40.34945],[-105.1356,40.34884],[-105.11587,40.34771],[-105.13051,40.32515],[-105.10282,40.32614],[-105.10245,40.26137],[-105.05509,40.26179],[-105.05508,40.23278],[-105.02743,40.23301],[-105.0459,40.2036],[-104.99848,40.19679],[-104.99856,40.17522],[-105.03035,40.17471],[-105.03674,40.1603],[-104.99869,40.15707],[-104.9894,40.11696],[-105.02763,40.12714],[-105.04227,40.09023],[-105.021,40.08393],[-105.01215,40.10107],[-104.98084,40.08032],[-104.98006,40.02933],[-104.99901,40.02578],[-104.98965,40.00768],[-105.05282,40.00026],[-105.05289,39.95783],[-105.10941,39.92586],[-105.10933,39.95064],[-105.128,39.95417],[-105.14714,39.91389],[-105.23893,39.91437],[-105.24026,39.86591],[-105.30381,39.88416],[-105.27607,39.8434],[-105.33173,39.85543],[-105.39795,39.84094],[-105.39895,39.56606],[-105.82966,39.56486],[-105.81581,39.55198],[-105.82292,39.52993],[-105.85951,39.53154],[-105.86807,39.51949],[-105.85389,39.50451],[-105.90596,39.45966],[-105.96604,39.43878],[-105.95187,39.41434],[-105.99286,39.40186],[-106.0322,39.35894],[-106.13641,39.37969],[-106.22563,39.37963],[-106.28381,39.34947],[-106.3116,39.36222],[-106.35802,39.35514],[-106.40007,39.38101],[-106.42649,39.36187],[-106.50921,39.3623],[-106.56109,39.42982],[-106.64642,39.46423],[-106.6962,39.45216],[-106.74713,39.48975],[-106.76129,39.59567],[-106.74015,39.57964],[-106.70579,39.58815],[-106.66816,39.57274],[-106.66805,39.59511],[-106.74299,39.60146],[-106.69531,39.61941],[-106.70023,39.63275],[-106.73038,39.62413],[-106.72719,39.64192],[-106.75027,39.65478],[-106.82316,39.65153],[-106.78375,39.63938],[-106.79461,39.62866],[-106.78357,39.61777],[-106.80405,39.61031],[-106.81879,39.61017],[-106.84357,39.65481],[-106.89126,39.63866],[-106.88478,39.61702],[-106.93963,39.63454],[-106.94437,39.60958],[-106.91965,39.58071],[-106.97254,39.58644],[-106.95853,39.6197],[-106.97203,39.65519],[-107.02778,39.64407],[-107.05882,39.65468],[-107.11387,39.62489],[-107.11367,39.91911],[-107.03397,39.91891],[-107.03793,40.22537],[-107.43939,40.22338],[-107.44259,40.33476]]]}},{"type":"Feature","properties":{"id":"73","riding_id":"08003","FEDNUM":"08003","name_en":"Congressional District 3","name_fr":"Congressional District 3","state":""},"geometry":{"type":"Polygon","coordinates":[[[-109.0602,38.27824],[-109.05003,41.00069],[-107.31779,41.00292],[-107.31415,40.60028],[-107.37149,40.6003],[-107.37133,40.5424],[-107.42881,40.54221],[-107.43939,40.22338],[-107.03793,40.22537],[-107.03397,39.91891],[-107.11367,39.91911],[-107.11387,39.62489],[-107.05882,39.65468],[-107.02778,39.64407],[-106.97203,39.65519],[-106.95853,39.6197],[-106.97254,39.58644],[-106.91965,39.58071],[-106.94437,39.60958],[-106.93019,39.63817],[-106.88478,39.61702],[-106.89126,39.63866],[-106.86061,39.64979],[-106.87556,39.65288],[-106.8411,39.65434],[-106.81879,39.61017],[-106.80405,39.61031],[-106.78357,39.61777],[-106.79461,39.62866],[-106.78375,39.63938],[-106.82403,39.64868],[-106.81435,39.6579],[-106.73565,39.65109],[-106.73038,39.62413],[-106.70023,39.63275],[-106.69533,39.61887],[-106.74299,39.60146],[-106.66805,39.59511],[-106.66816,39.57274],[-106.70579,39.58815],[-106.74015,39.57964],[-106.76129,39.59567],[-106.75301,39.49766],[-106.72808,39.46916],[-106.69347,39.45136],[-106.61681,39.45763],[-106.55957,39.42853],[-106.50921,39.3623],[-106.42649,39.36187],[-106.43246,39.31635],[-106.50269,39.29807],[-106.48106,39.25989],[-106.49765,39.24202],[-106.49365,39.19833],[-106.51108,39.16353],[-106.56127,39.15568],[-106.55817,39.12022],[-106.58616,39.09405],[-106.57755,39.05321],[-106.59723,39.04482],[-106.59921,38.99799],[-106.55421,38.99871],[-106.52839,38.98073],[-106.52668,38.95541],[-106.46503,38.91035],[-106.42116,38.92809],[-106.40212,38.91062],[-106.38084,38.92569],[-106.37344,38.90661],[-106.3261,38.911],[-106.32131,38.8926],[-106.3493,38.85489],[-106.38363,38.82471],[-106.41618,38.82409],[-106.41666,38.72781],[-106.45213,38.69878],[-106.42955,38.65123],[-106.3799,38.63848],[-106.38537,38.62499],[-106.3642,38.6145],[-106.33821,38.49821],[-106.31146,38.49487],[-106.27412,38.44689],[-106.24536,38.43917],[-106.24694,38.42277],[-106.07654,38.42365],[-106.05857,38.45694],[-106.01865,38.45419],[-105.85832,38.29836],[-105.80001,38.26992],[-105.78789,38.24206],[-105.67304,38.15913],[-105.66136,38.1005],[-105.60316,38.03097],[-105.58262,37.96593],[-105.53038,37.95336],[-105.47301,37.8957],[-105.41869,37.8897],[-105.32453,37.93843],[-105.28055,37.90122],[-105.24974,37.95152],[-105.16865,38.01895],[-105.14797,38.00624],[-105.12597,37.95117],[-105.0778,37.95296],[-105.06421,37.91791],[-105.04992,37.91548],[-105.04922,38.25797],[-104.94037,38.25827],[-104.94153,38.51957],[-104.05392,38.52239],[-104.05824,38.14649],[-104.04704,38.14139],[-103.9947,38.14665],[-103.97438,38.13212],[-103.90605,38.13486],[-103.83562,38.11334],[-103.61917,38.11335],[-103.61928,38.17146],[-103.50936,38.17251],[-103.51006,38.26517],[-103.39994,38.26543],[-103.40434,37.64358],[-103.07594,37.64342],[-103.0861,37.00019],[-109.04517,36.99898],[-109.04257,38.15702],[-109.0602,38.27824]]]}},{"type":"Feature","properties":{"id":"78","riding_id":"08004","FEDNUM":"08004","name_en":"Congressional District 4","name_fr":"Congressional District 4","state":""},"geometry":{"type":"Polygon","coordinates":[[[-105.32922,39.12969],[-105.28226,39.20097],[-105.25989,39.21061],[-105.25347,39.24331],[-105.21742,39.2604],[-105.16657,39.36175],[-105.17096,39.40783],[-105.1236,39.43413],[-105.13493,39.47095],[-105.08675,39.49342],[-105.06071,39.55994],[-104.73663,39.56589],[-104.73673,39.55126],[-104.67956,39.55071],[-104.67931,39.5659],[-104.64212,39.56589],[-104.66078,39.57435],[-104.65996,39.65294],[-104.6788,39.65287],[-104.67915,39.62032],[-104.7163,39.62939],[-104.72302,39.60134],[-104.754,39.624],[-104.75247,39.65291],[-104.71943,39.63855],[-104.72554,39.66751],[-104.58431,39.66699],[-104.58364,39.70321],[-104.61915,39.68846],[-104.62206,39.71079],[-104.65023,39.71133],[-104.67825,39.73999],[-104.62205,39.72547],[-104.61238,39.75393],[-104.58913,39.74639],[-104.60222,39.73988],[-104.5364,39.73938],[-104.54579,39.75325],[-104.52697,39.75522],[-104.52695,39.73932],[-104.47092,39.73844],[-104.47067,39.76676],[-104.48913,39.76714],[-104.48929,39.825],[-104.61974,39.82685],[-104.61915,39.87322],[-104.60526,39.87311],[-104.59958,39.89904],[-104.64036,39.90671],[-104.64064,40.00057],[-104.69714,40.00051],[-104.69791,40.01569],[-104.65157,40.06535],[-104.65595,40.08066],[-104.62161,40.08952],[-104.6217,40.10183],[-104.64508,40.1008],[-104.64073,40.11692],[-104.60314,40.11666],[-104.60236,40.276],[-104.52758,40.27601],[-104.52716,40.31962],[-104.48964,40.31964],[-104.4895,40.34869],[-104.41557,40.32554],[-104.42305,40.35997],[-104.50814,40.39926],[-104.50778,40.46449],[-104.47024,40.46475],[-104.47991,40.49357],[-104.50784,40.47887],[-104.50759,40.49347],[-104.65914,40.4935],[-104.65885,40.50859],[-104.8324,40.50891],[-104.83241,40.47983],[-104.85148,40.47861],[-104.81627,40.45863],[-104.84182,40.46149],[-104.87011,40.41406],[-104.90703,40.42155],[-104.90748,40.40706],[-104.94429,40.40714],[-104.96393,40.42171],[-104.96418,40.4072],[-104.99106,40.40619],[-105.00253,40.3798],[-104.98168,40.34916],[-105.09734,40.34948],[-105.11002,40.36724],[-105.09716,40.37824],[-105.15706,40.38941],[-105.15364,40.40723],[-105.1336,40.40815],[-105.13765,40.44369],[-105.11566,40.44384],[-105.13309,40.45097],[-105.09644,40.45102],[-105.09648,40.46539],[-104.99211,40.46473],[-104.99136,40.49765],[-104.98206,40.47947],[-104.96339,40.47944],[-104.96287,40.49869],[-104.94874,40.49174],[-104.93552,40.58847],[-104.99622,40.58138],[-104.98752,40.60294],[-105.00072,40.61355],[-105.00066,40.65352],[-105.07034,40.66153],[-105.07612,40.79822],[-105.03884,40.79821],[-105.038,40.7654],[-105.00009,40.76128],[-104.98869,40.77568],[-104.94313,40.9034],[-104.94337,40.99821],[-102.05172,41.00236],[-102.04209,36.99302],[-103.0861,37.00019],[-103.07594,37.64342],[-103.40434,37.64358],[-103.39994,38.26543],[-103.51006,38.26517],[-103.50936,38.17251],[-103.61928,38.17146],[-103.61917,38.11335],[-103.83562,38.11334],[-103.90605,38.13486],[-103.97438,38.13212],[-103.9947,38.14665],[-104.04704,38.14139],[-104.05824,38.14649],[-104.05392,38.52239],[-104.27547,38.52113],[-104.27678,38.78144],[-104.31374,38.7813],[-104.3137,38.85338],[-104.27772,38.85324],[-104.27766,38.87466],[-104.29179,38.86316],[-104.35155,38.86745],[-104.35106,38.88199],[-104.33265,38.88202],[-104.33159,38.92553],[-104.35015,38.92705],[-104.331,38.9543],[-104.36787,38.95405],[-104.36792,38.99753],[-104.38633,38.99722],[-104.38643,39.02622],[-104.40475,39.02619],[-104.40484,39.04104],[-104.54808,39.04255],[-104.55177,39.12943],[-105.32922,39.12969]]]}},{"type":"Feature","properties":{"id":"76","riding_id":"08005","FEDNUM":"08005","name_en":"Congressional District 5","name_fr":"Congressional District 5","state":""},"geometry":{"type":"Polygon","coordinates":[[[-105.07253,38.8084],[-105.06644,38.86918],[-105.02863,38.86873],[-105.02734,38.93081],[-105.00892,38.92927],[-105.02721,38.94161],[-105.03347,39.12978],[-104.55177,39.12943],[-104.54808,39.04255],[-104.40484,39.04104],[-104.40475,39.02619],[-104.38643,39.02622],[-104.38633,38.99722],[-104.36792,38.99753],[-104.36787,38.95405],[-104.331,38.9543],[-104.35015,38.92705],[-104.33159,38.92553],[-104.33265,38.88202],[-104.35106,38.88199],[-104.35155,38.86745],[-104.29179,38.86316],[-104.27766,38.87466],[-104.27772,38.85324],[-104.3137,38.85338],[-104.31374,38.7813],[-104.27678,38.78144],[-104.27547,38.52113],[-104.94158,38.51957],[-104.93987,38.79654],[-105.07253,38.8084]]]}},{"type":"Feature","properties":{"id":"77","riding_id":"08006","FEDNUM":"08006","name_en":"Congressional District 6","name_fr":"Congressional District 6","state":""},"geometry":{"type":"Polygon","coordinates":[[[-105.15733,39.59805],[-105.13559,39.58916],[-105.11017,39.59304],[-105.10998,39.60973],[-105.05362,39.60966],[-105.05904,39.63876],[-105.02542,39.62856],[-105.03462,39.65328],[-105.0158,39.66051],[-105.0157,39.67868],[-105.01094,39.66051],[-104.97349,39.66768],[-104.9317,39.65304],[-104.91341,39.62408],[-104.88526,39.62413],[-104.88014,39.65306],[-104.8473,39.6571],[-104.91289,39.67854],[-104.88931,39.68206],[-104.90354,39.69853],[-104.86596,39.69656],[-104.88466,39.74747],[-104.82819,39.77278],[-104.7346,39.76918],[-104.7344,39.79844],[-104.76261,39.79843],[-104.76246,39.82344],[-104.65545,39.813],[-104.61974,39.82685],[-104.48929,39.825],[-104.48913,39.76714],[-104.47067,39.76676],[-104.47092,39.73844],[-104.52695,39.73932],[-104.52697,39.75522],[-104.54579,39.75325],[-104.5364,39.73938],[-104.60222,39.73988],[-104.58913,39.74639],[-104.61238,39.75393],[-104.62205,39.72547],[-104.67825,39.73999],[-104.65023,39.71133],[-104.62206,39.71079],[-104.61915,39.68846],[-104.58364,39.70321],[-104.58431,39.66699],[-104.72554,39.66751],[-104.71943,39.63855],[-104.75247,39.65291],[-104.754,39.624],[-104.72302,39.60134],[-104.7163,39.62939],[-104.67915,39.62032],[-104.6788,39.65287],[-104.65996,39.65294],[-104.66078,39.57435],[-104.64212,39.56589],[-104.67931,39.5659],[-104.67956,39.55071],[-104.73673,39.55126],[-104.73663,39.56589],[-105.04874,39.56609],[-105.11101,39.53617],[-105.15733,39.59805]]]}},{"type":"Feature","properties":{"id":"80","riding_id":"08007","FEDNUM":"08007","name_en":"Congressional District 7","name_fr":"Congressional District 7","state":""},"geometry":{"type":"Polygon","coordinates":[[[-106.59903,39.03627],[-106.57755,39.05321],[-106.58616,39.09405],[-106.56332,39.10727],[-106.56127,39.15568],[-106.51108,39.16353],[-106.49365,39.19833],[-106.49765,39.24202],[-106.48106,39.25989],[-106.50269,39.29807],[-106.43246,39.31635],[-106.43348,39.35417],[-106.40393,39.37985],[-106.35802,39.35514],[-106.3116,39.36222],[-106.28381,39.34947],[-106.22563,39.37963],[-106.09721,39.37799],[-106.03472,39.35838],[-105.99286,39.40186],[-105.95187,39.41434],[-105.96604,39.43878],[-105.90596,39.45966],[-105.85389,39.50451],[-105.86807,39.51949],[-105.85951,39.53154],[-105.82292,39.52993],[-105.81581,39.55198],[-105.82966,39.56486],[-105.39895,39.56606],[-105.39795,39.84094],[-105.33173,39.85543],[-105.27607,39.8434],[-105.30381,39.88416],[-105.24026,39.86591],[-105.23893,39.91437],[-105.14714,39.91389],[-105.128,39.95417],[-105.10933,39.95064],[-105.10941,39.92586],[-105.05289,39.95783],[-105.05282,40.00026],[-104.98965,40.00768],[-104.99901,40.02578],[-104.96107,40.04414],[-104.9614,40.00034],[-104.98094,40.00032],[-104.98811,39.96847],[-105.01584,39.98119],[-105.01686,39.95284],[-104.99702,39.94324],[-105.01566,39.94313],[-105.01547,39.92131],[-105.05289,39.91422],[-105.05327,39.82003],[-105.0405,39.80287],[-105.065,39.79032],[-105.05318,39.7838],[-105.05326,39.66779],[-105.08146,39.66858],[-105.07083,39.64958],[-105.05358,39.65116],[-105.10992,39.62716],[-105.08095,39.63133],[-105.06514,39.61858],[-105.09701,39.61431],[-105.05362,39.60966],[-105.10998,39.60973],[-105.11017,39.59304],[-105.13559,39.58916],[-105.15733,39.59805],[-105.11101,39.53617],[-105.07304,39.54527],[-105.0784,39.51149],[-105.09252,39.48839],[-105.13493,39.47095],[-105.12347,39.43431],[-105.17096,39.40783],[-105.16657,39.36175],[-105.21742,39.2604],[-105.25347,39.24331],[-105.25989,39.21061],[-105.28226,39.20097],[-105.32945,39.12949],[-105.03347,39.12978],[-105.02721,38.94161],[-105.00892,38.92927],[-105.02734,38.93081],[-105.02863,38.86873],[-105.06644,38.86918],[-105.07218,38.79938],[-104.93987,38.79654],[-104.94037,38.25827],[-105.04922,38.25797],[-105.04992,37.91548],[-105.06421,37.91791],[-105.0778,37.95296],[-105.12597,37.95117],[-105.14797,38.00624],[-105.16865,38.01895],[-105.24974,37.95152],[-105.28322,37.89999],[-105.31708,37.93895],[-105.41363,37.89053],[-105.47301,37.8957],[-105.53038,37.95336],[-105.58446,37.96786],[-105.60316,38.03097],[-105.66136,38.1005],[-105.67304,38.15913],[-105.78789,38.24206],[-105.80001,38.26992],[-105.85832,38.29836],[-106.01865,38.45419],[-106.05857,38.45694],[-106.07654,38.42365],[-106.24694,38.42277],[-106.24536,38.43917],[-106.27412,38.44689],[-106.31146,38.49487],[-106.34423,38.50459],[-106.3554,38.54256],[-106.34462,38.56856],[-106.3642,38.6145],[-106.38537,38.62499],[-106.3799,38.63848],[-106.42955,38.65123],[-106.45213,38.69878],[-106.41666,38.72781],[-106.41618,38.82409],[-106.38363,38.82471],[-106.3493,38.85489],[-106.32131,38.8926],[-106.3261,38.911],[-106.37344,38.90661],[-106.38084,38.92569],[-106.40212,38.91062],[-106.42116,38.92809],[-106.46503,38.91035],[-106.52668,38.95541],[-106.52839,38.98073],[-106.55421,38.99871],[-106.59551,38.99128],[-106.59903,39.03627]]]}},{"type":"Feature","properties":{"id":"75","riding_id":"08008","FEDNUM":"08008","name_en":"Congressional District 8","name_fr":"Congressional District 8","state":""},"geometry":{"type":"Polygon","coordinates":[[[-105.1356,40.34884],[-104.98168,40.34916],[-105.00253,40.3798],[-104.99106,40.40619],[-104.96418,40.4072],[-104.96393,40.42171],[-104.94429,40.40714],[-104.90748,40.40706],[-104.90703,40.42155],[-104.87011,40.41406],[-104.84182,40.46149],[-104.81627,40.45863],[-104.85148,40.47861],[-104.83241,40.47983],[-104.8324,40.50891],[-104.73514,40.51018],[-104.65885,40.50859],[-104.65914,40.4935],[-104.50759,40.49347],[-104.50784,40.47887],[-104.47999,40.49362],[-104.47024,40.46475],[-104.50778,40.46449],[-104.50814,40.39926],[-104.41449,40.34919],[-104.41557,40.32554],[-104.4895,40.34869],[-104.48964,40.31964],[-104.52716,40.31962],[-104.52758,40.27601],[-104.60236,40.276],[-104.60314,40.11666],[-104.64073,40.11692],[-104.64508,40.1008],[-104.6217,40.10183],[-104.62161,40.08952],[-104.65595,40.08066],[-104.65157,40.06535],[-104.69791,40.01569],[-104.69714,40.00051],[-104.64064,40.00057],[-104.64036,39.90671],[-104.69205,39.91418],[-104.70331,39.89595],[-104.73039,39.89613],[-104.73095,39.84519],[-104.79086,39.8418],[-104.7909,39.79825],[-104.86604,39.79839],[-104.86607,39.81285],[-104.88441,39.81282],[-104.88447,39.79832],[-104.92037,39.78376],[-104.96872,39.7984],[-105.05325,39.79106],[-105.0405,39.80287],[-105.05327,39.82003],[-105.05289,39.91422],[-105.01547,39.92131],[-105.01566,39.94313],[-104.99702,39.94324],[-105.01686,39.95284],[-105.01584,39.98119],[-104.98811,39.96847],[-104.98094,40.00032],[-104.9614,40.00034],[-104.96107,40.04414],[-104.98143,40.04403],[-104.98084,40.08032],[-105.00836,40.08755],[-105.00834,40.1002],[-105.021,40.08393],[-105.04156,40.08782],[-105.0278,40.12705],[-104.98934,40.11711],[-104.99869,40.15707],[-105.03674,40.1603],[-105.03035,40.17471],[-104.99856,40.17522],[-104.99848,40.19679],[-105.0459,40.2036],[-105.02743,40.23301],[-105.05508,40.23278],[-105.05509,40.26179],[-105.10245,40.26137],[-105.10282,40.32614],[-105.13051,40.32515],[-105.11587,40.34771],[-105.1356,40.34884]]]}},{"type":"Feature","properties":{"id":"82","riding_id":"09001","FEDNUM":"09001","name_en":"Congressional District 1","name_fr":"Congressional District 1","state":""},"geometry":{"type":"Polygon","coordinates":[[[-73.20183,41.79005],[-73.12723,42.04213],[-72.81378,42.03674],[-72.81705,41.99768],[-72.77469,42.00238],[-72.77841,41.98944],[-72.70852,41.97383],[-72.71617,41.9498],[-72.61395,41.94354],[-72.62343,41.9343],[-72.51333,41.9454],[-72.51833,41.8569],[-72.49681,41.86062],[-72.50753,41.8097],[-72.47603,41.813],[-72.4639,41.74557],[-72.61361,41.72816],[-72.54042,41.69093],[-72.62802,41.66604],[-72.63052,41.63328],[-72.54423,41.6427],[-72.53123,41.62111],[-72.5608,41.55405],[-72.65586,41.56065],[-72.74888,41.54428],[-72.75218,41.57889],[-72.80124,41.5731],[-72.81915,41.5543],[-72.82764,41.571],[-72.84854,41.56733],[-72.84428,41.54472],[-72.88389,41.56381],[-72.94635,41.5568],[-72.9385,41.64431],[-72.98308,41.63952],[-72.99855,41.7125],[-72.89827,41.72318],[-72.88338,41.64943],[-72.75036,41.65017],[-72.76247,41.7377],[-72.77906,41.73022],[-72.79497,41.74747],[-72.80004,41.79183],[-72.7586,41.9072],[-72.76815,41.91772],[-72.90595,41.9217],[-72.91535,41.8968],[-72.94065,41.8952],[-72.94902,41.80643],[-73.08251,41.79839],[-73.09318,41.8154],[-73.14266,41.80851],[-73.14017,41.78924],[-73.15414,41.7837],[-73.20183,41.79005]]]}},{"type":"Feature","properties":{"id":"85","riding_id":"09002","FEDNUM":"09002","name_en":"Congressional District 2","name_fr":"Congressional District 2","state":""},"geometry":{"type":"MultiPolygon","coordinates":[[[[-72.60196,41.26584],[-72.60171,41.26673],[-72.60092,41.26588],[-72.60196,41.26584]]],[[[-72.77612,41.99735],[-72.75589,42.03635],[-71.80067,42.02351],[-71.78821,41.62102],[-71.79775,41.41673],[-71.84359,41.40533],[-71.82936,41.34243],[-71.85746,41.32079],[-71.89207,41.33008],[-71.90726,41.30448],[-71.92945,41.31039],[-72.05006,41.27661],[-72.33353,41.2722],[-72.38503,41.2539],[-72.48705,41.25014],[-72.48339,41.26234],[-72.50174,41.2478],[-72.54464,41.24871],[-72.58282,41.27199],[-72.65451,41.2657],[-72.63171,41.30933],[-72.67496,41.34857],[-72.67874,41.4338],[-72.60896,41.44309],[-72.63704,41.46383],[-72.6337,41.5002],[-72.55491,41.51105],[-72.56277,41.55843],[-72.54449,41.61582],[-72.52929,41.61744],[-72.54423,41.6427],[-72.63052,41.63328],[-72.62454,41.66836],[-72.54013,41.6882],[-72.61361,41.72816],[-72.4639,41.74557],[-72.47603,41.813],[-72.50753,41.8097],[-72.49681,41.86062],[-72.51833,41.8569],[-72.51333,41.9454],[-72.62343,41.9343],[-72.61395,41.94354],[-72.71617,41.9498],[-72.70762,41.97335],[-72.77612,41.99735]]]]}},{"type":"Feature","properties":{"id":"81","riding_id":"09003","FEDNUM":"09003","name_en":"Congressional District 3","name_fr":"Congressional District 3","state":""},"geometry":{"type":"Polygon","coordinates":[[[-73.16549,41.15503],[-73.15377,41.19272],[-73.16267,41.22084],[-73.14065,41.23799],[-73.15856,41.27845],[-73.14597,41.29683],[-73.15413,41.31326],[-73.14924,41.33358],[-73.12313,41.33886],[-73.14755,41.3677],[-73.08358,41.40377],[-73.0927,41.41345],[-73.07737,41.46519],[-73.10463,41.49139],[-73.09468,41.5138],[-73.07011,41.5143],[-73.08017,41.53491],[-73.06365,41.5283],[-73.04034,41.54761],[-73.00215,41.52475],[-72.97831,41.53393],[-72.94896,41.52268],[-72.93465,41.50125],[-72.95239,41.46459],[-72.88667,41.44796],[-72.8503,41.51573],[-72.74478,41.49818],[-72.74888,41.54428],[-72.6099,41.56284],[-72.55439,41.55065],[-72.55491,41.51105],[-72.6337,41.5002],[-72.63704,41.46383],[-72.60896,41.44309],[-72.67874,41.4338],[-72.67496,41.34857],[-72.63171,41.30933],[-72.65451,41.2657],[-72.67465,41.26651],[-72.67051,41.24813],[-72.73524,41.2521],[-72.75943,41.23974],[-72.78421,41.25539],[-72.81615,41.2397],[-72.8467,41.25507],[-72.86204,41.23925],[-72.90508,41.23912],[-72.89343,41.25838],[-72.90596,41.2827],[-72.93785,41.282],[-72.92101,41.26962],[-72.98672,41.23542],[-72.98435,41.2189],[-73.01623,41.20428],[-73.0523,41.21011],[-73.03755,41.1951],[-73.08822,41.18779],[-73.10778,41.1686],[-73.09535,41.1466],[-73.16549,41.15503]]]}},{"type":"Feature","properties":{"id":"84","riding_id":"09004","FEDNUM":"09004","name_en":"Congressional District 4","name_fr":"Congressional District 4","state":""},"geometry":{"type":"Polygon","coordinates":[[[-73.72777,41.1007],[-73.4827,41.21277],[-73.55096,41.29542],[-73.54342,41.37675],[-73.50644,41.37741],[-73.4701,41.32642],[-73.34705,41.35043],[-73.33334,41.31834],[-73.20228,41.37206],[-73.18486,41.4063],[-73.20769,41.42054],[-73.16419,41.44819],[-73.15789,41.48941],[-73.10423,41.4894],[-73.07737,41.46519],[-73.0927,41.41345],[-73.08358,41.40377],[-73.14755,41.3677],[-73.12313,41.33886],[-73.14924,41.33358],[-73.15413,41.31326],[-73.14597,41.29683],[-73.15856,41.27845],[-73.14065,41.23799],[-73.16267,41.22084],[-73.15377,41.19272],[-73.16576,41.1543],[-73.23264,41.14252],[-73.26426,41.1145],[-73.29771,41.12382],[-73.29556,41.0796],[-73.36136,41.0754],[-73.39028,41.02096],[-73.45646,41.02045],[-73.45646,40.98384],[-73.61289,40.95094],[-73.65967,40.98791],[-73.65525,41.01225],[-73.72777,41.1007]]]}},{"type":"Feature","properties":{"id":"83","riding_id":"09005","FEDNUM":"09005","name_en":"Congressional District 5","name_fr":"Congressional District 5","state":""},"geometry":{"type":"Polygon","coordinates":[[[-73.54326,41.37917],[-73.48732,42.04953],[-73.12723,42.04213],[-73.20184,41.79001],[-73.15414,41.7837],[-73.14017,41.78924],[-73.14266,41.80851],[-73.09318,41.8154],[-73.08251,41.79839],[-72.94902,41.80643],[-72.94065,41.8952],[-72.91535,41.8968],[-72.90595,41.9217],[-72.75893,41.90814],[-72.80004,41.79183],[-72.79497,41.74747],[-72.77906,41.73022],[-72.76247,41.7377],[-72.75036,41.65017],[-72.88338,41.64943],[-72.89827,41.72318],[-72.99855,41.7125],[-72.98308,41.63952],[-72.9385,41.64431],[-72.94635,41.5568],[-72.88389,41.56381],[-72.84428,41.54472],[-72.84854,41.56733],[-72.82764,41.571],[-72.81915,41.5543],[-72.80124,41.5731],[-72.75218,41.57889],[-72.74478,41.49818],[-72.8503,41.51573],[-72.88667,41.44796],[-72.95239,41.46459],[-72.93465,41.50125],[-72.94896,41.52268],[-72.97831,41.53393],[-73.00215,41.52475],[-73.04348,41.54754],[-73.06365,41.5283],[-73.08359,41.53168],[-73.07011,41.5143],[-73.09468,41.5138],[-73.10423,41.4894],[-73.15789,41.48941],[-73.16419,41.44819],[-73.20769,41.42054],[-73.18486,41.4063],[-73.20237,41.37198],[-73.33334,41.31834],[-73.34705,41.35043],[-73.4701,41.32642],[-73.50644,41.37741],[-73.54326,41.37917]]]}},{"type":"Feature","properties":{"id":"86","riding_id":"10000","FEDNUM":"10000","name_en":"Congressional District (at Large)","name_fr":"Congressional District (at Large)","state":""},"geometry":{"type":"Polygon","coordinates":[[[-75.69367,38.46008],[-75.7886,39.7222],[-75.77379,39.7222],[-75.72089,39.7893],[-75.65814,39.82316],[-75.52711,39.8378],[-75.40541,39.7964],[-75.4622,39.7632],[-75.47644,39.7162],[-75.55877,39.62999],[-75.55351,39.60182],[-75.51196,39.56729],[-75.53401,39.5407],[-75.52697,39.49917],[-75.55909,39.49581],[-75.56054,39.45564],[-75.32102,39.25138],[-75.16846,39.05618],[-75.01611,38.79053],[-74.98628,38.45163],[-75.69367,38.46008]]]}},{"type":"Feature","properties":{"id":null,"riding_id":"12001","FEDNUM":"12001","name_en":"Congressional District 1","name_fr":"Congressional District 1","state":"FL"},"geometry":{"type":"Polygon","coordinates":[[[-87.59883,30.99746],[-86.13273,30.99332],[-86.12,30.78744],[-86.14299,30.79037],[-86.15494,30.76753],[-86.13508,30.74611],[-86.16734,30.73143],[-86.15224,30.72112],[-86.15573,30.70105],[-86.12248,30.67666],[-86.1073,30.56007],[-86.08809,30.55975],[-86.08832,30.53036],[-86.10798,30.53056],[-86.10821,30.48654],[-86.12283,30.48665],[-86.11833,30.4721],[-86.17983,30.37511],[-86.18038,30.172],[-86.38501,30.22523],[-86.68765,30.24483],[-87.17692,30.17282],[-87.30281,30.16831],[-87.51837,30.12554],[-87.51838,30.28391],[-87.45008,30.31111],[-87.49998,30.30621],[-87.50471,30.32404],[-87.46108,30.33531],[-87.42958,30.4065],[-87.36694,30.44049],[-87.42508,30.4656],[-87.45038,30.51447],[-87.39492,30.61427],[-87.40648,30.67515],[-87.52998,30.74096],[-87.54544,30.77939],[-87.63475,30.86562],[-87.59094,30.95352],[-87.59883,30.99746]]]}},{"type":"Feature","properties":{"id":null,"riding_id":"12002","FEDNUM":"12002","name_en":"Congressional District 2","name_fr":"Congressional District 2","state":"FL"},"geometry":{"type":"Polygon","coordinates":[[[-86.16734,30.73143],[-86.13259,30.75505],[-86.15494,30.76753],[-86.14299,30.79037],[-86.12,30.78744],[-86.13273,30.99332],[-85.0019,31.00069],[-85.00574,30.97591],[-84.98113,30.96339],[-84.98313,30.93479],[-84.93443,30.88359],[-84.92567,30.84269],[-84.93743,30.82089],[-84.91433,30.7536],[-84.8647,30.71155],[-83.27565,30.62873],[-83.23894,30.51803],[-83.24377,30.47314],[-83.21773,30.46406],[-83.22221,30.42354],[-83.18028,30.41054],[-83.17097,30.38523],[-83.19287,30.37404],[-83.19025,30.35188],[-83.21255,30.34586],[-83.20993,30.31188],[-83.23301,30.29203],[-83.23696,30.26163],[-83.28306,30.25292],[-83.29258,30.12921],[-83.36845,30.12868],[-83.37089,29.88794],[-83.35299,29.88786],[-83.35286,29.82223],[-83.31886,29.82263],[-83.31947,29.77833],[-83.34568,29.7435],[-83.36282,29.66877],[-83.41544,29.66554],[-83.57541,29.52701],[-83.58207,29.56333],[-83.71007,29.6492],[-83.78495,29.79383],[-83.919,29.84195],[-84.06492,29.94009],[-84.1608,29.92127],[-84.18998,29.83039],[-84.25923,29.76816],[-84.32327,29.7481],[-84.41995,29.74697],[-84.47452,29.68774],[-84.58868,29.64075],[-84.71055,29.55207],[-84.90063,29.46983],[-85.07043,29.43699],[-85.12957,29.45329],[-85.25967,29.52482],[-85.35451,29.50538],[-85.44822,29.53444],[-85.54274,29.64935],[-85.57717,29.74595],[-85.58962,29.83757],[-85.70979,29.93585],[-85.80356,29.97817],[-85.93114,30.06697],[-86.18038,30.172],[-86.17983,30.37511],[-86.11833,30.4721],[-86.12283,30.48665],[-86.10821,30.48654],[-86.10798,30.53056],[-86.08832,30.53036],[-86.08809,30.55975],[-86.1073,30.56007],[-86.12248,30.67666],[-86.15573,30.70105],[-86.15224,30.72112],[-86.16734,30.73143]]]}},{"type":"Feature","properties":{"id":null,"riding_id":"12003","FEDNUM":"12003","name_en":"Congressional District 3","name_fr":"Congressional District 3","state":"FL"},"geometry":{"type":"Polygon","coordinates":[[[-83.17097,30.38523],[-83.18028,30.41054],[-83.22221,30.42354],[-83.21773,30.46406],[-83.24377,30.47314],[-83.23894,30.51803],[-83.26086,30.55296],[-83.26858,30.62149],[-83.30925,30.63441],[-82.21468,30.56856],[-82.24041,30.53778],[-82.20124,30.48512],[-82.21086,30.42538],[-82.19279,30.37907],[-82.16178,30.35712],[-82.04996,30.36248],[-82.05565,29.44185],[-82.08095,29.44039],[-82.09989,29.41867],[-82.1098,29.43538],[-82.15137,29.33932],[-82.15205,29.24582],[-82.14403,29.22311],[-82.07027,29.22294],[-82.05369,29.19366],[-82.07853,29.13534],[-82.1847,29.12094],[-82.18403,29.07737],[-82.12365,28.9602],[-82.3117,28.9604],[-82.36392,29.00192],[-82.41867,29.01314],[-82.4779,29.05257],[-82.59523,29.02988],[-82.61266,29.00928],[-82.71153,29.03099],[-82.76157,28.9921],[-83.18791,28.98658],[-83.25374,29.07651],[-83.26208,29.15573],[-83.33042,29.21187],[-83.35723,29.29171],[-83.54419,29.42136],[-83.57541,29.52701],[-83.41544,29.66554],[-83.36321,29.66824],[-83.34568,29.7435],[-83.31947,29.77833],[-83.31886,29.82263],[-83.35286,29.82223],[-83.35299,29.88786],[-83.37089,29.88794],[-83.36845,30.12868],[-83.29258,30.12921],[-83.28306,30.25292],[-83.23696,30.26163],[-83.23301,30.29203],[-83.20993,30.31188],[-83.21255,30.34586],[-83.19025,30.35188],[-83.19287,30.37404],[-83.17097,30.38523]]]}},{"type":"Feature","properties":{"id":null,"riding_id":"12004","FEDNUM":"12004","name_en":"Congressional District 4","name_fr":"Congressional District 4","state":"FL"},"geometry":{"type":"Polygon","coordinates":[[[-81.67963,30.1905],[-81.68888,30.02857],[-81.60487,29.9635],[-81.60761,29.90566],[-81.58121,29.84018],[-81.81243,29.8365],[-81.862,29.80019],[-81.9142,29.7914],[-81.93943,29.7475],[-82.04925,29.71868],[-82.05006,30.3614],[-82.03716,30.37204],[-82.04377,30.41487],[-82.01691,30.47512],[-82.0054,30.5637],[-82.05033,30.67574],[-82.03867,30.75109],[-82.01122,30.76313],[-82.02303,30.78753],[-81.97364,30.77872],[-81.94964,30.82785],[-81.90911,30.81569],[-81.90125,30.82989],[-81.86852,30.79291],[-81.79308,30.78726],[-81.78263,30.76146],[-81.76172,30.7757],[-81.72013,30.74472],[-81.6725,30.7388],[-81.6831,30.7485],[-81.66233,30.75418],[-81.65216,30.72888],[-81.62437,30.73635],[-81.60987,30.71594],[-81.60189,30.72959],[-81.53839,30.70866],[-81.5323,30.7241],[-81.48847,30.72631],[-81.45124,30.70949],[-81.34702,30.71245],[-81.37481,30.65653],[-81.38028,30.56323],[-81.35358,30.44667],[-81.32488,30.42474],[-81.31726,30.39612],[-81.42356,30.40301],[-81.45031,30.38095],[-81.51262,30.39274],[-81.55685,30.38506],[-81.55319,30.3619],[-81.60685,30.36395],[-81.60606,30.32852],[-81.62982,30.31414],[-81.66361,30.32099],[-81.68412,30.28324],[-81.64914,30.22817],[-81.67963,30.1905]]]}},{"type":"Feature","properties":{"id":null,"riding_id":"12005","FEDNUM":"12005","name_en":"Congressional District 5","name_fr":"Congressional District 5","state":"FL"},"geometry":{"type":"Polygon","coordinates":[[[-81.2811,29.84088],[-81.29422,29.83016],[-81.32258,29.84311],[-81.32263,29.82166],[-81.33748,29.81698],[-81.36762,29.83959],[-81.3791,29.8257],[-81.39486,29.86139],[-81.58346,29.84456],[-81.60761,29.90566],[-81.60427,29.96241],[-81.67825,30.01224],[-81.69037,30.03998],[-81.67998,30.11912],[-81.69052,30.17195],[-81.64914,30.22817],[-81.68412,30.28324],[-81.66361,30.32099],[-81.62982,30.31414],[-81.60606,30.32852],[-81.60685,30.36395],[-81.55319,30.3619],[-81.55685,30.38506],[-81.51262,30.39274],[-81.45031,30.38095],[-81.42356,30.40301],[-81.31726,30.39612],[-81.33538,30.3613],[-81.33063,30.29949],[-81.20652,29.85557],[-81.2062,29.83849],[-81.26216,29.81952],[-81.2811,29.84088]]]}},{"type":"Feature","properties":{"id":null,"riding_id":"12006","FEDNUM":"12006","name_en":"Congressional District 6","name_fr":"Congressional District 6","state":"FL"},"geometry":{"type":"Polygon","coordinates":[[[-81.15082,29.67109],[-80.94645,29.22722],[-80.99816,29.20555],[-80.97916,29.15493],[-81.04492,29.15491],[-81.05668,29.13985],[-81.04839,29.12011],[-81.07249,29.12477],[-81.06883,29.10444],[-81.0877,29.10587],[-81.08401,29.01207],[-81.16806,29.03017],[-81.23157,29.01764],[-81.25776,28.95555],[-81.31373,28.98416],[-81.33219,28.97476],[-81.33294,28.91956],[-81.35277,28.92312],[-81.35662,28.88758],[-81.41956,28.81519],[-81.56004,28.80773],[-81.59297,28.78598],[-81.6874,28.78787],[-81.6882,28.82069],[-81.70821,28.82166],[-81.69248,28.83829],[-81.75099,28.83521],[-81.7724,28.86654],[-81.8392,28.8947],[-81.85018,28.88152],[-81.95346,28.887],[-81.95419,28.96006],[-82.12365,28.9602],[-82.18403,29.07737],[-82.1847,29.12094],[-82.07853,29.13534],[-82.05369,29.19366],[-82.07027,29.22294],[-82.14403,29.22311],[-82.15206,29.24225],[-82.15137,29.33932],[-82.1098,29.43538],[-82.09989,29.41867],[-82.08095,29.44039],[-82.05565,29.44185],[-82.05563,29.71824],[-81.93943,29.7475],[-81.9142,29.7914],[-81.862,29.80019],[-81.81243,29.8365],[-81.58121,29.84018],[-81.39486,29.86139],[-81.3791,29.8257],[-81.36762,29.83959],[-81.33966,29.81707],[-81.32263,29.82166],[-81.31808,29.84483],[-81.29422,29.83016],[-81.27656,29.84099],[-81.26998,29.81945],[-81.2062,29.83849],[-81.15082,29.67109]]]}},{"type":"Feature","properties":{"id":null,"riding_id":"12007","FEDNUM":"12007","name_en":"Congressional District 7","name_fr":"Congressional District 7","state":"FL"},"geometry":{"type":"Polygon","coordinates":[[[-81.41646,28.7557],[-81.41757,28.82273],[-81.35662,28.88758],[-81.35277,28.92312],[-81.33294,28.91956],[-81.33219,28.97476],[-81.30234,28.98436],[-81.25776,28.95555],[-81.23157,29.01764],[-81.17926,29.02994],[-81.08401,29.01207],[-81.0877,29.10587],[-81.06883,29.10444],[-81.07249,29.12477],[-81.04839,29.12011],[-81.05668,29.13985],[-81.04492,29.15491],[-80.97916,29.15493],[-80.99816,29.20555],[-80.94645,29.22722],[-80.90684,29.14471],[-80.66346,28.79059],[-80.9679,28.7902],[-80.96725,28.6127],[-81.32789,28.61051],[-81.32848,28.63963],[-81.45973,28.6402],[-81.45953,28.71327],[-81.44067,28.71582],[-81.41646,28.7557]]]}},{"type":"Feature","properties":{"id":null,"riding_id":"12008","FEDNUM":"12008","name_en":"Congressional District 8","name_fr":"Congressional District 8","state":"FL"},"geometry":{"type":"Polygon","coordinates":[[[-80.86888,27.82253],[-80.86291,28.34749],[-81.09468,28.34811],[-81.09502,28.45172],[-81.23029,28.4515],[-81.25096,28.52466],[-81.24009,28.52466],[-81.2459,28.53935],[-81.20381,28.54679],[-81.22409,28.61179],[-80.96447,28.613],[-80.9679,28.7902],[-80.66346,28.79059],[-80.52298,28.60824],[-80.47056,28.47233],[-80.48121,28.42552],[-80.51943,28.39109],[-80.544,28.2711],[-80.49978,28.07724],[-80.38507,27.86137],[-80.49108,27.85461],[-80.50908,27.82206],[-80.86888,27.82253]]]}},{"type":"Feature","properties":{"id":null,"riding_id":"12009","FEDNUM":"12009","name_en":"Congressional District 9","name_fr":"Congressional District 9","state":"FL"},"geometry":{"type":"Polygon","coordinates":[[[-80.26355,27.55679],[-80.67982,27.55848],[-80.67743,27.12162],[-80.88564,26.95892],[-80.94532,26.7691],[-81.43494,26.76878],[-81.43492,26.78346],[-81.44914,26.78349],[-81.45946,26.76886],[-81.56575,26.76961],[-81.56354,27.64665],[-81.5299,27.64643],[-81.56396,27.69275],[-81.56255,27.71902],[-81.59751,27.75176],[-81.59712,27.77503],[-81.57379,27.76302],[-81.57993,27.7767],[-81.55121,27.77761],[-81.56089,27.80447],[-81.54762,27.821],[-81.44905,27.80651],[-81.41952,27.87877],[-81.38763,27.86957],[-81.38702,27.90131],[-81.35244,27.91387],[-81.33649,27.94765],[-81.37651,27.97826],[-81.3798,27.99995],[-81.3539,28.02613],[-81.3668,28.06188],[-81.34641,28.06939],[-81.34642,28.0847],[-81.3906,28.09279],[-81.5071,28.21833],[-81.51323,28.23092],[-81.48737,28.23081],[-81.48595,28.25886],[-81.53814,28.28256],[-81.52089,28.31526],[-81.53343,28.34553],[-81.38885,28.34788],[-81.37296,28.36902],[-81.37001,28.4752],[-81.35772,28.49266],[-81.28938,28.48025],[-81.26431,28.44867],[-81.09502,28.45172],[-81.09468,28.34811],[-80.8629,28.34748],[-80.86888,27.82253],[-80.50908,27.82206],[-80.49108,27.85461],[-80.38507,27.86137],[-80.32812,27.75031],[-80.26355,27.55679]]]}},{"type":"Feature","properties":{"id":null,"riding_id":"12010","FEDNUM":"12010","name_en":"Congressional District 10","name_fr":"Congressional District 10","state":"FL"},"geometry":{"type":"Polygon","coordinates":[[[-81.56289,28.60692],[-81.5423,28.63076],[-81.5507,28.66193],[-81.52735,28.66104],[-81.52694,28.68293],[-81.45967,28.67275],[-81.45973,28.6402],[-81.32848,28.63963],[-81.32789,28.61051],[-81.22409,28.61179],[-81.20381,28.54679],[-81.2459,28.53935],[-81.24009,28.52466],[-81.25096,28.52466],[-81.23029,28.4515],[-81.26431,28.44867],[-81.28938,28.48025],[-81.33087,28.48056],[-81.34666,28.49672],[-81.3676,28.46555],[-81.39696,28.46526],[-81.40092,28.45036],[-81.47786,28.45001],[-81.47527,28.49366],[-81.54205,28.54598],[-81.52593,28.58101],[-81.54266,28.57689],[-81.54264,28.5952],[-81.56289,28.60692]]]}},{"type":"Feature","properties":{"id":null,"riding_id":"12011","FEDNUM":"12011","name_en":"Congressional District 11","name_fr":"Congressional District 11","state":"FL"},"geometry":{"type":"Polygon","coordinates":[[[-82.16978,28.79672],[-82.27359,28.89722],[-82.3117,28.9604],[-81.95419,28.96006],[-81.95346,28.887],[-81.85018,28.88152],[-81.8392,28.8947],[-81.79879,28.88111],[-81.75099,28.83521],[-81.69248,28.83829],[-81.70821,28.82166],[-81.6882,28.82069],[-81.6874,28.78787],[-81.59297,28.78598],[-81.56004,28.80773],[-81.41956,28.81519],[-81.41647,28.75545],[-81.44067,28.71582],[-81.45936,28.71365],[-81.45967,28.67275],[-81.52694,28.68293],[-81.52735,28.66104],[-81.5507,28.66193],[-81.5423,28.63076],[-81.56314,28.60668],[-81.54264,28.5952],[-81.54266,28.57689],[-81.52593,28.58101],[-81.54205,28.54598],[-81.47527,28.49366],[-81.47786,28.45001],[-81.40092,28.45036],[-81.39696,28.46526],[-81.3676,28.46555],[-81.37369,28.36704],[-81.3919,28.34779],[-81.79073,28.34642],[-81.79089,28.36184],[-81.85763,28.36187],[-81.85752,28.34597],[-81.95764,28.34519],[-81.95781,28.30889],[-82.02037,28.32385],[-82.05582,28.3128],[-82.05447,28.52137],[-82.09545,28.52384],[-82.15617,28.57336],[-82.21195,28.57406],[-82.27483,28.6562],[-82.24908,28.71778],[-82.18481,28.76178],[-82.16978,28.79672]]]}},{"type":"Feature","properties":{"id":null,"riding_id":"12012","FEDNUM":"12012","name_en":"Congressional District 12","name_fr":"Congressional District 12","state":"FL"},"geometry":{"type":"Polygon","coordinates":[[[-82.44426,27.95582],[-82.48506,27.94477],[-82.50102,27.996],[-82.54195,28.01098],[-82.54176,28.02553],[-82.58786,28.02757],[-82.60812,28.01043],[-82.64856,28.03368],[-82.65117,28.17327],[-82.66621,28.17985],[-82.66598,28.21705],[-82.76531,28.21309],[-82.74983,28.26583],[-83.00992,28.26639],[-83.00282,28.2803],[-82.95926,28.32791],[-82.89736,28.35702],[-82.87494,28.43079],[-82.28121,28.4348],[-82.31914,28.39544],[-82.32667,28.27575],[-82.35456,28.23698],[-82.3537,28.17129],[-82.39463,28.17126],[-82.43075,28.10766],[-82.42619,28.04358],[-82.44294,28.01436],[-82.44426,27.95582]]]}},{"type":"Feature","properties":{"id":null,"riding_id":"12013","FEDNUM":"12013","name_en":"Congressional District 13","name_fr":"Congressional District 13","state":"FL"},"geometry":{"type":"Polygon","coordinates":[[[-82.72864,27.80635],[-82.7519,27.83914],[-82.81169,27.84362],[-82.81807,27.8287],[-82.84594,27.83696],[-82.83484,27.81884],[-83.01044,27.81565],[-83.01998,27.89342],[-82.99746,28.01276],[-83.02205,28.19892],[-83.00992,28.26639],[-82.74983,28.26583],[-82.76531,28.21309],[-82.66598,28.21705],[-82.66621,28.17985],[-82.65117,28.17327],[-82.64832,27.9474],[-82.57752,27.91601],[-82.55842,27.79751],[-82.66363,27.79196],[-82.68751,27.81622],[-82.72864,27.80635]]]}},{"type":"Feature","properties":{"id":null,"riding_id":"12014","FEDNUM":"12014","name_en":"Congressional District 14","name_fr":"Congressional District 14","state":"FL"},"geometry":{"type":"Polygon","coordinates":[[[-82.54195,28.01098],[-82.50102,27.996],[-82.48506,27.94477],[-82.39753,27.94977],[-82.39761,27.93357],[-82.3687,27.92269],[-82.3687,27.89921],[-82.3482,27.89509],[-82.32689,28.00226],[-82.3024,28.00635],[-82.2985,28.07295],[-82.13762,28.07657],[-82.14041,28.0911],[-82.05641,28.08039],[-82.05435,27.64639],[-82.60576,27.64443],[-82.54062,27.78501],[-82.56362,27.80691],[-82.57752,27.91601],[-82.64832,27.9474],[-82.64856,28.03368],[-82.60812,28.01043],[-82.58786,28.02757],[-82.54176,28.02553],[-82.54195,28.01098]]]}},{"type":"Feature","properties":{"id":null,"riding_id":"12015","FEDNUM":"12015","name_en":"Congressional District 15","name_fr":"Congressional District 15","state":"FL"},"geometry":{"type":"Polygon","coordinates":[[[-82.28121,28.4348],[-82.87494,28.43079],[-82.83914,28.57459],[-82.87086,28.62161],[-82.9235,28.76714],[-82.9158,28.85651],[-82.94177,28.90684],[-82.94557,28.96376],[-83.08218,28.9462],[-83.18791,28.98658],[-82.76157,28.9921],[-82.71153,29.03099],[-82.61266,29.00928],[-82.59523,29.02988],[-82.4779,29.05257],[-82.31584,28.97328],[-82.27359,28.89722],[-82.18364,28.82363],[-82.16914,28.79296],[-82.18793,28.77776],[-82.18336,28.76351],[-82.24908,28.71778],[-82.27483,28.6562],[-82.21195,28.57406],[-82.15617,28.57336],[-82.09545,28.52384],[-82.05447,28.52137],[-82.05553,28.25893],[-82.10621,28.25925],[-82.10586,28.17166],[-82.05626,28.1716],[-82.05641,28.08039],[-82.14041,28.0911],[-82.13762,28.07657],[-82.2985,28.07295],[-82.3024,28.00635],[-82.32689,28.00226],[-82.3482,27.89509],[-82.3687,27.89921],[-82.3687,27.92269],[-82.39761,27.93357],[-82.39753,27.94977],[-82.44297,27.95582],[-82.44294,28.01436],[-82.42619,28.04358],[-82.43075,28.10766],[-82.40414,28.15769],[-82.39463,28.17126],[-82.3537,28.17129],[-82.35456,28.23698],[-82.32667,28.27575],[-82.31914,28.39544],[-82.28121,28.4348]]]}},{"type":"Feature","properties":{"id":null,"riding_id":"12016","FEDNUM":"12016","name_en":"Congressional District 16","name_fr":"Congressional District 16","state":"FL"},"geometry":{"type":"Polygon","coordinates":[[[-82.05435,27.64639],[-82.05521,27.87983],[-82.01216,27.89041],[-81.97351,27.88743],[-81.9732,27.85081],[-81.85506,27.83046],[-81.83386,27.79795],[-81.83219,27.8205],[-81.7036,27.82813],[-81.69542,27.79243],[-81.66277,27.79075],[-81.65028,27.75516],[-81.62998,27.78453],[-81.59065,27.75917],[-81.5299,27.64643],[-81.56354,27.64665],[-81.56263,27.03384],[-82.05751,27.03212],[-82.10247,27.07579],[-82.17593,27.07696],[-82.17454,27.09332],[-82.18942,27.08189],[-82.18002,27.09926],[-82.38524,27.11185],[-82.4309,27.16658],[-82.45147,27.22912],[-82.449,27.38861],[-82.85074,27.39139],[-82.93132,27.55326],[-82.91522,27.68414],[-82.96981,27.73943],[-83.01044,27.81565],[-82.83484,27.81884],[-82.84594,27.83696],[-82.81807,27.8287],[-82.79898,27.84344],[-82.7519,27.83914],[-82.72864,27.80635],[-82.68751,27.81622],[-82.66363,27.79196],[-82.55842,27.79751],[-82.54062,27.78501],[-82.60576,27.64443],[-82.05435,27.64639]]]}},{"type":"Feature","properties":{"id":null,"riding_id":"12017","FEDNUM":"12017","name_en":"Congressional District 17","name_fr":"Congressional District 17","state":"FL"},"geometry":{"type":"Polygon","coordinates":[[[-82.05751,27.03212],[-81.56263,27.03384],[-81.56803,26.68403],[-81.663,26.68624],[-81.66404,26.64427],[-81.71626,26.62878],[-81.71477,26.57993],[-81.78642,26.54746],[-81.79877,26.57642],[-81.83485,26.57048],[-81.83839,26.59771],[-81.87163,26.59356],[-81.88379,26.57538],[-81.8837,26.59331],[-81.91131,26.60866],[-81.91263,26.62775],[-81.88189,26.65711],[-81.93134,26.77006],[-82.46202,26.78743],[-82.59439,26.99023],[-82.67054,27.15444],[-82.85074,27.39139],[-82.449,27.38861],[-82.45147,27.22912],[-82.4309,27.16658],[-82.38876,27.1144],[-82.18002,27.09926],[-82.18942,27.08189],[-82.17454,27.09332],[-82.17593,27.07696],[-82.10247,27.07579],[-82.05751,27.03212]]]}},{"type":"Feature","properties":{"id":null,"riding_id":"12018","FEDNUM":"12018","name_en":"Congressional District 18","name_fr":"Congressional District 18","state":"FL"},"geometry":{"type":"Polygon","coordinates":[[[-81.53193,28.34729],[-81.52467,28.28925],[-81.53814,28.28256],[-81.48595,28.25886],[-81.48737,28.23081],[-81.51323,28.23092],[-81.5071,28.21833],[-81.3906,28.09279],[-81.34642,28.0847],[-81.34641,28.06939],[-81.3668,28.06188],[-81.3539,28.02613],[-81.3798,27.99995],[-81.37651,27.97826],[-81.33683,27.94992],[-81.34002,27.93122],[-81.38702,27.90131],[-81.38763,27.86957],[-81.41952,27.87877],[-81.44905,27.80651],[-81.54762,27.821],[-81.56089,27.80447],[-81.55121,27.77761],[-81.58081,27.77599],[-81.5686,27.7644],[-81.59712,27.77503],[-81.59047,27.75926],[-81.60264,27.75935],[-81.62998,27.78453],[-81.65028,27.75516],[-81.66277,27.79075],[-81.69542,27.79243],[-81.70351,27.82811],[-81.83219,27.8205],[-81.83386,27.79795],[-81.85536,27.83059],[-81.9732,27.85081],[-81.97351,27.88743],[-82.05521,27.87983],[-82.05626,28.1716],[-82.10586,28.17166],[-82.10624,28.25024],[-82.05553,28.25893],[-82.05484,28.31394],[-82.01563,28.32365],[-81.9857,28.3053],[-81.95781,28.30889],[-81.95764,28.34519],[-81.85752,28.34597],[-81.85763,28.36187],[-81.79089,28.36184],[-81.79073,28.34642],[-81.53193,28.34729]]]}},{"type":"Feature","properties":{"id":null,"riding_id":"12019","FEDNUM":"12019","name_en":"Congressional District 19","name_fr":"Congressional District 19","state":"FL"},"geometry":{"type":"Polygon","coordinates":[[[-81.84113,26.58034],[-81.79877,26.57642],[-81.78642,26.54746],[-81.76163,26.54852],[-81.71444,26.58043],[-81.71626,26.62878],[-81.66384,26.64453],[-81.663,26.68624],[-81.56626,26.68725],[-81.56218,26.42263],[-81.65951,26.42108],[-81.6579,26.31757],[-81.6905,26.31734],[-81.68692,26.1217],[-81.73042,26.1388],[-81.78019,26.13643],[-81.78437,26.07894],[-81.80337,26.09001],[-81.81016,26.139],[-81.97322,26.12496],[-82.00546,26.28443],[-82.06955,26.27192],[-82.14532,26.28068],[-82.2185,26.31085],[-82.30141,26.37274],[-82.33691,26.42465],[-82.4244,26.63428],[-82.43157,26.73615],[-82.46202,26.78743],[-81.93134,26.77006],[-81.88189,26.65711],[-81.91263,26.62775],[-81.91131,26.60866],[-81.8837,26.59331],[-81.88379,26.57538],[-81.87163,26.59356],[-81.83839,26.59771],[-81.84113,26.58034]]]}},{"type":"Feature","properties":{"id":null,"riding_id":"12020","FEDNUM":"12020","name_en":"Congressional District 20","name_fr":"Congressional District 20","state":"FL"},"geometry":{"type":"Polygon","coordinates":[[[-80.28226,26.25843],[-80.28249,26.27286],[-80.16897,26.27423],[-80.16902,26.28909],[-80.136,26.2914],[-80.12814,26.32771],[-80.09898,26.3275],[-80.1382,26.20901],[-80.11991,26.20215],[-80.11301,26.12901],[-80.14555,26.10564],[-80.23233,26.10587],[-80.22756,26.12481],[-80.28529,26.12084],[-80.29773,26.13548],[-80.29736,26.2586],[-80.28226,26.25843]]]}},{"type":"Feature","properties":{"id":null,"riding_id":"12021","FEDNUM":"12021","name_en":"Congressional District 21","name_fr":"Congressional District 21","state":"FL"},"geometry":{"type":"Polygon","coordinates":[[[-80.67743,27.12162],[-80.67982,27.55848],[-80.26355,27.55679],[-80.0391,27.02986],[-79.97501,26.77294],[-80.04939,26.76926],[-80.04725,26.79249],[-80.09862,26.79418],[-80.09948,26.77446],[-80.10713,26.78344],[-80.1331,26.76598],[-80.1452,26.67879],[-80.21443,26.68064],[-80.21317,26.70951],[-80.22924,26.70622],[-80.21868,26.76579],[-80.38309,26.7655],[-80.53049,26.89854],[-80.53022,26.95808],[-80.88564,26.95892],[-80.67743,27.12162]]]}},{"type":"Feature","properties":{"id":null,"riding_id":"12022","FEDNUM":"12022","name_en":"Congressional District 22","name_fr":"Congressional District 22","state":"FL"},"geometry":{"type":"Polygon","coordinates":[[[-81.56218,26.42263],[-81.56575,26.76961],[-81.45946,26.76886],[-81.44914,26.78349],[-81.43492,26.78346],[-81.43494,26.76878],[-80.94532,26.7691],[-80.88564,26.95892],[-80.53022,26.95808],[-80.53049,26.89854],[-80.38309,26.7655],[-80.21868,26.76579],[-80.22924,26.70622],[-80.21317,26.70951],[-80.21443,26.68064],[-80.1452,26.67879],[-80.17325,26.5904],[-80.20558,26.59139],[-80.20294,26.32783],[-80.16979,26.32781],[-80.16897,26.27423],[-80.28249,26.27286],[-80.28215,26.25842],[-80.29736,26.2586],[-80.29773,26.13548],[-80.28529,26.12084],[-80.22146,26.12081],[-80.23233,26.10587],[-80.21819,26.10599],[-80.21532,26.06557],[-80.442,26.06194],[-80.44753,26.14525],[-80.69906,26.14643],[-80.87914,26.17255],[-80.8731,25.80538],[-81.84821,25.80079],[-81.90916,25.90399],[-81.96444,26.05361],[-81.97322,26.12496],[-81.81016,26.139],[-81.79797,26.07892],[-81.78226,26.07927],[-81.78019,26.13643],[-81.73042,26.1388],[-81.68692,26.1217],[-81.6905,26.31734],[-81.6579,26.31757],[-81.65951,26.42108],[-81.56218,26.42263]]]}},{"type":"Feature","properties":{"id":null,"riding_id":"12023","FEDNUM":"12023","name_en":"Congressional District 23","name_fr":"Congressional District 23","state":"FL"},"geometry":{"type":"Polygon","coordinates":[[[-80.20455,26.45383],[-80.20558,26.59139],[-80.17325,26.5904],[-80.17356,26.61743],[-80.15743,26.61766],[-80.1331,26.76598],[-80.10713,26.78344],[-80.09948,26.77446],[-80.09862,26.79418],[-80.04725,26.79249],[-80.04939,26.76926],[-79.97501,26.77294],[-79.98248,26.56925],[-80.00253,26.45454],[-80.05387,26.45426],[-80.0514,26.47551],[-80.06684,26.47735],[-80.07379,26.43974],[-80.12246,26.4465],[-80.12206,26.42435],[-80.13415,26.42417],[-80.17137,26.43896],[-80.17163,26.45365],[-80.20455,26.45383]]]}},{"type":"Feature","properties":{"id":null,"riding_id":"12024","FEDNUM":"12024","name_en":"Congressional District 24","name_fr":"Congressional District 24","state":"FL"},"geometry":{"type":"Polygon","coordinates":[[[-80.28727,25.88133],[-80.2799,26.01534],[-80.16813,26.03357],[-80.16557,26.06259],[-80.14388,26.05924],[-80.14807,25.97441],[-80.16573,25.97379],[-80.18869,25.94324],[-80.17604,25.92542],[-80.15425,25.92613],[-80.16557,25.88378],[-80.14547,25.87271],[-80.16347,25.85568],[-80.16897,25.7797],[-80.2561,25.79236],[-80.23982,25.79428],[-80.24023,25.80862],[-80.25845,25.80719],[-80.24654,25.81352],[-80.25943,25.88206],[-80.28727,25.88133]]]}},{"type":"Feature","properties":{"id":null,"riding_id":"12025","FEDNUM":"12025","name_en":"Congressional District 25","name_fr":"Congressional District 25","state":"FL"},"geometry":{"type":"Polygon","coordinates":[[[-80.21306,26.10615],[-80.14555,26.10564],[-80.11301,26.12901],[-80.11991,26.20215],[-80.1382,26.20901],[-80.09831,26.32592],[-80.12814,26.32771],[-80.136,26.2914],[-80.16528,26.28901],[-80.16979,26.32781],[-80.20294,26.32783],[-80.20455,26.45383],[-80.17163,26.45365],[-80.17137,26.43896],[-80.13382,26.42417],[-80.12206,26.42435],[-80.12246,26.4465],[-80.07379,26.43974],[-80.06684,26.47735],[-80.0514,26.47551],[-80.05387,26.45426],[-80.00253,26.45454],[-80.05453,26.07312],[-80.06962,25.75566],[-80.09178,25.72111],[-80.16905,25.77921],[-80.16347,25.85568],[-80.14547,25.87271],[-80.16557,25.88378],[-80.15425,25.92613],[-80.17604,25.92542],[-80.18869,25.94324],[-80.16573,25.97379],[-80.14807,25.97441],[-80.14388,26.05924],[-80.16557,26.06259],[-80.16813,26.03357],[-80.21333,26.03224],[-80.21306,26.10615]]]}},{"type":"Feature","properties":{"id":null,"riding_id":"12026","FEDNUM":"12026","name_en":"Congressional District 26","name_fr":"Congressional District 26","state":"FL"},"geometry":{"type":"Polygon","coordinates":[[[-80.25845,25.80719],[-80.24023,25.80862],[-80.23982,25.79428],[-80.31414,25.77996],[-80.36898,25.78075],[-80.3691,25.79714],[-80.38523,25.79713],[-80.38437,25.78185],[-80.41914,25.78026],[-80.41703,25.76094],[-80.82953,25.76304],[-80.8731,25.80538],[-80.87914,26.17255],[-80.69906,26.14643],[-80.44753,26.14525],[-80.442,26.06194],[-80.21549,26.06557],[-80.21333,26.03224],[-80.2799,26.01534],[-80.27673,25.92513],[-80.29318,25.92503],[-80.29179,25.89458],[-80.28727,25.88133],[-80.25943,25.88206],[-80.24654,25.81352],[-80.25845,25.80719]]]}},{"type":"Feature","properties":{"id":null,"riding_id":"12027","FEDNUM":"12027","name_en":"Congressional District 27","name_fr":"Congressional District 27","state":"FL"},"geometry":{"type":"Polygon","coordinates":[[[-80.36898,25.78075],[-80.17736,25.78723],[-80.09178,25.72111],[-80.104,25.56187],[-80.1206,25.53407],[-80.17546,25.54773],[-80.31668,25.53264],[-80.37229,25.56998],[-80.38458,25.68648],[-80.35864,25.76431],[-80.36898,25.78075]]]}},{"type":"Feature","properties":{"id":null,"riding_id":"12028","FEDNUM":"12028","name_en":"Congressional District 28","name_fr":"Congressional District 28","state":"FL"},"geometry":{"type":"MultiPolygon","coordinates":[[[[-81.17035,24.96214],[-81.29506,25.09793],[-81.3423,25.22483],[-81.31491,25.35155],[-81.3252,25.39062],[-81.42541,25.5516],[-81.4876,25.59205],[-81.51902,25.65694],[-81.57623,25.68604],[-81.67974,25.67256],[-81.76172,25.69721],[-81.80567,25.73411],[-81.84821,25.80079],[-80.8731,25.80538],[-80.82737,25.76199],[-80.64915,25.76088],[-80.41703,25.76094],[-80.41704,25.78206],[-80.38437,25.78185],[-80.38523,25.79713],[-80.3691,25.79714],[-80.35864,25.76431],[-80.3673,25.72271],[-80.38259,25.71486],[-80.38253,25.63093],[-80.35887,25.55558],[-80.31668,25.53264],[-80.11168,25.54031],[-80.09431,25.48909],[-80.10065,25.45881],[-80.13911,25.43311],[-80.33332,25.09921],[-80.39044,25.05719],[-80.39651,25.02821],[-80.4391,24.99799],[-80.45337,24.9637],[-80.51435,24.94063],[-80.64043,24.83844],[-80.77109,24.76596],[-80.85223,24.74894],[-81.04765,24.64024],[-81.09723,24.63301],[-81.14769,24.64907],[-81.3748,24.57149],[-81.46509,24.55286],[-81.51462,24.56476],[-81.52786,24.55328],[-81.51988,24.51256],[-81.53993,24.48604],[-81.6972,24.43232],[-81.74981,24.43846],[-81.77369,24.47274],[-81.77081,24.49688],[-81.79237,24.49562],[-81.78181,24.46093],[-81.8007,24.42714],[-81.92056,24.39631],[-81.97447,24.42083],[-81.97441,24.47121],[-82.03428,24.4825],[-82.06717,24.52372],[-82.10034,24.5],[-82.16949,24.4977],[-82.21417,24.52742],[-82.21545,24.58376],[-82.3265,24.58373],[-82.28243,24.67624],[-82.20073,24.73817],[-82.10976,24.74711],[-82.02695,24.72572],[-81.89429,24.76365],[-81.48849,24.96635],[-81.25486,24.98659],[-81.17035,24.96214]]],[[[-83.10874,24.62949],[-83.08846,24.69206],[-83.04111,24.74091],[-82.97907,24.77606],[-82.86889,24.79809],[-82.77567,24.79818],[-82.70978,24.77313],[-82.65509,24.71332],[-82.63992,24.65492],[-82.65669,24.58371],[-82.82818,24.58377],[-82.87207,24.56222],[-82.99975,24.58392],[-82.99988,24.47699],[-83.08256,24.53688],[-83.10874,24.62949]]]]}},{"type":"Feature","properties":{"id":"116","riding_id":"13001","FEDNUM":"13001","name_en":"Congressional District 1","name_fr":"Congressional District 1","state":""},"geometry":{"type":"Polygon","coordinates":[[[-82.70104,31.22389],[-82.69921,31.2781],[-82.66377,31.28808],[-82.62962,31.27473],[-82.62818,31.46935],[-82.59751,31.46929],[-82.59628,31.5579],[-82.62827,31.55833],[-82.62734,31.67267],[-82.52139,31.67251],[-82.52057,31.7362],[-82.55071,31.73633],[-82.55069,31.74911],[-82.52016,31.74919],[-82.52025,31.83839],[-82.43136,31.83799],[-82.43153,31.96618],[-82.31448,31.93078],[-82.31391,31.94712],[-82.30111,31.93327],[-82.28642,31.94244],[-82.19134,31.9005],[-82.13424,31.908],[-82.13554,31.8917],[-82.11954,31.886],[-82.11292,31.90094],[-82.11548,31.86285],[-82.04152,31.82042],[-82.0164,31.82373],[-81.97554,31.78271],[-81.97991,31.80455],[-81.95513,31.80985],[-81.91247,31.88696],[-81.89255,31.89503],[-81.87607,31.96838],[-81.71866,32.08935],[-81.75681,32.10478],[-81.78154,32.15252],[-81.43583,32.24129],[-81.45325,32.29462],[-81.41897,32.30781],[-81.38943,32.29368],[-81.39265,32.33032],[-81.34292,32.33002],[-81.32605,32.363],[-81.25767,32.33558],[-81.18108,32.37877],[-81.15973,32.34024],[-81.14386,32.35154],[-81.12912,32.34089],[-81.13801,32.32824],[-81.11963,32.28678],[-81.15661,32.24328],[-81.15206,32.22204],[-81.11403,32.1957],[-81.11113,32.1727],[-81.12976,32.16584],[-81.11224,32.1508],[-81.11537,32.11471],[-81.03812,32.08373],[-81.00431,32.10237],[-80.92508,32.04194],[-80.82276,32.03424],[-80.78296,31.99595],[-80.79627,31.95346],[-80.85534,31.91081],[-80.92859,31.81698],[-80.97073,31.79835],[-81.01381,31.72864],[-81.05662,31.71487],[-81.04979,31.68863],[-81.08707,31.52916],[-81.19076,31.39988],[-81.17109,31.37032],[-81.18767,31.24626],[-81.23434,31.17026],[-81.29642,31.15188],[-81.28588,31.10944],[-81.29787,31.08095],[-81.34531,31.05936],[-81.35342,31.03712],[-81.31071,30.99733],[-81.30483,30.97077],[-81.34521,30.9315],[-81.36268,30.84593],[-81.40048,30.76643],[-81.35915,30.74431],[-81.34701,30.71244],[-81.45124,30.70948],[-81.48846,30.72631],[-81.5323,30.72409],[-81.53839,30.70866],[-81.60188,30.72959],[-81.60987,30.71593],[-81.62437,30.73634],[-81.65215,30.72887],[-81.66232,30.75418],[-81.6831,30.74849],[-81.67249,30.73879],[-81.72013,30.74472],[-81.76172,30.7757],[-81.78263,30.76145],[-81.79308,30.78725],[-81.86852,30.79291],[-81.90125,30.82988],[-81.90911,30.81568],[-81.94981,30.82776],[-81.97364,30.77872],[-82.02288,30.78771],[-82.0116,30.76188],[-82.03677,30.75443],[-82.04561,30.72755],[-82.03593,30.70621],[-82.04902,30.65529],[-82.0054,30.56357],[-82.01691,30.47511],[-82.04376,30.41487],[-82.03716,30.37203],[-82.06556,30.3559],[-82.10524,30.3689],[-82.16178,30.35711],[-82.19279,30.37907],[-82.21086,30.42538],[-82.20124,30.48511],[-82.2404,30.53777],[-82.21468,30.56856],[-82.41891,30.58177],[-82.43585,30.82007],[-82.49548,30.81955],[-82.49056,30.96317],[-82.52012,30.96313],[-82.55059,31.00086],[-82.59207,31.01849],[-82.70104,31.22389]]]}},{"type":"Feature","properties":{"id":"118","riding_id":"13002","FEDNUM":"13002","name_en":"Congressional District 2","name_fr":"Congressional District 2","state":""},"geometry":{"type":"Polygon","coordinates":[[[-85.14188,31.78218],[-85.13413,31.89216],[-85.11203,31.89476],[-85.11313,31.91186],[-85.07893,31.94016],[-85.08673,31.95916],[-85.06783,31.96736],[-85.04882,32.0217],[-85.05883,32.04696],[-85.04476,32.08584],[-85.06191,32.13286],[-85.01127,32.18049],[-84.96373,32.19585],[-84.98023,32.20775],[-84.97333,32.21765],[-84.92823,32.21985],[-84.91273,32.24335],[-84.92443,32.25015],[-84.88828,32.25933],[-84.93465,32.29892],[-85.0071,32.32836],[-84.97215,32.37691],[-84.98841,32.38522],[-84.96873,32.39146],[-84.98095,32.40606],[-84.96303,32.42424],[-84.99533,32.45324],[-84.99934,32.50726],[-84.98903,32.52152],[-84.97015,32.51646],[-84.98372,32.49054],[-84.96732,32.48216],[-84.9225,32.52213],[-84.93508,32.51967],[-84.92404,32.53967],[-84.93734,32.56288],[-84.96688,32.54199],[-84.98179,32.60767],[-84.90769,32.60761],[-84.90788,32.58343],[-84.6946,32.58394],[-84.7032,32.70072],[-84.68288,32.73035],[-84.70054,32.84464],[-84.57067,32.84518],[-84.50689,32.88179],[-84.47744,32.87765],[-84.49009,32.8569],[-84.46731,32.85301],[-84.45664,32.82866],[-84.42117,32.83881],[-84.38254,32.78028],[-84.30139,32.76134],[-84.25644,32.72272],[-84.2358,32.73828],[-84.2363,32.72104],[-84.21938,32.72029],[-84.20263,32.69002],[-84.14933,32.80121],[-84.12433,32.80094],[-84.12427,32.84956],[-83.89192,32.84835],[-83.87275,32.85949],[-83.81297,32.82216],[-83.76689,32.81944],[-83.74514,32.83446],[-83.74453,32.86104],[-83.70483,32.83336],[-83.71136,32.85816],[-83.66244,32.85378],[-83.66251,32.87322],[-83.64473,32.87524],[-83.6586,32.88784],[-83.59819,32.88784],[-83.48943,32.82406],[-83.49294,32.80515],[-83.57872,32.73812],[-83.60236,32.74127],[-83.59683,32.71288],[-83.61157,32.69488],[-83.59766,32.66434],[-83.55578,32.65252],[-83.53672,32.57464],[-83.62207,32.58322],[-83.64487,32.61829],[-83.71858,32.63141],[-83.72314,32.52112],[-83.7487,32.53416],[-83.74901,32.50525],[-83.78731,32.51285],[-83.79771,32.44699],[-83.82764,32.43915],[-83.84668,32.46851],[-83.83672,32.41466],[-83.83704,32.3822],[-83.85654,32.3824],[-83.84838,32.29097],[-83.6064,32.28843],[-83.60966,32.02794],[-83.96128,32.03059],[-83.91931,31.92463],[-83.92652,31.86329],[-83.96837,31.83353],[-83.97688,31.80333],[-84.00844,31.80165],[-83.98639,31.76543],[-84.03288,31.71532],[-84.0184,31.65027],[-83.99337,31.65003],[-84.0127,31.62459],[-83.99625,31.62517],[-83.99657,31.56352],[-83.98161,31.56332],[-83.99666,31.55166],[-83.99747,31.47601],[-83.98242,31.47349],[-83.99768,31.46277],[-84.00298,31.11189],[-84.01374,31.11184],[-84.00388,31.04158],[-83.79573,31.03873],[-83.79305,31.02595],[-83.73616,31.03768],[-83.74373,30.6584],[-84.86469,30.71154],[-84.92012,30.76599],[-84.93742,30.82089],[-84.92566,30.84268],[-84.93442,30.88359],[-84.98313,30.93479],[-84.98253,30.96559],[-85.00573,30.97591],[-84.99943,31.01384],[-85.03562,31.10819],[-85.10752,31.18645],[-85.09676,31.22565],[-85.1146,31.27733],[-85.08977,31.29503],[-85.09233,31.36405],[-85.04136,31.54249],[-85.05796,31.57084],[-85.05817,31.62023],[-85.12553,31.69496],[-85.12523,31.76706],[-85.14188,31.78218]]]}},{"type":"Feature","properties":{"id":"120","riding_id":"13003","FEDNUM":"13003","name_en":"Congressional District 3","name_fr":"Congressional District 3","state":""},"geometry":{"type":"Polygon","coordinates":[[[-85.38658,33.90172],[-85.03668,33.90433],[-85.03793,33.81189],[-84.87915,33.77476],[-84.76749,33.7869],[-84.78119,33.75063],[-84.77683,33.72323],[-84.76213,33.72794],[-84.74749,33.70845],[-84.76532,33.70296],[-84.74925,33.68831],[-84.76784,33.64383],[-84.75293,33.6287],[-84.82559,33.5623],[-84.83306,33.54575],[-84.81552,33.52105],[-84.85116,33.51106],[-84.60937,33.50258],[-84.55688,33.52849],[-84.55726,33.51479],[-84.50948,33.49412],[-84.49585,33.44838],[-84.4694,33.48814],[-84.42241,33.456],[-84.39748,33.48574],[-84.38164,33.46304],[-84.4022,33.43637],[-84.38409,33.40247],[-84.39481,33.39437],[-84.38812,33.35247],[-84.3544,33.35251],[-84.35358,33.43617],[-84.30423,33.42743],[-84.20338,33.45189],[-84.18139,33.42746],[-84.21547,33.40587],[-84.21939,33.37761],[-84.24694,33.37095],[-84.24727,33.33581],[-84.15058,33.33564],[-84.15091,33.31298],[-84.10295,33.29887],[-84.08899,33.28565],[-84.12262,33.25267],[-84.12377,33.20282],[-84.0415,33.20263],[-84.04091,33.16764],[-84.04411,32.94787],[-84.05418,32.9315],[-84.12334,32.93218],[-84.12433,32.80094],[-84.14933,32.80121],[-84.20263,32.69002],[-84.21938,32.72029],[-84.2363,32.72104],[-84.2358,32.73828],[-84.25644,32.72272],[-84.30139,32.76134],[-84.38254,32.78028],[-84.42117,32.83881],[-84.45664,32.82866],[-84.46731,32.85301],[-84.49009,32.8569],[-84.47744,32.87765],[-84.50689,32.88179],[-84.57067,32.84518],[-84.70054,32.84464],[-84.68288,32.73035],[-84.7032,32.70072],[-84.6946,32.58394],[-84.90788,32.58343],[-84.90769,32.60761],[-84.98179,32.60767],[-84.96688,32.54199],[-84.93734,32.56288],[-84.92404,32.53967],[-84.93508,32.51967],[-84.92245,32.52335],[-84.95968,32.49923],[-84.95695,32.48489],[-84.98356,32.48866],[-84.97015,32.51646],[-84.98903,32.52152],[-84.99934,32.50726],[-85.06754,32.57955],[-85.09089,32.62514],[-85.08312,32.63616],[-85.10453,32.64101],[-85.08848,32.65776],[-85.11704,32.69203],[-85.11333,32.73575],[-85.14299,32.75993],[-85.12233,32.77438],[-85.16805,32.81184],[-85.15629,32.85052],[-85.1844,32.86132],[-85.38658,33.90172]]]}},{"type":"Feature","properties":{"id":"122","riding_id":"13004","FEDNUM":"13004","name_en":"Congressional District 4","name_fr":"Congressional District 4","state":""},"geometry":{"type":"Polygon","coordinates":[[[-84.34819,33.88614],[-84.34741,33.96811],[-84.28037,33.95605],[-84.25809,33.96818],[-84.26318,33.98639],[-84.2475,33.9986],[-84.21292,34.0039],[-84.19267,33.99084],[-84.16879,34.0285],[-84.08916,34.03264],[-84.09673,34.01674],[-84.07398,34.00125],[-84.08404,33.98743],[-84.06056,33.9605],[-84.10789,33.94113],[-84.10106,33.91665],[-84.13901,33.92184],[-84.13254,33.91216],[-84.2077,33.87793],[-84.02371,33.75281],[-84.05661,33.72661],[-84.11579,33.61467],[-84.15447,33.64575],[-84.18744,33.64617],[-84.19719,33.66543],[-84.23681,33.66391],[-84.24392,33.67978],[-84.30603,33.66239],[-84.32157,33.68677],[-84.30283,33.69594],[-84.30563,33.71528],[-84.25199,33.73793],[-84.24126,33.77803],[-84.24742,33.80252],[-84.26392,33.7936],[-84.25005,33.80322],[-84.247,33.84643],[-84.28941,33.85677],[-84.31318,33.84057],[-84.30943,33.8768],[-84.34819,33.88614]]]}},{"type":"Feature","properties":{"id":"123","riding_id":"13005","FEDNUM":"13005","name_en":"Congressional District 5","name_fr":"Congressional District 5","state":""},"geometry":{"type":"Polygon","coordinates":[[[-84.52282,33.6644],[-84.49643,33.71911],[-84.50178,33.74949],[-84.45172,33.79359],[-84.41989,33.7871],[-84.40761,33.82031],[-84.38599,33.81182],[-84.34849,33.82512],[-84.34812,33.88211],[-84.30943,33.8768],[-84.31318,33.84057],[-84.28941,33.85677],[-84.247,33.84643],[-84.25005,33.80322],[-84.26392,33.7936],[-84.24742,33.80252],[-84.24126,33.77803],[-84.25199,33.73793],[-84.29132,33.72737],[-84.30624,33.6899],[-84.32152,33.68894],[-84.30195,33.66049],[-84.32342,33.64773],[-84.29637,33.64747],[-84.31564,33.64343],[-84.29418,33.59164],[-84.30793,33.57216],[-84.3285,33.573],[-84.32008,33.56495],[-84.33339,33.55297],[-84.38597,33.55809],[-84.37512,33.53913],[-84.39539,33.48683],[-84.42065,33.49401],[-84.43945,33.55072],[-84.45866,33.55093],[-84.45796,33.62924],[-84.47903,33.62414],[-84.49776,33.65661],[-84.52282,33.6644]]]}},{"type":"Feature","properties":{"id":"124","riding_id":"13006","FEDNUM":"13006","name_en":"Congressional District 6","name_fr":"Congressional District 6","state":""},"geometry":{"type":"Polygon","coordinates":[[[-84.85057,33.51187],[-84.81552,33.52105],[-84.83306,33.54575],[-84.82559,33.5623],[-84.75293,33.6287],[-84.76784,33.64383],[-84.74925,33.68831],[-84.76532,33.70296],[-84.74749,33.70845],[-84.76213,33.72794],[-84.77683,33.72323],[-84.78082,33.75951],[-84.76749,33.7869],[-84.72412,33.7886],[-84.72409,33.90358],[-84.6458,33.89672],[-84.5968,33.91108],[-84.57287,33.89848],[-84.54426,33.92162],[-84.51497,33.89861],[-84.46677,33.91803],[-84.44703,33.89982],[-84.40344,33.92812],[-84.34775,33.92984],[-84.34849,33.82512],[-84.38599,33.81182],[-84.40761,33.82031],[-84.42082,33.78659],[-84.46446,33.78751],[-84.50841,33.73963],[-84.49643,33.71911],[-84.52275,33.6649],[-84.49776,33.65661],[-84.47903,33.62414],[-84.45796,33.62924],[-84.45866,33.55093],[-84.43945,33.55072],[-84.42065,33.49401],[-84.39748,33.48574],[-84.42241,33.456],[-84.4694,33.48814],[-84.49585,33.44838],[-84.50948,33.49412],[-84.55726,33.51479],[-84.55688,33.52849],[-84.60937,33.50258],[-84.85057,33.51187]]]}},{"type":"Feature","properties":{"id":"125","riding_id":"13007","FEDNUM":"13007","name_en":"Congressional District 7","name_fr":"Congressional District 7","state":""},"geometry":{"type":"Polygon","coordinates":[[[-84.44773,33.90884],[-84.37512,33.97854],[-84.41913,34.05517],[-84.41843,34.10904],[-84.38832,34.11824],[-84.42685,34.12493],[-84.41568,34.16919],[-84.44234,34.16793],[-84.44557,34.1946],[-84.39653,34.21214],[-84.43132,34.27713],[-84.40702,34.27778],[-84.39748,34.29194],[-84.4098,34.2996],[-84.39345,34.30198],[-84.41947,34.32446],[-84.40191,34.33116],[-84.41838,34.35399],[-84.3981,34.35511],[-84.41381,34.37776],[-84.25759,34.38099],[-84.25687,34.46733],[-84.31968,34.46786],[-84.34639,34.56654],[-84.32871,34.58362],[-84.25511,34.56833],[-84.25468,34.5975],[-84.22391,34.59699],[-84.19675,34.61792],[-84.18856,34.60269],[-84.15803,34.64824],[-84.12796,34.66418],[-84.03651,34.64193],[-84.02411,34.67075],[-83.99441,34.67849],[-83.98488,34.71395],[-83.93922,34.74085],[-83.85749,34.72295],[-83.87742,34.62866],[-83.86446,34.61558],[-83.86445,34.55059],[-83.83286,34.52352],[-83.88763,34.45994],[-83.93189,34.46934],[-83.92069,34.45113],[-83.93509,34.449],[-83.87112,34.37247],[-83.90555,34.33512],[-83.87985,34.32189],[-83.8838,34.30158],[-83.8645,34.29544],[-83.87739,34.28],[-83.85983,34.27436],[-83.8913,34.25477],[-83.91874,34.19996],[-83.85445,34.18677],[-83.86558,34.15185],[-83.88567,34.14441],[-83.87801,34.12338],[-83.90208,34.1107],[-84.06219,34.16854],[-84.11011,34.09804],[-84.11793,34.06556],[-84.09764,34.05027],[-84.11665,34.03618],[-84.16898,34.0284],[-84.19267,33.99084],[-84.21292,34.0039],[-84.24832,33.99826],[-84.26318,33.98639],[-84.25809,33.96818],[-84.28037,33.95605],[-84.34741,33.96811],[-84.34775,33.92984],[-84.44773,33.90884]]]}},{"type":"Feature","properties":{"id":"126","riding_id":"13008","FEDNUM":"13008","name_en":"Congressional District 8","name_fr":"Congressional District 8","state":""},"geometry":{"type":"Polygon","coordinates":[[[-84.12427,32.85251],[-84.12334,32.93218],[-84.05418,32.9315],[-84.04411,32.94787],[-84.0415,33.20263],[-83.84287,33.19687],[-83.82226,33.18024],[-83.81605,33.13182],[-83.43684,33.18584],[-83.33062,33.16749],[-83.2911,33.1904],[-83.09751,33.15141],[-83.11883,33.08707],[-83.10284,33.05137],[-83.0522,33.08068],[-83.04433,33.06401],[-83.06771,33.02737],[-83.04884,32.98638],[-83.06927,32.97207],[-83.07133,32.93308],[-83.02704,32.85613],[-82.97056,32.83516],[-82.94726,32.73655],[-82.95707,32.70832],[-83.22654,32.5842],[-82.99411,32.1528],[-82.88696,32.19797],[-82.87179,32.18273],[-82.94024,32.12489],[-82.91465,32.12324],[-82.88766,32.07989],[-82.80805,32.04954],[-82.78288,32.01977],[-82.72543,32.00447],[-82.69518,31.95688],[-82.64566,31.91888],[-82.59476,31.93158],[-82.56336,31.95759],[-82.49232,31.94862],[-82.47991,31.95579],[-82.49913,31.95721],[-82.49187,31.96854],[-82.43153,31.96618],[-82.43136,31.83799],[-82.52025,31.83839],[-82.52016,31.74919],[-82.55069,31.74911],[-82.55071,31.73633],[-82.52057,31.7362],[-82.52139,31.67251],[-82.62734,31.67267],[-82.62827,31.55833],[-82.59628,31.5579],[-82.59751,31.46929],[-82.62818,31.46935],[-82.62962,31.27473],[-82.66377,31.28808],[-82.69921,31.2781],[-82.70105,31.22322],[-82.59207,31.01849],[-82.55059,31.00086],[-82.52012,30.96313],[-82.49056,30.96317],[-82.49548,30.81955],[-82.43585,30.82007],[-82.41891,30.58177],[-83.74373,30.6584],[-83.73616,31.03768],[-83.79305,31.02595],[-83.79573,31.03873],[-84.00388,31.04158],[-84.01374,31.11184],[-84.00298,31.11189],[-83.99768,31.46277],[-83.98242,31.47349],[-83.99747,31.47601],[-83.99666,31.55166],[-83.98161,31.56332],[-83.99657,31.56352],[-83.99625,31.62517],[-84.0127,31.62459],[-83.99337,31.65003],[-84.0184,31.65027],[-84.03288,31.71532],[-83.98639,31.76543],[-84.00844,31.80165],[-83.97688,31.80333],[-83.96837,31.83353],[-83.92652,31.86329],[-83.91931,31.92463],[-83.96128,32.03059],[-83.60966,32.02794],[-83.6064,32.28843],[-83.84838,32.29097],[-83.85654,32.3824],[-83.83704,32.3822],[-83.83672,32.41466],[-83.84668,32.46851],[-83.82764,32.43915],[-83.79771,32.44699],[-83.78731,32.51285],[-83.74901,32.50525],[-83.7487,32.53416],[-83.72314,32.52112],[-83.71858,32.63141],[-83.64487,32.61829],[-83.62207,32.58322],[-83.53672,32.57464],[-83.55578,32.65252],[-83.59766,32.66434],[-83.61157,32.69488],[-83.59683,32.71288],[-83.60236,32.74127],[-83.57872,32.73812],[-83.49294,32.80515],[-83.48943,32.82406],[-83.59819,32.88784],[-83.6586,32.88784],[-83.64473,32.87524],[-83.66251,32.87322],[-83.66244,32.85378],[-83.71136,32.85816],[-83.70483,32.83336],[-83.74446,32.86107],[-83.74514,32.83446],[-83.78951,32.81787],[-83.87275,32.85949],[-83.89192,32.84835],[-84.12427,32.85251]]]}},{"type":"Feature","properties":{"id":"127","riding_id":"13009","FEDNUM":"13009","name_en":"Congressional District 9","name_fr":"Congressional District 9","state":""},"geometry":{"type":"Polygon","coordinates":[[[-84.6571,34.7289],[-84.64135,34.77771],[-84.58219,34.82459],[-84.62275,34.85713],[-84.62148,34.98833],[-83.61995,34.98667],[-83.11061,35.0013],[-83.09824,34.99092],[-83.12198,34.96476],[-83.11412,34.95018],[-83.12705,34.95424],[-83.11176,34.93496],[-83.15689,34.93077],[-83.15699,34.91512],[-83.16861,34.91936],[-83.20526,34.88016],[-83.243,34.87754],[-83.2347,34.87074],[-83.24893,34.84514],[-83.2672,34.84847],[-83.27088,34.81859],[-83.30606,34.81605],[-83.30084,34.80434],[-83.32414,34.78925],[-83.31875,34.75763],[-83.35332,34.72869],[-83.35393,34.69948],[-83.23258,34.6116],[-83.15968,34.6033],[-83.17028,34.5924],[-83.10367,34.53662],[-83.17784,34.47702],[-83.39805,34.461],[-83.37971,34.41069],[-83.39392,34.3248],[-83.33791,34.2614],[-83.36491,34.21144],[-83.40243,34.1975],[-83.36155,34.15835],[-83.35705,34.1162],[-83.38691,34.05015],[-83.35949,34.04029],[-83.48447,33.99283],[-83.50305,33.99958],[-83.49824,33.98753],[-83.53739,33.96591],[-83.57374,34.03931],[-83.6946,34.05626],[-83.70918,34.04513],[-83.7336,34.0673],[-83.76384,34.06468],[-83.81689,34.12743],[-83.86487,34.01348],[-83.91061,34.01483],[-83.90798,33.99625],[-83.93919,33.9786],[-83.92693,33.9624],[-83.90844,33.96555],[-83.91662,33.92325],[-83.95555,33.93207],[-84.0072,33.9728],[-84.06056,33.9605],[-84.08404,33.98743],[-84.07398,34.00125],[-84.09673,34.01674],[-84.08916,34.03264],[-84.12022,34.02887],[-84.09767,34.05005],[-84.11786,34.06744],[-84.07397,34.16403],[-83.90208,34.1107],[-83.87801,34.12338],[-83.88567,34.14441],[-83.86394,34.15581],[-83.85847,34.19349],[-83.91874,34.19996],[-83.8913,34.25477],[-83.8598,34.27449],[-83.87739,34.28],[-83.8645,34.29544],[-83.8838,34.30158],[-83.87985,34.32189],[-83.90555,34.33512],[-83.87112,34.37247],[-83.87435,34.38711],[-83.93509,34.449],[-83.92069,34.45113],[-83.93189,34.46934],[-83.88763,34.45994],[-83.83286,34.52352],[-83.86445,34.55059],[-83.86446,34.61558],[-83.87742,34.62866],[-83.85749,34.72295],[-83.94724,34.73812],[-83.98488,34.71395],[-83.99441,34.67849],[-84.02411,34.67075],[-84.03651,34.64193],[-84.12942,34.66377],[-84.18856,34.60269],[-84.19675,34.61792],[-84.22391,34.59699],[-84.25468,34.5975],[-84.25511,34.56833],[-84.32871,34.58362],[-84.34555,34.56274],[-84.3715,34.56291],[-84.37135,34.5485],[-84.46786,34.54997],[-84.46799,34.56349],[-84.50281,34.55048],[-84.50261,34.56368],[-84.52139,34.55046],[-84.65406,34.54895],[-84.6571,34.7289]]]}},{"type":"Feature","properties":{"id":"128","riding_id":"13010","FEDNUM":"13010","name_en":"Congressional District 10","name_fr":"Congressional District 10","state":""},"geometry":{"type":"Polygon","coordinates":[[[-84.24727,33.33581],[-84.24527,33.37252],[-84.21939,33.37761],[-84.21547,33.40587],[-84.18139,33.42746],[-84.21714,33.48232],[-84.14419,33.49121],[-84.13895,33.53324],[-84.10646,33.52494],[-84.09747,33.56001],[-84.04992,33.54129],[-84.05562,33.52619],[-83.95476,33.54778],[-83.95106,33.53057],[-83.89108,33.51781],[-83.87341,33.53832],[-83.85206,33.52794],[-83.84721,33.55192],[-83.82261,33.55736],[-83.80409,33.61064],[-83.82517,33.61257],[-83.84862,33.65429],[-83.88604,33.63066],[-83.88779,33.65998],[-83.90251,33.62705],[-83.91495,33.64252],[-83.92493,33.63288],[-83.91482,33.7442],[-83.9822,33.78616],[-83.84318,33.89478],[-83.88127,33.90751],[-83.91101,33.94572],[-83.90844,33.96555],[-83.92693,33.9624],[-83.93919,33.9786],[-83.90798,33.99625],[-83.91061,34.01483],[-83.86487,34.01348],[-83.81768,34.12749],[-83.76384,34.06468],[-83.7336,34.0673],[-83.70918,34.04513],[-83.6946,34.05626],[-83.57374,34.03931],[-83.53739,33.96591],[-83.49824,33.98753],[-83.50305,33.99958],[-83.48447,33.99283],[-83.35949,34.04029],[-83.38691,34.05015],[-83.35705,34.1162],[-83.36155,34.15835],[-83.40243,34.1975],[-83.36491,34.21144],[-83.33791,34.2614],[-83.39392,34.3248],[-83.37971,34.41069],[-83.39805,34.461],[-83.17784,34.47702],[-83.10367,34.53662],[-83.07826,34.52524],[-83.08724,34.51618],[-83.07153,34.50335],[-82.9992,34.47245],[-82.8874,34.48096],[-82.85884,34.45522],[-82.83446,34.36522],[-82.79447,34.34038],[-82.78213,34.29828],[-82.74681,34.26659],[-82.71746,34.15055],[-82.64242,34.09326],[-82.64288,34.07084],[-82.57539,33.9919],[-82.56446,33.95573],[-82.6097,33.98151],[-82.63936,33.97275],[-82.6562,33.9914],[-82.77094,33.97264],[-82.72867,33.85994],[-82.77961,33.8128],[-82.81136,33.82866],[-82.82393,33.78294],[-82.81197,33.77609],[-82.86582,33.74557],[-82.86553,33.72602],[-82.89444,33.73442],[-82.93825,33.71471],[-82.87945,33.62041],[-82.86934,33.6424],[-82.81296,33.65584],[-82.74533,33.6113],[-82.69227,33.62],[-82.67997,33.59979],[-82.70423,33.58921],[-82.74734,33.51171],[-82.81531,33.52114],[-82.86661,33.4666],[-82.82264,33.42591],[-82.82803,33.39299],[-82.79746,33.35628],[-82.78562,33.26797],[-82.74831,33.23835],[-82.778,33.23843],[-82.85454,33.19679],[-82.901,33.12854],[-82.97014,33.10928],[-83.00874,33.08085],[-83.05172,33.08087],[-83.10083,33.04985],[-83.11883,33.08707],[-83.0976,33.15151],[-83.26274,33.18913],[-83.3182,33.18353],[-83.33062,33.16749],[-83.43907,33.18563],[-83.81605,33.13182],[-83.82226,33.18024],[-83.84287,33.19687],[-84.12377,33.20282],[-84.12262,33.25267],[-84.08899,33.28565],[-84.15091,33.31298],[-84.15058,33.33564],[-84.24727,33.33581]]]}},{"type":"Feature","properties":{"id":"115","riding_id":"13011","FEDNUM":"13011","name_en":"Congressional District 11","name_fr":"Congressional District 11","state":""},"geometry":{"type":"Polygon","coordinates":[[[-85.11233,34.46193],[-85.09007,34.46353],[-85.09,34.54192],[-85.06351,34.54255],[-85.05926,34.62261],[-84.92636,34.61572],[-84.9083,34.63406],[-84.90825,34.61579],[-84.78508,34.60829],[-84.7158,34.6229],[-84.71438,34.60509],[-84.73129,34.61273],[-84.73122,34.59861],[-84.65452,34.58319],[-84.65406,34.54895],[-84.52139,34.55046],[-84.50261,34.56368],[-84.50281,34.55048],[-84.46799,34.56349],[-84.46786,34.54997],[-84.37135,34.5485],[-84.3715,34.56291],[-84.34555,34.56274],[-84.31968,34.46786],[-84.25687,34.46733],[-84.25759,34.38099],[-84.41381,34.37776],[-84.3981,34.35511],[-84.41838,34.35399],[-84.40191,34.33116],[-84.41947,34.32446],[-84.39345,34.30198],[-84.4098,34.2996],[-84.39748,34.29194],[-84.40702,34.27778],[-84.43132,34.27713],[-84.39653,34.21214],[-84.44557,34.1946],[-84.44234,34.16793],[-84.41568,34.16919],[-84.42685,34.12493],[-84.38832,34.11824],[-84.41843,34.10904],[-84.41913,34.05517],[-84.40083,34.00827],[-84.37487,33.98698],[-84.38325,33.9634],[-84.44703,33.89982],[-84.46677,33.91803],[-84.51497,33.89861],[-84.54426,33.92162],[-84.55762,33.90221],[-84.59367,33.90194],[-84.58833,33.9303],[-84.6013,33.92068],[-84.60529,33.94203],[-84.64912,33.9532],[-84.6129,34.01319],[-84.6181,34.06548],[-84.63653,34.07793],[-85.04705,34.08288],[-85.04466,34.21362],[-85.02381,34.21339],[-85.0231,34.34711],[-85.00523,34.34708],[-85.00577,34.39245],[-85.10444,34.40428],[-85.08831,34.42723],[-85.11233,34.46193]]]}},{"type":"Feature","properties":{"id":"117","riding_id":"13012","FEDNUM":"13012","name_en":"Congressional District 12","name_fr":"Congressional District 12","state":""},"geometry":{"type":"Polygon","coordinates":[[[-83.22632,32.58431],[-82.95707,32.70832],[-82.9451,32.75182],[-82.96016,32.75996],[-82.95426,32.80156],[-82.96996,32.83416],[-82.98897,32.85265],[-83.02704,32.85613],[-83.07133,32.93308],[-83.06927,32.97207],[-83.04889,32.98602],[-83.06791,33.02484],[-83.04484,33.06065],[-83.0522,33.08068],[-83.00874,33.08085],[-82.97014,33.10928],[-82.901,33.12854],[-82.85454,33.19679],[-82.778,33.23843],[-82.74831,33.23835],[-82.78562,33.26797],[-82.79746,33.35628],[-82.82803,33.39299],[-82.82264,33.42591],[-82.86661,33.4666],[-82.81531,33.52114],[-82.74734,33.51171],[-82.70423,33.58921],[-82.67997,33.59979],[-82.69227,33.62],[-82.74533,33.6113],[-82.81296,33.65584],[-82.86934,33.6424],[-82.87945,33.62041],[-82.93825,33.71471],[-82.89444,33.73442],[-82.86553,33.72602],[-82.86582,33.74557],[-82.81197,33.77609],[-82.82393,33.78294],[-82.81136,33.82866],[-82.77961,33.8128],[-82.72867,33.85994],[-82.77094,33.97264],[-82.6562,33.9914],[-82.63936,33.97275],[-82.60319,33.9799],[-82.55443,33.9438],[-82.52451,33.94336],[-82.45511,33.88165],[-82.30146,33.80186],[-82.29829,33.78352],[-82.24747,33.75259],[-82.23457,33.70022],[-82.18615,33.62088],[-82.04633,33.56383],[-81.98594,33.48654],[-81.92634,33.46294],[-81.91313,33.43833],[-81.93243,33.42571],[-81.90969,33.41198],[-81.94518,33.40753],[-81.92484,33.37414],[-81.94634,33.37064],[-81.93974,33.34494],[-81.90914,33.34664],[-81.91374,33.32004],[-81.90138,33.33577],[-81.88074,33.30224],[-81.84734,33.30684],[-81.86324,33.28884],[-81.82834,33.26304],[-81.84684,33.26664],[-81.83964,33.25525],[-81.85282,33.24854],[-81.80524,33.21144],[-81.76893,33.21745],[-81.76274,33.15885],[-81.70463,33.11645],[-81.61166,33.09426],[-81.61207,33.08002],[-81.60132,33.08705],[-81.60221,33.07347],[-81.49195,33.00909],[-81.49983,32.96382],[-81.51135,32.96672],[-81.50243,32.93535],[-81.48081,32.89861],[-81.46443,32.8986],[-81.47944,32.88108],[-81.45288,32.87296],[-81.46072,32.84604],[-81.42647,32.84077],[-81.41798,32.8182],[-81.43124,32.78414],[-81.41446,32.77815],[-81.43194,32.76891],[-81.40493,32.74556],[-81.42752,32.7019],[-81.40901,32.69655],[-81.39715,32.66138],[-81.40719,32.66052],[-81.39303,32.65154],[-81.41866,32.62939],[-81.36678,32.57691],[-81.29669,32.55339],[-81.29063,32.56253],[-81.27192,32.52998],[-81.2336,32.51815],[-81.23311,32.49807],[-81.18698,32.46382],[-81.2085,32.43629],[-81.1773,32.38907],[-81.18237,32.37327],[-81.25767,32.33558],[-81.32605,32.363],[-81.34292,32.33002],[-81.39265,32.33032],[-81.38943,32.29368],[-81.41897,32.30781],[-81.45028,32.29742],[-81.43583,32.24129],[-81.78154,32.15252],[-81.75681,32.10478],[-81.71866,32.08935],[-81.87607,31.96838],[-81.89255,31.89503],[-81.91247,31.88696],[-81.95513,31.80985],[-81.97991,31.80455],[-81.97654,31.78261],[-82.0164,31.82373],[-82.04152,31.82042],[-82.11548,31.86285],[-82.11182,31.90049],[-82.11954,31.886],[-82.13554,31.8917],[-82.13424,31.908],[-82.19134,31.9005],[-82.28642,31.94244],[-82.30111,31.93327],[-82.31391,31.94712],[-82.31448,31.93078],[-82.37765,31.94189],[-82.38446,31.96002],[-82.40564,31.9492],[-82.47961,31.97165],[-82.4995,31.96057],[-82.48035,31.95694],[-82.49136,31.94871],[-82.55526,31.95929],[-82.59476,31.93158],[-82.65459,31.92386],[-82.72543,32.00447],[-82.78288,32.01977],[-82.80805,32.04954],[-82.88766,32.07989],[-82.91465,32.12324],[-82.94024,32.12489],[-82.87179,32.18273],[-82.88696,32.19797],[-82.99097,32.14727],[-83.22632,32.58431]]]}},{"type":"Feature","properties":{"id":"119","riding_id":"13013","FEDNUM":"13013","name_en":"Congressional District 13","name_fr":"Congressional District 13","state":""},"geometry":{"type":"Polygon","coordinates":[[[-84.40233,33.42672],[-84.38355,33.44547],[-84.39748,33.48574],[-84.37512,33.53913],[-84.38597,33.55809],[-84.33339,33.55297],[-84.32008,33.56495],[-84.3285,33.573],[-84.30793,33.57216],[-84.29418,33.59164],[-84.31564,33.64343],[-84.29637,33.64747],[-84.32342,33.64773],[-84.31735,33.65586],[-84.24392,33.67978],[-84.23681,33.66391],[-84.19719,33.66543],[-84.18744,33.64617],[-84.15447,33.64575],[-84.11579,33.61467],[-84.05661,33.72661],[-84.02371,33.75281],[-84.2077,33.87793],[-84.13254,33.91216],[-84.13901,33.92184],[-84.10106,33.91665],[-84.10789,33.94113],[-84.09035,33.93866],[-84.07949,33.96247],[-84.0072,33.9728],[-83.95522,33.93189],[-83.91662,33.92325],[-83.91993,33.94365],[-83.9078,33.94169],[-83.88044,33.90688],[-83.84318,33.89478],[-83.9822,33.78616],[-83.91482,33.7442],[-83.92493,33.63288],[-83.91495,33.64252],[-83.90251,33.62705],[-83.88779,33.65998],[-83.88604,33.63066],[-83.84862,33.65429],[-83.82517,33.61257],[-83.80409,33.61064],[-83.82269,33.55723],[-83.84721,33.55192],[-83.85206,33.52794],[-83.87341,33.53832],[-83.89108,33.51781],[-83.95106,33.53057],[-83.95208,33.54729],[-83.98906,33.54798],[-84.05467,33.52604],[-84.04992,33.54129],[-84.09747,33.56001],[-84.10646,33.52494],[-84.13895,33.53324],[-84.14419,33.49121],[-84.21714,33.48232],[-84.20704,33.44957],[-84.30423,33.42743],[-84.35358,33.43617],[-84.3544,33.35251],[-84.39507,33.36026],[-84.38409,33.40247],[-84.40233,33.42672]]]}},{"type":"Feature","properties":{"id":"121","riding_id":"13014","FEDNUM":"13014","name_en":"Congressional District 14","name_fr":"Congressional District 14","state":""},"geometry":{"type":"Polygon","coordinates":[[[-85.60495,34.98468],[-84.62148,34.98833],[-84.62275,34.85713],[-84.58219,34.82459],[-84.64135,34.77771],[-84.6571,34.7289],[-84.65452,34.58319],[-84.73122,34.59861],[-84.73129,34.61273],[-84.71438,34.60509],[-84.7159,34.62292],[-84.78508,34.60829],[-84.90825,34.61579],[-84.9083,34.63406],[-84.92636,34.61572],[-85.06038,34.62245],[-85.06351,34.54255],[-85.09,34.54192],[-85.09007,34.46353],[-85.11233,34.46193],[-85.08831,34.42723],[-85.10444,34.40428],[-85.00577,34.39245],[-85.00523,34.34708],[-85.0231,34.34711],[-85.02381,34.21339],[-85.04466,34.21362],[-85.04705,34.08288],[-84.73783,34.08233],[-84.6181,34.06548],[-84.61715,33.9977],[-84.64413,33.97857],[-84.63251,33.96174],[-84.64912,33.9532],[-84.60529,33.94203],[-84.58824,33.91649],[-84.6458,33.89672],[-84.72409,33.90358],[-84.72412,33.7886],[-84.87915,33.77476],[-85.03793,33.81189],[-85.03668,33.90433],[-85.38658,33.90172],[-85.60495,34.98468]]]}},{"type":"Feature","properties":{"id":"130","riding_id":"15001","FEDNUM":"15001","name_en":"Congressional District 1","name_fr":"Congressional District 1","state":""},"geometry":{"type":"Polygon","coordinates":[[[-158.09073,21.32689],[-158.01922,21.39029],[-158.02853,21.49146],[-157.89625,21.50156],[-157.87247,21.43979],[-157.79061,21.36404],[-157.78226,21.33713],[-157.66043,21.30813],[-157.59759,21.31381],[-157.59791,21.29513],[-157.6077,21.26913],[-157.67578,21.2138],[-157.74532,21.22167],[-157.81023,21.19923],[-157.85907,21.21313],[-157.89866,21.24993],[-157.96356,21.25773],[-158.08492,21.23928],[-158.09073,21.32689]]]}},{"type":"Feature","properties":{"id":"129","riding_id":"15002","FEDNUM":"15002","name_en":"Congressional District 2","name_fr":"Congressional District 2","state":""},"geometry":{"type":"MultiPolygon","coordinates":[[[[-156.1193,19.73648],[-156.09062,19.82114],[-156.00809,19.89274],[-155.96243,19.90915],[-155.93889,19.96151],[-155.88432,20.01832],[-155.94799,20.12378],[-155.95903,20.22687],[-155.91592,20.30104],[-155.83679,20.32122],[-155.7404,20.28892],[-155.58209,20.18131],[-155.39755,20.13283],[-155.2524,20.06344],[-155.14033,19.98948],[-155.03162,19.875],[-155.03332,19.79342],[-154.96385,19.76918],[-154.93186,19.71546],[-154.92894,19.6736],[-154.88143,19.61995],[-154.7783,19.55989],[-154.75661,19.50691],[-154.78614,19.44037],[-154.93967,19.31283],[-155.17562,19.21138],[-155.26841,19.21949],[-155.32538,19.17128],[-155.4661,19.09535],[-155.50001,19.06433],[-155.5656,18.93451],[-155.6391,18.875],[-155.69426,18.86678],[-155.7229,18.88252],[-155.73998,18.91689],[-155.91634,18.99999],[-155.95407,19.05362],[-155.97474,19.13016],[-155.94322,19.34422],[-156.01287,19.5],[-156.03028,19.58747],[-156.0786,19.625],[-156.1193,19.73648]]],[[[-156.75598,20.53016],[-156.74266,20.57009],[-156.70445,20.60459],[-156.59774,20.65787],[-156.54963,20.65803],[-156.49573,20.69158],[-156.51187,20.73538],[-156.62501,20.75],[-156.73754,20.86791],[-156.75001,20.96077],[-156.72843,21.01732],[-156.67043,21.07669],[-156.60589,21.09258],[-156.55952,21.08233],[-156.48314,21.02865],[-156.45109,20.96875],[-156.33922,21.00419],[-156.26278,21.00224],[-156.1953,20.9715],[-156.0817,20.88072],[-156.0,20.85212],[-156.0,20.875],[-155.959,20.875],[-155.93913,20.83659],[-155.93281,20.71258],[-155.96146,20.66045],[-156.03861,20.60071],[-156.13527,20.56984],[-156.19561,20.57715],[-156.29048,20.53689],[-156.375,20.52898],[-156.43739,20.54392],[-156.48451,20.57908],[-156.48937,20.5],[-156.54607,20.46084],[-156.75001,20.45433],[-156.75598,20.53016]]],[[[-157.11619,20.90281],[-157.09994,20.9486],[-157.0495,20.97903],[-156.90511,20.97592],[-156.82333,20.9308],[-156.75746,20.85077],[-156.75001,20.8076],[-156.817,20.71979],[-156.87501,20.69096],[-156.97381,20.68678],[-157.02728,20.72873],[-157.04807,20.82054],[-157.09519,20.84715],[-157.11619,20.90281]]],[[[-157.36626,21.11665],[-157.31168,21.20412],[-157.30526,21.25288],[-157.25001,21.28034],[-157.0574,21.24418],[-156.97129,21.27436],[-156.92741,21.25657],[-156.91028,21.22957],[-156.72208,21.22606],[-156.66738,21.19315],[-156.65053,21.13427],[-156.67259,21.09571],[-156.75001,21.04383],[-156.87793,20.99336],[-157.07756,21.05835],[-157.23144,21.04309],[-157.32125,21.05067],[-157.35844,21.0836],[-157.36626,21.11665]]],[[[-158.34466,21.58317],[-158.31195,21.62178],[-158.14885,21.64199],[-158.05015,21.73988],[-157.99175,21.76296],[-157.94179,21.75457],[-157.88145,21.70518],[-157.84415,21.6218],[-157.80205,21.59009],[-157.76194,21.52638],[-157.70262,21.5187],[-157.65575,21.49208],[-157.64075,21.46269],[-157.65216,21.4391],[-157.59759,21.31381],[-157.66043,21.30813],[-157.78226,21.33713],[-157.79061,21.36404],[-157.87247,21.43979],[-157.89625,21.50156],[-158.0278,21.49176],[-158.01922,21.39029],[-158.08954,21.33208],[-158.08492,21.23928],[-158.13477,21.24239],[-158.16436,21.27233],[-158.18326,21.34593],[-158.22886,21.37563],[-158.30136,21.49681],[-158.29866,21.52471],[-158.33506,21.55399],[-158.34466,21.58317]]],[[[-159.85096,22.02745],[-159.84813,22.07607],[-159.77281,22.18106],[-159.59639,22.278],[-159.38968,22.2875],[-159.3088,22.25],[-159.24578,22.1668],[-159.24503,22.10165],[-159.28372,22.0185],[-159.28436,21.94063],[-159.35778,21.86569],[-159.444,21.81778],[-159.63126,21.84668],[-159.71172,21.90755],[-159.79361,21.93978],[-159.85096,22.02745]]],[[[-160.30437,21.85379],[-160.27995,21.92063],[-160.17402,21.99147],[-160.15144,22.06051],[-160.12501,22.08113],[-160.05673,22.06834],[-159.99721,21.99251],[-160.02751,21.93121],[-160.03104,21.86936],[-160.12202,21.82496],[-160.17733,21.73555],[-160.21831,21.72879],[-160.26578,21.74618],[-160.29853,21.7905],[-160.30437,21.85379]]],[[[-160.60088,21.65816],[-160.57827,21.70025],[-160.53175,21.71199],[-160.49415,21.69053],[-160.48291,21.64031],[-160.49625,21.61885],[-160.54622,21.60038],[-160.59075,21.625],[-160.60088,21.65816]]],[[[-161.98756,23.06992],[-161.96546,23.10498],[-161.91945,23.11398],[-161.87501,23.10163],[-161.85807,23.0608],[-161.87501,23.01924],[-161.9319,23.00531],[-161.97607,23.02556],[-161.98756,23.06992]]],[[[-164.76481,23.58172],[-164.74006,23.61439],[-164.68889,23.62343],[-164.65408,23.60707],[-164.64002,23.57611],[-164.65402,23.53522],[-164.7013,23.517],[-164.75,23.53615],[-164.76481,23.58172]]],[[[-166.38653,23.84636],[-166.38046,23.88398],[-166.30707,23.92488],[-166.25,23.93243],[-166.18235,23.90233],[-166.14817,23.78548],[-166.10678,23.74252],[-166.10588,23.71354],[-166.13295,23.6847],[-166.11384,23.65234],[-166.11678,23.61125],[-166.17222,23.58709],[-166.21106,23.59981],[-166.23228,23.64158],[-166.20541,23.6916],[-166.22678,23.72744],[-166.26559,23.71314],[-166.30261,23.72867],[-166.32374,23.77097],[-166.31357,23.80374],[-166.35634,23.80595],[-166.38653,23.84636]]],[[[-168.05821,25.0],[-168.04205,25.03543],[-168.0,25.05224],[-167.95245,25.02354],[-167.9442,24.98981],[-167.95369,24.96439],[-168.0,24.94811],[-168.03775,24.95971],[-168.05821,25.0]]],[[[-170.68463,25.50631],[-170.66937,25.54144],[-170.63083,25.55713],[-170.58852,25.54122],[-170.57315,25.50512],[-170.59164,25.46861],[-170.62973,25.45573],[-170.66823,25.47065],[-170.68463,25.50631]]],[[[-171.80963,25.78135],[-171.78698,25.8223],[-171.75,25.83794],[-171.68828,25.82377],[-171.66792,25.78122],[-171.68686,25.72788],[-171.73749,25.70653],[-171.79703,25.74054],[-171.80963,25.78135]]],[[[-174.06737,26.05961],[-174.05247,26.11299],[-174.00711,26.13705],[-173.92909,26.12014],[-173.90336,26.06006],[-173.92597,26.01963],[-174.0,25.99021],[-174.04609,26.00231],[-174.06737,26.05961]]],[[[-176.04335,27.7959],[-176.0,27.83534],[-175.9243,27.81371],[-175.98887,27.8619],[-175.98144,27.91322],[-175.81005,28.00594],[-175.73493,28.0],[-175.67013,27.9416],[-175.66559,27.875],[-175.74612,27.73272],[-175.84505,27.72846],[-175.89519,27.69921],[-175.9696,27.6934],[-176.02929,27.74268],[-176.04335,27.7959]]],[[[-178.44359,28.41899],[-178.42758,28.4661],[-178.39577,28.5],[-178.31512,28.51633],[-178.23847,28.45615],[-178.23302,28.375],[-178.25,28.34715],[-178.28889,28.32881],[-178.375,28.33536],[-178.41148,28.36066],[-178.44359,28.41899]]]]}},{"type":"Feature","properties":{"id":"131","riding_id":"16001","FEDNUM":"16001","name_en":"Congressional District 1","name_fr":"Congressional District 1","state":""},"geometry":{"type":"Polygon","coordinates":[[[-117.24302,44.391],[-117.21507,44.42716],[-117.22508,44.48235],[-117.14924,44.53615],[-117.14826,44.56437],[-117.12475,44.58383],[-117.06227,44.72714],[-116.9347,44.78388],[-116.89862,44.85374],[-116.85243,44.88758],[-116.83199,44.93301],[-116.85098,44.96156],[-116.82627,44.98249],[-116.85798,44.97732],[-116.84794,45.0226],[-116.72961,45.14209],[-116.7037,45.2401],[-116.67449,45.27635],[-116.67379,45.32151],[-116.58819,45.44292],[-116.55483,45.46293],[-116.55746,45.50417],[-116.52832,45.55151],[-116.46341,45.60386],[-116.48882,45.6508],[-116.5354,45.69173],[-116.54809,45.75236],[-116.59421,45.77908],[-116.66527,45.78206],[-116.70975,45.82573],[-116.78214,45.82512],[-116.79646,45.86122],[-116.8598,45.90726],[-116.94279,46.06112],[-116.98195,46.08485],[-116.95542,46.10186],[-116.92234,46.16877],[-116.96538,46.20312],[-116.95548,46.23098],[-116.9912,46.27696],[-116.98622,46.29595],[-117.06279,46.35361],[-117.03463,46.41784],[-117.03235,48.9992],[-116.04909,49.00085],[-116.04911,47.97684],[-116.01877,47.9629],[-115.91889,47.85362],[-115.85231,47.82786],[-115.83091,47.75504],[-115.7975,47.75733],[-115.77715,47.72038],[-115.72265,47.69512],[-115.73651,47.65381],[-115.69444,47.62376],[-115.68776,47.5953],[-115.75562,47.54793],[-115.69831,47.53137],[-115.7114,47.51677],[-115.68626,47.48494],[-115.62949,47.47961],[-115.64646,47.45683],[-115.71609,47.45288],[-115.7593,47.42386],[-115.72111,47.4257],[-115.65749,47.40046],[-115.64341,47.37734],[-115.57764,47.3674],[-115.55076,47.34969],[-115.52851,47.29924],[-115.48226,47.28144],[-115.31979,47.25668],[-115.32437,47.24472],[-115.29153,47.21085],[-115.30058,47.18833],[-115.26182,47.18143],[-115.24462,47.15131],[-115.14413,47.10191],[-115.13113,47.06896],[-115.07168,47.02636],[-115.04879,46.97004],[-115.00127,46.9719],[-114.9606,46.93001],[-114.92514,46.91868],[-114.94826,46.86001],[-114.89845,46.82235],[-114.89519,46.80163],[-114.86578,46.81453],[-114.8291,46.78263],[-114.7875,46.78278],[-114.76524,46.74539],[-114.78843,46.71277],[-114.76679,46.6969],[-114.71304,46.71543],[-114.69859,46.74045],[-114.66538,46.73923],[-114.62079,46.70726],[-114.64256,46.67291],[-114.60573,46.6359],[-114.54182,46.64999],[-114.46683,46.6318],[-114.4246,46.66066],[-114.35822,46.67114],[-114.32071,46.64695],[-114.32253,46.61089],[-114.3442,46.58997],[-114.32964,46.5762],[-114.34789,46.55147],[-114.34264,46.51843],[-114.40318,46.49881],[-114.36841,46.43711],[-114.42245,46.38705],[-114.41025,46.36105],[-114.43343,46.30555],[-114.42544,46.28786],[-114.47072,46.26604],[-114.44799,46.23157],[-114.44409,46.16927],[-114.51486,46.16768],[-114.52736,46.14541],[-114.521,46.12511],[-114.46048,46.09779],[-114.46829,46.06279],[-114.5075,46.03146],[-114.48035,46.03035],[-114.47999,45.9929],[-114.41175,45.97787],[-114.40252,45.95794],[-114.4314,45.93604],[-114.38856,45.88219],[-114.40965,45.85157],[-114.43771,45.86261],[-114.50933,45.84555],[-114.56646,45.77331],[-114.49515,45.70397],[-114.51509,45.68491],[-114.49903,45.67887],[-114.50765,45.65754],[-114.56399,45.63762],[-114.53794,45.60659],[-114.57154,45.5496],[-114.632,45.51918],[-114.66372,45.471],[-114.77438,45.51361],[-114.79804,45.49679],[-114.79321,45.43633],[-114.76913,45.43456],[-114.76169,45.41288],[-114.67521,45.3652],[-114.64382,45.32094],[-114.59332,45.29749],[-114.67488,45.23366],[-114.73227,45.15116],[-114.72148,45.12102],[-114.73319,45.09449],[-114.7193,45.08749],[-114.73599,44.97487],[-114.72327,44.93439],[-114.73599,44.92574],[-114.72329,44.89118],[-114.76891,44.87244],[-114.76645,44.84274],[-114.79309,44.83611],[-114.81317,44.80691],[-114.91363,44.75755],[-114.94741,44.72304],[-114.99704,44.72863],[-115.00962,44.71337],[-115.01716,44.74342],[-115.03282,44.73497],[-115.07637,44.76946],[-115.11719,44.75605],[-115.15194,44.72859],[-115.13937,44.71487],[-115.16842,44.6472],[-115.19896,44.62418],[-115.27954,44.61208],[-115.30499,44.57986],[-115.29469,44.53233],[-115.23895,44.51183],[-115.22365,44.46345],[-115.23136,44.41535],[-115.28428,44.35822],[-115.28893,44.32585],[-115.24973,44.31109],[-115.24347,44.29224],[-115.23598,44.30811],[-115.21311,44.30451],[-115.20303,44.28253],[-115.17525,44.29298],[-115.15661,44.24695],[-115.17483,44.23546],[-115.16768,44.20284],[-115.10793,44.17006],[-115.02651,44.15823],[-115.01849,44.13879],[-115.04672,44.11997],[-114.99659,44.09224],[-115.03598,44.06873],[-115.04814,44.0378],[-115.01763,44.01252],[-114.98256,44.01119],[-114.98743,43.99224],[-114.96874,43.97366],[-114.99078,43.94972],[-115.03845,43.95768],[-115.06743,43.94042],[-115.0925,43.95841],[-115.08547,43.97659],[-115.13742,43.98466],[-115.17274,44.08507],[-115.23053,44.09877],[-115.19707,44.06855],[-115.27815,43.94192],[-115.50037,43.8899],[-115.53709,43.85406],[-115.52962,43.81666],[-115.54754,43.79267],[-115.5928,43.79829],[-115.61555,43.78066],[-115.63394,43.74565],[-115.61478,43.72832],[-115.64487,43.70095],[-115.69828,43.66503],[-115.73066,43.66606],[-115.74564,43.64569],[-115.78202,43.64837],[-115.82874,43.60596],[-115.87593,43.59126],[-115.94483,43.60877],[-115.98018,43.58587],[-116.26411,43.79567],[-116.26583,43.76206],[-116.31956,43.72061],[-116.32001,43.68457],[-116.35407,43.69094],[-116.35441,43.57576],[-116.24863,43.57528],[-116.24136,43.55615],[-116.16082,43.54202],[-116.13904,43.50341],[-115.97488,43.36502],[-115.97865,43.11343],[-116.26621,43.11227],[-116.19302,43.08423],[-116.20809,43.06764],[-116.20174,43.04893],[-116.14713,43.03763],[-116.14818,43.0148],[-116.05145,42.98634],[-116.01106,42.94968],[-115.96497,42.94367],[-115.96555,42.98381],[-115.92898,43.00186],[-115.90844,42.98294],[-115.87921,42.98914],[-115.84627,42.96926],[-115.79181,42.97235],[-115.79678,42.94948],[-115.77151,42.93866],[-115.62589,42.95624],[-115.60307,42.93727],[-115.44152,42.93113],[-115.45422,42.76794],[-115.0377,42.76841],[-115.03816,41.99628],[-117.0262,42.00019],[-117.02155,43.8194],[-117.03258,43.83018],[-117.01158,43.84105],[-117.02003,43.85896],[-116.98294,43.86771],[-116.98114,43.91369],[-116.96153,43.91839],[-116.96048,43.9551],[-116.97243,43.95799],[-116.95921,43.96636],[-116.97604,43.97506],[-116.9353,43.98862],[-116.93613,44.02714],[-116.97319,44.04942],[-116.97735,44.08536],[-116.9337,44.10004],[-116.8942,44.16232],[-116.92539,44.19154],[-116.97168,44.19726],[-116.97598,44.24287],[-117.03186,44.24864],[-117.05143,44.22875],[-117.10421,44.27994],[-117.14622,44.25803],[-117.19815,44.27383],[-117.22274,44.29833],[-117.19007,44.33739],[-117.24302,44.391]]]}},{"type":"Feature","properties":{"id":"132","riding_id":"16002","FEDNUM":"16002","name_en":"Congressional District 2","name_fr":"Congressional District 2","state":""},"geometry":{"type":"Polygon","coordinates":[[[-116.35441,43.57576],[-116.35407,43.69094],[-116.32001,43.68457],[-116.31956,43.72061],[-116.26583,43.76206],[-116.26411,43.79567],[-115.98018,43.58587],[-115.94483,43.60877],[-115.91765,43.59215],[-115.82932,43.60565],[-115.78202,43.64837],[-115.69828,43.66503],[-115.61478,43.72832],[-115.63394,43.74565],[-115.61555,43.78066],[-115.5928,43.79829],[-115.54754,43.79267],[-115.52962,43.81666],[-115.53709,43.85406],[-115.50872,43.88486],[-115.27815,43.94192],[-115.19707,44.06855],[-115.23053,44.09877],[-115.17274,44.08507],[-115.13742,43.98466],[-115.08547,43.97659],[-115.0925,43.95841],[-115.07448,43.94404],[-115.03845,43.95768],[-114.99078,43.94972],[-114.96734,43.98209],[-114.98743,43.99224],[-114.98256,44.01119],[-115.01763,44.01252],[-115.04814,44.0378],[-115.0353,44.06944],[-114.9969,44.09055],[-115.04672,44.11997],[-115.01849,44.13879],[-115.02418,44.15548],[-115.08236,44.17616],[-115.10793,44.17006],[-115.16768,44.20284],[-115.17483,44.23546],[-115.15661,44.24695],[-115.17525,44.29298],[-115.20303,44.28253],[-115.21311,44.30451],[-115.23598,44.30811],[-115.24347,44.29224],[-115.24973,44.31109],[-115.29341,44.33455],[-115.23195,44.41415],[-115.22365,44.46345],[-115.23895,44.51183],[-115.29469,44.53233],[-115.30504,44.57959],[-115.27954,44.61208],[-115.19896,44.62418],[-115.16842,44.6472],[-115.13937,44.71487],[-115.15194,44.72859],[-115.11719,44.75605],[-115.07637,44.76946],[-115.03282,44.73497],[-115.01716,44.74342],[-115.00962,44.71337],[-114.99704,44.72863],[-114.94741,44.72304],[-114.91363,44.75755],[-114.81317,44.80691],[-114.79309,44.83611],[-114.76645,44.84274],[-114.76891,44.87244],[-114.72329,44.89118],[-114.73599,44.92574],[-114.72327,44.93439],[-114.73599,44.97487],[-114.7193,45.08749],[-114.73319,45.09449],[-114.72148,45.12102],[-114.73227,45.15116],[-114.67488,45.23366],[-114.59332,45.29749],[-114.64382,45.32094],[-114.67521,45.3652],[-114.76169,45.41288],[-114.76913,45.43456],[-114.79321,45.43633],[-114.79378,45.50831],[-114.69053,45.49078],[-114.66372,45.471],[-114.632,45.51918],[-114.565,45.5578],[-114.52726,45.57086],[-114.49808,45.55546],[-114.47195,45.56522],[-114.45608,45.56224],[-114.46391,45.54503],[-114.43057,45.52951],[-114.42468,45.50991],[-114.3672,45.49185],[-114.33005,45.45972],[-114.26989,45.48455],[-114.24845,45.54581],[-114.19361,45.53637],[-114.0861,45.59146],[-114.06674,45.62817],[-114.01527,45.65277],[-114.02831,45.67524],[-114.01548,45.6959],[-113.98853,45.70598],[-113.96482,45.69002],[-113.93759,45.69561],[-113.89528,45.64385],[-113.90469,45.62201],[-113.86159,45.62382],[-113.80643,45.60163],[-113.79675,45.58157],[-113.82147,45.56595],[-113.83478,45.52066],[-113.76602,45.52062],[-113.75991,45.4804],[-113.78426,45.45489],[-113.75973,45.42711],[-113.77586,45.40783],[-113.73347,45.39081],[-113.73866,45.32941],[-113.68028,45.27889],[-113.69191,45.27236],[-113.68502,45.2535],[-113.59213,45.18478],[-113.59071,45.15589],[-113.56569,45.1496],[-113.56988,45.12385],[-113.51125,45.11613],[-113.52219,45.09139],[-113.45204,45.05917],[-113.44394,44.95938],[-113.49882,44.9422],[-113.45507,44.86542],[-113.42195,44.8376],[-113.37757,44.83524],[-113.34128,44.78466],[-113.24689,44.82297],[-113.13146,44.77276],[-113.13482,44.75276],[-113.10162,44.72946],[-113.09783,44.69887],[-113.06776,44.67879],[-113.05072,44.63454],[-113.08829,44.59966],[-113.03728,44.56477],[-113.04536,44.54432],[-113.00653,44.52578],[-113.02682,44.49551],[-113.00451,44.45283],[-112.94542,44.41463],[-112.88956,44.40594],[-112.85427,44.35959],[-112.81221,44.37714],[-112.81006,44.39876],[-112.83989,44.42471],[-112.78081,44.48466],[-112.71793,44.50427],[-112.66173,44.48599],[-112.54171,44.48377],[-112.50064,44.46277],[-112.47269,44.4793],[-112.38652,44.44731],[-112.35837,44.48526],[-112.35251,44.53802],[-112.31949,44.5389],[-112.28657,44.56856],[-112.22922,44.56409],[-112.22233,44.54394],[-112.18366,44.53295],[-112.13667,44.53986],[-112.1064,44.52057],[-112.06907,44.53715],[-112.0328,44.5284],[-112.03271,44.54664],[-111.97772,44.53574],[-111.94778,44.55701],[-111.86932,44.56662],[-111.82153,44.50894],[-111.71565,44.54337],[-111.70316,44.56015],[-111.6139,44.54868],[-111.58569,44.56263],[-111.51289,44.53604],[-111.468,44.53895],[-111.46935,44.55767],[-111.50777,44.5623],[-111.50134,44.57249],[-111.52361,44.59222],[-111.52261,44.61408],[-111.5025,44.62651],[-111.51631,44.644],[-111.49011,44.64247],[-111.47248,44.66619],[-111.48878,44.70564],[-111.4388,44.72055],[-111.41427,44.71074],[-111.38482,44.75495],[-111.35298,44.72618],[-111.32363,44.72907],[-111.2668,44.66751],[-111.27848,44.65127],[-111.2526,44.65125],[-111.21932,44.62252],[-111.24089,44.61453],[-111.22763,44.57669],[-111.18103,44.56923],[-111.17864,44.55248],[-111.13138,44.53243],[-111.12738,44.49762],[-111.04897,44.47407],[-111.04671,42.0017],[-115.03816,41.99628],[-115.0377,42.76841],[-115.45422,42.76794],[-115.44152,42.93113],[-115.60307,42.93727],[-115.62589,42.95624],[-115.77151,42.93866],[-115.79678,42.94948],[-115.79181,42.97235],[-115.84627,42.96926],[-115.87921,42.98914],[-115.90844,42.98294],[-115.92898,43.00186],[-115.96555,42.98381],[-115.96497,42.94367],[-116.01106,42.94968],[-116.05145,42.98634],[-116.14818,43.0148],[-116.14713,43.03763],[-116.20174,43.04893],[-116.20809,43.06764],[-116.19302,43.08423],[-116.26621,43.11227],[-115.97865,43.11343],[-115.97488,43.36502],[-116.13904,43.50341],[-116.16082,43.54202],[-116.24136,43.55615],[-116.24863,43.57528],[-116.35441,43.57576]]]}},{"type":"Feature","properties":{"id":"136","riding_id":"17001","FEDNUM":"17001","name_en":"Congressional District 1","name_fr":"Congressional District 1","state":""},"geometry":{"type":"Polygon","coordinates":[[[-88.25222,41.46275],[-88.1783,41.48171],[-88.17691,41.46406],[-88.13835,41.4647],[-88.1349,41.37825],[-88.01899,41.38044],[-88.02579,41.5833],[-88.0646,41.59703],[-88.06035,41.63695],[-88.02769,41.64151],[-88.02835,41.66353],[-87.91269,41.66574],[-87.91048,41.60044],[-87.8518,41.57223],[-87.85618,41.55761],[-87.77596,41.55881],[-87.77475,41.57923],[-87.75556,41.59027],[-87.757,41.63219],[-87.71862,41.6475],[-87.71974,41.67667],[-87.73973,41.69089],[-87.68636,41.67721],[-87.67115,41.69934],[-87.66975,41.73191],[-87.68251,41.73553],[-87.69173,41.71357],[-87.70212,41.7352],[-87.72386,41.73483],[-87.72219,41.75684],[-87.64423,41.75799],[-87.64617,41.77973],[-87.61562,41.78024],[-87.61376,41.81848],[-87.6303,41.82366],[-87.62247,41.86025],[-87.58338,41.81708],[-87.6039,41.80956],[-87.58702,41.79957],[-87.58633,41.76612],[-87.55532,41.75188],[-87.56451,41.7081],[-87.58513,41.72234],[-87.59632,41.70761],[-87.62288,41.71574],[-87.62175,41.66173],[-87.68021,41.6627],[-87.65602,41.62626],[-87.74164,41.57596],[-87.74279,41.52796],[-87.79041,41.52804],[-87.78577,41.35399],[-87.82433,41.35347],[-87.82362,41.311],[-87.84253,41.2951],[-87.78166,41.29586],[-87.78011,41.20726],[-87.81907,41.22157],[-87.81873,41.20695],[-87.83803,41.20681],[-87.83485,41.14816],[-87.86048,41.14802],[-87.85765,41.16261],[-87.89253,41.14681],[-87.93686,41.15778],[-87.99125,41.20533],[-88.24414,41.20157],[-88.25222,41.46275]]]}},{"type":"Feature","properties":{"id":"146","riding_id":"17002","FEDNUM":"17002","name_en":"Congressional District 2","name_fr":"Congressional District 2","state":""},"geometry":{"type":"Polygon","coordinates":[[[-88.67145,40.89767],[-88.63565,40.89206],[-88.58804,40.93599],[-88.60529,40.93584],[-88.58593,40.94485],[-88.58461,41.10831],[-88.24089,41.11438],[-88.24414,41.20157],[-87.99125,41.20533],[-87.93686,41.15778],[-87.89253,41.14681],[-87.85765,41.16261],[-87.86048,41.14802],[-87.83485,41.14816],[-87.83803,41.20681],[-87.81873,41.20695],[-87.81907,41.22157],[-87.78011,41.20726],[-87.78166,41.29586],[-87.84253,41.2951],[-87.82362,41.311],[-87.82433,41.35347],[-87.78577,41.35399],[-87.79041,41.52804],[-87.74279,41.52796],[-87.74164,41.57596],[-87.65602,41.62626],[-87.68021,41.6627],[-87.62175,41.66173],[-87.62288,41.71574],[-87.59632,41.70761],[-87.58513,41.72234],[-87.56451,41.7081],[-87.55532,41.75188],[-87.58633,41.76612],[-87.58702,41.79957],[-87.60406,41.81685],[-87.58338,41.81708],[-87.55755,41.76285],[-87.52366,41.75991],[-87.53217,40.0588],[-87.61487,40.05797],[-87.62384,40.02074],[-87.65707,40.02805],[-87.65874,40.04285],[-87.67615,40.04261],[-87.67621,40.02792],[-87.78662,40.02727],[-87.7869,40.04183],[-87.80621,40.04162],[-87.80648,40.08591],[-87.93963,40.08362],[-87.92999,40.31338],[-88.07889,40.31252],[-88.07856,40.2834],[-88.17453,40.27539],[-88.23248,40.28232],[-88.23291,40.31157],[-88.46027,40.31099],[-88.45996,40.39885],[-88.34699,40.39842],[-88.34699,40.46497],[-88.37065,40.46498],[-88.37066,40.52976],[-88.45926,40.53004],[-88.45947,40.61735],[-88.5745,40.61655],[-88.58522,40.85031],[-88.64245,40.84449],[-88.6405,40.87364],[-88.6712,40.87341],[-88.67145,40.89767]]]}},{"type":"Feature","properties":{"id":"134","riding_id":"17003","FEDNUM":"17003","name_en":"Congressional District 3","name_fr":"Congressional District 3","state":""},"geometry":{"type":"Polygon","coordinates":[[[-88.26355,42.05898],[-88.22493,42.04069],[-88.22489,42.01504],[-88.1448,42.00543],[-88.1451,41.98824],[-88.18421,41.9876],[-88.18193,41.91497],[-88.15054,41.91738],[-88.11186,41.88803],[-88.08223,41.88888],[-88.08198,41.90296],[-88.09615,41.90249],[-88.09114,41.92451],[-88.05213,41.92099],[-88.05201,41.93427],[-87.96915,41.94955],[-87.9792,42.01528],[-87.95992,42.02464],[-87.96698,42.03814],[-87.90048,42.02372],[-87.89013,42.00232],[-87.93897,41.99352],[-87.92048,41.99389],[-87.92002,41.96352],[-87.90208,41.95104],[-87.82001,41.9476],[-87.75141,41.96433],[-87.7249,41.94459],[-87.73928,41.97177],[-87.70475,41.97577],[-87.68396,41.93222],[-87.68684,41.89574],[-87.74581,41.895],[-87.76702,41.91898],[-87.83196,41.91038],[-87.84959,41.93729],[-87.9149,41.94817],[-87.92029,41.9313],[-87.96679,41.93008],[-87.99344,41.89971],[-88.03812,41.90427],[-88.03457,41.88416],[-88.10304,41.86534],[-88.11378,41.81473],[-88.15126,41.81358],[-88.16594,41.83036],[-88.26279,41.81563],[-88.26355,42.05898]]]}},{"type":"Feature","properties":{"id":"145","riding_id":"17004","FEDNUM":"17004","name_en":"Congressional District 4","name_fr":"Congressional District 4","state":""},"geometry":{"type":"Polygon","coordinates":[[[-87.96722,41.84624],[-87.93855,41.86154],[-87.93987,41.90626],[-87.92042,41.90684],[-87.9149,41.94817],[-87.84959,41.93729],[-87.82451,41.90856],[-87.84046,41.88853],[-87.92061,41.8827],[-87.91895,41.83315],[-87.86805,41.83259],[-87.86855,41.84437],[-87.80808,41.85029],[-87.8042,41.86498],[-87.73993,41.86596],[-87.7392,41.84547],[-87.64422,41.85996],[-87.64542,41.80431],[-87.67964,41.80117],[-87.70794,41.77706],[-87.69303,41.76454],[-87.72219,41.75684],[-87.72386,41.73483],[-87.76055,41.72702],[-87.7991,41.7335],[-87.79974,41.74813],[-87.7416,41.75649],[-87.74216,41.77478],[-87.77135,41.77421],[-87.76254,41.80006],[-87.80209,41.79785],[-87.80585,41.77239],[-87.8586,41.78361],[-87.85932,41.80161],[-87.87888,41.7994],[-87.90096,41.82069],[-87.91363,41.81864],[-87.90841,41.78083],[-87.9465,41.78152],[-87.96722,41.84624]]]}},{"type":"Feature","properties":{"id":"140","riding_id":"17005","FEDNUM":"17005","name_en":"Congressional District 5","name_fr":"Congressional District 5","state":""},"geometry":{"type":"Polygon","coordinates":[[[-88.23845,42.15425],[-88.19958,42.15426],[-88.19938,42.20297],[-88.17017,42.21287],[-88.06678,42.21982],[-88.05791,42.19738],[-88.00435,42.19726],[-87.9781,42.15214],[-87.98042,42.11262],[-87.93606,42.08075],[-87.83994,42.06579],[-87.83076,42.04022],[-87.86001,42.03934],[-87.84193,42.01087],[-87.79713,42.00001],[-87.77692,42.01546],[-87.75291,41.9973],[-87.67504,41.99076],[-87.68896,41.97041],[-87.64108,41.95485],[-87.61569,41.89588],[-87.62807,41.89167],[-87.64114,41.91466],[-87.64809,41.90364],[-87.68722,41.91032],[-87.70475,41.97577],[-87.73928,41.97177],[-87.7249,41.94459],[-87.75141,41.96433],[-87.82001,41.9476],[-87.91573,41.95875],[-87.92048,41.99389],[-87.93897,41.99352],[-87.92907,42.00496],[-87.87426,41.99558],[-87.85484,41.96614],[-87.83666,41.97023],[-87.83662,41.98636],[-87.85931,41.99146],[-87.88998,42.04978],[-88.00706,42.05794],[-88.00447,42.15364],[-88.06283,42.15386],[-88.06299,42.13717],[-88.01423,42.13396],[-88.01932,42.10838],[-88.07792,42.08499],[-88.06252,42.06707],[-88.11954,42.0671],[-88.13138,42.09073],[-88.12155,42.1106],[-88.18133,42.10998],[-88.18975,42.08943],[-88.23826,42.09235],[-88.23845,42.15425]]]}},{"type":"Feature","properties":{"id":"142","riding_id":"17006","FEDNUM":"17006","name_en":"Congressional District 6","name_fr":"Congressional District 6","state":""},"geometry":{"type":"Polygon","coordinates":[[[-88.11917,41.80585],[-88.10304,41.86534],[-88.03457,41.88416],[-88.03812,41.90427],[-87.99344,41.89971],[-87.96679,41.93008],[-87.92029,41.9313],[-87.92042,41.90684],[-87.93987,41.90626],[-87.93855,41.86154],[-87.96722,41.84624],[-87.94692,41.81191],[-87.9562,41.78859],[-87.90841,41.78083],[-87.91363,41.81864],[-87.90074,41.82071],[-87.87888,41.7994],[-87.85932,41.80161],[-87.8586,41.78361],[-87.80585,41.77239],[-87.80209,41.79785],[-87.76254,41.80006],[-87.77135,41.77421],[-87.74216,41.77478],[-87.7416,41.75649],[-87.79488,41.75178],[-87.7991,41.7335],[-87.70212,41.7352],[-87.68184,41.71367],[-87.67309,41.73565],[-87.67108,41.69963],[-87.68636,41.67721],[-87.73973,41.69089],[-87.71974,41.67667],[-87.71862,41.6475],[-87.757,41.63219],[-87.75556,41.59027],[-87.77475,41.57923],[-87.77596,41.55881],[-87.85618,41.55761],[-87.8518,41.57223],[-87.91048,41.60044],[-87.91461,41.72389],[-88.01185,41.72923],[-88.03945,41.77943],[-88.08687,41.7769],[-88.11917,41.80585]]]}},{"type":"Feature","properties":{"id":"148","riding_id":"17007","FEDNUM":"17007","name_en":"Congressional District 7","name_fr":"Congressional District 7","state":""},"geometry":{"type":"Polygon","coordinates":[[[-87.92062,41.8816],[-87.84046,41.88853],[-87.80148,41.91807],[-87.75286,41.91533],[-87.74581,41.895],[-87.68684,41.89574],[-87.68722,41.91032],[-87.64809,41.90364],[-87.64114,41.91466],[-87.62807,41.89167],[-87.59851,41.89219],[-87.6161,41.88226],[-87.6043,41.85271],[-87.62247,41.86025],[-87.63057,41.83461],[-87.61376,41.81848],[-87.61562,41.78024],[-87.64617,41.77973],[-87.64423,41.75799],[-87.68668,41.75748],[-87.70794,41.77706],[-87.67964,41.80117],[-87.64542,41.80431],[-87.64422,41.85996],[-87.7392,41.84547],[-87.73993,41.86596],[-87.8042,41.86498],[-87.80808,41.85029],[-87.86855,41.84437],[-87.86805,41.83259],[-87.91895,41.83315],[-87.92062,41.8816]]]}},{"type":"Feature","properties":{"id":"137","riding_id":"17008","FEDNUM":"17008","name_en":"Congressional District 8","name_fr":"Congressional District 8","state":""},"geometry":{"type":"Polygon","coordinates":[[[-88.47216,42.1326],[-88.43268,42.12206],[-88.44666,42.14064],[-88.43249,42.15382],[-88.23845,42.15425],[-88.23826,42.09235],[-88.18975,42.08943],[-88.18133,42.10998],[-88.12155,42.1106],[-88.12168,42.06711],[-88.06252,42.06707],[-88.07792,42.08499],[-88.01932,42.10838],[-88.01423,42.13396],[-88.06299,42.13717],[-88.06283,42.15386],[-88.00447,42.15364],[-88.00706,42.05794],[-87.88998,42.04978],[-87.83666,41.97023],[-87.86962,41.97313],[-87.86756,41.99049],[-87.89597,42.00003],[-87.90048,42.02372],[-87.96698,42.03814],[-87.95992,42.02464],[-87.9792,42.01528],[-87.96915,41.94955],[-88.05201,41.93427],[-88.05213,41.92099],[-88.09114,41.92451],[-88.09615,41.90249],[-88.08198,41.90296],[-88.08223,41.88888],[-88.11186,41.88803],[-88.15054,41.91738],[-88.18193,41.91497],[-88.18421,41.9876],[-88.1451,41.98824],[-88.1448,42.00543],[-88.22489,42.01504],[-88.22493,42.04069],[-88.2628,42.05921],[-88.26255,41.87115],[-88.30945,41.86192],[-88.30292,41.89825],[-88.28717,41.89884],[-88.29261,41.91833],[-88.37635,41.9142],[-88.37608,42.06692],[-88.47176,42.06695],[-88.47216,42.1326]]]}},{"type":"Feature","properties":{"id":"135","riding_id":"17009","FEDNUM":"17009","name_en":"Congressional District 9","name_fr":"Congressional District 9","state":""},"geometry":{"type":"Polygon","coordinates":[[[-88.35505,42.24075],[-88.19825,42.24156],[-88.19855,42.28459],[-88.14681,42.25679],[-88.03368,42.26913],[-88.02824,42.24837],[-88.04509,42.24087],[-88.00427,42.2407],[-88.00427,42.21538],[-87.96537,42.19612],[-87.96895,42.15359],[-87.93678,42.11341],[-87.83436,42.10564],[-87.84032,42.11654],[-87.77027,42.12335],[-87.77125,42.0797],[-87.67934,42.0772],[-87.65037,41.9796],[-87.63147,41.96292],[-87.65681,41.95109],[-87.6662,41.96892],[-87.68896,41.97041],[-87.67504,41.99076],[-87.75291,41.9973],[-87.77692,42.01546],[-87.79713,42.00001],[-87.84193,42.01087],[-87.86001,42.03934],[-87.83076,42.04022],[-87.83994,42.06579],[-87.93606,42.08075],[-87.98042,42.11262],[-87.98965,42.18272],[-88.00455,42.18279],[-88.00435,42.19726],[-88.05791,42.19738],[-88.05799,42.21887],[-88.19493,42.20714],[-88.19958,42.15426],[-88.35442,42.154],[-88.35505,42.24075]]]}},{"type":"Feature","properties":{"id":"147","riding_id":"17010","FEDNUM":"17010","name_en":"Congressional District 10","name_fr":"Congressional District 10","state":""},"geometry":{"type":"Polygon","coordinates":[[[-88.47229,42.37048],[-88.47162,42.49462],[-87.80056,42.49192],[-87.80168,42.39056],[-87.83142,42.33053],[-87.8283,42.2694],[-87.78626,42.18792],[-87.69102,42.08266],[-87.77125,42.0797],[-87.77027,42.12335],[-87.84032,42.11654],[-87.83436,42.10564],[-87.93678,42.11341],[-87.96895,42.15359],[-87.96537,42.19612],[-88.00427,42.21538],[-88.00427,42.2407],[-88.04509,42.24087],[-88.02824,42.24837],[-88.03368,42.26913],[-88.10164,42.26259],[-88.12071,42.32845],[-88.16555,42.3289],[-88.1692,42.35778],[-88.19845,42.35796],[-88.19849,42.34315],[-88.22484,42.33603],[-88.26082,42.3441],[-88.26802,42.36809],[-88.30238,42.37139],[-88.29667,42.35694],[-88.3125,42.36408],[-88.32625,42.32904],[-88.34569,42.32771],[-88.35544,42.36631],[-88.36711,42.35343],[-88.3715,42.36923],[-88.47229,42.37048]]]}},{"type":"Feature","properties":{"id":"149","riding_id":"17011","FEDNUM":"17011","name_en":"Congressional District 11","name_fr":"Congressional District 11","state":""},"geometry":{"type":"Polygon","coordinates":[[[-88.88558,42.27006],[-88.84639,42.29128],[-88.84655,42.30576],[-88.82202,42.30667],[-88.82207,42.32789],[-88.51126,42.32747],[-88.51621,42.36564],[-88.47229,42.37048],[-88.3715,42.36923],[-88.36711,42.35343],[-88.35544,42.36631],[-88.34569,42.32771],[-88.32625,42.32904],[-88.3125,42.36408],[-88.29667,42.35694],[-88.30238,42.37139],[-88.26802,42.36809],[-88.26082,42.3441],[-88.22484,42.33603],[-88.19849,42.34315],[-88.19845,42.35796],[-88.1692,42.35778],[-88.16555,42.3289],[-88.12071,42.32845],[-88.10164,42.26259],[-88.1523,42.25766],[-88.19855,42.28459],[-88.19825,42.24156],[-88.35505,42.24075],[-88.35442,42.154],[-88.43249,42.15382],[-88.44666,42.14064],[-88.43268,42.12206],[-88.47216,42.1326],[-88.47176,42.06695],[-88.37608,42.06692],[-88.37635,41.9142],[-88.29261,41.91833],[-88.28717,41.89884],[-88.30292,41.89825],[-88.30993,41.8629],[-88.26255,41.87115],[-88.26279,41.81563],[-88.16594,41.83036],[-88.15126,41.81358],[-88.11378,41.81473],[-88.08687,41.7769],[-88.03945,41.77943],[-88.01185,41.72923],[-87.91461,41.72389],[-87.91269,41.66574],[-87.9809,41.67155],[-88.00465,41.65651],[-88.02856,41.66992],[-88.12481,41.65229],[-88.12401,41.63169],[-88.14481,41.63106],[-88.14819,41.72612],[-88.26195,41.72465],[-88.26212,41.76045],[-88.37569,41.74439],[-88.37611,41.80989],[-88.60257,41.80685],[-88.60156,42.01792],[-88.6404,42.0031],[-88.6319,42.02895],[-88.6813,42.03796],[-88.68386,42.06647],[-88.8219,42.06615],[-88.82242,42.15339],[-88.86151,42.15305],[-88.86252,42.26753],[-88.88558,42.27006]]]}},{"type":"Feature","properties":{"id":"141","riding_id":"17012","FEDNUM":"17012","name_en":"Congressional District 12","name_fr":"Congressional District 12","state":""},"geometry":{"type":"Polygon","coordinates":[[[-90.37271,38.29096],[-90.36739,38.34113],[-90.34145,38.3883],[-90.29108,38.43089],[-90.26412,38.52073],[-90.21903,38.48499],[-90.18441,38.52945],[-90.13865,38.53042],[-90.10003,38.55406],[-90.03607,38.53489],[-90.03626,38.48385],[-89.9351,38.48888],[-89.92908,38.57056],[-89.90176,38.56999],[-89.90144,38.58401],[-90.00454,38.61451],[-90.00469,38.64629],[-89.98589,38.65821],[-89.5951,38.65595],[-89.59732,38.74324],[-89.13839,38.73633],[-89.13814,38.82421],[-88.69517,38.8263],[-88.69353,38.91462],[-88.80679,38.91159],[-88.80532,39.21626],[-88.47091,39.21503],[-88.47035,39.43263],[-88.35981,39.43233],[-88.35953,39.47364],[-88.33356,39.48435],[-88.24795,39.48399],[-88.24815,39.43377],[-88.17422,39.43382],[-88.16513,39.49949],[-88.1238,39.51344],[-88.13998,39.52079],[-88.13955,39.65208],[-88.06352,39.65266],[-88.06301,39.68131],[-87.96635,39.68597],[-87.96018,39.48131],[-87.53164,39.47711],[-87.53165,39.34789],[-87.58485,39.33733],[-87.62115,39.30531],[-87.59795,39.29948],[-87.61005,39.28223],[-87.59349,39.24745],[-87.57159,39.25229],[-87.5756,39.21384],[-87.65874,39.136],[-87.63502,39.12212],[-87.6528,39.10684],[-87.61568,39.10332],[-87.62026,39.08657],[-87.57259,39.05729],[-87.57912,39.00161],[-87.56043,38.99242],[-87.57832,38.98879],[-87.51219,38.95442],[-87.52772,38.91923],[-87.51683,38.9037],[-87.53596,38.88699],[-87.54409,38.89509],[-87.53492,38.87887],[-87.55339,38.86241],[-87.52673,38.85036],[-87.52734,38.81812],[-87.49551,38.78463],[-87.51486,38.7705],[-87.49691,38.76682],[-87.49604,38.73998],[-87.53123,38.68404],[-87.59368,38.6674],[-87.62012,38.63949],[-87.62735,38.60544],[-87.61196,38.58925],[-87.63839,38.5922],[-87.67007,38.54524],[-87.64672,38.50777],[-87.75003,38.47143],[-87.75593,38.45588],[-87.73013,38.44652],[-87.74525,38.409],[-87.82272,38.34691],[-87.84098,38.2801],[-87.86177,38.27864],[-87.87054,38.31222],[-87.91012,38.26811],[-87.90954,38.29606],[-87.93484,38.29514],[-87.96022,38.23712],[-87.98808,38.25672],[-87.97749,38.19978],[-87.9343,38.15646],[-87.92172,38.17381],[-87.91092,38.16256],[-87.94547,38.12662],[-87.96639,38.13251],[-87.9753,38.11005],[-88.01592,38.09982],[-88.01014,38.08438],[-87.96068,38.10019],[-87.95666,38.0862],[-87.97874,38.05982],[-88.04213,38.04635],[-88.00793,38.03084],[-88.02583,38.00724],[-88.01293,37.96654],[-88.03679,37.95679],[-88.03406,37.92616],[-88.06947,37.9257],[-88.02251,37.91476],[-88.01345,37.89395],[-88.09789,37.90152],[-88.06504,37.85317],[-88.02592,37.83269],[-88.04383,37.82153],[-88.08193,37.83068],[-88.09004,37.81677],[-88.02802,37.7992],[-88.05933,37.74297],[-88.12152,37.71024],[-88.16027,37.65712],[-88.13649,37.57731],[-88.06954,37.52609],[-88.06543,37.48876],[-88.08546,37.47156],[-88.28163,37.45273],[-88.36446,37.40174],[-88.40923,37.42531],[-88.46941,37.39741],[-88.5159,37.28409],[-88.51141,37.26148],[-88.44804,37.20364],[-88.42466,37.15229],[-88.46196,37.07356],[-88.56651,37.07537],[-88.61553,37.11537],[-88.73302,37.14414],[-88.80363,37.18816],[-88.97001,37.23],[-89.02947,37.2113],[-89.07613,37.17501],[-89.17382,37.06631],[-89.17935,37.02181],[-89.13609,36.98038],[-89.18549,36.97352],[-89.20079,37.01616],[-89.25493,37.07201],[-89.30829,37.06837],[-89.30475,37.04756],[-89.26,37.02329],[-89.27863,36.98867],[-89.37663,37.03848],[-89.37871,37.09459],[-89.46186,37.19952],[-89.45883,37.24866],[-89.48991,37.25131],[-89.51834,37.2855],[-89.48901,37.33337],[-89.43284,37.34706],[-89.42054,37.38801],[-89.43977,37.4372],[-89.51705,37.53728],[-89.51981,37.58275],[-89.47593,37.593],[-89.51772,37.64122],[-89.51426,37.68992],[-89.58332,37.71326],[-89.61728,37.74972],[-89.66335,37.75005],[-89.66964,37.79992],[-89.73987,37.84692],[-89.78633,37.85169],[-89.79933,37.88152],[-89.84264,37.9052],[-89.90238,37.86974],[-89.95114,37.8821],[-89.97465,37.92707],[-89.9246,37.95985],[-90.00011,37.96456],[-90.05727,38.01436],[-90.11424,38.02906],[-90.13079,38.06234],[-90.17604,38.07066],[-90.23795,38.1082],[-90.27484,38.15756],[-90.35341,38.21321],[-90.37271,38.29096]]]}},{"type":"Feature","properties":{"id":"133","riding_id":"17013","FEDNUM":"17013","name_en":"Congressional District 13","name_fr":"Congressional District 13","state":""},"geometry":{"type":"Polygon","coordinates":[[[-90.26406,38.52103],[-90.17881,38.62916],[-90.20991,38.72605],[-90.12311,38.79805],[-90.10911,38.83745],[-90.19266,38.88649],[-90.19615,38.90869],[-90.19232,38.93673],[-90.12634,38.93031],[-90.11759,38.95702],[-90.11801,38.99903],[-90.14598,38.9993],[-90.15378,39.52031],[-89.81315,39.52284],[-89.81533,39.69793],[-89.70514,39.6983],[-89.70584,39.74262],[-89.71993,39.74708],[-89.70852,39.87315],[-89.66431,39.87355],[-89.66384,39.82674],[-89.59325,39.83154],[-89.59893,39.78743],[-89.4825,39.78824],[-89.48304,39.87504],[-89.36764,39.87405],[-89.36711,39.91759],[-89.14345,39.91765],[-89.14387,39.96137],[-88.74544,39.96757],[-88.74516,40.05519],[-88.46302,40.05503],[-88.46312,40.14222],[-88.31483,40.1421],[-88.29612,40.1713],[-88.20121,40.17108],[-88.18365,40.14205],[-88.12494,40.14219],[-88.12389,40.05499],[-88.2383,40.05438],[-88.23789,40.01044],[-88.34962,40.01107],[-88.35403,39.96735],[-88.4068,39.96739],[-88.4061,39.87924],[-88.61288,39.87906],[-88.613,39.8503],[-88.85117,39.86635],[-88.9455,39.82433],[-88.97702,39.83131],[-88.98931,39.85066],[-88.99195,39.87589],[-88.96155,39.87644],[-88.95503,39.89128],[-88.95526,39.90843],[-88.98471,39.90814],[-89.10588,39.80167],[-89.23395,39.81285],[-89.24689,39.82606],[-89.3285,39.7636],[-89.35414,39.77209],[-89.39733,39.74209],[-89.42517,39.76202],[-89.42505,39.6837],[-89.47892,39.68396],[-89.47847,39.64084],[-89.53503,39.64114],[-89.53353,39.52459],[-89.70166,39.52332],[-89.69855,38.99898],[-89.92698,38.99877],[-89.92722,38.94196],[-89.94601,38.93569],[-89.94629,38.91907],[-89.94607,38.89834],[-89.92752,38.89494],[-89.92871,38.74153],[-89.95658,38.74499],[-89.97329,38.6741],[-90.00727,38.63338],[-89.99214,38.60392],[-89.90144,38.58401],[-89.90176,38.56999],[-89.92908,38.57056],[-89.9351,38.48888],[-90.03626,38.48385],[-90.03607,38.53489],[-90.10003,38.55406],[-90.13865,38.53042],[-90.18441,38.52945],[-90.21903,38.48499],[-90.26406,38.52103]]]}},{"type":"Feature","properties":{"id":"138","riding_id":"17014","FEDNUM":"17014","name_en":"Congressional District 14","name_fr":"Congressional District 14","state":""},"geometry":{"type":"Polygon","coordinates":[[[-89.39366,41.49493],[-89.16654,41.49583],[-89.16715,41.62866],[-88.93868,41.62832],[-88.94188,41.97888],[-88.71473,41.98004],[-88.7156,42.06643],[-88.68386,42.06647],[-88.6813,42.03796],[-88.6319,42.02895],[-88.6404,42.0031],[-88.60156,42.01792],[-88.60257,41.80685],[-88.37611,41.80989],[-88.37569,41.74439],[-88.26212,41.76045],[-88.26195,41.72465],[-88.14819,41.72612],[-88.14481,41.63106],[-88.12401,41.63169],[-88.12481,41.65229],[-88.02856,41.66992],[-88.02769,41.64151],[-88.06035,41.63695],[-88.0646,41.59703],[-88.02579,41.5833],[-88.01899,41.38044],[-88.1349,41.37825],[-88.13835,41.4647],[-88.17691,41.46406],[-88.1783,41.48171],[-88.2143,41.46345],[-88.59596,41.45713],[-88.59091,41.30303],[-88.80803,41.34046],[-88.81701,41.28117],[-88.91357,41.28016],[-88.91343,41.25825],[-88.93287,41.25812],[-88.93308,41.28003],[-89.04854,41.28003],[-89.05596,41.22193],[-89.16278,41.22138],[-89.16262,41.19231],[-89.30885,41.19142],[-89.34838,41.26102],[-89.39346,41.2647],[-89.39366,41.49493]]]}},{"type":"Feature","properties":{"id":"144","riding_id":"17015","FEDNUM":"17015","name_en":"Congressional District 15","name_fr":"Congressional District 15","state":""},"geometry":{"type":"Polygon","coordinates":[[[-91.51297,40.18106],[-91.50583,40.23884],[-91.46397,40.3396],[-91.37292,40.39911],[-91.38177,40.44255],[-91.36421,40.50004],[-91.40524,40.55464],[-91.33972,40.61349],[-91.25307,40.63796],[-91.18698,40.6373],[-91.12393,40.66915],[-91.09299,40.82108],[-90.96256,40.92583],[-90.94225,41.0347],[-90.94662,41.09663],[-90.99496,41.16063],[-91.04156,41.16616],[-91.11366,41.2414],[-91.07207,41.33336],[-90.66858,41.32762],[-90.67154,40.89246],[-90.44176,40.88906],[-90.44688,40.53984],[-90.52267,40.54178],[-90.52373,40.52823],[-90.54293,40.52873],[-90.54283,40.54234],[-90.67396,40.54319],[-90.67468,40.48284],[-90.72768,40.47724],[-90.7048,40.44803],[-89.90558,40.45151],[-89.92468,40.43592],[-89.7171,40.43565],[-89.71493,40.31922],[-89.26374,40.32534],[-89.26265,40.28092],[-88.4809,40.28122],[-88.46042,40.28193],[-88.46027,40.31099],[-88.23291,40.31157],[-88.23248,40.28232],[-88.11706,40.27572],[-88.07856,40.2834],[-88.07889,40.31252],[-87.92999,40.31338],[-87.93963,40.08362],[-87.80648,40.08591],[-87.80621,40.04162],[-87.7869,40.04183],[-87.78662,40.02727],[-87.67621,40.02792],[-87.67615,40.04261],[-87.65874,40.04285],[-87.65707,40.02805],[-87.62384,40.02074],[-87.61487,40.05797],[-87.53217,40.0588],[-87.53164,39.47711],[-87.96018,39.48131],[-87.96635,39.68597],[-88.06301,39.68131],[-88.06352,39.65266],[-88.13955,39.65208],[-88.13998,39.52079],[-88.1238,39.51344],[-88.16513,39.49949],[-88.17422,39.43382],[-88.24815,39.43377],[-88.24795,39.48399],[-88.33356,39.48435],[-88.35953,39.47364],[-88.35981,39.43233],[-88.47035,39.43263],[-88.47091,39.21503],[-88.80532,39.21626],[-88.80679,38.91159],[-88.69353,38.91462],[-88.69517,38.8263],[-89.13814,38.82421],[-89.13839,38.73633],[-89.59732,38.74324],[-89.5951,38.65595],[-89.98318,38.65819],[-89.95658,38.74499],[-89.92871,38.74153],[-89.92752,38.89494],[-89.94607,38.89834],[-89.94629,38.91907],[-89.94601,38.93569],[-89.92722,38.94196],[-89.92698,38.99877],[-89.69855,38.99898],[-89.70166,39.52332],[-89.53353,39.52459],[-89.53503,39.64114],[-89.47847,39.64084],[-89.47892,39.68396],[-89.42505,39.6837],[-89.42517,39.76202],[-89.39733,39.74209],[-89.35414,39.77209],[-89.3285,39.7636],[-89.24689,39.82606],[-89.23395,39.81285],[-89.10588,39.80167],[-88.98471,39.90814],[-88.95526,39.90843],[-88.95503,39.89128],[-88.96155,39.87644],[-88.99195,39.87589],[-88.98931,39.85066],[-88.97702,39.83131],[-88.9455,39.82433],[-88.85117,39.86635],[-88.613,39.8503],[-88.61288,39.87906],[-88.4061,39.87924],[-88.4068,39.96739],[-88.35403,39.96735],[-88.34962,40.01107],[-88.23789,40.01044],[-88.2383,40.05438],[-88.12389,40.05499],[-88.12494,40.14219],[-88.18365,40.14205],[-88.20121,40.17108],[-88.29612,40.1713],[-88.31483,40.1421],[-88.46312,40.14222],[-88.46302,40.05503],[-88.74516,40.05519],[-88.74544,39.96757],[-89.14387,39.96137],[-89.14345,39.91765],[-89.36711,39.91759],[-89.36764,39.87405],[-89.48304,39.87504],[-89.4825,39.78824],[-89.59893,39.78743],[-89.59325,39.83154],[-89.66384,39.82674],[-89.66431,39.87355],[-89.70852,39.87315],[-89.71993,39.74708],[-89.70584,39.74262],[-89.70514,39.6983],[-89.81533,39.69793],[-89.81315,39.52284],[-90.15378,39.52031],[-90.14598,38.9993],[-90.11801,38.99903],[-90.12634,38.93031],[-90.19232,38.93673],[-90.1952,38.88675],[-90.25025,38.91934],[-90.45128,38.96773],[-90.50745,38.90277],[-90.57758,38.86838],[-90.62336,38.88715],[-90.66302,38.92628],[-90.67819,38.99185],[-90.71158,39.0468],[-90.68109,39.10059],[-90.7079,39.15086],[-90.72996,39.25589],[-90.94077,39.40398],[-91.03827,39.44844],[-91.10031,39.53869],[-91.15363,39.54825],[-91.18194,39.60268],[-91.22932,39.62085],[-91.36842,39.72974],[-91.36344,39.7928],[-91.43216,39.84031],[-91.44669,39.87164],[-91.41936,39.92772],[-91.49488,40.03645],[-91.51297,40.18106]]]}},{"type":"Feature","properties":{"id":"139","riding_id":"17016","FEDNUM":"17016","name_en":"Congressional District 16","name_fr":"Congressional District 16","state":""},"geometry":{"type":"Polygon","coordinates":[[[-90.65671,42.48884],[-90.64284,42.50848],[-88.47162,42.49462],[-88.4723,42.36471],[-88.51621,42.36564],[-88.51126,42.32747],[-88.82207,42.32789],[-88.82202,42.30667],[-88.84655,42.30576],[-88.84639,42.29128],[-88.88571,42.27],[-88.86252,42.26753],[-88.86151,42.15305],[-88.82242,42.15339],[-88.8219,42.06615],[-88.7156,42.06643],[-88.71473,41.98004],[-88.94188,41.97888],[-88.93868,41.62832],[-89.16715,41.62866],[-89.16654,41.49583],[-89.39366,41.49493],[-89.39346,41.2647],[-89.34838,41.26102],[-89.30885,41.19142],[-89.16262,41.19231],[-89.16278,41.22138],[-89.0508,41.2248],[-89.04854,41.28003],[-88.93308,41.28003],[-88.93287,41.25812],[-88.91343,41.25825],[-88.91357,41.28016],[-88.81701,41.28117],[-88.81135,41.33992],[-88.59091,41.30303],[-88.59596,41.45713],[-88.25223,41.46307],[-88.24089,41.11438],[-88.58461,41.10831],[-88.58593,40.94485],[-88.60529,40.93584],[-88.58804,40.93599],[-88.63565,40.89206],[-88.67141,40.8992],[-88.6712,40.87341],[-88.6405,40.87364],[-88.64245,40.84449],[-88.58522,40.85031],[-88.5745,40.61655],[-88.45947,40.61735],[-88.45926,40.53004],[-88.37066,40.52976],[-88.37065,40.46498],[-88.34699,40.46497],[-88.34699,40.39842],[-88.45996,40.39885],[-88.46042,40.28193],[-89.03471,40.28273],[-89.03944,40.45492],[-88.9637,40.4515],[-88.94313,40.48073],[-88.90222,40.47406],[-88.90253,40.48812],[-88.9531,40.50523],[-88.94391,40.53481],[-88.96206,40.52304],[-89.00208,40.53187],[-89.01105,40.50245],[-89.05831,40.5288],[-89.06571,40.48275],[-89.16438,40.45592],[-89.21847,40.45698],[-89.2177,40.42066],[-89.39905,40.4253],[-89.42948,40.41261],[-89.46843,40.44144],[-89.47143,40.48169],[-89.64431,40.48007],[-89.66,40.59766],[-89.61237,40.64646],[-89.6131,40.66573],[-89.5531,40.70309],[-89.5566,40.76024],[-89.57237,40.7606],[-89.56829,40.74623],[-89.61387,40.77978],[-89.63429,40.76009],[-89.66977,40.77513],[-89.67107,40.75449],[-89.64933,40.74851],[-89.64641,40.68664],[-89.65446,40.70098],[-89.70057,40.69912],[-89.69588,40.711],[-89.79472,40.71097],[-89.79486,40.72535],[-89.82076,40.7334],[-89.82417,40.79345],[-89.98533,40.80007],[-89.98456,41.14939],[-89.86815,41.14949],[-89.85662,41.32097],[-89.97278,41.32193],[-89.9733,41.23454],[-90.09512,41.23531],[-90.09631,41.14988],[-90.43765,41.15146],[-90.43218,41.43473],[-90.40129,41.45598],[-90.34827,41.455],[-90.34823,41.44116],[-90.33331,41.44161],[-90.31951,41.5097],[-90.19532,41.54069],[-90.18554,41.58457],[-89.63149,41.58495],[-89.62891,41.93004],[-89.68537,41.93034],[-89.68849,42.19911],[-89.173,42.20424],[-89.13984,42.2085],[-89.11096,42.23763],[-89.09188,42.20766],[-89.12528,42.18892],[-89.09057,42.18081],[-89.082,42.20889],[-88.99895,42.20781],[-89.00887,42.253],[-88.99412,42.25317],[-88.97991,42.28246],[-89.01926,42.27475],[-89.0246,42.29649],[-88.96681,42.3085],[-88.96443,42.34358],[-89.01989,42.30712],[-89.04216,42.30981],[-89.02842,42.32552],[-89.05801,42.32498],[-89.05785,42.31057],[-89.07113,42.32473],[-89.11619,42.31538],[-89.11607,42.28833],[-89.14849,42.27794],[-89.39743,42.28872],[-89.39767,42.33202],[-89.51427,42.33102],[-89.515,42.37435],[-89.92396,42.37141],[-89.91977,42.19688],[-90.3174,42.19364],[-90.37513,42.21481],[-90.41933,42.25447],[-90.43104,42.28245],[-90.41653,42.32511],[-90.47201,42.37996],[-90.55502,42.41614],[-90.56525,42.43874],[-90.62433,42.4589],[-90.65671,42.48884]]]}},{"type":"Feature","properties":{"id":"143","riding_id":"17017","FEDNUM":"17017","name_en":"Congressional District 17","name_fr":"Congressional District 17","state":""},"geometry":{"type":"Polygon","coordinates":[[[-91.07206,41.33341],[-91.04764,41.41131],[-91.02779,41.4236],[-90.97982,41.43432],[-90.93002,41.4214],[-90.84656,41.45514],[-90.65584,41.46213],[-90.59104,41.51283],[-90.46143,41.52353],[-90.41282,41.56533],[-90.34323,41.58783],[-90.34345,41.64696],[-90.31343,41.69808],[-90.31088,41.74233],[-90.18197,41.80707],[-90.15358,41.90661],[-90.16414,41.95618],[-90.14006,42.00325],[-90.16448,42.0421],[-90.16753,42.12248],[-90.2014,42.13094],[-90.21611,42.15673],[-90.3174,42.19364],[-89.91977,42.19688],[-89.92396,42.37141],[-89.515,42.37435],[-89.51427,42.33102],[-89.39767,42.33202],[-89.39743,42.28872],[-89.14849,42.27794],[-89.11607,42.28833],[-89.11619,42.31538],[-89.07113,42.32473],[-89.05785,42.31057],[-89.05801,42.32498],[-89.02842,42.32552],[-89.04216,42.30981],[-89.01989,42.30712],[-88.96443,42.34358],[-88.96681,42.3085],[-89.0246,42.29649],[-89.01926,42.27475],[-88.97991,42.28246],[-88.99412,42.25317],[-89.00887,42.253],[-88.99895,42.20781],[-89.082,42.20889],[-89.09057,42.18081],[-89.12528,42.18892],[-89.09188,42.20766],[-89.11096,42.23763],[-89.13984,42.2085],[-89.173,42.20424],[-89.68849,42.19911],[-89.68537,41.93034],[-89.62891,41.93004],[-89.63149,41.58495],[-90.18554,41.58457],[-90.19532,41.54069],[-90.31951,41.5097],[-90.33331,41.44161],[-90.34823,41.44116],[-90.34827,41.455],[-90.40129,41.45598],[-90.43218,41.43473],[-90.43765,41.15146],[-90.09631,41.14988],[-90.09512,41.23531],[-89.9733,41.23454],[-89.97278,41.32193],[-89.85662,41.32097],[-89.86815,41.14949],[-89.98456,41.14939],[-89.98533,40.80007],[-89.82417,40.79345],[-89.82076,40.7334],[-89.79486,40.72535],[-89.79472,40.71097],[-89.69588,40.711],[-89.70057,40.69912],[-89.65446,40.70098],[-89.64641,40.68664],[-89.64933,40.74851],[-89.67107,40.75449],[-89.66977,40.77513],[-89.63429,40.76009],[-89.61387,40.77978],[-89.56829,40.74623],[-89.57237,40.7606],[-89.5566,40.76024],[-89.5531,40.70309],[-89.6131,40.66573],[-89.61237,40.64646],[-89.66,40.59766],[-89.64431,40.48007],[-89.47143,40.48169],[-89.46843,40.44144],[-89.42972,40.41265],[-89.39905,40.4253],[-89.2177,40.42066],[-89.21847,40.45698],[-89.16438,40.45592],[-89.06571,40.48275],[-89.05831,40.5288],[-89.01105,40.50245],[-89.00208,40.53187],[-88.96206,40.52304],[-88.94391,40.53481],[-88.9531,40.50523],[-88.90253,40.48812],[-88.90222,40.47406],[-88.94313,40.48073],[-88.9637,40.4515],[-89.03944,40.45492],[-89.03471,40.2828],[-89.26265,40.28092],[-89.26374,40.32534],[-89.71493,40.31922],[-89.7171,40.43565],[-89.92468,40.43592],[-89.90558,40.45151],[-90.7048,40.44803],[-90.72768,40.47724],[-90.67468,40.48284],[-90.67396,40.54319],[-90.54283,40.54234],[-90.54293,40.52873],[-90.52373,40.52823],[-90.52267,40.54178],[-90.44688,40.53984],[-90.44176,40.88906],[-90.67154,40.89246],[-90.66858,41.32762],[-91.07206,41.33341]]]}},{"type":"Feature","properties":{"id":"152","riding_id":"18001","FEDNUM":"18001","name_en":"Congressional District 1","name_fr":"Congressional District 1","state":""},"geometry":{"type":"Polygon","coordinates":[[[-87.52659,41.16609],[-87.52366,41.75991],[-86.69968,41.75979],[-86.69903,41.62116],[-86.71479,41.61456],[-86.69947,41.60092],[-86.70082,41.54686],[-86.72551,41.54693],[-86.72626,41.51747],[-86.92977,41.51902],[-86.93769,41.23021],[-86.97702,41.22155],[-87.05972,41.26952],[-87.13125,41.28626],[-87.39366,41.16283],[-87.44679,41.17435],[-87.52659,41.16609]]]}},{"type":"Feature","properties":{"id":"157","riding_id":"18002","FEDNUM":"18002","name_en":"Congressional District 2","name_fr":"Congressional District 2","state":""},"geometry":{"type":"Polygon","coordinates":[[[-86.93076,40.91242],[-86.92977,41.51902],[-86.72626,41.51747],[-86.72551,41.54693],[-86.70082,41.54686],[-86.69947,41.60092],[-86.71479,41.61456],[-86.69903,41.62116],[-86.69968,41.75979],[-85.65975,41.75907],[-85.65351,41.43686],[-85.76871,41.43574],[-85.77252,41.19199],[-85.7652,41.17746],[-85.68657,41.17838],[-85.6832,41.00191],[-85.64384,41.0023],[-85.63859,40.65313],[-85.86479,40.65169],[-85.86364,40.56553],[-86.34673,40.56133],[-86.33603,40.62673],[-86.35015,40.63377],[-86.27855,40.6639],[-86.27887,40.75477],[-86.29996,40.74912],[-86.30944,40.76959],[-86.35415,40.76109],[-86.36458,40.82287],[-86.46799,40.8226],[-86.46823,40.90988],[-86.93076,40.91242]]]}},{"type":"Feature","properties":{"id":"150","riding_id":"18003","FEDNUM":"18003","name_en":"Congressional District 3","name_fr":"Congressional District 3","state":""},"geometry":{"type":"Polygon","coordinates":[[[-85.7652,41.17746],[-85.76871,41.43574],[-85.65351,41.43686],[-85.65975,41.75907],[-84.80589,41.76017],[-84.8065,40.18017],[-84.95241,40.17209],[-84.953,40.15026],[-84.98464,40.15007],[-85.00662,40.17757],[-85.21639,40.17855],[-85.22003,40.37918],[-85.44432,40.37875],[-85.44882,40.65361],[-85.63859,40.65313],[-85.64384,41.0023],[-85.6832,41.00191],[-85.68657,41.17838],[-85.7652,41.17746]]]}},{"type":"Feature","properties":{"id":"156","riding_id":"18004","FEDNUM":"18004","name_en":"Congressional District 4","name_fr":"Congressional District 4","state":""},"geometry":{"type":"Polygon","coordinates":[[[-87.53145,40.14814],[-87.52659,41.16609],[-87.44679,41.17435],[-87.39366,41.16283],[-87.13125,41.28626],[-87.05972,41.26952],[-86.97702,41.22155],[-86.93008,41.2368],[-86.93076,40.91242],[-86.46823,40.90988],[-86.46799,40.8226],[-86.36458,40.82287],[-86.35415,40.76109],[-86.30944,40.76959],[-86.29996,40.74912],[-86.27887,40.75477],[-86.27855,40.6639],[-86.35015,40.63377],[-86.33603,40.62673],[-86.33681,40.58317],[-86.34673,40.56133],[-86.37442,40.56136],[-86.37576,40.43185],[-86.27131,40.43182],[-86.27136,40.41657],[-86.23648,40.417],[-86.24074,39.92606],[-86.32629,39.92404],[-86.32812,39.86612],[-86.32634,39.63218],[-86.24989,39.63365],[-86.25168,39.34167],[-86.63084,39.34076],[-86.63221,39.47021],[-87.01453,39.47357],[-87.00948,39.86671],[-87.09154,39.86727],[-87.09149,40.03901],[-87.20544,40.05379],[-87.21099,40.0898],[-87.22401,40.09226],[-87.2239,40.11209],[-87.20481,40.12245],[-87.20509,40.18572],[-87.38614,40.18581],[-87.42398,40.16379],[-87.40667,40.12751],[-87.49041,40.12741],[-87.49045,40.14842],[-87.53145,40.14814]]]}},{"type":"Feature","properties":{"id":"154","riding_id":"18005","FEDNUM":"18005","name_en":"Congressional District 5","name_fr":"Congressional District 5","state":""},"geometry":{"type":"Polygon","coordinates":[[[-86.37565,40.43913],[-86.37442,40.56136],[-85.86364,40.56553],[-85.86479,40.65169],[-85.44882,40.65361],[-85.44432,40.37875],[-85.2199,40.37903],[-85.21439,40.07689],[-85.5762,40.07714],[-85.57619,39.94576],[-86.24074,39.92606],[-86.23649,40.41709],[-86.37565,40.43913]]]}},{"type":"Feature","properties":{"id":"155","riding_id":"18006","FEDNUM":"18006","name_en":"Congressional District 6","name_fr":"Congressional District 6","state":""},"geometry":{"type":"Polygon","coordinates":[[[-86.32634,39.63218],[-86.32659,39.71984],[-85.9517,39.72642],[-85.95401,39.86965],[-85.93807,39.86981],[-85.93813,39.92698],[-85.8624,39.92894],[-85.86249,39.94362],[-85.57619,39.94576],[-85.5762,40.07714],[-85.2144,40.07688],[-85.21639,40.17855],[-85.00662,40.17757],[-84.98464,40.15007],[-84.953,40.15026],[-84.95241,40.17209],[-84.8065,40.18017],[-84.81535,39.52195],[-85.29861,39.52547],[-85.29757,39.45327],[-85.62933,39.45275],[-85.63063,39.35021],[-85.68452,39.35005],[-85.68678,39.13086],[-85.79971,39.12745],[-85.83137,39.14381],[-85.88341,39.143],[-85.88307,39.15754],[-86.08029,39.15254],[-86.0856,39.34419],[-86.25168,39.34167],[-86.24989,39.63365],[-86.32634,39.63218]]]}},{"type":"Feature","properties":{"id":"158","riding_id":"18007","FEDNUM":"18007","name_en":"Congressional District 7","name_fr":"Congressional District 7","state":""},"geometry":{"type":"Polygon","coordinates":[[[-86.32659,39.71984],[-86.32629,39.92404],[-85.93759,39.92714],[-85.93807,39.86981],[-85.95401,39.86965],[-85.9517,39.72642],[-86.32659,39.71984]]]}},{"type":"Feature","properties":{"id":"153","riding_id":"18008","FEDNUM":"18008","name_en":"Congressional District 8","name_fr":"Congressional District 8","state":""},"geometry":{"type":"Polygon","coordinates":[[[-88.09776,37.90403],[-88.01515,37.89079],[-88.02082,37.91376],[-88.06947,37.9257],[-88.03406,37.92616],[-88.03679,37.95679],[-88.01293,37.96654],[-88.02583,38.00724],[-88.00793,38.03084],[-88.04213,38.04635],[-87.96723,38.0671],[-87.96023,38.09989],[-88.00672,38.08392],[-88.01511,38.10141],[-87.97606,38.10956],[-87.96639,38.13251],[-87.94547,38.12662],[-87.91103,38.16219],[-87.92172,38.17381],[-87.9343,38.15646],[-87.97981,38.20265],[-87.98762,38.25738],[-87.96022,38.23712],[-87.93484,38.29514],[-87.90954,38.29606],[-87.91012,38.26811],[-87.87054,38.31222],[-87.86177,38.27864],[-87.84098,38.2801],[-87.82272,38.34691],[-87.74525,38.409],[-87.73013,38.44652],[-87.75593,38.45588],[-87.75003,38.47143],[-87.64672,38.50777],[-87.67007,38.54524],[-87.63839,38.5922],[-87.61196,38.58925],[-87.62735,38.60544],[-87.62012,38.63949],[-87.59368,38.6674],[-87.53123,38.68404],[-87.4958,38.7407],[-87.49691,38.76682],[-87.51486,38.7705],[-87.49551,38.78463],[-87.52734,38.81812],[-87.52673,38.85036],[-87.55339,38.86241],[-87.53492,38.87887],[-87.54409,38.89509],[-87.53596,38.88699],[-87.51683,38.9037],[-87.52772,38.91923],[-87.51219,38.95442],[-87.57832,38.98879],[-87.56043,38.99242],[-87.57912,39.00161],[-87.57259,39.05729],[-87.62026,39.08657],[-87.61568,39.10332],[-87.6528,39.10684],[-87.63502,39.12212],[-87.65874,39.136],[-87.57456,39.2184],[-87.57159,39.25229],[-87.59468,39.24874],[-87.61005,39.28223],[-87.59795,39.29948],[-87.62059,39.30705],[-87.57833,39.34034],[-87.53165,39.34789],[-87.53145,40.14813],[-87.49045,40.14842],[-87.49041,40.12741],[-87.40667,40.12751],[-87.42398,40.16379],[-87.38614,40.18581],[-87.20509,40.18572],[-87.20481,40.12245],[-87.2239,40.11209],[-87.22401,40.09226],[-87.21099,40.0898],[-87.20544,40.05379],[-87.09149,40.03901],[-87.09154,39.86727],[-87.00948,39.86671],[-87.01473,39.47378],[-86.63221,39.47021],[-86.63082,39.34695],[-86.65155,39.35559],[-86.65638,39.33065],[-86.68561,39.33604],[-86.6831,38.68656],[-86.3087,38.6881],[-86.30867,38.42287],[-86.25504,38.42269],[-86.26482,38.41087],[-86.25064,38.39712],[-86.26175,38.39518],[-86.24553,38.38799],[-86.26116,38.38097],[-86.24716,38.34946],[-86.27076,38.36128],[-86.2818,38.34908],[-86.27347,38.32111],[-86.28739,38.32947],[-86.2777,38.30136],[-86.26437,38.30835],[-86.25275,38.29383],[-86.28052,38.28459],[-86.27696,38.22713],[-86.29779,38.22147],[-86.28972,38.20203],[-86.30764,38.20164],[-86.31279,38.17813],[-86.35715,38.19873],[-86.37601,38.19066],[-86.37233,38.16461],[-86.32289,38.15119],[-86.3321,38.12993],[-86.38061,38.12908],[-86.40188,38.10433],[-86.43274,38.12643],[-86.46386,38.11825],[-86.46282,38.09943],[-86.43058,38.07528],[-86.4539,38.05008],[-86.52171,38.03962],[-86.52494,37.9665],[-86.50734,37.9295],[-86.58869,37.92109],[-86.59819,37.86716],[-86.63828,37.84269],[-86.66224,37.85285],[-86.64785,37.90939],[-86.68079,37.91504],[-86.73255,37.89477],[-86.79497,37.98921],[-86.81969,37.99942],[-86.91892,37.93684],[-87.03417,37.90626],[-87.06541,37.80761],[-87.11073,37.78242],[-87.13007,37.78678],[-87.1617,37.83976],[-87.22026,37.84897],[-87.38618,37.9378],[-87.44913,37.94185],[-87.51057,37.90608],[-87.5609,37.93211],[-87.58741,37.97528],[-87.62712,37.92571],[-87.58374,37.87808],[-87.61388,37.83267],[-87.67376,37.82962],[-87.68168,37.85627],[-87.66403,37.88748],[-87.67501,37.90164],[-87.82977,37.87642],[-87.89689,37.92786],[-87.94074,37.8845],[-87.90441,37.81251],[-87.95093,37.77178],[-88.03546,37.80952],[-88.07703,37.80499],[-88.08573,37.82939],[-88.04383,37.82153],[-88.02605,37.83369],[-88.06504,37.85317],[-88.09776,37.90403]]]}},{"type":"Feature","properties":{"id":"151","riding_id":"18009","FEDNUM":"18009","name_en":"Congressional District 9","name_fr":"Congressional District 9","state":""},"geometry":{"type":"Polygon","coordinates":[[[-86.6831,38.68656],[-86.68561,39.33604],[-86.65551,39.33148],[-86.65048,39.3557],[-86.60719,39.34013],[-86.0856,39.34419],[-86.08029,39.15254],[-85.88307,39.15754],[-85.88341,39.143],[-85.83137,39.14381],[-85.79971,39.12745],[-85.68678,39.13086],[-85.68452,39.35005],[-85.63063,39.35021],[-85.62933,39.45275],[-85.29757,39.45327],[-85.29861,39.52547],[-84.81535,39.52195],[-84.82015,39.10542],[-84.89732,39.05508],[-84.83005,38.97256],[-84.87725,38.90941],[-84.80188,38.89188],[-84.7849,38.87331],[-84.82986,38.83077],[-84.81467,38.78451],[-84.88742,38.79483],[-84.94112,38.77569],[-84.99192,38.77828],[-85.16412,38.68998],[-85.20984,38.69391],[-85.27766,38.74154],[-85.43595,38.72871],[-85.45672,38.68636],[-85.43863,38.65889],[-85.41953,38.53533],[-85.46969,38.50801],[-85.50571,38.46472],[-85.60695,38.43857],[-85.65226,38.32879],[-85.67996,38.29758],[-85.74348,38.26729],[-85.78119,38.28831],[-85.82906,38.27655],[-85.8436,38.23218],[-85.90618,38.16791],[-85.90505,38.08996],[-85.92565,38.02178],[-85.94651,38.00523],[-86.02796,37.99332],[-86.04611,37.95871],[-86.0946,38.00881],[-86.17818,38.01056],[-86.2678,38.05715],[-86.2718,38.13887],[-86.3296,38.1818],[-86.31279,38.17813],[-86.30764,38.20164],[-86.28972,38.20203],[-86.29812,38.22092],[-86.27696,38.22713],[-86.28052,38.28459],[-86.25314,38.2919],[-86.28967,38.31609],[-86.28531,38.33199],[-86.2733,38.32169],[-86.28174,38.34975],[-86.26555,38.36217],[-86.24703,38.34976],[-86.26116,38.38097],[-86.24553,38.38799],[-86.26482,38.41087],[-86.25504,38.42269],[-86.30867,38.42287],[-86.3087,38.6881],[-86.6831,38.68656]]]}},{"type":"Feature","properties":{"id":"160","riding_id":"19001","FEDNUM":"19001","name_en":"Congressional District 1","name_fr":"Congressional District 1","state":""},"geometry":{"type":"Polygon","coordinates":[[[-93.7892,41.16204],[-93.79061,41.51192],[-93.41384,41.50742],[-93.42231,41.49419],[-93.39953,41.50181],[-93.40384,41.48655],[-93.32841,41.49079],[-93.32868,41.60115],[-93.34868,41.601],[-93.34793,41.8631],[-92.766,41.86237],[-92.75651,41.50879],[-92.29749,41.50979],[-92.29816,41.86278],[-91.36622,41.86007],[-91.36326,42.29644],[-90.66555,42.2947],[-90.66503,42.38215],[-90.4738,42.38146],[-90.41653,42.32511],[-90.43088,42.27823],[-90.39315,42.22719],[-90.21611,42.15673],[-90.2014,42.13094],[-90.16753,42.12248],[-90.16448,42.0421],[-90.14006,42.00325],[-90.16414,41.95618],[-90.15358,41.90661],[-90.18197,41.80707],[-90.31088,41.74233],[-90.31343,41.69808],[-90.34345,41.64696],[-90.34323,41.58783],[-90.41282,41.56533],[-90.46143,41.52353],[-90.59104,41.51283],[-90.65584,41.46213],[-90.84656,41.45514],[-90.92925,41.42154],[-90.98291,41.43417],[-91.04589,41.41409],[-91.07484,41.30558],[-91.11366,41.2414],[-91.04156,41.16616],[-90.99496,41.16063],[-90.94662,41.09663],[-90.95223,40.95405],[-90.96534,40.92163],[-91.00954,40.90057],[-91.09299,40.82108],[-91.12393,40.66915],[-91.18698,40.6373],[-91.25307,40.63796],[-91.33972,40.61349],[-91.40148,40.55946],[-91.40412,40.53913],[-91.36421,40.50004],[-91.38177,40.44255],[-91.37255,40.4012],[-91.41942,40.37826],[-91.46389,40.37566],[-91.48525,40.38466],[-91.48848,40.40432],[-91.52461,40.41076],[-91.52509,40.45784],[-91.57473,40.46565],[-91.62135,40.51007],[-91.62007,40.54082],[-91.6887,40.55739],[-91.68636,40.58087],[-91.72911,40.61364],[-92.17978,40.60053],[-92.17997,41.16266],[-93.7892,41.16204]]]}},{"type":"Feature","properties":{"id":"162","riding_id":"19002","FEDNUM":"19002","name_en":"Congressional District 2","name_fr":"Congressional District 2","state":""},"geometry":{"type":"Polygon","coordinates":[[[-93.4991,42.47098],[-93.49949,42.5577],[-93.027,42.55681],[-93.02514,42.90755],[-93.49862,42.90851],[-93.49735,43.49962],[-91.21771,43.50055],[-91.23337,43.45517],[-91.20036,43.4127],[-91.20662,43.35252],[-91.10724,43.31365],[-91.05792,43.25537],[-91.17525,43.13466],[-91.17946,43.06743],[-91.14593,42.96077],[-91.14562,42.90801],[-91.10057,42.88308],[-91.06506,42.75134],[-90.94921,42.68557],[-90.7092,42.63608],[-90.63605,42.51891],[-90.6514,42.47549],[-90.4738,42.38146],[-90.66503,42.38215],[-90.66555,42.2947],[-91.36326,42.29644],[-91.36622,41.86007],[-92.29816,41.86278],[-92.29749,41.50979],[-92.75651,41.50879],[-92.76746,42.21014],[-93.46304,42.2093],[-93.46264,42.4708],[-93.4991,42.47098]]]}},{"type":"Feature","properties":{"id":"159","riding_id":"19003","FEDNUM":"19003","name_en":"Congressional District 3","name_fr":"Congressional District 3","state":""},"geometry":{"type":"Polygon","coordinates":[[[-95.38548,40.73183],[-95.38435,41.16001],[-95.15585,41.15924],[-95.15472,41.50521],[-94.70063,41.50415],[-94.70074,41.60218],[-94.7442,41.60218],[-94.74488,41.86239],[-94.62872,41.86276],[-94.62865,42.20956],[-94.1647,42.20992],[-94.16443,41.86324],[-93.34793,41.8631],[-93.34868,41.601],[-93.32868,41.60115],[-93.32841,41.49079],[-93.40384,41.48655],[-93.39953,41.50181],[-93.42231,41.49419],[-93.41384,41.50742],[-93.79061,41.51192],[-93.7892,41.16204],[-92.17997,41.16266],[-92.17978,40.60053],[-94.27046,40.57153],[-95.37392,40.5805],[-95.37062,40.72824],[-95.38548,40.73183]]]}},{"type":"Feature","properties":{"id":"161","riding_id":"19004","FEDNUM":"19004","name_en":"Congressional District 4","name_fr":"Congressional District 4","state":""},"geometry":{"type":"Polygon","coordinates":[[[-96.63948,42.73696],[-96.61926,42.75461],[-96.63638,42.76974],[-96.59521,42.7929],[-96.58147,42.83773],[-96.55032,42.83753],[-96.54349,42.88376],[-96.52529,42.89191],[-96.54293,42.90376],[-96.54128,42.92393],[-96.49896,42.9578],[-96.52084,42.98031],[-96.49198,43.0102],[-96.5213,43.03966],[-96.46074,43.06434],[-96.46232,43.09289],[-96.43647,43.12017],[-96.4685,43.15189],[-96.47665,43.22194],[-96.55933,43.22293],[-96.57149,43.23885],[-96.54919,43.24681],[-96.55266,43.25815],[-96.58566,43.26935],[-96.58849,43.29617],[-96.52696,43.30523],[-96.53509,43.3365],[-96.52166,43.38591],[-96.59414,43.43382],[-96.60305,43.45083],[-96.58108,43.4815],[-96.59919,43.50046],[-93.49735,43.49962],[-93.49862,42.90851],[-93.02514,42.90755],[-93.027,42.55681],[-93.49949,42.5577],[-93.4991,42.47098],[-93.46264,42.4708],[-93.46304,42.2093],[-92.76746,42.21014],[-92.766,41.86237],[-94.16443,41.86324],[-94.1647,42.20992],[-94.6287,42.20955],[-94.62872,41.86276],[-94.74488,41.86239],[-94.7442,41.60218],[-94.70074,41.60218],[-94.70063,41.50415],[-95.15472,41.50521],[-95.15585,41.15924],[-95.38435,41.16001],[-95.37392,40.5805],[-95.76565,40.58521],[-95.74863,40.60336],[-95.77625,40.64746],[-95.8428,40.6775],[-95.88891,40.73186],[-95.83523,40.77915],[-95.84859,40.86106],[-95.80947,40.89123],[-95.83974,40.93278],[-95.82907,40.97569],[-95.86695,41.00109],[-95.85965,41.03569],[-95.88234,41.05942],[-95.86243,41.08969],[-95.88254,41.15588],[-95.84162,41.17547],[-95.92725,41.19709],[-95.91063,41.23458],[-95.92764,41.29844],[-95.9059,41.30104],[-95.90284,41.27437],[-95.87114,41.29669],[-95.88292,41.31665],[-95.92584,41.32158],[-95.95714,41.3459],[-95.92968,41.36706],[-95.93769,41.39477],[-95.92119,41.45514],[-96.01359,41.47847],[-96.01954,41.49159],[-95.99278,41.5146],[-96.00511,41.54325],[-96.02666,41.54037],[-96.04061,41.50689],[-96.09511,41.54109],[-96.08139,41.5779],[-96.11828,41.61497],[-96.09522,41.65011],[-96.1226,41.68304],[-96.07322,41.70406],[-96.10635,41.73805],[-96.06479,41.79441],[-96.10657,41.81961],[-96.11055,41.8492],[-96.16176,41.90182],[-96.13674,41.92083],[-96.14458,41.94154],[-96.1295,41.97167],[-96.18722,41.97795],[-96.19456,42.00866],[-96.23649,41.99643],[-96.22382,42.03335],[-96.27254,42.0462],[-96.26946,42.11422],[-96.34969,42.1707],[-96.35987,42.21055],[-96.32372,42.22989],[-96.3289,42.25472],[-96.41779,42.35145],[-96.41519,42.4042],[-96.38071,42.44639],[-96.386,42.4745],[-96.47646,42.49013],[-96.49372,42.51674],[-96.47696,42.55597],[-96.49854,42.55812],[-96.4858,42.57502],[-96.50945,42.6127],[-96.53133,42.61364],[-96.51566,42.62971],[-96.54237,42.66093],[-96.5784,42.67184],[-96.57518,42.68276],[-96.63015,42.70544],[-96.62441,42.72521],[-96.63948,42.73696]]]}},{"type":"Feature","properties":{"id":"163","riding_id":"20001","FEDNUM":"20001","name_en":"Congressional District 1","name_fr":"Congressional District 1","state":""},"geometry":{"type":"Polygon","coordinates":[[[-102.05177,39.99999],[-96.2392,40.00088],[-96.23897,39.56622],[-95.71861,39.56594],[-95.57013,39.52553],[-95.57035,39.41905],[-95.18089,39.41922],[-95.18619,38.96454],[-95.21186,38.96282],[-95.17675,38.94182],[-95.25783,38.91515],[-95.33528,38.94253],[-95.32552,38.95696],[-95.34451,38.97136],[-95.33386,38.97874],[-95.34383,38.99655],[-95.31648,38.99803],[-95.34383,38.99671],[-95.3356,39.02958],[-95.41944,39.06721],[-95.58934,39.05843],[-95.58947,39.21608],[-96.03557,39.21652],[-96.03906,39.12653],[-96.04259,39.14083],[-96.09059,39.15395],[-96.05687,39.16149],[-96.10697,39.20103],[-96.12276,39.18712],[-96.17674,39.18862],[-96.18157,39.20633],[-96.23542,39.21212],[-96.27062,39.17889],[-96.30819,39.19678],[-96.34595,39.1541],[-96.35762,39.17302],[-96.38905,39.17288],[-96.3908,39.04326],[-96.4049,39.04325],[-96.50117,39.04367],[-96.50096,39.07268],[-96.85141,39.08818],[-96.83097,39.13549],[-96.84967,39.13928],[-96.84988,39.21901],[-96.96169,39.22008],[-96.96347,38.9649],[-96.92621,38.97894],[-96.92671,38.87035],[-96.89024,38.87007],[-96.89007,38.81226],[-96.92723,38.81216],[-96.93029,38.60936],[-97.37191,38.60935],[-97.37175,38.17367],[-97.70184,38.17381],[-97.69869,37.73506],[-98.4648,37.73268],[-98.47244,38.26074],[-99.02247,38.26121],[-99.02236,38.23809],[-99.08364,38.18886],[-99.13174,38.17434],[-99.56993,38.1749],[-99.54112,36.99961],[-102.04209,36.99302],[-102.05177,39.99999]]]}},{"type":"Feature","properties":{"id":"165","riding_id":"20002","FEDNUM":"20002","name_en":"Congressional District 2","name_fr":"Congressional District 2","state":""},"geometry":{"type":"Polygon","coordinates":[[[-97.37175,38.17367],[-97.37191,38.60935],[-96.93029,38.60936],[-96.92723,38.81216],[-96.89007,38.81226],[-96.89024,38.87007],[-96.92671,38.87035],[-96.92621,38.97894],[-96.96347,38.9649],[-96.96169,39.22008],[-96.84988,39.21901],[-96.84967,39.13928],[-96.83097,39.13549],[-96.85141,39.08818],[-96.50096,39.07268],[-96.50117,39.04367],[-96.4049,39.04325],[-96.3908,39.04326],[-96.38905,39.17288],[-96.35762,39.17302],[-96.34595,39.1541],[-96.30819,39.19678],[-96.27062,39.17889],[-96.23542,39.21212],[-96.18157,39.20633],[-96.17674,39.18862],[-96.12276,39.18712],[-96.10697,39.20103],[-96.05687,39.16149],[-96.09059,39.15395],[-96.04259,39.14083],[-96.03906,39.12653],[-96.03557,39.21652],[-95.58947,39.21608],[-95.58934,39.05843],[-95.41944,39.06721],[-95.3356,39.02958],[-95.34383,38.99671],[-95.31648,38.99803],[-95.34383,38.99655],[-95.33386,38.97874],[-95.34451,38.97136],[-95.32552,38.95696],[-95.33528,38.94253],[-95.25783,38.91515],[-95.17675,38.94182],[-95.21186,38.96282],[-95.18619,38.96454],[-95.18089,39.41922],[-95.57035,39.41905],[-95.57013,39.52553],[-95.71861,39.56594],[-96.23897,39.56622],[-96.2392,40.00088],[-95.30829,40.0],[-95.25025,39.94864],[-95.20527,39.93975],[-95.20175,39.90438],[-95.14966,39.90595],[-95.13709,39.87835],[-95.09016,39.86314],[-95.03525,39.86592],[-95.01313,39.90019],[-94.93996,39.89645],[-94.92721,39.88197],[-94.93985,39.85204],[-94.88483,39.83242],[-94.87594,39.81329],[-94.88465,39.794],[-94.92823,39.78894],[-94.93457,39.77296],[-94.91095,39.75918],[-94.86965,39.7729],[-94.86274,39.7422],[-94.89932,39.72404],[-94.96396,39.74036],[-94.97068,39.68724],[-95.02764,39.66545],[-95.05427,39.62774],[-95.05059,39.58756],[-95.10495,39.5766],[-95.11037,39.54456],[-95.05446,39.50265],[-95.0375,39.46369],[-94.98214,39.44055],[-94.94204,39.3895],[-94.88503,39.3898],[-94.88136,39.37038],[-94.91002,39.35254],[-94.90613,39.31472],[-94.88409,39.28451],[-94.83055,39.25514],[-94.83168,39.21594],[-94.78225,39.20679],[-94.75165,39.173],[-94.6739,39.18355],[-94.65579,39.15568],[-94.60645,39.16083],[-94.5894,39.14054],[-94.60825,39.11831],[-94.60722,39.08971],[-94.63231,39.07372],[-94.68893,39.1027],[-94.71004,39.0933],[-94.90847,39.116],[-94.91231,38.98773],[-94.92335,39.00263],[-94.95655,38.98197],[-95.01406,39.00086],[-95.03328,38.9755],[-95.05626,38.98212],[-95.05641,38.73859],[-95.50074,38.73881],[-95.51897,38.03823],[-95.07788,38.03771],[-95.06583,38.38994],[-94.61323,38.38872],[-94.61796,36.99891],[-95.96427,36.9991],[-95.95886,38.17094],[-96.35728,38.17266],[-96.3581,38.08582],[-97.15291,38.0877],[-97.15309,38.17463],[-97.37175,38.17367]]]}},{"type":"Feature","properties":{"id":"166","riding_id":"20003","FEDNUM":"20003","name_en":"Congressional District 3","name_fr":"Congressional District 3","state":""},"geometry":{"type":"Polygon","coordinates":[[[-95.51895,38.03895],[-95.50074,38.73881],[-95.05641,38.73859],[-95.05626,38.98212],[-95.03328,38.9755],[-95.01406,39.00086],[-94.95655,38.98197],[-94.92335,39.00263],[-94.91231,38.98773],[-94.90847,39.116],[-94.71004,39.0933],[-94.68893,39.1027],[-94.64263,39.07372],[-94.60722,39.08971],[-94.61323,38.38872],[-95.06583,38.38994],[-95.07788,38.03771],[-95.51895,38.03895]]]}},{"type":"Feature","properties":{"id":"164","riding_id":"20004","FEDNUM":"20004","name_en":"Congressional District 4","name_fr":"Congressional District 4","state":""},"geometry":{"type":"Polygon","coordinates":[[[-99.57055,37.8263],[-99.56993,38.1749],[-99.13174,38.17434],[-99.08364,38.18886],[-99.02236,38.23809],[-99.02247,38.26121],[-98.47244,38.26074],[-98.4648,37.73268],[-97.69869,37.73506],[-97.70184,38.17381],[-97.15309,38.17463],[-97.15291,38.0877],[-96.875,38.08566],[-96.3581,38.08582],[-96.35728,38.17266],[-95.95886,38.17094],[-95.96427,36.9991],[-99.54112,36.99961],[-99.54319,37.38112],[-99.55577,37.38111],[-99.56027,37.82559],[-99.57055,37.8263]]]}},{"type":"Feature","properties":{"id":"168","riding_id":"21001","FEDNUM":"21001","name_en":"Congressional District 1","name_fr":"Congressional District 1","state":""},"geometry":{"type":"MultiPolygon","coordinates":[[[[-89.41699,36.49968],[-89.3658,36.62513],[-89.32626,36.63184],[-89.26955,36.56972],[-89.23631,36.56688],[-89.15912,36.66635],[-89.20055,36.73257],[-89.17289,36.75877],[-89.1182,36.76233],[-89.12438,36.78583],[-89.17056,36.79754],[-89.1792,36.8299],[-89.13811,36.84732],[-89.09898,36.95822],[-89.17017,37.00707],[-89.18247,37.03916],[-89.16708,37.07541],[-89.1095,37.12309],[-89.07613,37.17501],[-89.00007,37.22476],[-88.93151,37.22743],[-88.80261,37.18774],[-88.7325,37.14395],[-88.61869,37.11677],[-88.56651,37.07537],[-88.45994,37.07463],[-88.42466,37.15229],[-88.44804,37.20364],[-88.51141,37.26148],[-88.5159,37.28409],[-88.46708,37.39984],[-88.40923,37.42531],[-88.36439,37.40175],[-88.27921,37.45329],[-88.0819,37.47304],[-88.06303,37.51532],[-88.13649,37.57731],[-88.15799,37.63695],[-88.15872,37.66357],[-88.12497,37.70725],[-88.06375,37.73861],[-88.02795,37.79923],[-87.95184,37.7717],[-87.90738,37.80713],[-87.90997,37.84303],[-87.94074,37.8845],[-87.89811,37.92759],[-87.87502,37.92286],[-87.82977,37.87642],[-87.67501,37.90164],[-87.66403,37.88748],[-87.67772,37.83416],[-87.61535,37.83188],[-87.58374,37.87808],[-87.62727,37.92484],[-87.59316,37.97527],[-87.5609,37.93211],[-87.51088,37.90615],[-87.44913,37.94185],[-87.41413,37.94477],[-87.30291,37.89782],[-87.3234,37.81924],[-87.30326,37.81171],[-87.29732,37.78521],[-87.27161,37.78012],[-87.32077,37.74252],[-87.38638,37.73061],[-87.41301,37.67468],[-87.47281,37.66487],[-87.49991,37.63068],[-87.48199,37.60043],[-87.3944,37.58841],[-87.36039,37.54926],[-87.35254,37.42656],[-87.29538,37.3871],[-87.33822,37.33599],[-87.33938,37.31377],[-87.37991,37.31128],[-87.38848,37.25735],[-87.30793,37.19471],[-87.33363,37.16149],[-87.33442,37.13219],[-87.3053,37.10646],[-87.28433,37.10802],[-87.2741,37.07051],[-87.25181,37.07555],[-87.24377,37.05757],[-87.26211,37.05272],[-87.25026,37.04056],[-87.11807,37.04473],[-86.9764,37.07359],[-86.84535,37.05651],[-86.67446,36.99977],[-86.67122,36.98273],[-86.70352,36.97918],[-86.71354,36.93707],[-86.74391,36.92295],[-86.71363,36.87877],[-86.73117,36.8592],[-86.71283,36.86231],[-86.69242,36.83993],[-86.65589,36.87626],[-86.61159,36.88306],[-86.58329,36.83028],[-86.40052,36.80723],[-86.40577,36.77619],[-86.26327,36.87324],[-86.26689,36.89318],[-86.20793,36.90709],[-86.20585,36.93294],[-86.18903,36.92168],[-86.16619,36.93372],[-86.17641,36.91441],[-86.15941,36.90631],[-86.13605,36.93209],[-86.13455,36.90299],[-86.14709,36.8968],[-86.12478,36.89544],[-86.10642,36.86506],[-86.09796,36.90044],[-86.06531,36.89913],[-86.07824,36.89125],[-86.07802,36.8547],[-86.05572,36.82958],[-86.07147,36.80701],[-86.04698,36.80765],[-86.05212,36.79445],[-86.03452,36.7809],[-86.05129,36.77241],[-86.00231,36.75871],[-85.97691,36.72272],[-85.80701,36.82164],[-85.73925,36.84148],[-85.75609,37.10983],[-85.77177,37.10973],[-85.77696,37.13833],[-85.74422,37.16981],[-85.68648,37.18243],[-85.63231,37.12506],[-85.52674,37.10944],[-85.35277,37.19243],[-85.37189,37.22131],[-85.41121,37.2248],[-85.39066,37.24706],[-85.47808,37.36367],[-85.58516,37.43285],[-85.58377,37.46967],[-85.52913,37.45402],[-85.49884,37.48295],[-85.46625,37.4656],[-85.49806,37.54353],[-85.52129,37.55434],[-85.45049,37.68595],[-85.37332,37.73958],[-85.37472,37.76487],[-85.34528,37.76295],[-85.35567,37.78414],[-85.30793,37.79406],[-85.31396,37.80923],[-85.27752,37.8378],[-85.27855,37.85335],[-85.24522,37.84711],[-85.2555,37.86577],[-85.23017,37.87063],[-85.22688,37.85517],[-85.21676,37.8715],[-85.20374,37.84674],[-85.19805,37.90225],[-85.18751,37.88364],[-85.15175,37.88743],[-85.16936,37.99758],[-85.13026,37.99616],[-85.12083,38.02576],[-85.04778,38.07234],[-85.04627,38.11096],[-85.0038,38.1602],[-84.9989,38.27498],[-84.95696,38.33227],[-84.99767,38.33559],[-84.90626,38.37484],[-84.88408,38.35153],[-84.83863,38.35696],[-84.79323,38.3385],[-84.74059,38.35242],[-84.72517,38.19543],[-84.8648,38.14137],[-84.86491,38.11693],[-84.88611,38.09763],[-84.91881,38.09938],[-84.92182,38.07711],[-84.94221,38.07827],[-84.96723,38.00903],[-85.06018,38.0023],[-85.04419,37.97686],[-85.07467,37.9508],[-85.04344,37.92948],[-85.05815,37.89516],[-85.03053,37.89154],[-85.00052,37.85472],[-85.02502,37.67885],[-84.80787,37.70461],[-84.79357,37.71725],[-84.73992,37.71353],[-84.74305,37.69743],[-84.68231,37.686],[-84.70524,37.66142],[-84.67902,37.65548],[-84.69404,37.64112],[-84.65168,37.64858],[-84.66606,37.63976],[-84.65838,37.61775],[-84.69026,37.62559],[-84.68828,37.6125],[-84.72374,37.5913],[-84.75537,37.5961],[-84.74731,37.58553],[-84.84743,37.54834],[-84.85709,37.52852],[-84.85082,37.42714],[-84.72283,37.36004],[-84.70612,37.29984],[-84.72416,37.28668],[-84.72071,37.23833],[-84.90111,37.1163],[-84.90578,37.04719],[-84.83571,36.99761],[-84.90786,36.94545],[-84.94553,36.95975],[-84.96088,36.91634],[-85.06431,36.85874],[-85.0041,36.75624],[-85.02048,36.69435],[-85.00127,36.67674],[-84.99946,36.62456],[-84.97481,36.61547],[-85.27687,36.62683],[-85.67653,36.61822],[-86.50778,36.65238],[-86.56391,36.63356],[-86.58991,36.65244],[-87.85332,36.63316],[-87.84954,36.66369],[-88.07054,36.67826],[-88.03265,36.5421],[-88.05329,36.49706],[-89.41699,36.49968]]],[[[-89.5712,36.55214],[-89.55757,36.5743],[-89.52854,36.58158],[-89.47993,36.56909],[-89.46591,36.53001],[-89.48543,36.49749],[-89.53923,36.49793],[-89.5712,36.55214]]]]}},{"type":"Feature","properties":{"id":"172","riding_id":"21002","FEDNUM":"21002","name_en":"Congressional District 2","name_fr":"Congressional District 2","state":""},"geometry":{"type":"Polygon","coordinates":[[[-87.49994,37.63875],[-87.47016,37.66604],[-87.41434,37.6736],[-87.38496,37.73151],[-87.32077,37.74252],[-87.27161,37.78012],[-87.29732,37.78521],[-87.30326,37.81171],[-87.3234,37.81924],[-87.30291,37.89782],[-87.22026,37.84897],[-87.1617,37.83976],[-87.12902,37.78569],[-87.09841,37.78462],[-87.06325,37.81148],[-87.03417,37.90626],[-86.91892,37.93684],[-86.81877,37.99936],[-86.79497,37.98921],[-86.73255,37.89477],[-86.68079,37.91504],[-86.64785,37.90939],[-86.66179,37.85024],[-86.63288,37.84419],[-86.59786,37.86773],[-86.58869,37.92109],[-86.50734,37.9295],[-86.52494,37.9665],[-86.52514,38.02873],[-86.43392,38.06571],[-86.43233,38.0848],[-86.46468,38.10251],[-86.46124,38.12093],[-86.43234,38.12634],[-86.40188,38.10433],[-86.38077,38.12902],[-86.32512,38.13634],[-86.32587,38.15403],[-86.37673,38.16974],[-86.35977,38.19884],[-86.27285,38.14084],[-86.2678,38.05715],[-86.17818,38.01056],[-86.0946,38.00881],[-86.04078,37.95831],[-86.02589,37.99431],[-85.93407,37.99729],[-85.88237,38.04088],[-85.71258,38.08731],[-85.56714,38.07474],[-85.57961,38.13414],[-85.55066,38.13417],[-85.56131,38.14307],[-85.50924,38.18039],[-85.50549,38.22262],[-85.49376,38.22226],[-85.50088,38.27004],[-85.47625,38.2897],[-85.4049,38.26373],[-85.43047,38.10725],[-85.46923,38.09622],[-85.51688,38.01127],[-85.4892,37.99065],[-85.5343,37.96536],[-85.52995,37.94723],[-85.58568,37.90773],[-85.5024,37.84656],[-85.51194,37.82702],[-85.4536,37.8381],[-85.45434,37.82482],[-85.42839,37.81727],[-85.46176,37.76405],[-85.44035,37.75944],[-85.43876,37.72733],[-85.40194,37.73051],[-85.45049,37.68595],[-85.52129,37.55434],[-85.49806,37.54353],[-85.46625,37.4656],[-85.49884,37.48295],[-85.52913,37.45402],[-85.5835,37.46992],[-85.58664,37.43812],[-85.47808,37.36367],[-85.39066,37.24706],[-85.41121,37.2248],[-85.37189,37.22131],[-85.35277,37.19243],[-85.52674,37.10944],[-85.63231,37.12506],[-85.68648,37.18243],[-85.74422,37.16981],[-85.77696,37.13833],[-85.77177,37.10973],[-85.75609,37.10983],[-85.73925,36.84148],[-85.80701,36.82164],[-85.97691,36.72272],[-86.00231,36.75871],[-86.05129,36.77241],[-86.03452,36.7809],[-86.05212,36.79445],[-86.04698,36.80765],[-86.07147,36.80701],[-86.05572,36.82958],[-86.07802,36.8547],[-86.07824,36.89125],[-86.06531,36.89913],[-86.09796,36.90044],[-86.10642,36.86506],[-86.12478,36.89544],[-86.14709,36.8968],[-86.13455,36.90299],[-86.13605,36.93209],[-86.15941,36.90631],[-86.17641,36.91441],[-86.16619,36.93372],[-86.18903,36.92168],[-86.20585,36.93294],[-86.20793,36.90709],[-86.26689,36.89318],[-86.26327,36.87324],[-86.40577,36.77619],[-86.40052,36.80723],[-86.58329,36.83028],[-86.61159,36.88306],[-86.65589,36.87626],[-86.69242,36.83993],[-86.71283,36.86231],[-86.73117,36.8592],[-86.71363,36.87877],[-86.74391,36.92295],[-86.71354,36.93707],[-86.70352,36.97918],[-86.67122,36.98273],[-86.67446,36.99977],[-86.84535,37.05651],[-86.9764,37.07359],[-87.11807,37.04473],[-87.25026,37.04056],[-87.26211,37.05272],[-87.24377,37.05757],[-87.25181,37.07555],[-87.2741,37.07051],[-87.28433,37.10802],[-87.3053,37.10646],[-87.33442,37.13219],[-87.33363,37.16149],[-87.30793,37.19471],[-87.38848,37.25735],[-87.37991,37.31128],[-87.33938,37.31377],[-87.33822,37.33599],[-87.29538,37.3871],[-87.35254,37.42656],[-87.36039,37.54926],[-87.3944,37.58841],[-87.48199,37.60043],[-87.49994,37.63875]]]}},{"type":"Feature","properties":{"id":"167","riding_id":"21003","FEDNUM":"21003","name_en":"Congressional District 3","name_fr":"Congressional District 3","state":""},"geometry":{"type":"Polygon","coordinates":[[[-85.94651,38.00523],[-85.92343,38.02525],[-85.90531,38.08884],[-85.90507,38.1706],[-85.84405,38.23156],[-85.82562,38.27919],[-85.78119,38.28831],[-85.74348,38.26729],[-85.68345,38.2956],[-85.65226,38.32879],[-85.63782,38.38024],[-85.47625,38.2897],[-85.50088,38.27004],[-85.49376,38.22226],[-85.50549,38.22262],[-85.50924,38.18039],[-85.56131,38.14307],[-85.55066,38.13417],[-85.57961,38.13414],[-85.56714,38.07474],[-85.71258,38.08731],[-85.88237,38.04088],[-85.93301,37.9977],[-85.94651,38.00523]]]}},{"type":"Feature","properties":{"id":"171","riding_id":"21004","FEDNUM":"21004","name_en":"Congressional District 4","name_fr":"Congressional District 4","state":""},"geometry":{"type":"Polygon","coordinates":[[[-85.63745,38.38222],[-85.60423,38.44091],[-85.50492,38.46512],[-85.46969,38.50801],[-85.41793,38.53773],[-85.43863,38.65889],[-85.45672,38.68636],[-85.43475,38.7294],[-85.27238,38.74074],[-85.21305,38.69545],[-85.17316,38.68801],[-84.99192,38.77828],[-84.94112,38.77569],[-84.88742,38.79483],[-84.81382,38.78507],[-84.83004,38.83014],[-84.78527,38.88043],[-84.87725,38.90941],[-84.83005,38.97256],[-84.89737,39.0574],[-84.74997,39.14773],[-84.61834,39.0733],[-84.45253,39.11924],[-84.42639,39.05313],[-84.3476,39.03758],[-84.30607,39.00775],[-84.28878,38.95564],[-84.23434,38.89326],[-84.23186,38.83272],[-84.21312,38.80584],[-84.07078,38.77041],[-83.96237,38.78752],[-83.86941,38.7613],[-83.83676,38.71772],[-83.78446,38.69672],[-83.76419,38.65252],[-83.65949,38.62738],[-83.62602,38.67861],[-83.52088,38.70306],[-83.46771,38.67535],[-83.36277,38.65722],[-83.29318,38.59671],[-83.24566,38.62856],[-83.15324,38.61898],[-83.11238,38.67162],[-83.05402,38.69507],[-83.0305,38.72584],[-82.97149,38.7272],[-82.89043,38.75626],[-82.87177,38.73943],[-82.87749,38.68946],[-82.84247,38.58891],[-82.79175,38.5606],[-82.72555,38.55819],[-82.66542,38.50578],[-82.77029,38.43292],[-82.81745,38.37394],[-82.91271,38.39895],[-82.97065,38.39367],[-82.99859,38.4119],[-83.0101,38.38863],[-83.11476,38.36524],[-83.12743,38.33568],[-83.17733,38.33899],[-83.17722,38.3246],[-83.20174,38.33281],[-83.28544,38.30591],[-83.35892,38.32371],[-83.4121,38.3965],[-83.45554,38.38125],[-83.46659,38.39891],[-83.58057,38.43017],[-83.58505,38.48219],[-83.60326,38.50547],[-83.63239,38.50756],[-83.62876,38.52206],[-83.85928,38.45635],[-83.93035,38.49228],[-83.99923,38.42229],[-83.99964,38.4417],[-84.0064,38.431],[-84.01818,38.4457],[-84.1021,38.45938],[-84.28022,38.31333],[-84.30881,38.31237],[-84.34454,38.28511],[-84.36198,38.29568],[-84.37876,38.27785],[-84.44463,38.28431],[-84.43398,38.30679],[-84.46089,38.34842],[-84.4624,38.38446],[-84.52795,38.43325],[-84.56067,38.49238],[-84.62358,38.43119],[-84.74623,38.34948],[-84.79323,38.3385],[-84.83863,38.35696],[-84.88408,38.35153],[-84.90626,38.37484],[-84.99767,38.33559],[-84.95696,38.33227],[-84.9989,38.27498],[-85.0038,38.1602],[-85.04627,38.11096],[-85.04778,38.07234],[-85.12083,38.02576],[-85.13026,37.99616],[-85.16936,37.99758],[-85.15187,37.88726],[-85.18751,37.88364],[-85.19861,37.90209],[-85.20374,37.84674],[-85.21625,37.87133],[-85.22688,37.85517],[-85.23017,37.87063],[-85.25433,37.86642],[-85.24303,37.84831],[-85.27855,37.85335],[-85.27752,37.8378],[-85.31396,37.80923],[-85.30823,37.79377],[-85.35567,37.78414],[-85.3524,37.75749],[-85.37472,37.76487],[-85.37332,37.73958],[-85.432,37.72656],[-85.44041,37.75954],[-85.46186,37.76464],[-85.42807,37.81692],[-85.45434,37.82482],[-85.4536,37.8381],[-85.51194,37.82702],[-85.5024,37.84656],[-85.58568,37.90773],[-85.52995,37.94723],[-85.5343,37.96536],[-85.4892,37.99065],[-85.51688,38.01127],[-85.46923,38.09622],[-85.43047,38.10725],[-85.4049,38.26373],[-85.57473,38.33398],[-85.63745,38.38222]]]}},{"type":"Feature","properties":{"id":"169","riding_id":"21005","FEDNUM":"21005","name_en":"Congressional District 5","name_fr":"Congressional District 5","state":""},"geometry":{"type":"Polygon","coordinates":[[[-85.06431,36.85874],[-84.96088,36.91634],[-84.94553,36.95975],[-84.90786,36.94545],[-84.83571,36.99761],[-84.90578,37.04719],[-84.90111,37.1163],[-84.71595,37.25265],[-84.72416,37.28668],[-84.70612,37.29984],[-84.72283,37.36004],[-84.85082,37.42714],[-84.86013,37.46735],[-84.84743,37.54834],[-84.74731,37.58553],[-84.75537,37.5961],[-84.72374,37.5913],[-84.68828,37.6125],[-84.69026,37.62559],[-84.65838,37.61775],[-84.65086,37.64037],[-84.63602,37.62177],[-84.64856,37.6099],[-84.4732,37.49444],[-84.37444,37.47266],[-84.34463,37.53988],[-84.26298,37.51557],[-84.19949,37.52286],[-84.17184,37.55755],[-84.14206,37.56484],[-84.04502,37.56357],[-83.96524,37.58142],[-83.90557,37.54286],[-83.865,37.61691],[-83.80812,37.63603],[-83.82231,37.66544],[-83.74928,37.71516],[-83.70797,37.71646],[-83.63106,37.82537],[-83.75618,37.89968],[-83.77527,37.93908],[-83.77435,37.99013],[-83.69851,38.0182],[-83.6981,38.06596],[-83.72695,38.09256],[-83.71877,38.10934],[-83.76329,38.10774],[-83.76769,38.13233],[-83.79359,38.1368],[-83.78015,38.14376],[-83.78782,38.15326],[-83.93436,38.20046],[-83.90416,38.23439],[-83.87965,38.20814],[-83.82268,38.19689],[-83.68849,38.26191],[-83.7005,38.20168],[-83.68934,38.19761],[-83.6846,38.21463],[-83.65918,38.20152],[-83.64615,38.171],[-83.63302,38.19262],[-83.56397,38.21673],[-83.50716,38.26945],[-83.51428,38.29205],[-83.48809,38.3245],[-83.49927,38.34935],[-83.41672,38.39627],[-83.35634,38.32187],[-83.28544,38.30591],[-83.20174,38.33281],[-83.17722,38.3246],[-83.17733,38.33899],[-83.12743,38.33568],[-83.11476,38.36524],[-83.0101,38.38863],[-82.99859,38.4119],[-82.97065,38.39367],[-82.91271,38.39895],[-82.81745,38.37394],[-82.77029,38.43292],[-82.66542,38.50578],[-82.60365,38.45922],[-82.59812,38.34593],[-82.57155,38.31558],[-82.58113,38.24897],[-82.61248,38.23529],[-82.59914,38.1972],[-82.61253,38.17061],[-82.64295,38.16945],[-82.63765,38.14089],[-82.55036,38.07011],[-82.51919,38.00113],[-82.46457,37.98388],[-82.5022,37.93305],[-82.48066,37.92617],[-82.47441,37.89995],[-82.46299,37.91482],[-82.41993,37.88487],[-82.40751,37.8673],[-82.42462,37.86145],[-82.40132,37.80951],[-82.38672,37.81822],[-82.32389,37.77499],[-82.33338,37.76441],[-82.31154,37.76458],[-82.33417,37.74277],[-82.29637,37.70219],[-82.30431,37.67609],[-82.23607,37.65963],[-82.2145,37.6254],[-82.18723,37.62698],[-82.19112,37.64459],[-82.17508,37.64783],[-82.1812,37.62151],[-82.16425,37.62029],[-82.15685,37.59272],[-82.12734,37.58655],[-82.14491,37.56766],[-82.13209,37.55237],[-82.07518,37.55585],[-82.04615,37.52794],[-82.04232,37.54823],[-82.01117,37.53288],[-81.96487,37.54294],[-82.349,37.26797],[-82.49876,37.22703],[-82.72141,37.12083],[-82.72243,37.04495],[-82.86747,36.97805],[-82.85766,36.92867],[-82.87868,36.88953],[-83.00658,36.84764],[-83.07284,36.85446],[-83.13323,36.78458],[-83.13512,36.74263],[-83.30971,36.71064],[-83.42471,36.66734],[-83.53015,36.66605],[-83.6477,36.62308],[-83.69079,36.5826],[-84.97481,36.61547],[-84.99946,36.62456],[-85.00127,36.67674],[-85.02048,36.69435],[-85.0041,36.75624],[-85.06431,36.85874]]]}},{"type":"Feature","properties":{"id":"170","riding_id":"21006","FEDNUM":"21006","name_en":"Congressional District 6","name_fr":"Congressional District 6","state":""},"geometry":{"type":"Polygon","coordinates":[[[-85.07467,37.9508],[-85.04419,37.97686],[-85.06018,38.0023],[-84.96723,38.00903],[-84.94221,38.07827],[-84.92182,38.07711],[-84.91881,38.09938],[-84.88611,38.09763],[-84.86491,38.11693],[-84.8648,38.14137],[-84.72517,38.19543],[-84.74059,38.35242],[-84.56067,38.49238],[-84.52795,38.43325],[-84.4624,38.38446],[-84.46089,38.34842],[-84.43398,38.30679],[-84.44487,38.28474],[-84.42925,38.27969],[-84.37876,38.27785],[-84.35989,38.29604],[-84.34454,38.28511],[-84.30881,38.31237],[-84.28022,38.31333],[-84.1021,38.45938],[-84.01818,38.4457],[-84.0064,38.431],[-83.99964,38.4417],[-83.99923,38.42229],[-83.93035,38.49228],[-83.85928,38.45635],[-83.64185,38.52538],[-83.58701,38.48525],[-83.58057,38.43017],[-83.46659,38.39891],[-83.45273,38.38157],[-83.46098,38.35978],[-83.49939,38.34913],[-83.48809,38.3245],[-83.51428,38.29205],[-83.50716,38.26945],[-83.56397,38.21673],[-83.63302,38.19262],[-83.64615,38.171],[-83.65918,38.20152],[-83.6846,38.21463],[-83.68934,38.19761],[-83.7005,38.20168],[-83.68849,38.26191],[-83.82268,38.19689],[-83.87965,38.20814],[-83.90416,38.23439],[-83.93436,38.20046],[-83.78782,38.15326],[-83.78015,38.14376],[-83.79359,38.1368],[-83.76769,38.13233],[-83.76329,38.10774],[-83.71877,38.10934],[-83.72695,38.09256],[-83.6981,38.06596],[-83.69851,38.0182],[-83.77435,37.99013],[-83.77527,37.93908],[-83.75618,37.89968],[-83.63106,37.82537],[-83.70797,37.71646],[-83.74928,37.71516],[-83.82231,37.66544],[-83.80812,37.63603],[-83.865,37.61691],[-83.90557,37.54286],[-83.96524,37.58142],[-84.04502,37.56357],[-84.14206,37.56484],[-84.17184,37.55755],[-84.19949,37.52286],[-84.26298,37.51557],[-84.34463,37.53988],[-84.37444,37.47266],[-84.4732,37.49444],[-84.64856,37.6099],[-84.63613,37.62234],[-84.6505,37.64031],[-84.66675,37.63429],[-84.6534,37.65225],[-84.67969,37.63688],[-84.69439,37.64192],[-84.68162,37.65828],[-84.70521,37.65985],[-84.68252,37.68629],[-84.74305,37.69743],[-84.7384,37.71316],[-84.79357,37.71725],[-84.80787,37.70461],[-85.02502,37.67885],[-85.00052,37.85472],[-85.03053,37.89154],[-85.05815,37.89516],[-85.04344,37.92948],[-85.07467,37.9508]]]}},{"type":"Feature","properties":{"id":null,"riding_id":"22001","FEDNUM":"22001","name_en":"Congressional District 1","name_fr":"Congressional District 1","state":"LA"},"geometry":{"type":"Polygon","coordinates":[[[-90.2517,30.71172],[-89.99576,30.66542],[-89.84233,30.66602],[-89.8522,30.66168],[-89.81371,30.63748],[-89.83083,30.61765],[-89.81392,30.60772],[-89.80795,30.56765],[-89.78686,30.56905],[-89.80392,30.54935],[-89.77916,30.54403],[-89.75748,30.49955],[-89.72482,30.49213],[-89.6834,30.45154],[-89.68384,30.40582],[-89.65725,30.35663],[-89.62959,30.33896],[-89.62619,30.31429],[-89.64718,30.28937],[-89.61404,30.24477],[-89.61574,30.22337],[-89.5744,30.18182],[-89.53483,30.19538],[-89.51477,30.16176],[-89.49497,30.16075],[-89.26098,30.182],[-89.18367,30.21215],[-89.09648,30.16583],[-88.85491,30.13553],[-88.80297,30.05783],[-88.76728,29.98207],[-88.75839,29.91827],[-88.76725,29.84077],[-88.80473,29.74475],[-88.86994,29.6571],[-89.03887,29.49223],[-89.11945,29.45806],[-89.14207,29.42946],[-89.13761,29.38143],[-89.07723,29.30111],[-88.94205,29.25374],[-88.90881,29.21023],[-88.92171,29.12497],[-88.9969,29.0853],[-89.01269,29.02768],[-89.11485,28.92637],[-89.18533,28.93048],[-89.2349,28.98715],[-89.2796,28.97778],[-89.40099,28.86063],[-89.46248,28.86365],[-89.49286,28.90796],[-89.46574,28.97444],[-89.46867,29.10746],[-89.52047,29.17219],[-89.61043,29.19864],[-90.03233,29.13504],[-90.2007,29.03618],[-90.39613,28.99629],[-90.55255,29.03681],[-90.74686,28.98859],[-90.90708,28.99113],[-90.98187,29.00955],[-91.01745,29.03865],[-91.01207,29.09054],[-90.96037,29.11106],[-90.97304,29.12047],[-90.95839,29.17932],[-90.96927,29.19771],[-90.95074,29.21728],[-90.87662,29.21812],[-90.88688,29.24352],[-90.87243,29.26183],[-90.86408,29.24185],[-90.86724,29.25533],[-90.83145,29.28293],[-90.8015,29.36335],[-90.72977,29.38462],[-90.72257,29.43005],[-90.73387,29.44492],[-90.81348,29.46839],[-90.79127,29.51484],[-90.79653,29.53538],[-90.86934,29.53528],[-90.91919,29.55786],[-90.88889,29.60845],[-90.85682,29.60848],[-90.85621,29.63327],[-90.77333,29.65492],[-90.77623,29.67204],[-90.74723,29.65899],[-90.72783,29.67569],[-90.65741,29.60717],[-90.54695,29.55555],[-90.57801,29.58892],[-90.53884,29.66718],[-90.56237,29.66451],[-90.61896,29.71206],[-90.72804,29.73188],[-90.7209,29.75272],[-90.69895,29.74185],[-90.68055,29.76708],[-90.68194,29.80682],[-90.62628,29.83683],[-90.62669,29.85183],[-90.67831,29.85049],[-90.67787,29.86187],[-90.64126,29.8691],[-90.6271,29.89504],[-90.60935,29.88309],[-90.53585,29.8913],[-90.4799,29.84738],[-90.46793,29.80336],[-90.37321,29.76109],[-90.35277,29.69589],[-90.22816,29.69203],[-90.16948,29.80639],[-90.16783,29.84055],[-90.10906,29.85219],[-90.10016,29.77862],[-90.08136,29.76847],[-90.06004,29.78413],[-90.06843,29.82918],[-90.0269,29.85346],[-90.00806,29.89553],[-89.95901,29.90264],[-89.91759,29.86666],[-89.90495,29.87277],[-89.93182,29.93773],[-89.94785,29.93914],[-89.92979,29.98768],[-89.90401,30.00254],[-89.86305,29.98772],[-89.81797,30.04131],[-89.7687,30.04254],[-89.80752,30.0704],[-89.78986,30.09242],[-89.83897,30.09863],[-89.86072,30.13471],[-89.85614,30.15552],[-89.88017,30.14852],[-89.97518,30.05466],[-90.01249,30.03805],[-90.03077,30.05299],[-90.03409,30.03193],[-90.07369,30.03205],[-90.0894,29.98371],[-90.07739,29.9707],[-90.16181,29.97507],[-90.16229,29.96311],[-90.12766,29.96834],[-90.13629,29.95416],[-90.12324,29.9447],[-90.11093,29.9563],[-90.12257,29.91949],[-90.13857,29.91881],[-90.15067,29.95607],[-90.20642,29.92312],[-90.23446,29.96151],[-90.21308,29.97795],[-90.23593,29.97937],[-90.24207,30.00957],[-90.27957,30.02352],[-90.27555,30.08888],[-90.25989,30.16341],[-90.15626,30.18961],[-90.16064,30.23434],[-90.32046,30.29899],[-90.48583,30.27699],[-90.47449,30.34857],[-90.50353,30.36237],[-90.50101,30.38421],[-90.5461,30.43025],[-90.55823,30.47892],[-90.50027,30.47348],[-90.47589,30.45239],[-90.45304,30.45777],[-90.45337,30.47887],[-90.33853,30.48024],[-90.36286,30.5023],[-90.34391,30.50601],[-90.34511,30.55623],[-90.31223,30.59163],[-90.3117,30.62127],[-90.24869,30.61608],[-90.2517,30.71172]]]}},{"type":"Feature","properties":{"id":null,"riding_id":"22002","FEDNUM":"22002","name_en":"Congressional District 2","name_fr":"Congressional District 2","state":"LA"},"geometry":{"type":"Polygon","coordinates":[[[-91.16473,30.58425],[-91.10604,30.57501],[-91.09611,30.52591],[-91.07403,30.51337],[-91.0897,30.48362],[-91.11274,30.47667],[-91.0958,30.45294],[-91.17031,30.44379],[-91.17643,30.41726],[-91.19906,30.42228],[-91.24151,30.35759],[-91.23031,30.34109],[-91.15411,30.33919],[-91.13267,30.31341],[-91.02052,30.32107],[-91.05912,30.21308],[-91.02809,30.19939],[-91.00067,30.15992],[-91.02753,30.11653],[-90.95948,30.10721],[-90.93795,30.13659],[-90.91557,30.11329],[-90.64211,30.16645],[-90.65372,30.09636],[-90.67087,30.09411],[-90.66118,30.05067],[-90.62161,30.03151],[-90.58845,30.0497],[-90.54553,30.04768],[-90.55965,30.07716],[-90.54604,30.07742],[-90.54681,30.11152],[-90.50091,30.10669],[-90.50074,30.07348],[-90.48765,30.07617],[-90.48621,30.10198],[-90.46109,30.09422],[-90.49695,30.05325],[-90.47538,30.04012],[-90.47223,30.00297],[-90.40468,29.98774],[-90.3836,29.94713],[-90.31995,29.93759],[-90.27953,29.96797],[-90.27957,30.02352],[-90.26079,30.02222],[-90.23593,29.97937],[-90.21308,29.97795],[-90.23446,29.96151],[-90.2148,29.92649],[-90.15067,29.95607],[-90.13247,29.913],[-90.11004,29.95454],[-90.12324,29.9447],[-90.13629,29.95416],[-90.12766,29.96834],[-90.16229,29.96311],[-90.16181,29.97507],[-90.07739,29.9707],[-90.0894,29.98371],[-90.0738,30.03195],[-90.03409,30.03193],[-90.03077,30.05299],[-90.01249,30.03805],[-89.97021,30.05753],[-89.88016,30.14853],[-89.85445,30.15421],[-89.86072,30.13471],[-89.83897,30.09863],[-89.78986,30.09242],[-89.80752,30.0704],[-89.7687,30.04254],[-89.81797,30.04131],[-89.86305,29.98772],[-89.90401,30.00254],[-89.92979,29.98768],[-89.94785,29.93914],[-89.93182,29.93773],[-89.93606,29.9242],[-89.90574,29.89346],[-89.91071,29.86786],[-89.95885,29.9026],[-90.00806,29.89553],[-90.0269,29.85346],[-90.06843,29.82918],[-90.06004,29.78413],[-90.08136,29.76847],[-90.10016,29.77862],[-90.10906,29.85219],[-90.16783,29.84055],[-90.16948,29.80639],[-90.22816,29.69203],[-90.3521,29.69551],[-90.37321,29.76109],[-90.46793,29.80336],[-90.4799,29.84738],[-90.53585,29.8913],[-90.66817,29.88939],[-90.7787,29.92201],[-90.78543,29.90758],[-90.88575,29.90535],[-90.88631,29.93565],[-90.91178,29.93507],[-90.9118,29.9785],[-90.94629,29.97793],[-90.94637,30.03604],[-90.96336,30.03578],[-90.96375,30.06683],[-91.07465,30.08174],[-91.106,30.06275],[-91.0901,30.14111],[-91.14053,30.16821],[-91.16519,30.13673],[-91.15413,30.17199],[-91.17417,30.17704],[-91.22319,30.27437],[-91.24843,30.27665],[-91.28064,30.24712],[-91.32074,30.26208],[-91.3254,30.34752],[-91.31149,30.32247],[-91.25281,30.3232],[-91.25629,30.37103],[-91.28073,30.38079],[-91.23377,30.38675],[-91.21876,30.40595],[-91.21076,30.43225],[-91.24525,30.45077],[-91.21174,30.46323],[-91.21014,30.44967],[-91.19611,30.4527],[-91.21783,30.55928],[-91.17408,30.5587],[-91.16473,30.58425]]]}},{"type":"Feature","properties":{"id":null,"riding_id":"22003","FEDNUM":"22003","name_en":"Congressional District 3","name_fr":"Congressional District 3","state":"LA"},"geometry":{"type":"Polygon","coordinates":[[[-91.78509,30.69264],[-91.73759,30.68976],[-91.73149,30.66977],[-91.74643,30.65878],[-91.7573,30.56425],[-91.73143,30.51212],[-91.75621,30.49813],[-91.70134,30.49775],[-91.64008,30.44267],[-91.62466,30.39437],[-91.64812,30.36507],[-91.62548,30.35421],[-91.62106,30.30994],[-91.58804,30.25711],[-91.4753,30.22949],[-91.4903,30.20157],[-91.4718,30.18627],[-91.47032,30.10935],[-91.38884,30.10244],[-91.36674,30.0547],[-91.26909,30.05931],[-91.24191,30.02953],[-91.22224,30.03904],[-91.23589,30.00113],[-91.25939,30.0002],[-91.25523,29.97146],[-91.47195,29.9563],[-91.41291,29.90421],[-91.37364,29.8344],[-91.38649,29.78368],[-91.13412,29.72407],[-91.09521,29.69624],[-91.10554,29.64372],[-91.08261,29.62681],[-91.00689,29.71509],[-90.88019,29.71681],[-90.88209,29.7459],[-90.84143,29.74638],[-90.81999,29.77793],[-90.80592,29.77442],[-90.80499,29.74948],[-90.78449,29.74463],[-90.76676,29.69594],[-90.73311,29.67507],[-90.74723,29.65899],[-90.77623,29.67204],[-90.77333,29.65492],[-90.85621,29.63327],[-90.85682,29.60848],[-90.88889,29.60845],[-90.91919,29.55786],[-90.86934,29.53528],[-90.79653,29.53538],[-90.79127,29.51484],[-90.81348,29.46839],[-90.76259,29.46126],[-90.72257,29.43005],[-90.72977,29.38462],[-90.8015,29.36335],[-90.81688,29.3441],[-90.83145,29.28293],[-90.86724,29.25533],[-90.86408,29.24185],[-90.87243,29.26183],[-90.88688,29.24352],[-90.87662,29.21812],[-90.95074,29.21728],[-90.96927,29.19771],[-90.95839,29.17932],[-90.97304,29.12047],[-91.1033,29.13838],[-91.15982,29.16842],[-91.29268,29.19618],[-91.42113,29.30283],[-91.64404,29.37556],[-91.71219,29.36063],[-91.77749,29.39608],[-91.83277,29.36256],[-91.87691,29.36269],[-91.90635,29.3874],[-91.91321,29.42021],[-92.02275,29.47064],[-92.07805,29.53149],[-92.14667,29.53204],[-92.23166,29.49189],[-92.29367,29.4815],[-92.62497,29.52833],[-93.00051,29.66828],[-93.20176,29.7232],[-93.27922,29.72603],[-93.33929,29.69509],[-93.43276,29.71853],[-93.71155,29.69035],[-93.77015,29.67082],[-93.77036,29.62392],[-93.81435,29.59658],[-93.83741,29.68989],[-93.9265,29.78956],[-93.92274,29.81881],[-93.84292,29.87728],[-93.78943,29.98781],[-93.7213,30.05235],[-93.31264,30.05219],[-93.3229,30.0688],[-93.30056,30.09068],[-93.32539,30.09349],[-93.33628,30.11304],[-93.31627,30.13993],[-93.33274,30.1524],[-93.31194,30.18236],[-93.30707,30.16983],[-93.28618,30.1754],[-93.27402,30.20526],[-93.24108,30.21953],[-93.24968,30.29528],[-93.22822,30.30982],[-93.19524,30.30066],[-93.19559,30.26644],[-93.15632,30.26643],[-93.13535,30.24505],[-92.99704,30.25068],[-93.03073,30.26056],[-93.03096,30.37939],[-93.13109,30.38001],[-93.13115,30.42359],[-93.06539,30.42435],[-93.06552,30.43868],[-92.77574,30.43762],[-92.77398,30.48822],[-92.49326,30.4805],[-92.46443,30.49505],[-92.44911,30.53434],[-92.26272,30.53874],[-92.26236,30.56827],[-92.21148,30.56813],[-92.21155,30.58884],[-92.09396,30.54437],[-92.08784,30.56693],[-92.07334,30.56525],[-92.05822,30.53533],[-91.95314,30.54613],[-91.94483,30.57009],[-91.87432,30.5983],[-91.87801,30.6195],[-91.87087,30.61136],[-91.78841,30.66158],[-91.78509,30.69264]]]}},{"type":"Feature","properties":{"id":null,"riding_id":"22004","FEDNUM":"22004","name_en":"Congressional District 4","name_fr":"Congressional District 4","state":"LA"},"geometry":{"type":"Polygon","coordinates":[[[-94.04302,33.01926],[-92.0666,33.00225],[-92.08562,32.96519],[-92.07261,32.92523],[-92.0848,32.87857],[-92.05631,32.84308],[-92.06749,32.8321],[-92.05267,32.73695],[-92.06964,32.73351],[-92.05978,32.72704],[-92.09139,32.6866],[-92.14021,32.67476],[-92.13816,32.66085],[-92.22167,32.61034],[-92.22386,32.59013],[-92.41523,32.58285],[-92.41517,32.67025],[-92.519,32.67081],[-92.51902,32.72078],[-92.54822,32.71893],[-92.5939,32.75581],[-92.82798,32.75943],[-92.82842,32.71119],[-92.86878,32.678],[-92.86026,32.64153],[-92.88074,32.60081],[-92.87946,32.45402],[-92.77698,32.45361],[-92.77317,32.23598],[-92.80096,32.21073],[-92.79882,32.18133],[-92.8223,32.16278],[-92.81534,32.14741],[-92.93923,32.14767],[-92.90389,32.08822],[-92.91168,32.07617],[-92.8847,32.01205],[-92.9014,31.98911],[-92.88289,31.98164],[-92.87217,31.94586],[-92.89348,31.92121],[-92.89912,31.85697],[-92.95004,31.85605],[-92.93846,31.82278],[-92.95085,31.82562],[-92.95211,31.78458],[-92.96779,31.7809],[-92.97604,31.71242],[-92.96027,31.70239],[-92.96378,31.67989],[-92.9028,31.65951],[-92.90632,31.62363],[-92.80142,31.59701],[-92.75617,31.55794],[-92.76131,31.54739],[-92.71619,31.52312],[-92.76167,31.4764],[-92.81338,31.45484],[-92.81313,31.44094],[-92.87166,31.41883],[-92.88844,31.38963],[-92.91348,31.38973],[-92.91333,31.36819],[-92.94727,31.36772],[-92.94716,31.34675],[-92.98146,31.34686],[-92.87971,31.31744],[-92.87963,31.28846],[-92.82952,31.25205],[-92.82387,30.89207],[-92.54809,30.90313],[-92.51898,30.89308],[-92.48271,30.91379],[-92.48033,30.95227],[-92.38819,31.00156],[-92.3308,30.9633],[-92.28074,30.96507],[-92.28071,30.93595],[-92.23828,30.89216],[-92.23779,30.84828],[-92.21259,30.84861],[-92.20758,30.78566],[-92.17231,30.76791],[-92.17248,30.67383],[-92.20045,30.65616],[-92.21148,30.56813],[-92.26236,30.56827],[-92.26272,30.53874],[-92.44911,30.53434],[-92.46443,30.49505],[-92.49326,30.4805],[-92.77398,30.48822],[-92.77574,30.43762],[-93.06552,30.43868],[-93.06539,30.42435],[-93.13115,30.42359],[-93.13109,30.38001],[-93.03096,30.37939],[-93.03073,30.26056],[-92.99704,30.25068],[-93.13535,30.24505],[-93.15632,30.26643],[-93.19559,30.26644],[-93.19524,30.30066],[-93.24458,30.30097],[-93.24108,30.21953],[-93.27402,30.20526],[-93.28618,30.1754],[-93.30707,30.16983],[-93.31194,30.18236],[-93.33274,30.1524],[-93.31627,30.13993],[-93.33628,30.11304],[-93.32539,30.09349],[-93.30056,30.09068],[-93.3229,30.0688],[-93.31264,30.05219],[-93.7213,30.05235],[-93.70058,30.06368],[-93.73401,30.08565],[-93.6882,30.14136],[-93.70951,30.14667],[-93.69995,30.17553],[-93.72126,30.20961],[-93.7031,30.23846],[-93.70458,30.28995],[-93.74242,30.30114],[-93.76583,30.33274],[-93.75098,30.3599],[-93.75767,30.39044],[-93.69758,30.44223],[-93.71742,30.48382],[-93.70768,30.52134],[-93.74025,30.53957],[-93.71378,30.58758],[-93.67895,30.59364],[-93.68297,30.64125],[-93.62989,30.67994],[-93.61723,30.71858],[-93.60539,30.71716],[-93.61435,30.7602],[-93.5921,30.76367],[-93.58378,30.80178],[-93.55443,30.82352],[-93.56872,30.84418],[-93.55862,30.86942],[-93.57408,30.88453],[-93.52601,30.93754],[-93.53176,30.95822],[-93.57354,30.97121],[-93.5643,30.9897],[-93.57821,31.0],[-93.50804,31.03153],[-93.53163,31.05363],[-93.51891,31.06186],[-93.52765,31.07451],[-93.56375,31.09452],[-93.53937,31.11521],[-93.5487,31.15584],[-93.53255,31.18331],[-93.58912,31.16589],[-93.60724,31.20481],[-93.59627,31.22951],[-93.61811,31.23269],[-93.62034,31.27103],[-93.64252,31.26951],[-93.68728,31.30607],[-93.66844,31.35301],[-93.63922,31.37202],[-93.671,31.36622],[-93.67412,31.39768],[-93.70488,31.41088],[-93.69253,31.4382],[-93.70951,31.44203],[-93.70393,31.45549],[-93.74948,31.46869],[-93.75239,31.48274],[-93.71105,31.51216],[-93.74269,31.51569],[-93.74744,31.53068],[-93.78769,31.52734],[-93.83492,31.58621],[-93.83806,31.60679],[-93.81872,31.61456],[-93.81152,31.64743],[-93.82646,31.66692],[-93.79446,31.70332],[-93.81669,31.70792],[-93.81493,31.72869],[-93.83688,31.75017],[-93.82344,31.7751],[-93.87325,31.81489],[-93.90062,31.89679],[-93.93119,31.8915],[-93.92865,31.91264],[-93.97171,31.92039],[-94.01851,31.99243],[-94.04224,31.99361],[-94.04302,33.01926]]]}},{"type":"Feature","properties":{"id":null,"riding_id":"22005","FEDNUM":"22005","name_en":"Congressional District 5","name_fr":"Congressional District 5","state":"LA"},"geometry":{"type":"Polygon","coordinates":[[[-92.06893,33.00799],[-91.16609,33.00429],[-91.21403,32.93032],[-91.17023,32.89939],[-91.13327,32.91935],[-91.13552,32.97966],[-91.09693,32.98641],[-91.06445,32.90106],[-91.10563,32.8584],[-91.145,32.84287],[-91.1657,32.7534],[-91.05475,32.71923],[-91.14975,32.64404],[-91.15249,32.62032],[-91.11985,32.58479],[-91.0498,32.60719],[-91.03718,32.63786],[-91.0158,32.64164],[-91.00824,32.60424],[-91.08041,32.55647],[-90.9872,32.49566],[-91.00051,32.48224],[-91.03811,32.49044],[-91.09374,32.54913],[-91.11601,32.48314],[-91.05141,32.43784],[-90.99549,32.45089],[-90.96959,32.43949],[-90.96599,32.42065],[-90.99408,32.40386],[-91.00141,32.37944],[-90.99363,32.35405],[-90.91236,32.33945],[-90.87562,32.37353],[-90.92223,32.29864],[-90.94978,32.28306],[-90.97947,32.2937],[-90.9694,32.25252],[-90.99494,32.19314],[-91.00291,32.22305],[-91.03901,32.24235],[-91.06141,32.21865],[-91.08371,32.22645],[-91.16417,32.19689],[-91.17455,32.15498],[-91.16282,32.13269],[-91.05356,32.12441],[-91.05831,32.18095],[-91.00291,32.16205],[-91.00411,32.14615],[-91.03521,32.10045],[-91.08111,32.07835],[-91.08091,32.04786],[-91.13571,32.08065],[-91.15851,32.07285],[-91.15381,32.05066],[-91.09141,32.03605],[-91.07591,32.01683],[-91.10281,31.99096],[-91.16441,31.98256],[-91.18481,31.96556],[-91.18228,31.91581],[-91.26771,31.86266],[-91.245,31.83219],[-91.25431,31.81366],[-91.28321,31.81576],[-91.29401,31.86046],[-91.34521,31.84386],[-91.36561,31.76076],[-91.28121,31.77226],[-91.26311,31.75476],[-91.36937,31.7469],[-91.39792,31.70936],[-91.40101,31.62036],[-91.43622,31.61246],[-91.49613,31.64531],[-91.51546,31.63037],[-91.49292,31.58956],[-91.41882,31.59656],[-91.40542,31.57647],[-91.44762,31.54067],[-91.52254,31.52208],[-91.51513,31.44921],[-91.47207,31.39708],[-91.47481,31.36865],[-91.52184,31.37517],[-91.54337,31.43261],[-91.57626,31.4105],[-91.56895,31.37763],[-91.54606,31.38222],[-91.54821,31.34608],[-91.50866,31.31513],[-91.51561,31.27821],[-91.65403,31.25575],[-91.58894,31.18896],[-91.62686,31.11877],[-91.55991,31.05412],[-91.57841,31.02403],[-91.63694,30.99942],[-89.73167,31.00482],[-89.72707,30.9674],[-89.75651,30.94286],[-89.74479,30.91893],[-89.77341,30.89769],[-89.77172,30.85468],[-89.79247,30.85039],[-89.7815,30.81894],[-89.79865,30.82085],[-89.81574,30.80335],[-89.80347,30.79114],[-89.81915,30.79523],[-89.83534,30.77046],[-89.82862,30.73735],[-89.81608,30.73891],[-89.83694,30.73491],[-89.83046,30.71581],[-89.84253,30.72042],[-89.83953,30.66819],[-89.99576,30.66542],[-90.25575,30.71244],[-90.24869,30.61608],[-90.3117,30.62127],[-90.31223,30.59163],[-90.34511,30.55623],[-90.34391,30.50601],[-90.36286,30.5023],[-90.33853,30.48024],[-90.45337,30.47887],[-90.45313,30.45769],[-90.48498,30.45258],[-90.50027,30.47348],[-90.56691,30.48706],[-90.56713,30.65001],[-90.9113,30.64988],[-90.8533,30.69529],[-90.84877,30.71946],[-91.25474,30.70491],[-91.28936,30.67801],[-91.29766,30.64955],[-91.33673,30.66231],[-91.38062,30.7588],[-91.45739,30.73528],[-91.57127,30.73534],[-91.59582,30.76047],[-91.53947,30.79122],[-91.51563,30.86138],[-91.52141,30.89008],[-91.55404,30.91766],[-91.61395,30.91815],[-91.61155,30.89972],[-91.5636,30.88333],[-91.55906,30.83979],[-91.65256,30.84802],[-91.66073,30.89498],[-91.64492,30.92897],[-91.65832,30.99437],[-91.691,31.01932],[-91.71755,31.00666],[-91.74858,31.01936],[-91.80506,30.97575],[-91.80199,30.87205],[-91.82307,30.85635],[-91.79945,30.83428],[-91.8073,30.81107],[-91.76553,30.77997],[-91.73516,30.68839],[-91.79108,30.69449],[-91.78841,30.66158],[-91.87087,30.61136],[-91.87801,30.6195],[-91.87432,30.5983],[-91.94483,30.57009],[-91.95314,30.54613],[-92.05822,30.53533],[-92.07334,30.56525],[-92.08784,30.56693],[-92.09396,30.54437],[-92.21155,30.58884],[-92.20045,30.65616],[-92.17248,30.67383],[-92.17231,30.76791],[-92.20758,30.78566],[-92.21259,30.84861],[-92.23779,30.84828],[-92.23828,30.89216],[-92.28071,30.93595],[-92.28074,30.96507],[-92.3308,30.9633],[-92.38819,31.00156],[-92.48033,30.95227],[-92.48271,30.91379],[-92.51898,30.89308],[-92.54809,30.90313],[-92.82387,30.89207],[-92.82952,31.25205],[-92.87963,31.28846],[-92.87971,31.31744],[-92.98139,31.33942],[-92.94716,31.34675],[-92.94727,31.36772],[-92.91333,31.36819],[-92.91348,31.38973],[-92.88844,31.38963],[-92.87166,31.41883],[-92.81313,31.44094],[-92.81338,31.45484],[-92.76167,31.4764],[-92.71619,31.52312],[-92.76131,31.54739],[-92.75617,31.55794],[-92.80142,31.59701],[-92.90632,31.62363],[-92.9028,31.65951],[-92.96378,31.67989],[-92.96027,31.70239],[-92.97604,31.71242],[-92.96779,31.7809],[-92.95211,31.78458],[-92.95085,31.82562],[-92.93846,31.82278],[-92.95004,31.85605],[-92.89912,31.85697],[-92.89348,31.92121],[-92.87217,31.94586],[-92.88289,31.98164],[-92.9014,31.98911],[-92.8847,32.01205],[-92.91168,32.07617],[-92.90389,32.08822],[-92.93923,32.14767],[-92.81534,32.14741],[-92.8223,32.16278],[-92.79882,32.18133],[-92.80096,32.21073],[-92.77317,32.23598],[-92.77698,32.45361],[-92.87946,32.45402],[-92.88074,32.60081],[-92.86026,32.64153],[-92.86872,32.67817],[-92.82842,32.71119],[-92.82798,32.75943],[-92.5939,32.75581],[-92.54822,32.71893],[-92.51902,32.72078],[-92.519,32.67081],[-92.41517,32.67025],[-92.41523,32.58285],[-92.22386,32.59013],[-92.22167,32.61034],[-92.13816,32.66085],[-92.14021,32.67476],[-92.09139,32.6866],[-92.05978,32.72704],[-92.06964,32.73351],[-92.05267,32.73695],[-92.06749,32.8321],[-92.05569,32.83985],[-92.0842,32.87592],[-92.07261,32.92523],[-92.08562,32.96519],[-92.06893,33.00799]]]}},{"type":"Feature","properties":{"id":null,"riding_id":"22006","FEDNUM":"22006","name_en":"Congressional District 6","name_fr":"Congressional District 6","state":"LA"},"geometry":{"type":"Polygon","coordinates":[[[-91.66845,31.00815],[-91.64492,30.92897],[-91.66073,30.89498],[-91.65657,30.85103],[-91.55906,30.83979],[-91.5636,30.88333],[-91.61155,30.89972],[-91.61395,30.91815],[-91.54931,30.91623],[-91.51889,30.88446],[-91.53947,30.79122],[-91.59582,30.76047],[-91.57127,30.73534],[-91.45739,30.73528],[-91.38062,30.7588],[-91.33673,30.66231],[-91.29766,30.64955],[-91.28936,30.67801],[-91.25474,30.70491],[-90.84877,30.71946],[-90.8533,30.69529],[-90.9113,30.64988],[-90.56713,30.65001],[-90.56691,30.48706],[-90.5461,30.43025],[-90.50101,30.38421],[-90.50353,30.36237],[-90.47449,30.34857],[-90.48583,30.27699],[-90.32046,30.29899],[-90.16064,30.23434],[-90.15626,30.18961],[-90.25989,30.16341],[-90.27953,29.96797],[-90.33342,29.93425],[-90.3916,29.95219],[-90.40769,29.98955],[-90.47223,30.00297],[-90.47538,30.04012],[-90.49695,30.05325],[-90.46109,30.09422],[-90.48621,30.10198],[-90.49105,30.07144],[-90.49863,30.10601],[-90.54681,30.11152],[-90.54604,30.07742],[-90.55965,30.07716],[-90.54553,30.04768],[-90.58845,30.0497],[-90.62161,30.03151],[-90.66118,30.05067],[-90.67087,30.09411],[-90.65372,30.09636],[-90.64211,30.16645],[-90.91557,30.11329],[-90.93795,30.13659],[-90.95948,30.10721],[-91.02458,30.11546],[-91.03132,30.12475],[-91.00026,30.14482],[-91.00067,30.15992],[-91.02809,30.19939],[-91.05912,30.21308],[-91.02052,30.32107],[-91.13267,30.31341],[-91.15411,30.33919],[-91.23031,30.34109],[-91.24151,30.35759],[-91.19906,30.42228],[-91.17643,30.41726],[-91.17031,30.44379],[-91.0958,30.45294],[-91.11274,30.47667],[-91.0897,30.48362],[-91.07416,30.51382],[-91.09599,30.52568],[-91.11661,30.57915],[-91.16909,30.58457],[-91.17408,30.5587],[-91.21773,30.55952],[-91.19611,30.4527],[-91.21014,30.44967],[-91.21174,30.46323],[-91.24525,30.45077],[-91.21076,30.43225],[-91.21876,30.40595],[-91.23377,30.38675],[-91.28073,30.38079],[-91.25629,30.37103],[-91.25281,30.3232],[-91.31149,30.32247],[-91.3254,30.34752],[-91.32074,30.26208],[-91.28064,30.24712],[-91.24843,30.27665],[-91.22319,30.27437],[-91.17417,30.17704],[-91.15413,30.17199],[-91.16519,30.13673],[-91.14053,30.16821],[-91.0901,30.14111],[-91.106,30.06275],[-91.07465,30.08174],[-90.96375,30.06683],[-90.96336,30.03578],[-90.94637,30.03604],[-90.94629,29.97793],[-90.9118,29.9785],[-90.91178,29.93507],[-90.88631,29.93565],[-90.88575,29.90535],[-90.78543,29.90758],[-90.7787,29.92201],[-90.71705,29.89656],[-90.6271,29.89504],[-90.62826,29.87966],[-90.67831,29.85049],[-90.6306,29.85331],[-90.62628,29.83683],[-90.68194,29.80682],[-90.68055,29.76708],[-90.69895,29.74185],[-90.7209,29.75272],[-90.72804,29.73188],[-90.61896,29.71206],[-90.56237,29.66451],[-90.53884,29.66718],[-90.57801,29.58892],[-90.54695,29.55555],[-90.60272,29.57325],[-90.61959,29.59854],[-90.6577,29.60739],[-90.70578,29.66424],[-90.74736,29.67899],[-90.78449,29.74463],[-90.80499,29.74948],[-90.81018,29.7762],[-90.8278,29.77583],[-90.84143,29.74638],[-90.88209,29.7459],[-90.88019,29.71681],[-91.00689,29.71509],[-91.08261,29.62681],[-91.10554,29.64372],[-91.09521,29.69624],[-91.13412,29.72407],[-91.38649,29.78368],[-91.37364,29.8344],[-91.41291,29.90421],[-91.47195,29.9563],[-91.25523,29.97146],[-91.25939,30.0002],[-91.23589,30.00113],[-91.22191,30.03776],[-91.24191,30.02953],[-91.26909,30.05931],[-91.36674,30.0547],[-91.38884,30.10244],[-91.4639,30.10268],[-91.4718,30.18627],[-91.4903,30.20157],[-91.4753,30.22949],[-91.58804,30.25711],[-91.62106,30.30994],[-91.62548,30.35421],[-91.64812,30.36507],[-91.62466,30.39437],[-91.64008,30.44267],[-91.70134,30.49775],[-91.75621,30.49813],[-91.73143,30.51212],[-91.7573,30.56425],[-91.73367,30.70173],[-91.76776,30.78392],[-91.8073,30.81107],[-91.79945,30.83428],[-91.82307,30.85635],[-91.80199,30.87205],[-91.80596,30.97256],[-91.74858,31.01936],[-91.66845,31.00815]]]}},{"type":"Feature","properties":{"id":"179","riding_id":"23001","FEDNUM":"23001","name_en":"Congressional District 1","name_fr":"Congressional District 1","state":""},"geometry":{"type":"Polygon","coordinates":[[[-70.98912,43.79208],[-70.95755,43.78512],[-70.88085,43.81085],[-70.78298,43.81415],[-70.8015,43.85652],[-70.74388,43.88585],[-70.75793,43.90686],[-70.72973,43.92836],[-70.74751,43.9459],[-70.71542,43.96182],[-70.79253,44.04014],[-70.84808,44.04952],[-70.86655,44.08019],[-70.85855,44.09527],[-70.8218,44.07709],[-70.62433,44.17104],[-70.58724,44.12421],[-70.6141,44.06196],[-70.58119,44.01791],[-70.56385,44.02499],[-70.54409,44.00565],[-70.50237,44.04257],[-70.40195,43.99011],[-70.39532,44.00309],[-70.36387,43.98645],[-70.31537,44.03781],[-70.20365,43.94793],[-70.11586,43.90671],[-70.09233,43.93195],[-70.08084,43.92646],[-70.03424,43.97566],[-70.05182,43.99098],[-70.03177,44.00292],[-70.00547,44.12452],[-70.02739,44.13058],[-70.0185,44.15785],[-69.99379,44.18059],[-69.96837,44.17618],[-69.93742,44.26768],[-69.84817,44.2516],[-69.84719,44.23859],[-69.80005,44.24246],[-69.80693,44.20538],[-69.85498,44.16786],[-69.76357,44.15322],[-69.75221,44.18407],[-69.76256,44.2238],[-69.72361,44.23679],[-69.66544,44.22758],[-69.6257,44.3618],[-69.72904,44.37775],[-69.67657,44.50047],[-69.71843,44.51337],[-69.66954,44.55796],[-69.66764,44.58571],[-69.59091,44.58457],[-69.57909,44.62697],[-69.61755,44.65699],[-69.63312,44.70037],[-69.48379,44.72024],[-69.46753,44.70799],[-69.4756,44.67668],[-69.44294,44.67238],[-69.46125,44.6474],[-69.39312,44.64037],[-69.41684,44.55108],[-69.37242,44.54458],[-69.39599,44.45708],[-69.4455,44.46384],[-69.50638,44.34287],[-69.40963,44.328],[-69.39436,44.34293],[-69.34662,44.30834],[-69.26888,44.36465],[-69.12162,44.25564],[-69.02837,44.24901],[-69.0,44.16674],[-68.91664,44.16667],[-68.89638,44.20994],[-68.871,44.19882],[-68.83047,44.20996],[-68.77587,44.17848],[-68.72992,44.11671],[-68.61113,44.11291],[-68.54875,44.12989],[-68.54166,44.09833],[-68.49948,44.07384],[-68.48463,44.02833],[-68.56839,43.95797],[-68.65959,43.94799],[-68.72148,43.96194],[-68.74265,43.94315],[-68.67926,43.92345],[-68.66943,43.86958],[-68.78532,43.80434],[-68.78614,43.76836],[-68.82692,43.73571],[-68.92552,43.75009],[-68.94984,43.78017],[-69.00992,43.79844],[-69.02278,43.84251],[-69.05589,43.85891],[-69.083,43.82565],[-69.14983,43.79574],[-69.1972,43.79599],[-69.23655,43.82563],[-69.26234,43.81537],[-69.23328,43.78096],[-69.2381,43.75008],[-69.28295,43.71377],[-69.33509,43.70448],[-69.38759,43.73611],[-69.38728,43.79902],[-69.40927,43.81082],[-69.50579,43.77846],[-69.51909,43.73212],[-69.55094,43.70714],[-69.61729,43.69981],[-69.66474,43.71175],[-69.7304,43.65727],[-69.85521,43.64695],[-70.15599,43.52444],[-70.2804,43.40874],[-70.31895,43.39014],[-70.3674,43.32332],[-70.49323,43.28683],[-70.52083,43.2521],[-70.50632,43.21883],[-70.52168,43.15488],[-70.48636,43.17026],[-70.44094,43.16664],[-70.40723,43.13844],[-70.40413,43.10936],[-70.45907,43.07148],[-70.52508,43.08928],[-70.54013,43.13055],[-70.58216,43.09549],[-70.59966,43.05694],[-70.55213,43.04304],[-70.52888,43.00577],[-70.54023,42.94403],[-70.57509,42.91713],[-70.61115,42.97899],[-70.7012,43.04524],[-70.70631,43.07534],[-70.75641,43.08018],[-70.82708,43.12739],[-70.81783,43.23816],[-70.8831,43.27303],[-70.90748,43.29333],[-70.89631,43.29844],[-70.91142,43.31972],[-70.93283,43.33722],[-70.95623,43.33411],[-70.9781,43.35838],[-70.98709,43.41307],[-70.96098,43.43839],[-70.96112,43.46919],[-70.97604,43.47843],[-70.95466,43.5093],[-70.9638,43.53937],[-70.95063,43.55131],[-70.97276,43.57038],[-70.98912,43.79208]]]}},{"type":"Feature","properties":{"id":"180","riding_id":"23002","FEDNUM":"23002","name_en":"Congressional District 2","name_fr":"Congressional District 2","state":""},"geometry":{"type":"Polygon","coordinates":[[[-71.08393,45.30548],[-71.00852,45.31924],[-71.01065,45.34768],[-70.98498,45.33191],[-70.95238,45.33912],[-70.91783,45.31172],[-70.92133,45.27923],[-70.89694,45.24186],[-70.85753,45.22913],[-70.83758,45.23499],[-70.84894,45.26309],[-70.80843,45.31182],[-70.8199,45.3402],[-70.80276,45.36752],[-70.82595,45.39838],[-70.7981,45.42652],[-70.75458,45.42831],[-70.71201,45.39048],[-70.63489,45.38342],[-70.62127,45.40274],[-70.63505,45.41107],[-70.62982,45.42631],[-70.68111,45.45218],[-70.7164,45.48647],[-70.72257,45.51367],[-70.6771,45.55221],[-70.68769,45.56942],[-70.55859,45.66648],[-70.52639,45.66636],[-70.46547,45.70653],[-70.40035,45.71972],[-70.38384,45.73455],[-70.41687,45.79554],[-70.39616,45.79866],[-70.37082,45.8352],[-70.25882,45.89117],[-70.26309,45.92399],[-70.23914,45.94394],[-70.277,45.96725],[-70.31586,45.96299],[-70.28394,45.99549],[-70.318,46.01908],[-70.27832,46.05629],[-70.31096,46.06418],[-70.30191,46.08236],[-70.28594,46.09983],[-70.25311,46.10012],[-70.23628,46.14523],[-70.29269,46.19146],[-70.23163,46.29103],[-70.20588,46.29973],[-70.20894,46.32949],[-70.19119,46.35022],[-70.12699,46.37081],[-70.09694,46.40948],[-70.0565,46.41558],[-69.99711,46.69552],[-69.22446,47.45983],[-69.09014,47.42414],[-69.04322,47.42678],[-69.0306,47.40742],[-69.05488,47.37772],[-69.05075,47.25648],[-68.90003,47.17774],[-68.71702,47.24054],[-68.61751,47.24337],[-68.58005,47.28712],[-68.37786,47.28737],[-68.38471,47.32408],[-68.36313,47.35466],[-68.23447,47.3553],[-68.15468,47.32518],[-68.13589,47.29565],[-67.95722,47.19962],[-67.88292,47.1044],[-67.7902,47.06722],[-67.78125,45.94345],[-67.75063,45.91764],[-67.80391,45.8829],[-67.75532,45.82335],[-67.80648,45.7944],[-67.80627,45.75524],[-67.7818,45.73112],[-67.80962,45.72957],[-67.80293,45.69609],[-67.81801,45.69382],[-67.80363,45.67765],[-67.72723,45.66264],[-67.71794,45.66766],[-67.73455,45.68892],[-67.70957,45.68133],[-67.64557,45.61334],[-67.6391,45.62512],[-67.51922,45.58757],[-67.45002,45.60247],[-67.42319,45.57159],[-67.43486,45.52814],[-67.41621,45.50129],[-67.4636,45.50838],[-67.50371,45.4867],[-67.47268,45.42322],[-67.41924,45.3771],[-67.46031,45.30002],[-67.48966,45.28213],[-67.43699,45.22274],[-67.42927,45.19347],[-67.40052,45.17767],[-67.40503,45.16006],[-67.34085,45.12504],[-67.29597,45.14784],[-67.28336,45.19186],[-67.22728,45.16343],[-67.15887,45.16204],[-67.11256,45.11258],[-67.02166,44.95391],[-66.96871,44.91039],[-66.97486,44.84161],[-66.88544,44.79421],[-66.95227,44.76042],[-67.19149,44.57954],[-67.30082,44.54986],[-67.34045,44.52129],[-67.4434,44.50528],[-67.45524,44.46487],[-67.51278,44.42065],[-67.62741,44.38347],[-67.72953,44.3877],[-67.77475,44.41131],[-67.80557,44.39102],[-67.79526,44.36116],[-67.82373,44.32704],[-67.87444,44.31692],[-67.92518,44.34143],[-67.99945,44.2802],[-68.12828,44.26425],[-68.12263,44.22604],[-68.17075,44.19011],[-68.17586,44.12508],[-68.20336,44.09959],[-68.26314,44.09062],[-68.31139,44.05343],[-68.43684,44.05323],[-68.48463,44.02833],[-68.49948,44.07384],[-68.54166,44.09833],[-68.54875,44.12989],[-68.61113,44.11291],[-68.72992,44.11671],[-68.77587,44.17848],[-68.83047,44.20996],[-68.871,44.19882],[-68.89638,44.20994],[-68.91664,44.16667],[-69.0,44.16674],[-69.02837,44.24901],[-69.12162,44.25564],[-69.26888,44.36465],[-69.34662,44.30834],[-69.39436,44.34293],[-69.40963,44.328],[-69.50638,44.34287],[-69.4455,44.46384],[-69.39599,44.45708],[-69.37242,44.54458],[-69.41684,44.55108],[-69.39312,44.64037],[-69.46144,44.64759],[-69.44294,44.67238],[-69.4756,44.67668],[-69.47038,44.71816],[-69.63312,44.70037],[-69.61755,44.65699],[-69.57909,44.62697],[-69.58933,44.58893],[-69.60575,44.57726],[-69.66871,44.58481],[-69.66954,44.55796],[-69.71843,44.51337],[-69.67657,44.50047],[-69.72976,44.38867],[-69.72904,44.37775],[-69.6257,44.3618],[-69.66544,44.22758],[-69.72361,44.23679],[-69.76256,44.2238],[-69.75221,44.18407],[-69.76357,44.15322],[-69.85498,44.16786],[-69.80693,44.20538],[-69.80005,44.24246],[-69.84719,44.23859],[-69.84817,44.2516],[-69.93742,44.26768],[-69.96837,44.17618],[-69.99379,44.18059],[-70.0185,44.15785],[-70.02739,44.13058],[-70.00547,44.12452],[-70.03177,44.00292],[-70.05182,43.99098],[-70.03424,43.97566],[-70.08084,43.92646],[-70.09233,43.93195],[-70.11586,43.90671],[-70.20365,43.94793],[-70.31537,44.03781],[-70.36387,43.98645],[-70.39532,44.00309],[-70.40195,43.99011],[-70.50237,44.04257],[-70.54409,44.00565],[-70.56385,44.02499],[-70.58119,44.01791],[-70.6141,44.06196],[-70.58724,44.12421],[-70.62433,44.17104],[-70.8218,44.07709],[-70.85855,44.09527],[-70.86662,44.07987],[-70.84808,44.04952],[-70.79253,44.04014],[-70.71542,43.96182],[-70.74751,43.9459],[-70.72973,43.92836],[-70.75793,43.90686],[-70.74388,43.88585],[-70.8015,43.85652],[-70.78298,43.81415],[-70.88085,43.81085],[-70.97119,43.78498],[-70.98912,43.79211],[-71.03262,44.68318],[-71.08393,45.30548]]]}},{"type":"Feature","properties":{"id":"182","riding_id":"24001","FEDNUM":"24001","name_en":"Congressional District 1","name_fr":"Congressional District 1","state":""},"geometry":{"type":"Polygon","coordinates":[[[-76.69876,39.71838],[-75.7886,39.7222],[-75.69367,38.46008],[-74.98628,38.45163],[-75.0208,38.30976],[-75.16644,38.02783],[-75.62445,37.99419],[-75.6477,37.94696],[-75.70463,37.9547],[-75.76164,37.94137],[-75.80124,37.91217],[-75.95267,37.90683],[-75.94369,37.94613],[-76.05202,37.95358],[-76.23646,37.88661],[-76.20148,38.07731],[-76.31541,38.2998],[-76.33633,38.38797],[-76.4263,38.50806],[-76.46395,38.7097],[-76.41698,38.90881],[-76.35329,39.04569],[-76.34584,39.17054],[-76.28769,39.2541],[-76.34428,39.28251],[-76.30658,39.31011],[-76.31558,39.33281],[-76.35435,39.33449],[-76.36235,39.35872],[-76.42813,39.34382],[-76.43567,39.3535],[-76.40617,39.3677],[-76.46237,39.38601],[-76.45567,39.40736],[-76.51818,39.43169],[-76.53723,39.4216],[-76.55827,39.43959],[-76.53841,39.4802],[-76.57381,39.51243],[-76.61321,39.50591],[-76.61585,39.53726],[-76.59924,39.55599],[-76.62308,39.57315],[-76.61112,39.58469],[-76.62778,39.60243],[-76.65941,39.61481],[-76.65565,39.6473],[-76.67543,39.66003],[-76.66714,39.69284],[-76.69876,39.71838]]]}},{"type":"Feature","properties":{"id":"187","riding_id":"24002","FEDNUM":"24002","name_en":"Congressional District 2","name_fr":"Congressional District 2","state":""},"geometry":{"type":"Polygon","coordinates":[[[-77.31156,39.63875],[-77.27597,39.63193],[-77.26624,39.66227],[-77.23454,39.67743],[-77.24327,39.69473],[-77.21626,39.69741],[-77.22677,39.70731],[-77.21702,39.71986],[-76.69766,39.72109],[-76.66705,39.69258],[-76.67543,39.66003],[-76.65565,39.6473],[-76.65941,39.61481],[-76.62778,39.60243],[-76.61112,39.58469],[-76.62308,39.57315],[-76.59924,39.55599],[-76.61585,39.53726],[-76.61321,39.50591],[-76.57381,39.51243],[-76.53841,39.4802],[-76.55827,39.43959],[-76.53723,39.4216],[-76.51818,39.43169],[-76.45567,39.40736],[-76.46237,39.38601],[-76.40617,39.3677],[-76.43567,39.3535],[-76.42813,39.34382],[-76.36235,39.35872],[-76.35435,39.33449],[-76.31558,39.33281],[-76.30658,39.31011],[-76.34428,39.28251],[-76.28769,39.2541],[-76.37483,39.23159],[-76.39378,39.24671],[-76.43448,39.24411],[-76.44348,39.28081],[-76.51467,39.30891],[-76.52979,39.37206],[-76.6098,39.3722],[-76.62443,39.33188],[-76.6401,39.32991],[-76.65116,39.3604],[-76.71131,39.37193],[-76.71119,39.35438],[-76.74456,39.37709],[-76.79536,39.35497],[-76.74544,39.32492],[-76.7454,39.28078],[-76.72337,39.24978],[-76.72839,39.22939],[-76.73953,39.23216],[-76.79439,39.2664],[-76.77845,39.2953],[-76.7946,39.31423],[-76.85117,39.31594],[-76.88903,39.35381],[-76.99215,39.35981],[-76.97615,39.42148],[-77.04774,39.44372],[-77.07532,39.40515],[-77.13419,39.43169],[-77.11,39.49748],[-77.17058,39.5344],[-77.16944,39.55412],[-77.20012,39.57859],[-77.29042,39.60444],[-77.31156,39.63875]]]}},{"type":"Feature","properties":{"id":"181","riding_id":"24003","FEDNUM":"24003","name_en":"Congressional District 3","name_fr":"Congressional District 3","state":""},"geometry":{"type":"Polygon","coordinates":[[[-77.18711,39.3406],[-77.13419,39.43169],[-77.07532,39.40515],[-77.04774,39.44372],[-76.97615,39.42148],[-76.99215,39.35981],[-76.88903,39.35381],[-76.85117,39.31594],[-76.7946,39.31423],[-76.77845,39.2953],[-76.79439,39.2664],[-76.70079,39.21311],[-76.61861,39.2374],[-76.5674,39.20212],[-76.55009,39.19721],[-76.52949,39.21841],[-76.51448,39.20241],[-76.34948,39.15662],[-76.35329,39.04569],[-76.42358,38.87951],[-76.59373,38.96198],[-76.66954,39.04353],[-76.6488,39.06722],[-76.72071,39.12309],[-76.75742,39.12669],[-76.76721,39.1503],[-76.84036,39.10314],[-76.88566,39.13129],[-76.95852,39.13402],[-76.95169,39.14621],[-77.00461,39.17452],[-77.00942,39.20673],[-77.07146,39.25501],[-77.13365,39.27054],[-77.18711,39.3406]]]}},{"type":"Feature","properties":{"id":"186","riding_id":"24004","FEDNUM":"24004","name_en":"Congressional District 4","name_fr":"Congressional District 4","state":""},"geometry":{"type":"Polygon","coordinates":[[[-77.03981,38.70987],[-77.04046,38.7904],[-76.90939,38.89285],[-77.00356,38.96655],[-76.94564,39.05458],[-76.9627,39.06262],[-76.94825,39.08297],[-76.96923,39.09522],[-76.96215,39.11608],[-76.98886,39.12115],[-76.996,39.13963],[-76.88566,39.13129],[-76.82784,39.09463],[-76.83584,39.06797],[-76.75126,39.03471],[-76.80146,38.99692],[-76.77353,38.97226],[-76.7702,38.94541],[-76.83961,38.94606],[-76.83047,38.93361],[-76.8449,38.91625],[-76.83167,38.89845],[-76.84734,38.89216],[-76.84444,38.86934],[-76.90579,38.80496],[-76.87936,38.75817],[-76.88151,38.73125],[-76.97154,38.70673],[-76.99513,38.6853],[-76.99372,38.69799],[-77.03981,38.70987]]]}},{"type":"Feature","properties":{"id":"184","riding_id":"24005","FEDNUM":"24005","name_en":"Congressional District 5","name_fr":"Congressional District 5","state":""},"geometry":{"type":"Polygon","coordinates":[[[-77.32301,38.43345],[-77.31056,38.49399],[-77.24636,38.59344],[-77.12968,38.6347],[-77.13244,38.67414],[-77.07923,38.71305],[-77.0462,38.71443],[-77.04202,38.74672],[-77.0434,38.70361],[-76.99372,38.69799],[-76.99549,38.68532],[-76.97154,38.70673],[-76.88151,38.73125],[-76.87936,38.75817],[-76.90579,38.80496],[-76.84444,38.86934],[-76.84734,38.89216],[-76.83167,38.89845],[-76.8449,38.91625],[-76.83047,38.93361],[-76.83908,38.94686],[-76.7702,38.94541],[-76.77353,38.97226],[-76.80146,38.99692],[-76.75126,39.03471],[-76.83646,39.06844],[-76.82739,39.09327],[-76.84036,39.10314],[-76.76721,39.1503],[-76.75742,39.12669],[-76.72071,39.12309],[-76.6488,39.06722],[-76.66954,39.04353],[-76.59373,38.96198],[-76.42358,38.87951],[-76.46395,38.7097],[-76.44868,38.62512],[-76.4263,38.50806],[-76.33633,38.38797],[-76.31541,38.2998],[-76.20148,38.07731],[-76.23614,37.88847],[-76.33862,37.94529],[-76.41293,37.96633],[-76.46501,38.01322],[-76.51661,38.02678],[-76.53646,38.0749],[-76.59616,38.10668],[-76.60543,38.14893],[-76.83937,38.16361],[-76.94902,38.20842],[-76.96209,38.25696],[-77.02813,38.30532],[-77.01146,38.37443],[-77.04151,38.40069],[-77.08668,38.36793],[-77.26529,38.33316],[-77.30494,38.37527],[-77.32301,38.43345]]]}},{"type":"Feature","properties":{"id":"185","riding_id":"24006","FEDNUM":"24006","name_en":"Congressional District 6","name_fr":"Congressional District 6","state":""},"geometry":{"type":"Polygon","coordinates":[[[-79.48687,39.2059],[-79.47666,39.72108],[-77.21702,39.71986],[-77.22677,39.70731],[-77.21626,39.69741],[-77.24327,39.69473],[-77.23454,39.67743],[-77.26624,39.66227],[-77.27597,39.63193],[-77.31129,39.63964],[-77.30741,39.61903],[-77.22024,39.57543],[-77.19993,39.57847],[-77.16944,39.55412],[-77.17058,39.5344],[-77.10672,39.49201],[-77.16808,39.35396],[-77.18711,39.3406],[-77.14467,39.29471],[-77.17238,39.28463],[-77.16401,39.2535],[-77.21046,39.21702],[-77.19196,39.19062],[-77.21002,39.17631],[-77.1721,39.15188],[-77.172,39.12515],[-77.21442,39.10065],[-77.31438,39.14697],[-77.33453,39.13424],[-77.34352,39.1],[-77.32938,39.08775],[-77.34211,39.06293],[-77.45697,39.0734],[-77.4854,39.10931],[-77.52067,39.12143],[-77.51762,39.16942],[-77.47867,39.18967],[-77.45771,39.22498],[-77.54309,39.26692],[-77.56498,39.30517],[-77.61591,39.30255],[-77.75819,39.33553],[-77.73841,39.39898],[-77.75419,39.42424],[-77.80327,39.43799],[-77.78526,39.4454],[-77.79801,39.46077],[-77.7776,39.46225],[-77.7972,39.48014],[-77.76634,39.49624],[-77.84538,39.49811],[-77.82474,39.52848],[-77.86118,39.51429],[-77.86527,39.53841],[-77.88874,39.55541],[-77.83609,39.56666],[-77.83415,39.60337],[-77.88492,39.61583],[-77.89197,39.59776],[-77.94109,39.61903],[-77.9461,39.58479],[-77.95504,39.60808],[-78.01011,39.60304],[-78.08056,39.6705],[-78.17175,39.69566],[-78.23257,39.67358],[-78.22383,39.66054],[-78.26609,39.61906],[-78.35532,39.64066],[-78.35551,39.62611],[-78.38236,39.62779],[-78.37561,39.60831],[-78.43014,39.62342],[-78.39484,39.58515],[-78.45677,39.58761],[-78.41702,39.54856],[-78.43772,39.55337],[-78.43786,39.53852],[-78.46112,39.55083],[-78.44864,39.53996],[-78.47194,39.51594],[-78.68956,39.54582],[-78.72459,39.56392],[-78.73339,39.58646],[-78.76706,39.58751],[-78.7768,39.60413],[-78.73319,39.6153],[-78.77762,39.622],[-78.76466,39.64589],[-78.77528,39.64566],[-78.8014,39.62839],[-78.79646,39.6059],[-78.82572,39.58918],[-78.81585,39.56288],[-78.83924,39.56701],[-78.87515,39.52267],[-78.8931,39.524],[-78.91672,39.48632],[-78.95891,39.46284],[-78.95657,39.44033],[-79.04703,39.48335],[-79.0569,39.47067],[-79.10238,39.47639],[-79.11082,39.43185],[-79.14375,39.4052],[-79.15947,39.41704],[-79.16227,39.38813],[-79.17918,39.3965],[-79.21428,39.36348],[-79.25631,39.35723],[-79.25385,39.33714],[-79.28213,39.32327],[-79.2904,39.29945],[-79.34601,39.29396],[-79.473,39.20212],[-79.48687,39.2059]]]}},{"type":"Feature","properties":{"id":"188","riding_id":"24007","FEDNUM":"24007","name_en":"Congressional District 7","name_fr":"Congressional District 7","state":""},"geometry":{"type":"Polygon","coordinates":[[[-76.79489,39.35643],[-76.74456,39.37709],[-76.71119,39.35438],[-76.71131,39.37193],[-76.67877,39.37215],[-76.65116,39.3604],[-76.6401,39.32991],[-76.62443,39.33188],[-76.6098,39.3722],[-76.52979,39.37206],[-76.51467,39.30891],[-76.44348,39.28081],[-76.43448,39.24411],[-76.39378,39.24671],[-76.37483,39.23159],[-76.29158,39.2501],[-76.33236,39.20436],[-76.34948,39.15662],[-76.51448,39.20241],[-76.52949,39.21841],[-76.55009,39.19721],[-76.5674,39.20212],[-76.61861,39.2374],[-76.70042,39.21301],[-76.72839,39.22939],[-76.74597,39.32594],[-76.79489,39.35643]]]}},{"type":"Feature","properties":{"id":"183","riding_id":"24008","FEDNUM":"24008","name_en":"Congressional District 8","name_fr":"Congressional District 8","state":""},"geometry":{"type":"Polygon","coordinates":[[[-77.34378,39.10237],[-77.31438,39.14697],[-77.21442,39.10065],[-77.17382,39.12309],[-77.1721,39.15188],[-77.21002,39.17631],[-77.19196,39.19062],[-77.21046,39.21702],[-77.16401,39.2535],[-77.17238,39.28463],[-77.14467,39.29471],[-77.13059,39.26841],[-77.07146,39.25501],[-77.00942,39.20673],[-77.00127,39.16986],[-76.96297,39.14584],[-76.996,39.13963],[-76.98886,39.12115],[-76.96215,39.11608],[-76.96923,39.09522],[-76.94825,39.08297],[-76.9627,39.06262],[-76.94564,39.05458],[-76.9911,38.9924],[-76.98575,38.97735],[-77.00356,38.96655],[-77.04088,38.99585],[-77.11976,38.93434],[-77.1473,38.96449],[-77.24503,38.98268],[-77.25576,39.00188],[-77.24632,39.02468],[-77.34211,39.06293],[-77.32917,39.09111],[-77.34378,39.10237]]]}},{"type":"Feature","properties":{"id":"191","riding_id":"25001","FEDNUM":"25001","name_en":"Congressional District 1","name_fr":"Congressional District 1","state":""},"geometry":{"type":"Polygon","coordinates":[[[-73.50821,42.08613],[-73.26483,42.74585],[-72.86432,42.73784],[-72.84279,42.6381],[-72.77265,42.65833],[-72.76609,42.62926],[-72.73511,42.63311],[-72.74838,42.61804],[-72.83175,42.61663],[-72.84845,42.55907],[-72.87703,42.55542],[-72.87114,42.48404],[-72.85563,42.48092],[-72.8479,42.43649],[-72.90458,42.43039],[-72.88563,42.34004],[-72.82112,42.33863],[-72.8144,42.25682],[-72.73576,42.26652],[-72.73673,42.28424],[-72.60995,42.28522],[-72.56931,42.30449],[-72.4642,42.30805],[-72.47229,42.35146],[-72.40942,42.35876],[-72.40546,42.33644],[-72.35399,42.34007],[-72.35637,42.30333],[-72.31478,42.3435],[-72.28423,42.35201],[-72.27464,42.30196],[-72.2108,42.31138],[-72.21397,42.29426],[-72.12367,42.36393],[-72.04117,42.3087],[-71.96729,42.31068],[-71.93936,42.18924],[-71.89513,42.19243],[-71.8581,42.16071],[-71.82596,42.16582],[-71.82953,42.12939],[-71.81796,42.13326],[-71.79718,42.09917],[-71.88151,42.07589],[-71.88039,42.05551],[-71.84571,42.02399],[-72.75589,42.03635],[-72.76673,42.00327],[-72.81705,41.99768],[-72.81378,42.03674],[-73.49702,42.04962],[-73.50821,42.08613]]]}},{"type":"Feature","properties":{"id":"196","riding_id":"25002","FEDNUM":"25002","name_en":"Congressional District 2","name_fr":"Congressional District 2","state":""},"geometry":{"type":"Polygon","coordinates":[[[-72.90436,42.43041],[-72.8479,42.43649],[-72.85563,42.48092],[-72.87114,42.48404],[-72.87703,42.55542],[-72.84845,42.55907],[-72.83175,42.61663],[-72.74838,42.61804],[-72.73511,42.63311],[-72.76609,42.62926],[-72.77265,42.65833],[-72.84279,42.6381],[-72.86432,42.73784],[-72.11106,42.71721],[-72.11663,42.62661],[-72.07575,42.62524],[-72.03598,42.59386],[-72.04202,42.57979],[-72.01703,42.57554],[-72.02701,42.56324],[-71.94979,42.51189],[-71.94847,42.52448],[-71.90244,42.53568],[-71.87486,42.50952],[-71.842,42.51468],[-71.83712,42.54855],[-71.77134,42.55925],[-71.74968,42.5452],[-71.76295,42.56392],[-71.74507,42.57386],[-71.70224,42.5339],[-71.72839,42.47513],[-71.72598,42.39029],[-71.67055,42.38667],[-71.67779,42.36515],[-71.63394,42.3584],[-71.58521,42.31095],[-71.4868,42.33019],[-71.49705,42.28983],[-71.4193,42.25728],[-71.41002,42.21875],[-71.38018,42.20176],[-71.40443,42.18843],[-71.37562,42.13545],[-71.47852,42.13138],[-71.47803,42.16587],[-71.49738,42.16664],[-71.50263,42.19142],[-71.5395,42.18973],[-71.56202,42.17861],[-71.57,42.13918],[-71.59275,42.12165],[-71.5911,42.01365],[-71.79919,42.00805],[-71.80067,42.02351],[-71.84571,42.02399],[-71.88232,42.05877],[-71.88151,42.07589],[-71.79718,42.09917],[-71.81796,42.13326],[-71.82953,42.12939],[-71.82596,42.16582],[-71.8581,42.16071],[-71.89513,42.19243],[-71.93936,42.18924],[-71.96729,42.31068],[-72.04117,42.3087],[-72.12367,42.36393],[-72.21397,42.29426],[-72.2108,42.31138],[-72.27464,42.30196],[-72.28423,42.35201],[-72.31478,42.3435],[-72.35602,42.30328],[-72.35399,42.34007],[-72.40546,42.33644],[-72.40942,42.35876],[-72.47229,42.35146],[-72.4642,42.30805],[-72.56931,42.30449],[-72.60995,42.28522],[-72.73673,42.28424],[-72.73576,42.26652],[-72.8144,42.25682],[-72.82112,42.33863],[-72.88563,42.34004],[-72.90436,42.43041]]]}},{"type":"Feature","properties":{"id":"189","riding_id":"25003","FEDNUM":"25003","name_en":"Congressional District 3","name_fr":"Congressional District 3","state":""},"geometry":{"type":"Polygon","coordinates":[[[-72.11658,42.6274],[-72.11106,42.71721],[-71.29464,42.69704],[-71.24543,42.74255],[-71.18179,42.73734],[-71.18614,42.79093],[-71.14794,42.81618],[-71.06442,42.80627],[-71.05401,42.83328],[-70.99868,42.80863],[-71.05888,42.73246],[-71.11558,42.7411],[-71.14586,42.69848],[-71.13445,42.67678],[-71.1855,42.67587],[-71.18886,42.69627],[-71.21554,42.7012],[-71.24249,42.66235],[-71.27515,42.65622],[-71.27779,42.62085],[-71.29632,42.61267],[-71.22567,42.58004],[-71.27639,42.54438],[-71.25249,42.52408],[-71.3067,42.52059],[-71.31697,42.50646],[-71.32127,42.48051],[-71.2893,42.46456],[-71.36634,42.41272],[-71.46435,42.4503],[-71.47838,42.4371],[-71.46944,42.40259],[-71.4868,42.33019],[-71.58521,42.31095],[-71.63394,42.3584],[-71.67779,42.36515],[-71.67055,42.38667],[-71.72598,42.39029],[-71.72839,42.47513],[-71.70224,42.5339],[-71.74507,42.57386],[-71.76295,42.56392],[-71.74968,42.5452],[-71.77134,42.55925],[-71.83712,42.54855],[-71.842,42.51468],[-71.87486,42.50952],[-71.90244,42.53568],[-71.94847,42.52448],[-71.94979,42.51189],[-72.02701,42.56324],[-72.01703,42.57554],[-72.04202,42.57979],[-72.03598,42.59386],[-72.07575,42.62524],[-72.11658,42.6274]]]}},{"type":"Feature","properties":{"id":"195","riding_id":"25004","FEDNUM":"25004","name_en":"Congressional District 4","name_fr":"Congressional District 4","state":""},"geometry":{"type":"Polygon","coordinates":[[[-71.59275,42.12165],[-71.57,42.13918],[-71.56202,42.17861],[-71.5395,42.18973],[-71.50263,42.19142],[-71.49738,42.16664],[-71.47803,42.16587],[-71.47852,42.13138],[-71.37953,42.13314],[-71.40443,42.18843],[-71.38018,42.20176],[-71.41002,42.21875],[-71.4193,42.25728],[-71.39037,42.27192],[-71.30292,42.24827],[-71.3093,42.27638],[-71.26437,42.30018],[-71.27712,42.31198],[-71.24663,42.31573],[-71.27029,42.33086],[-71.25569,42.33929],[-71.26036,42.35366],[-71.23468,42.36138],[-71.16763,42.36007],[-71.17485,42.35034],[-71.15704,42.33039],[-71.10657,42.34991],[-71.14688,42.29728],[-71.1647,42.30383],[-71.19712,42.26895],[-71.22946,42.26391],[-71.25142,42.20261],[-71.26957,42.2005],[-71.27502,42.14862],[-71.30375,42.1495],[-71.30022,42.12591],[-71.28027,42.08849],[-71.2388,42.1064],[-71.23187,42.13163],[-71.17797,42.16566],[-71.13166,42.10597],[-71.13861,42.07278],[-71.16868,42.06116],[-71.15645,42.00104],[-71.07035,41.98784],[-71.06145,41.9644],[-71.08549,41.94174],[-71.06033,41.94512],[-71.01119,41.907],[-70.99749,41.91844],[-70.91641,41.87692],[-70.91871,41.85194],[-70.89345,41.8279],[-70.8964,41.79432],[-70.92179,41.79126],[-70.90718,41.76354],[-71.06663,41.68562],[-71.11441,41.6928],[-71.13835,41.60368],[-71.13256,41.66036],[-71.19548,41.67509],[-71.26107,41.75208],[-71.34048,41.79703],[-71.33879,41.89859],[-71.38146,41.89355],[-71.3814,42.0188],[-71.5911,42.01365],[-71.59275,42.12165]]]}},{"type":"Feature","properties":{"id":"193","riding_id":"25005","FEDNUM":"25005","name_en":"Congressional District 5","name_fr":"Congressional District 5","state":""},"geometry":{"type":"Polygon","coordinates":[[[-71.49701,42.2899],[-71.46944,42.40259],[-71.47838,42.4371],[-71.46435,42.4503],[-71.36634,42.41272],[-71.30228,42.46201],[-71.27269,42.4597],[-71.25666,42.49292],[-71.20432,42.46585],[-71.16892,42.48709],[-71.17003,42.51554],[-71.13545,42.53],[-71.11976,42.50029],[-71.09011,42.50126],[-71.07815,42.47402],[-71.05336,42.47592],[-71.01078,42.43457],[-70.95079,42.4443],[-70.95949,42.4075],[-70.91789,42.386],[-70.97289,42.3536],[-71.01036,42.36503],[-70.98713,42.39212],[-71.02624,42.40593],[-71.02823,42.4242],[-71.0733,42.4148],[-71.076,42.3964],[-71.1304,42.41742],[-71.12736,42.3971],[-71.15636,42.39585],[-71.13041,42.38292],[-71.12097,42.39371],[-71.10315,42.36634],[-71.26036,42.35366],[-71.27026,42.32856],[-71.24663,42.31573],[-71.27712,42.31198],[-71.26437,42.30018],[-71.3093,42.27638],[-71.30292,42.24827],[-71.39037,42.27192],[-71.4193,42.25728],[-71.49701,42.2899]]]}},{"type":"Feature","properties":{"id":"194","riding_id":"25006","FEDNUM":"25006","name_en":"Congressional District 6","name_fr":"Congressional District 6","state":""},"geometry":{"type":"Polygon","coordinates":[[[-71.32124,42.48064],[-71.3067,42.52059],[-71.25249,42.52408],[-71.27639,42.54438],[-71.22567,42.58004],[-71.29632,42.61267],[-71.27779,42.62085],[-71.27515,42.65622],[-71.24249,42.66235],[-71.21554,42.7012],[-71.18886,42.69627],[-71.1855,42.67587],[-71.13445,42.67678],[-71.14586,42.69848],[-71.11558,42.7411],[-71.05888,42.73246],[-70.99909,42.80629],[-71.05401,42.83328],[-71.04492,42.84867],[-70.92959,42.88503],[-70.8856,42.88283],[-70.84772,42.86087],[-70.73501,42.87468],[-70.74883,42.85883],[-70.71432,42.73191],[-70.62594,42.73972],[-70.54931,42.72416],[-70.51393,42.68059],[-70.50214,42.63547],[-70.52179,42.59346],[-70.60629,42.53122],[-70.64807,42.40563],[-70.92459,42.3868],[-70.96209,42.4124],[-70.95079,42.4443],[-71.01078,42.43457],[-71.05336,42.47592],[-71.07815,42.47402],[-71.09011,42.50126],[-71.11976,42.50029],[-71.13545,42.53],[-71.17003,42.51554],[-71.16892,42.48709],[-71.20432,42.46585],[-71.25345,42.49329],[-71.27269,42.4597],[-71.32124,42.48064]]]}},{"type":"Feature","properties":{"id":"197","riding_id":"25007","FEDNUM":"25007","name_en":"Congressional District 7","name_fr":"Congressional District 7","state":""},"geometry":{"type":"Polygon","coordinates":[[[-71.17485,42.35034],[-71.13152,42.3738],[-71.10239,42.36737],[-71.12097,42.39371],[-71.13041,42.38292],[-71.15636,42.39585],[-71.12865,42.39606],[-71.12826,42.41799],[-71.11237,42.40023],[-71.076,42.3964],[-71.0733,42.4148],[-71.02823,42.4242],[-71.02624,42.40593],[-70.98744,42.39274],[-71.01036,42.36503],[-70.9866,42.36457],[-70.97509,42.3435],[-71.01099,42.3427],[-71.04909,42.3712],[-71.08751,42.35556],[-71.04959,42.3545],[-71.06875,42.31859],[-71.05351,42.31049],[-71.05535,42.28824],[-71.09351,42.25692],[-71.07664,42.22112],[-71.09319,42.21394],[-71.01913,42.18685],[-71.03509,42.13563],[-71.16042,42.26682],[-71.11841,42.29341],[-71.10657,42.34991],[-71.15704,42.33039],[-71.17485,42.35034]]]}},{"type":"Feature","properties":{"id":"192","riding_id":"25008","FEDNUM":"25008","name_en":"Congressional District 8","name_fr":"Congressional District 8","state":""},"geometry":{"type":"Polygon","coordinates":[[[-71.30379,42.14921],[-71.27502,42.14862],[-71.26957,42.2005],[-71.25142,42.20261],[-71.22933,42.26404],[-71.19712,42.26895],[-71.12153,42.32388],[-71.10294,42.3193],[-71.11841,42.29341],[-71.16042,42.26682],[-71.03509,42.13563],[-71.01913,42.18685],[-71.09319,42.21394],[-71.07664,42.22112],[-71.09351,42.25692],[-71.05535,42.28824],[-71.05351,42.31049],[-71.06875,42.31859],[-71.04959,42.3545],[-71.08751,42.35556],[-71.06948,42.36905],[-71.04909,42.3712],[-71.01099,42.3427],[-70.97509,42.3435],[-70.91789,42.386],[-70.64807,42.40563],[-70.69039,42.279],[-70.68406,42.25384],[-70.64011,42.22837],[-70.64295,42.17818],[-70.62448,42.15722],[-70.62448,42.12511],[-70.67508,42.1362],[-70.75105,42.29311],[-70.67569,42.3751],[-70.72921,42.37385],[-70.82564,42.26463],[-70.84463,42.26043],[-70.85338,42.23961],[-70.82702,42.20079],[-70.94077,42.15136],[-70.90241,42.0859],[-70.91296,42.08442],[-70.89919,41.99637],[-70.97959,42.011],[-71.05418,41.98272],[-71.15645,42.00104],[-71.16868,42.06116],[-71.13861,42.07278],[-71.13113,42.10179],[-71.14917,42.13861],[-71.18131,42.16552],[-71.23194,42.13156],[-71.2388,42.1064],[-71.28027,42.08849],[-71.30379,42.14921]]]}},{"type":"Feature","properties":{"id":"190","riding_id":"25009","FEDNUM":"25009","name_en":"Congressional District 9","name_fr":"Congressional District 9","state":""},"geometry":{"type":"Polygon","coordinates":[[[-71.13835,41.60369],[-71.11441,41.6928],[-71.06663,41.68562],[-70.90718,41.76354],[-70.92179,41.79126],[-70.8964,41.79432],[-70.89345,41.8279],[-70.91871,41.85194],[-70.91641,41.87692],[-70.99749,41.91844],[-71.01119,41.907],[-71.06033,41.94512],[-71.08549,41.94174],[-71.06145,41.9644],[-71.07035,41.98784],[-70.97959,42.011],[-70.89919,41.99637],[-70.91296,42.08442],[-70.90241,42.0859],[-70.94077,42.15136],[-70.82702,42.20079],[-70.85338,42.23961],[-70.84463,42.26043],[-70.82564,42.26463],[-70.72921,42.37385],[-70.67569,42.3751],[-70.75105,42.29311],[-70.66578,42.1251],[-70.62448,42.12511],[-70.62448,42.15722],[-70.60838,42.13848],[-70.27743,42.11435],[-70.22917,42.13119],[-70.15068,42.13146],[-70.01159,42.07338],[-69.92911,41.97848],[-69.86652,41.81701],[-69.85895,41.70692],[-69.86813,41.65679],[-69.94661,41.51215],[-70.04031,41.46596],[-70.11439,41.48408],[-70.12855,41.52473],[-70.06335,41.59017],[-70.07793,41.61253],[-70.1815,41.59355],[-70.24946,41.56015],[-70.31125,41.57106],[-70.39516,41.55672],[-70.44857,41.51309],[-70.5086,41.49896],[-70.48969,41.46298],[-70.43645,41.46892],[-70.39289,41.44548],[-70.38345,41.36993],[-70.26728,41.39343],[-70.21511,41.36028],[-70.13794,41.34637],[-70.09784,41.35358],[-70.11654,41.39513],[-70.09441,41.43081],[-70.04427,41.4438],[-70.00647,41.4339],[-69.91009,41.31726],[-69.89447,41.25924],[-69.91584,41.22094],[-69.96374,41.19639],[-70.10968,41.1898],[-70.28574,41.24235],[-70.34408,41.27615],[-70.45985,41.26525],[-70.5122,41.29831],[-70.60667,41.29941],[-70.70311,41.28904],[-70.76784,41.20649],[-70.84775,41.20581],[-70.89054,41.24309],[-70.89034,41.27736],[-70.87003,41.29707],[-70.901,41.33461],[-70.89602,41.37015],[-70.99075,41.35129],[-71.0327,41.38027],[-71.0336,41.41409],[-71.08857,41.43131],[-71.12112,41.49279],[-71.13835,41.60369]]]}},{"type":"Feature","properties":{"id":"201","riding_id":"26001","FEDNUM":"26001","name_en":"Congressional District 1","name_fr":"Congressional District 1","state":""},"geometry":{"type":"Polygon","coordinates":[[[-90.41839,46.5661],[-89.48338,48.01372],[-89.33755,47.97426],[-88.67744,48.2454],[-88.36986,48.30606],[-86.25014,47.4779],[-84.85934,46.88884],[-84.76296,46.63432],[-84.55696,46.46064],[-84.47559,46.45286],[-84.42027,46.50108],[-84.34196,46.50751],[-84.27581,46.49282],[-84.22613,46.53392],[-84.12892,46.53012],[-84.11123,46.50412],[-84.14617,46.41852],[-84.13891,46.37222],[-84.10625,46.32196],[-84.11963,46.31501],[-84.11556,46.26823],[-84.09777,46.25651],[-84.10809,46.24124],[-84.07703,46.18756],[-84.00568,46.14955],[-84.00587,46.11847],[-83.97613,46.10255],[-83.95542,46.05719],[-83.90347,46.06091],[-83.82624,46.11929],[-83.75953,46.10317],[-83.65465,46.12206],[-83.57147,46.106],[-83.43356,45.99889],[-83.63687,45.77394],[-83.48397,45.77194],[-82.52064,45.3359],[-82.24991,44.15875],[-83.18528,44.1684],[-83.70852,43.83395],[-83.90761,43.91042],[-84.04484,43.91115],[-84.04541,43.99697],[-84.16638,43.9969],[-84.16611,44.16179],[-85.33466,44.16484],[-85.3384,44.42538],[-85.75891,44.42423],[-85.75722,44.51298],[-86.84693,44.51943],[-86.68629,44.881],[-86.49993,45.0808],[-86.24955,45.23613],[-86.75424,45.44361],[-87.10113,45.44423],[-87.17117,45.35254],[-87.31542,45.24066],[-87.40569,45.20197],[-87.44251,45.07643],[-87.65995,45.10751],[-87.6839,45.14413],[-87.7361,45.17224],[-87.74181,45.19747],[-87.6875,45.29805],[-87.64813,45.3394],[-87.65735,45.36875],[-87.69396,45.38989],[-87.7541,45.34944],[-87.83261,45.35225],[-87.85013,45.34043],[-87.86917,45.36605],[-87.88805,45.3547],[-87.84932,45.40387],[-87.8617,45.43447],[-87.81298,45.46416],[-87.79277,45.49997],[-87.80339,45.53827],[-87.83369,45.56156],[-87.79237,45.56305],[-87.7772,45.5885],[-87.78084,45.6146],[-87.82439,45.64771],[-87.82419,45.66204],[-87.78223,45.68305],[-87.8769,45.75438],[-87.96345,45.75822],[-87.98966,45.77202],[-87.99145,45.79539],[-88.07217,45.78008],[-88.13013,45.80971],[-88.13452,45.82246],[-88.06976,45.87294],[-88.10126,45.88228],[-88.10246,45.92155],[-88.19206,45.95265],[-88.23711,45.94828],[-88.24689,45.96353],[-88.32728,45.95496],[-88.3805,45.99177],[-88.41638,45.97509],[-88.45867,45.99951],[-88.48936,45.99137],[-88.51469,46.02002],[-88.58827,46.0051],[-88.60118,46.01777],[-88.61596,45.9879],[-88.67083,45.98855],[-88.67887,46.0136],[-88.73898,46.02746],[-88.78016,46.01539],[-88.77874,46.03169],[-88.79618,46.03371],[-88.81603,46.02059],[-89.09164,46.13845],[-90.12057,46.33704],[-90.1187,46.35934],[-90.21664,46.50164],[-90.27255,46.50451],[-90.27694,46.52445],[-90.31655,46.5169],[-90.30944,46.53728],[-90.33223,46.55343],[-90.39326,46.53243],[-90.41839,46.5661]]]}},{"type":"Feature","properties":{"id":"207","riding_id":"26002","FEDNUM":"26002","name_en":"Congressional District 2","name_fr":"Congressional District 2","state":""},"geometry":{"type":"Polygon","coordinates":[[[-87.14717,43.37986],[-87.12508,43.67045],[-87.04885,44.0],[-87.01323,44.13191],[-86.84693,44.51943],[-85.75722,44.51298],[-85.75891,44.42423],[-85.3384,44.42538],[-85.33466,44.16484],[-84.16611,44.16179],[-84.16732,43.8259],[-84.36651,43.82843],[-84.36803,43.72648],[-84.48704,43.72719],[-84.48868,43.46617],[-84.36988,43.46604],[-84.36776,43.11794],[-84.83689,43.11885],[-84.83709,42.77048],[-84.95583,42.77046],[-84.9558,42.59718],[-85.01434,42.58176],[-85.01492,42.50944],[-85.07381,42.50917],[-85.07161,42.42143],[-85.54319,42.42143],[-85.54583,42.85449],[-85.42903,42.85629],[-85.43119,43.11803],[-85.54623,43.11741],[-85.53574,43.13549],[-85.5488,43.14653],[-85.58002,43.13178],[-85.57817,43.1172],[-85.90744,43.11891],[-85.90839,43.20592],[-86.14491,43.20516],[-86.14439,43.23435],[-86.20419,43.25238],[-86.20407,43.2721],[-86.21887,43.2722],[-86.27308,43.25001],[-86.34808,43.24487],[-86.36147,43.26434],[-86.27192,43.11836],[-87.10767,43.11824],[-87.14717,43.37986]]]}},{"type":"Feature","properties":{"id":"199","riding_id":"26003","FEDNUM":"26003","name_en":"Congressional District 3","name_fr":"Congressional District 3","state":""},"geometry":{"type":"Polygon","coordinates":[[[-87.10767,43.11824],[-86.27192,43.11836],[-86.36147,43.26434],[-86.34808,43.24487],[-86.20407,43.2721],[-86.20419,43.25238],[-86.14439,43.23435],[-86.14491,43.20516],[-85.90839,43.20592],[-85.90744,43.11891],[-85.57817,43.1172],[-85.58002,43.13178],[-85.5488,43.14653],[-85.53574,43.13549],[-85.54623,43.11741],[-85.43119,43.11803],[-85.42903,42.85629],[-85.54583,42.85449],[-85.54556,42.76814],[-85.7825,42.7682],[-85.78218,42.91132],[-85.87611,42.95792],[-85.90345,42.94328],[-86.2193,42.94299],[-86.20922,42.76754],[-87.05872,42.7652],[-87.10767,43.11824]]]}},{"type":"Feature","properties":{"id":"206","riding_id":"26004","FEDNUM":"26004","name_en":"Congressional District 4","name_fr":"Congressional District 4","state":""},"geometry":{"type":"Polygon","coordinates":[[[-87.08834,42.23533],[-87.01986,42.49376],[-87.05872,42.7652],[-86.20922,42.76754],[-86.2193,42.94299],[-85.90345,42.94328],[-85.87611,42.95792],[-85.78218,42.91132],[-85.7825,42.7682],[-85.54556,42.76814],[-85.54319,42.42143],[-85.06485,42.42151],[-85.06115,42.24667],[-85.297,42.24607],[-85.29535,42.15825],[-85.76461,42.15725],[-85.76294,42.06933],[-86.43649,42.07259],[-86.43532,42.05407],[-86.51419,42.05069],[-86.53323,42.03572],[-86.50152,42.08459],[-86.49965,42.11572],[-86.3646,42.24314],[-87.08834,42.23533]]]}},{"type":"Feature","properties":{"id":"203","riding_id":"26005","FEDNUM":"26005","name_en":"Congressional District 5","name_fr":"Congressional District 5","state":""},"geometry":{"type":"Polygon","coordinates":[[[-87.20644,41.7663],[-87.08834,42.23533],[-86.3646,42.24314],[-86.49965,42.11572],[-86.50152,42.08459],[-86.53323,42.03572],[-86.51419,42.05069],[-86.43532,42.05407],[-86.43649,42.07259],[-85.76294,42.06933],[-85.76461,42.15725],[-85.29535,42.15825],[-85.297,42.24607],[-85.06115,42.24667],[-85.06485,42.42151],[-84.13114,42.42457],[-84.13196,42.07158],[-83.71187,42.08364],[-83.71102,42.06879],[-83.67579,42.06624],[-83.66157,42.08452],[-83.29506,42.09424],[-83.19908,42.03476],[-83.14396,42.02793],[-83.11246,41.95941],[-83.41585,41.73379],[-84.806,41.69612],[-84.80589,41.76017],[-87.20644,41.7663]]]}},{"type":"Feature","properties":{"id":"205","riding_id":"26006","FEDNUM":"26006","name_en":"Congressional District 6","name_fr":"Congressional District 6","state":""},"geometry":{"type":"Polygon","coordinates":[[[-84.13196,42.07158],[-84.13114,42.42457],[-83.55191,42.43517],[-83.55521,42.49316],[-83.49028,42.49521],[-83.4742,42.5261],[-83.43784,42.52711],[-83.42319,42.17944],[-83.15442,42.18541],[-83.13147,42.20277],[-83.1217,42.12543],[-83.14396,42.02793],[-83.18415,42.02848],[-83.29506,42.09424],[-83.66157,42.08452],[-83.67579,42.06624],[-83.71102,42.06879],[-83.71187,42.08364],[-84.13196,42.07158]]]}},{"type":"Feature","properties":{"id":"209","riding_id":"26007","FEDNUM":"26007","name_en":"Congressional District 7","name_fr":"Congressional District 7","state":""},"geometry":{"type":"Polygon","coordinates":[[[-85.07381,42.50917],[-85.01492,42.50944],[-85.01434,42.58176],[-84.9558,42.59718],[-84.95583,42.77046],[-84.83709,42.77048],[-84.83689,43.11885],[-83.92908,43.13278],[-83.92432,42.81666],[-83.89473,42.80328],[-83.89398,42.78145],[-83.68649,42.78326],[-83.67712,42.60625],[-83.56028,42.5815],[-83.55191,42.43517],[-85.07161,42.42143],[-85.07381,42.50917]]]}},{"type":"Feature","properties":{"id":"202","riding_id":"26008","FEDNUM":"26008","name_en":"Congressional District 8","name_fr":"Congressional District 8","state":""},"geometry":{"type":"Polygon","coordinates":[[[-84.48868,43.46617],[-84.48704,43.72719],[-84.36803,43.72648],[-84.36651,43.82843],[-84.16732,43.8259],[-84.16638,43.9969],[-84.04541,43.99697],[-84.04484,43.91115],[-83.90761,43.91042],[-83.70852,43.83395],[-83.69576,43.26557],[-83.62229,43.26618],[-83.61111,43.22236],[-83.46073,43.22313],[-83.4533,42.87631],[-83.68938,42.87126],[-83.68649,42.78326],[-83.89398,42.78145],[-83.89473,42.80328],[-83.92432,42.81666],[-83.92908,43.13278],[-84.36789,43.12845],[-84.36988,43.46604],[-84.48868,43.46617]]]}},{"type":"Feature","properties":{"id":"200","riding_id":"26009","FEDNUM":"26009","name_en":"Congressional District 9","name_fr":"Congressional District 9","state":""},"geometry":{"type":"Polygon","coordinates":[[[-83.7123,43.83166],[-83.18528,44.1684],[-82.24991,44.15875],[-82.12297,43.59083],[-82.42372,42.99852],[-82.4167,42.96642],[-82.45603,42.92581],[-82.48257,42.80864],[-82.46767,42.76191],[-82.52343,42.60734],[-82.58998,42.55098],[-82.63372,42.5568],[-82.65983,42.54327],[-82.74991,42.45109],[-82.86411,42.45134],[-82.86351,42.53041],[-82.83602,42.55304],[-82.76952,42.56139],[-82.75947,42.59263],[-82.80064,42.63125],[-82.91591,42.62904],[-82.93713,42.65738],[-82.97446,42.65653],[-82.97691,42.7159],[-83.54965,42.6996],[-83.56562,42.69137],[-83.56028,42.5815],[-83.67712,42.60625],[-83.68938,42.87126],[-83.4533,42.87631],[-83.4604,43.2153],[-83.61111,43.22236],[-83.62229,43.26618],[-83.69576,43.26557],[-83.7123,43.83166]]]}},{"type":"Feature","properties":{"id":"208","riding_id":"26010","FEDNUM":"26010","name_en":"Congressional District 10","name_fr":"Congressional District 10","state":""},"geometry":{"type":"Polygon","coordinates":[[[-83.21378,42.70953],[-82.97691,42.7159],[-82.97446,42.65653],[-82.93713,42.65738],[-82.91591,42.62904],[-82.80064,42.63125],[-82.76173,42.59675],[-82.75794,42.57499],[-82.85514,42.54092],[-82.87101,42.50949],[-82.86411,42.45134],[-83.08339,42.44715],[-83.09145,42.62421],[-83.20922,42.621],[-83.21378,42.70953]]]}},{"type":"Feature","properties":{"id":"210","riding_id":"26011","FEDNUM":"26011","name_en":"Congressional District 11","name_fr":"Congressional District 11","state":""},"geometry":{"type":"Polygon","coordinates":[[[-83.56562,42.69137],[-83.21403,42.70952],[-83.20922,42.621],[-83.09145,42.62421],[-83.08339,42.44715],[-83.20052,42.44484],[-83.20438,42.53191],[-83.32087,42.52912],[-83.31682,42.44203],[-83.43373,42.43894],[-83.43759,42.5271],[-83.4742,42.5261],[-83.49028,42.49521],[-83.55521,42.49316],[-83.56562,42.69137]]]}},{"type":"Feature","properties":{"id":"204","riding_id":"26012","FEDNUM":"26012","name_en":"Congressional District 12","name_fr":"Congressional District 12","state":""},"geometry":{"type":"Polygon","coordinates":[[[-83.43367,42.43894],[-83.31682,42.44203],[-83.32087,42.52912],[-83.20438,42.53191],[-83.20052,42.44484],[-83.15094,42.44603],[-83.15053,42.40258],[-83.16332,42.39347],[-83.15114,42.37364],[-83.1641,42.35872],[-83.14774,42.35192],[-83.15655,42.32724],[-83.14093,42.29651],[-83.19959,42.30097],[-83.21773,42.27722],[-83.28516,42.28142],[-83.309,42.26823],[-83.3481,42.26746],[-83.34894,42.28919],[-83.42744,42.28746],[-83.43367,42.43894]]]}},{"type":"Feature","properties":{"id":"198","riding_id":"26013","FEDNUM":"26013","name_en":"Congressional District 13","name_fr":"Congressional District 13","state":""},"geometry":{"type":"Polygon","coordinates":[[[-83.42744,42.28746],[-83.34894,42.28919],[-83.3481,42.26746],[-83.309,42.26823],[-83.28516,42.28142],[-83.21773,42.27722],[-83.19959,42.30097],[-83.14264,42.29442],[-83.15663,42.32795],[-83.14774,42.35192],[-83.1641,42.35884],[-83.15114,42.37364],[-83.16332,42.39347],[-83.15053,42.40258],[-83.15094,42.44603],[-82.74991,42.45109],[-82.83025,42.37349],[-83.07821,42.30857],[-83.128,42.23869],[-83.13147,42.20277],[-83.15442,42.18541],[-83.42319,42.17944],[-83.42744,42.28746]]]}},{"type":"Feature","properties":{"id":"212","riding_id":"27001","FEDNUM":"27001","name_en":"Congressional District 1","name_fr":"Congressional District 1","state":""},"geometry":{"type":"Polygon","coordinates":[[[-96.45326,43.50039],[-96.45299,43.84951],[-94.85939,43.84809],[-94.8598,44.10802],[-94.73834,44.1089],[-94.73854,44.15152],[-94.7458,44.29722],[-94.76127,44.31169],[-94.80618,44.31164],[-94.80598,44.32612],[-94.83622,44.32604],[-94.8362,44.34049],[-94.86619,44.34025],[-94.86582,44.49822],[-94.81488,44.48445],[-94.78908,44.45619],[-93.93485,44.45666],[-93.93968,44.4128],[-93.96579,44.39046],[-93.95227,44.38618],[-93.96166,44.36408],[-93.93281,44.34401],[-93.95978,44.3073],[-94.01173,44.27602],[-94.02525,44.25688],[-94.0085,44.24766],[-94.02138,44.23999],[-93.76803,44.23938],[-93.76797,44.19584],[-93.40457,44.19639],[-93.40311,44.3705],[-93.12066,44.37039],[-93.12588,44.39191],[-93.0837,44.38503],[-93.08038,44.4068],[-93.06022,44.40686],[-93.06008,44.42849],[-93.03983,44.42862],[-93.03934,44.51555],[-92.95269,44.50698],[-92.91876,44.5176],[-92.91898,44.54325],[-92.7926,44.54297],[-92.79258,44.62972],[-92.73204,44.62949],[-92.73204,44.71435],[-92.63202,44.64919],[-92.61979,44.61358],[-92.56783,44.60253],[-92.54889,44.56825],[-92.33611,44.554],[-92.291,44.48546],[-92.23086,44.4445],[-92.05649,44.40273],[-91.96681,44.36399],[-91.91863,44.32267],[-91.92461,44.29181],[-91.89639,44.27469],[-91.87516,44.20058],[-91.72155,44.13034],[-91.70749,44.10391],[-91.59207,44.03137],[-91.43235,43.99669],[-91.28414,43.84707],[-91.24413,43.77467],[-91.26846,43.70982],[-91.26898,43.61658],[-91.23186,43.58182],[-91.24318,43.54031],[-91.21729,43.51051],[-96.45326,43.50039]]]}},{"type":"Feature","properties":{"id":"217","riding_id":"27002","FEDNUM":"27002","name_en":"Congressional District 2","name_fr":"Congressional District 2","state":""},"geometry":{"type":"Polygon","coordinates":[[[-94.02525,44.2574],[-93.93281,44.34401],[-93.96166,44.36408],[-93.95227,44.38618],[-93.96578,44.39064],[-93.93968,44.4128],[-93.93652,44.45465],[-93.91719,44.46248],[-93.92697,44.46964],[-93.9073,44.47245],[-93.88711,44.5048],[-93.88786,44.52617],[-93.91222,44.53805],[-93.89125,44.54704],[-93.90248,44.58765],[-93.86132,44.60542],[-93.85768,44.62109],[-93.75477,44.63603],[-93.67515,44.69255],[-93.62944,44.69816],[-93.61776,44.70783],[-93.63141,44.73874],[-93.60849,44.754],[-93.6219,44.76249],[-93.57897,44.79424],[-93.43816,44.81307],[-93.37931,44.78511],[-93.30453,44.7945],[-93.22052,44.83105],[-93.18247,44.88722],[-93.09604,44.92329],[-93.05164,44.9195],[-93.02004,44.89075],[-92.86252,44.89111],[-92.86241,44.86194],[-92.7695,44.862],[-92.76593,44.83563],[-92.80841,44.7516],[-92.73204,44.71435],[-92.73204,44.62949],[-92.79258,44.62972],[-92.7926,44.54297],[-92.91898,44.54325],[-92.91876,44.5176],[-92.95269,44.50698],[-93.03934,44.51555],[-93.03983,44.42862],[-93.06008,44.42849],[-93.06022,44.40686],[-93.08038,44.4068],[-93.0837,44.38503],[-93.12588,44.39191],[-93.12066,44.37039],[-93.40311,44.3705],[-93.40457,44.19639],[-93.76797,44.19584],[-93.76803,44.23938],[-94.01912,44.23946],[-94.00857,44.24996],[-94.02525,44.2574]]]}},{"type":"Feature","properties":{"id":"211","riding_id":"27003","FEDNUM":"27003","name_en":"Congressional District 3","name_fr":"Congressional District 3","state":""},"geometry":{"type":"Polygon","coordinates":[[[-93.76838,44.89097],[-93.76187,45.08124],[-93.71734,45.08668],[-93.72959,45.09744],[-93.7208,45.11412],[-93.68301,45.15064],[-93.63551,45.14529],[-93.62993,45.17418],[-93.65892,45.19355],[-93.63995,45.2093],[-93.59694,45.20736],[-93.54264,45.23259],[-93.52868,45.22243],[-93.52165,45.24662],[-93.42017,45.21746],[-93.38974,45.22333],[-93.38863,45.24109],[-93.35761,45.21228],[-93.26586,45.21152],[-93.26578,45.12458],[-93.29609,45.12174],[-93.27833,45.10336],[-93.28082,45.07172],[-93.28106,45.0872],[-93.35111,45.08723],[-93.34982,45.0657],[-93.40069,45.06574],[-93.41051,44.9729],[-93.40061,44.93513],[-93.3496,44.92049],[-93.34981,44.90014],[-93.31883,44.89085],[-93.31883,44.862],[-93.19794,44.862],[-93.22052,44.83105],[-93.30453,44.7945],[-93.37931,44.78511],[-93.43801,44.81307],[-93.52017,44.80218],[-93.52071,44.8915],[-93.76838,44.89097]]]}},{"type":"Feature","properties":{"id":"216","riding_id":"27004","FEDNUM":"27004","name_en":"Congressional District 4","name_fr":"Congressional District 4","state":""},"geometry":{"type":"Polygon","coordinates":[[[-93.22812,45.1158],[-92.86373,45.1236],[-92.86321,45.07957],[-92.83475,45.07412],[-92.81277,45.10015],[-92.81277,45.08266],[-92.79232,45.07894],[-92.80048,45.05481],[-92.76206,45.02432],[-92.76945,44.97215],[-92.75065,44.9373],[-92.77457,44.89808],[-92.76377,44.87206],[-92.86241,44.86194],[-92.86252,44.89111],[-93.02004,44.89075],[-93.05164,44.9195],[-93.09094,44.92324],[-93.12871,44.91965],[-93.17854,44.88834],[-93.20037,44.90962],[-93.20812,45.04295],[-93.22706,45.04994],[-93.22812,45.1158]]]}},{"type":"Feature","properties":{"id":"214","riding_id":"27005","FEDNUM":"27005","name_en":"Congressional District 5","name_fr":"Congressional District 5","state":""},"geometry":{"type":"Polygon","coordinates":[[[-93.40061,44.93513],[-93.40069,45.06574],[-93.34982,45.0657],[-93.35111,45.08723],[-93.28106,45.0872],[-93.28082,45.07172],[-93.27833,45.10336],[-93.29609,45.12174],[-93.2277,45.12453],[-93.20037,44.90962],[-93.17862,44.88034],[-93.19794,44.862],[-93.31883,44.862],[-93.31883,44.89085],[-93.34981,44.90014],[-93.3496,44.92049],[-93.40061,44.93513]]]}},{"type":"Feature","properties":{"id":"215","riding_id":"27006","FEDNUM":"27006","name_en":"Congressional District 6","name_fr":"Congressional District 6","state":""},"geometry":{"type":"Polygon","coordinates":[[[-94.50614,45.58594],[-94.38719,45.58676],[-94.38734,45.61205],[-94.31698,45.59014],[-94.29349,45.60871],[-94.28866,45.64371],[-94.26368,45.64471],[-94.26383,45.67376],[-94.1827,45.67708],[-94.20305,45.67815],[-94.22405,45.71169],[-94.21523,45.72625],[-94.25973,45.74236],[-94.27291,45.77618],[-94.35317,45.82213],[-93.76395,45.82214],[-93.75945,45.55962],[-93.5107,45.55877],[-93.51007,45.4148],[-93.01956,45.41177],[-93.02052,45.12387],[-93.26689,45.1246],[-93.26586,45.21152],[-93.35761,45.21228],[-93.38863,45.24109],[-93.38974,45.22333],[-93.42017,45.21746],[-93.52165,45.24662],[-93.52868,45.22243],[-93.54264,45.23259],[-93.59694,45.20736],[-93.63931,45.20967],[-93.65892,45.19355],[-93.62993,45.17418],[-93.63551,45.14529],[-93.68301,45.15064],[-93.7208,45.11412],[-93.72959,45.09744],[-93.71734,45.08668],[-93.76187,45.08124],[-93.76838,44.89087],[-93.52071,44.8915],[-93.52016,44.80504],[-93.59944,44.78266],[-93.63148,44.73852],[-93.61794,44.70729],[-93.67515,44.69255],[-93.75477,44.63603],[-93.76804,44.64038],[-93.76818,44.67352],[-93.88883,44.67341],[-93.88864,44.71704],[-94.01049,44.71746],[-94.01224,44.97871],[-94.25607,44.97946],[-94.26149,45.35567],[-94.22141,45.35581],[-94.22027,45.40679],[-94.26113,45.40683],[-94.26121,45.42865],[-94.3838,45.42785],[-94.38451,45.50039],[-94.50552,45.49955],[-94.50614,45.58594]]]}},{"type":"Feature","properties":{"id":"218","riding_id":"27007","FEDNUM":"27007","name_en":"Congressional District 7","name_fr":"Congressional District 7","state":""},"geometry":{"type":"Polygon","coordinates":[[[-97.23909,48.96826],[-97.22896,49.00045],[-95.31991,48.99892],[-95.32555,48.96996],[-95.30472,48.94644],[-95.31956,48.92931],[-95.30104,48.90422],[-95.25486,48.88447],[-95.14838,48.89226],[-95.09146,48.92062],[-95.08986,48.71306],[-95.34273,48.71303],[-95.34254,48.54021],[-95.60232,48.53889],[-95.57884,47.67368],[-95.55339,47.67361],[-95.55425,47.49989],[-96.06762,47.49914],[-96.06602,46.97731],[-94.91672,46.97785],[-94.91754,47.06526],[-94.79126,47.0641],[-94.79086,46.98641],[-94.66385,47.03549],[-94.65994,46.80372],[-94.78713,46.80394],[-94.77912,46.39422],[-94.7315,46.38367],[-94.71998,46.35097],[-94.66864,46.36062],[-94.62285,46.32666],[-94.54052,46.3035],[-94.42858,46.33259],[-94.35053,46.29541],[-94.33887,46.27129],[-94.39438,46.22871],[-94.39483,46.20939],[-94.36556,46.17887],[-94.37459,46.15709],[-93.81036,46.15658],[-93.81032,45.98308],[-93.76889,45.98253],[-93.76395,45.82214],[-94.35317,45.82213],[-94.27291,45.77618],[-94.25973,45.74236],[-94.21523,45.72625],[-94.22405,45.71169],[-94.20305,45.67815],[-94.1827,45.67708],[-94.26383,45.67376],[-94.26368,45.64471],[-94.28866,45.64371],[-94.29349,45.60871],[-94.31698,45.59014],[-94.38734,45.61205],[-94.38719,45.58676],[-94.50614,45.58594],[-94.50552,45.49955],[-94.38451,45.50039],[-94.3838,45.42785],[-94.26121,45.42865],[-94.26113,45.40683],[-94.22027,45.40679],[-94.22141,45.35581],[-94.26149,45.35567],[-94.25607,44.97946],[-94.01224,44.97871],[-94.01049,44.71746],[-93.88864,44.71704],[-93.88883,44.67341],[-93.76818,44.67352],[-93.76366,44.63415],[-93.84506,44.62556],[-93.90248,44.58765],[-93.89125,44.54704],[-93.91222,44.53805],[-93.88786,44.52617],[-93.88711,44.5048],[-93.9328,44.45676],[-94.78908,44.45619],[-94.81488,44.48445],[-94.86582,44.49822],[-94.86619,44.34025],[-94.8362,44.34049],[-94.83622,44.32604],[-94.80598,44.32612],[-94.80618,44.31164],[-94.76127,44.31169],[-94.7458,44.29722],[-94.73854,44.15152],[-94.73834,44.1089],[-94.8598,44.10802],[-94.85939,43.84809],[-96.45299,43.84951],[-96.4531,45.30075],[-96.48906,45.35707],[-96.52179,45.37564],[-96.69254,45.41734],[-96.76343,45.52001],[-96.85683,45.60538],[-96.83865,45.64751],[-96.66259,45.73868],[-96.58117,45.82301],[-96.56133,45.94566],[-96.57787,46.02736],[-96.55441,46.08408],[-96.57664,46.17394],[-96.59268,46.17521],[-96.58376,46.20806],[-96.59873,46.24232],[-96.58371,46.24981],[-96.6004,46.26175],[-96.59938,46.32998],[-96.64519,46.35067],[-96.68536,46.41421],[-96.70458,46.41799],[-96.70327,46.43729],[-96.72185,46.43983],[-96.71161,46.45978],[-96.73887,46.47871],[-96.73826,46.53929],[-96.75012,46.54076],[-96.73871,46.54323],[-96.7544,46.55682],[-96.74175,46.564],[-96.7575,46.57783],[-96.74727,46.58202],[-96.77158,46.59621],[-96.77084,46.61527],[-96.79131,46.62497],[-96.78218,46.63141],[-96.79818,46.62947],[-96.78581,46.64052],[-96.80217,46.6679],[-96.78407,46.68527],[-96.7912,46.71887],[-96.77914,46.72664],[-96.78979,46.7567],[-96.77785,46.76159],[-96.78952,46.76602],[-96.77545,46.76675],[-96.79676,46.777],[-96.78714,46.78565],[-96.80275,46.81169],[-96.78014,46.82543],[-96.79396,46.83306],[-96.77465,46.83965],[-96.78133,46.87969],[-96.7692,46.87816],[-96.77603,46.89798],[-96.75265,46.92354],[-96.76219,46.9349],[-96.7915,46.92769],[-96.80414,46.94691],[-96.79505,46.96584],[-96.82266,46.97002],[-96.82098,47.00333],[-96.83955,47.00673],[-96.81266,47.03863],[-96.83039,47.06082],[-96.81619,47.10848],[-96.83756,47.12198],[-96.82072,47.13037],[-96.84125,47.15186],[-96.82236,47.15634],[-96.83348,47.17664],[-96.82156,47.18431],[-96.84485,47.19358],[-96.82717,47.20132],[-96.84579,47.22011],[-96.82867,47.23329],[-96.84745,47.26193],[-96.8347,47.26615],[-96.84768,47.27125],[-96.83066,47.30607],[-96.84698,47.31583],[-96.82876,47.328],[-96.84579,47.32804],[-96.83064,47.33879],[-96.85821,47.36753],[-96.83714,47.37129],[-96.85462,47.37378],[-96.83746,47.38953],[-96.85271,47.40609],[-96.84207,47.41174],[-96.87176,47.41901],[-96.85282,47.43203],[-96.86362,47.45701],[-96.85195,47.47906],[-96.86852,47.47847],[-96.85216,47.48635],[-96.86504,47.49165],[-96.84228,47.50864],[-96.87117,47.52727],[-96.84532,47.53875],[-96.86175,47.55928],[-96.8475,47.56623],[-96.86893,47.567],[-96.85157,47.56865],[-96.85101,47.59851],[-96.87973,47.61934],[-96.88512,47.67381],[-96.93097,47.71555],[-96.91841,47.72404],[-96.93488,47.76721],[-96.99158,47.80819],[-96.97413,47.82347],[-96.99834,47.84193],[-97.00183,47.86813],[-97.02314,47.87406],[-97.01785,47.91991],[-97.05534,47.94752],[-97.07226,48.04807],[-97.10448,48.07243],[-97.10188,48.0959],[-97.1232,48.10665],[-97.13347,48.1371],[-97.12288,48.13975],[-97.14651,48.14222],[-97.12097,48.15955],[-97.14751,48.17057],[-97.12928,48.20838],[-97.1393,48.21675],[-97.11784,48.20976],[-97.13905,48.22195],[-97.15219,48.21964],[-97.13719,48.22695],[-97.12069,48.22475],[-97.14464,48.23356],[-97.12295,48.26167],[-97.14503,48.26877],[-97.11657,48.27966],[-97.13733,48.29176],[-97.11223,48.29647],[-97.13775,48.30973],[-97.11558,48.32393],[-97.14172,48.32573],[-97.12592,48.34058],[-97.15626,48.36558],[-97.13334,48.3822],[-97.16338,48.39286],[-97.13117,48.40728],[-97.15399,48.41812],[-97.12258,48.41792],[-97.14587,48.43115],[-97.12482,48.4419],[-97.15063,48.44082],[-97.12854,48.4603],[-97.14742,48.47275],[-97.12816,48.47436],[-97.16267,48.47778],[-97.1315,48.48901],[-97.15027,48.5116],[-97.12676,48.52016],[-97.15242,48.52036],[-97.14136,48.53545],[-97.16598,48.54893],[-97.13895,48.55512],[-97.17542,48.56196],[-97.14917,48.57001],[-97.16063,48.58094],[-97.14389,48.58211],[-97.15403,48.59541],[-97.13429,48.6074],[-97.15065,48.61168],[-97.1195,48.61856],[-97.13114,48.63147],[-97.10945,48.63247],[-97.11569,48.64456],[-97.09869,48.66099],[-97.10923,48.66425],[-97.09031,48.6844],[-97.1199,48.70125],[-97.11011,48.70798],[-97.1538,48.75399],[-97.14747,48.78144],[-97.17404,48.79388],[-97.16326,48.80058],[-97.18148,48.79821],[-97.15747,48.80812],[-97.19029,48.81517],[-97.17388,48.83799],[-97.19057,48.86428],[-97.17784,48.87571],[-97.19946,48.88121],[-97.18987,48.8952],[-97.21147,48.9057],[-97.23909,48.96826]]]}},{"type":"Feature","properties":{"id":"213","riding_id":"27008","FEDNUM":"27008","name_en":"Congressional District 8","name_fr":"Congressional District 8","state":""},"geometry":{"type":"Polygon","coordinates":[[[-96.06602,46.97731],[-96.06762,47.49914],[-95.55425,47.49989],[-95.55339,47.67361],[-95.57884,47.67368],[-95.60232,48.53889],[-95.34254,48.54021],[-95.34273,48.71303],[-95.08986,48.71306],[-95.09146,48.92062],[-95.14838,48.89226],[-95.25486,48.88447],[-95.30104,48.90422],[-95.32309,48.93752],[-95.30495,48.94835],[-95.32707,48.97804],[-95.31991,48.99892],[-95.15319,48.99887],[-95.1534,49.38448],[-95.0583,49.35325],[-94.95739,49.3702],[-94.81626,49.3214],[-94.82554,49.29435],[-94.79798,49.19786],[-94.77278,49.12051],[-94.74965,49.09874],[-94.68346,48.88412],[-94.68558,48.84005],[-94.70429,48.82422],[-94.6944,48.78944],[-94.64129,48.74122],[-94.53295,48.70122],[-94.45238,48.6924],[-94.41583,48.71097],[-94.29119,48.70781],[-94.25297,48.68634],[-94.25095,48.6569],[-94.2242,48.64946],[-93.84435,48.63022],[-93.80635,48.57951],[-93.81849,48.53141],[-93.79337,48.51631],[-93.65931,48.51641],[-93.62846,48.53187],[-93.61226,48.5224],[-93.46738,48.54645],[-93.46547,48.59163],[-93.25465,48.64281],[-93.20753,48.6425],[-93.17838,48.62326],[-92.95479,48.63154],[-92.95001,48.60835],[-92.72841,48.53937],[-92.63489,48.54256],[-92.62701,48.50327],[-92.69867,48.49484],[-92.71268,48.46298],[-92.65622,48.43647],[-92.50747,48.44798],[-92.45643,48.41408],[-92.4765,48.37191],[-92.46977,48.35209],[-92.36992,48.22028],[-92.26958,48.24818],[-92.29456,48.27121],[-92.30617,48.31625],[-92.26255,48.35491],[-92.21696,48.34496],[-92.14489,48.36569],[-92.05522,48.35936],[-92.04694,48.33477],[-92.00011,48.3211],[-92.01299,48.29744],[-92.00652,48.26541],[-91.97564,48.24432],[-91.9541,48.25226],[-91.95835,48.23313],[-91.89311,48.23798],[-91.86436,48.20695],[-91.71536,48.1995],[-91.72436,48.17053],[-91.70483,48.17071],[-91.69778,48.1416],[-91.71175,48.11465],[-91.68211,48.1225],[-91.68757,48.1119],[-91.65181,48.11396],[-91.63992,48.09711],[-91.55911,48.10859],[-91.57538,48.06671],[-91.56751,48.04379],[-91.48818,48.06838],[-91.45,48.06907],[-91.42957,48.04865],[-91.37083,48.06973],[-91.26677,48.07883],[-91.08247,48.18115],[-90.88576,48.24595],[-90.8393,48.23956],[-90.8364,48.17703],[-90.82102,48.18468],[-90.79643,48.15921],[-90.77793,48.16384],[-90.79822,48.13689],[-90.78222,48.13586],[-90.75158,48.09099],[-90.57968,48.1238],[-90.5591,48.12173],[-90.56974,48.10683],[-90.5567,48.09593],[-90.46739,48.10874],[-90.37429,48.09092],[-90.14083,48.11256],[-90.02333,48.08475],[-89.99383,48.02809],[-89.93458,48.01582],[-89.8955,47.98732],[-89.77536,48.02286],[-89.65087,48.00362],[-89.6107,48.01793],[-89.58097,47.99594],[-89.48338,48.01372],[-89.9571,47.2911],[-90.65466,47.30982],[-91.50018,46.91332],[-92.02029,46.70404],[-92.08949,46.74924],[-92.11659,46.74864],[-92.14329,46.73464],[-92.14673,46.71579],[-92.18909,46.71754],[-92.20469,46.70404],[-92.17588,46.68647],[-92.20709,46.65194],[-92.27059,46.65074],[-92.29129,46.66814],[-92.29403,46.07438],[-92.33291,46.0627],[-92.35176,46.01568],[-92.42856,46.02424],[-92.46976,45.97357],[-92.52519,45.98386],[-92.55193,45.95165],[-92.63882,45.93417],[-92.7077,45.8949],[-92.76515,45.83018],[-92.75781,45.80657],[-92.78462,45.7642],[-92.86919,45.71757],[-92.88943,45.6412],[-92.88375,45.57548],[-92.82331,45.56093],[-92.77341,45.56824],[-92.74559,45.55302],[-92.72476,45.53862],[-92.72668,45.51446],[-92.64651,45.44034],[-92.65028,45.39877],[-92.70272,45.35847],[-92.70479,45.32653],[-92.762,45.28821],[-92.75171,45.21867],[-92.76741,45.19017],[-92.74051,45.1134],[-92.79232,45.07894],[-92.81277,45.08266],[-92.81277,45.10015],[-92.83475,45.07412],[-92.86321,45.07957],[-92.86373,45.1236],[-93.02052,45.12387],[-93.01956,45.41177],[-93.51007,45.4148],[-93.5107,45.55877],[-93.75945,45.55962],[-93.76889,45.98253],[-93.81032,45.98308],[-93.81036,46.15658],[-94.37459,46.15709],[-94.36556,46.17887],[-94.39483,46.20939],[-94.39438,46.22871],[-94.33887,46.27129],[-94.35053,46.29541],[-94.42858,46.33259],[-94.54052,46.3035],[-94.62285,46.32666],[-94.66864,46.36062],[-94.71998,46.35097],[-94.7315,46.38367],[-94.77912,46.39422],[-94.78713,46.80394],[-94.65994,46.80372],[-94.66385,47.03549],[-94.79086,46.98641],[-94.79126,47.0641],[-94.91754,47.06526],[-94.91672,46.97785],[-96.06602,46.97731]]]}},{"type":"Feature","properties":{"id":"220","riding_id":"28001","FEDNUM":"28001","name_en":"Congressional District 1","name_fr":"Congressional District 1","state":""},"geometry":{"type":"Polygon","coordinates":[[[-90.31724,34.87121],[-90.25786,34.89339],[-90.24133,34.91903],[-90.24518,34.9479],[-90.30836,34.99569],[-88.20003,34.99564],[-88.15241,34.91974],[-88.09789,34.8922],[-88.30443,33.28832],[-88.66908,33.28692],[-88.67153,33.56513],[-89.03568,33.56215],[-89.03612,33.51274],[-88.95962,33.4982],[-88.96683,33.37935],[-89.01531,33.3631],[-89.00082,33.34398],[-88.96728,33.34389],[-88.96596,33.28611],[-89.10889,33.28594],[-89.1089,33.19806],[-89.21342,33.19754],[-89.21392,33.1094],[-89.31785,33.10887],[-89.31641,33.28556],[-89.45381,33.28594],[-89.45405,33.4332],[-89.4215,33.42948],[-89.38074,33.45998],[-89.5065,33.45981],[-89.50944,34.19096],[-89.72105,34.19255],[-89.72134,34.55427],[-90.21829,34.55949],[-90.21115,34.57322],[-90.24428,34.60091],[-90.21456,34.65775],[-90.23141,34.70199],[-90.2002,34.72442],[-90.20213,34.86037],[-90.31724,34.87121]]]}},{"type":"Feature","properties":{"id":"222","riding_id":"28002","FEDNUM":"28002","name_en":"Congressional District 2","name_fr":"Congressional District 2","state":""},"geometry":{"type":"Polygon","coordinates":[[[-91.65501,31.25182],[-91.64125,31.26692],[-91.55868,31.26218],[-91.51208,31.28418],[-91.50866,31.31513],[-91.54897,31.34726],[-91.54621,31.38248],[-91.56895,31.37763],[-91.57833,31.39907],[-91.56518,31.42345],[-91.54065,31.43076],[-91.51637,31.3705],[-91.47254,31.37107],[-91.47207,31.39708],[-91.51513,31.44921],[-91.52254,31.52208],[-91.44242,31.54327],[-91.40391,31.58977],[-91.48652,31.58657],[-91.51657,31.61182],[-91.51411,31.63241],[-91.49613,31.64531],[-91.43622,31.61247],[-91.40102,31.62036],[-91.39791,31.70936],[-91.36938,31.7469],[-91.26561,31.75206],[-91.26151,31.76546],[-91.27851,31.77206],[-91.36561,31.76076],[-91.34521,31.84386],[-91.29401,31.86046],[-91.28321,31.81576],[-91.25431,31.81366],[-91.245,31.83219],[-91.26771,31.86266],[-91.18228,31.91581],[-91.18481,31.96556],[-91.16441,31.98256],[-91.10281,31.99096],[-91.07591,32.01683],[-91.09141,32.03605],[-91.15381,32.05065],[-91.15851,32.07285],[-91.13571,32.08065],[-91.08091,32.04785],[-91.08111,32.07835],[-91.03521,32.10045],[-91.00501,32.14285],[-91.00291,32.16205],[-91.05831,32.18095],[-91.05356,32.12441],[-91.16282,32.13269],[-91.17455,32.15498],[-91.16417,32.19689],[-91.08371,32.22645],[-91.06141,32.21865],[-91.03901,32.24235],[-91.00291,32.22305],[-90.99494,32.19314],[-90.9694,32.25252],[-90.97947,32.2937],[-90.94978,32.28306],[-90.92223,32.29864],[-90.87564,32.37173],[-90.89071,32.37225],[-90.91236,32.33945],[-90.99362,32.35405],[-91.00141,32.37944],[-90.99408,32.40386],[-90.96599,32.42065],[-90.96959,32.43949],[-90.99549,32.45088],[-91.05141,32.43784],[-91.11601,32.48314],[-91.09374,32.54913],[-91.03811,32.49044],[-91.00051,32.48224],[-90.9872,32.49566],[-91.08041,32.55647],[-91.00825,32.60424],[-91.0158,32.64164],[-91.03718,32.63786],[-91.0498,32.60719],[-91.11985,32.58479],[-91.15249,32.62032],[-91.14975,32.64404],[-91.05475,32.71923],[-91.1657,32.7534],[-91.145,32.84287],[-91.10563,32.8584],[-91.06445,32.90106],[-91.0868,32.97627],[-91.10658,32.98894],[-91.13552,32.97966],[-91.13162,32.92523],[-91.15169,32.90194],[-91.19679,32.90678],[-91.21397,32.9272],[-91.16289,33.01846],[-91.12833,33.03428],[-91.12029,33.05492],[-91.19992,33.10675],[-91.20075,33.12647],[-91.18266,33.14185],[-91.08602,33.13628],[-91.0804,33.18009],[-91.10026,33.21943],[-91.0708,33.2274],[-91.04463,33.26722],[-91.05135,33.28498],[-91.07734,33.284],[-91.10082,33.23827],[-91.14164,33.30007],[-91.14196,33.34973],[-91.06625,33.41636],[-91.05811,33.44691],[-91.0869,33.45139],[-91.10003,33.40658],[-91.14811,33.37879],[-91.20932,33.4065],[-91.13188,33.43026],[-91.11692,33.45374],[-91.1344,33.48316],[-91.17031,33.49785],[-91.17717,33.44394],[-91.2357,33.43943],[-91.18249,33.49983],[-91.23339,33.56275],[-91.16406,33.5705],[-91.12867,33.60678],[-91.1622,33.64427],[-91.22006,33.66101],[-91.22923,33.6863],[-91.16037,33.7066],[-91.09305,33.65818],[-91.03371,33.67384],[-91.03024,33.68758],[-91.05917,33.71452],[-91.11764,33.7053],[-91.14881,33.73136],[-91.13306,33.78332],[-91.01937,33.76412],[-90.98881,33.78308],[-91.06938,33.84331],[-91.07131,33.87081],[-91.01025,33.93217],[-91.08646,33.9578],[-91.08697,34.00496],[-91.04667,33.99243],[-91.01895,34.00323],[-90.99895,33.9656],[-90.96617,33.96466],[-90.98818,34.01921],[-90.894,34.02621],[-90.87112,34.08025],[-90.88313,34.09673],[-90.91886,34.09284],[-90.94564,34.10797],[-90.95864,34.13548],[-90.90996,34.16551],[-90.84528,34.13689],[-90.80722,34.16371],[-90.81749,34.1832],[-90.90821,34.19207],[-90.93555,34.23785],[-90.90633,34.24438],[-90.89228,34.22289],[-90.84715,34.20613],[-90.83177,34.27694],[-90.76562,34.26951],[-90.73802,34.28928],[-90.76439,34.36368],[-90.6763,34.37126],[-90.69313,34.32257],[-90.66934,34.31309],[-90.65714,34.3774],[-90.58623,34.40917],[-90.57769,34.43245],[-90.59266,34.49058],[-90.53962,34.55392],[-90.59159,34.62101],[-90.5701,34.69343],[-90.54193,34.68386],[-90.55488,34.64517],[-90.53421,34.62746],[-90.46288,34.6838],[-90.47417,34.70528],[-90.52956,34.69583],[-90.57194,34.71278],[-90.53979,34.7543],[-90.54417,34.79167],[-90.51389,34.8],[-90.49278,34.7725],[-90.51667,34.72722],[-90.48333,34.72222],[-90.44817,34.7401],[-90.47658,34.794],[-90.45538,34.82079],[-90.4835,34.86046],[-90.48032,34.88236],[-90.43656,34.88273],[-90.42941,34.86641],[-90.44969,34.83992],[-90.43873,34.82525],[-90.38939,34.83067],[-90.33845,34.85852],[-90.31299,34.8441],[-90.30456,34.86059],[-90.20213,34.86037],[-90.2002,34.72442],[-90.23141,34.70199],[-90.21456,34.65775],[-90.24428,34.60091],[-90.21115,34.57322],[-90.21829,34.55949],[-89.72134,34.55427],[-89.72105,34.19255],[-89.50944,34.19096],[-89.5065,33.45981],[-89.38069,33.45985],[-89.4215,33.42948],[-89.45405,33.4332],[-89.45381,33.28594],[-89.31641,33.28556],[-89.31759,32.57646],[-89.73015,32.57725],[-89.7303,32.63423],[-89.78593,32.58373],[-89.85966,32.58444],[-89.9314,32.51234],[-89.97337,32.52325],[-89.99523,32.56039],[-90.03984,32.56029],[-90.04963,32.5791],[-90.08914,32.54995],[-90.13625,32.55329],[-90.1365,32.58306],[-90.21579,32.55333],[-90.30742,32.54547],[-90.31686,32.57643],[-90.33228,32.57181],[-90.36379,32.60333],[-90.4045,32.57464],[-90.4514,32.57863],[-90.44978,32.48798],[-90.24364,32.48753],[-90.24376,32.4001],[-90.14589,32.40566],[-90.13002,32.42629],[-90.14072,32.39948],[-90.11661,32.38541],[-90.14191,32.38423],[-90.12778,32.37044],[-90.17535,32.35019],[-90.18682,32.32676],[-90.15139,32.29105],[-90.17869,32.28957],[-90.20901,32.23592],[-90.18169,32.2016],[-90.19589,32.18507],[-90.24269,32.17769],[-90.24171,32.15538],[-90.2548,32.15119],[-90.24278,32.14892],[-90.2468,32.09349],[-90.22677,32.09389],[-90.23004,32.04666],[-90.24785,32.03092],[-90.23401,32.01707],[-90.21343,32.02471],[-90.23276,32.00846],[-90.20592,31.98779],[-90.18748,31.95181],[-90.1983,31.9419],[-90.17164,31.93491],[-90.17028,31.90447],[-90.14408,31.8911],[-90.13201,31.8583],[-90.15918,31.84484],[-90.12729,31.82562],[-90.1507,31.79987],[-90.10749,31.77769],[-90.12811,31.76967],[-90.1231,31.75197],[-90.259,31.70392],[-90.37993,31.70024],[-90.37941,31.68519],[-90.41364,31.68528],[-90.4142,31.70046],[-90.73682,31.69849],[-90.73733,31.61112],[-90.63323,31.61141],[-90.6333,31.34931],[-90.5482,31.34957],[-90.54762,30.99972],[-91.63694,30.99942],[-91.57841,31.02403],[-91.55991,31.05412],[-91.62762,31.1207],[-91.59005,31.19369],[-91.65501,31.25182]]]}},{"type":"Feature","properties":{"id":"219","riding_id":"28003","FEDNUM":"28003","name_en":"Congressional District 3","name_fr":"Congressional District 3","state":""},"geometry":{"type":"Polygon","coordinates":[[[-90.73733,31.61112],[-90.73682,31.69849],[-90.4142,31.70046],[-90.41364,31.68528],[-90.37941,31.68519],[-90.37993,31.70024],[-90.259,31.70392],[-90.1231,31.75197],[-90.12811,31.76967],[-90.10749,31.77769],[-90.1507,31.79987],[-90.12729,31.82562],[-90.15918,31.84484],[-90.13201,31.8583],[-90.14408,31.8911],[-90.17028,31.90447],[-90.17164,31.93491],[-90.1983,31.9419],[-90.18748,31.95181],[-90.20592,31.98779],[-90.23276,32.00846],[-90.21343,32.02471],[-90.23401,32.01707],[-90.24785,32.03092],[-90.23004,32.04666],[-90.22677,32.09389],[-90.2468,32.09349],[-90.24278,32.14892],[-90.2548,32.15119],[-90.24171,32.15538],[-90.24269,32.17769],[-90.19589,32.18507],[-90.18169,32.2016],[-90.20901,32.23592],[-90.17869,32.28957],[-90.15139,32.29105],[-90.18682,32.32676],[-90.17535,32.35019],[-90.12778,32.37044],[-90.14191,32.38423],[-90.11661,32.38541],[-90.14072,32.39948],[-90.13002,32.42629],[-90.14589,32.40566],[-90.24376,32.4001],[-90.24364,32.48753],[-90.44978,32.48798],[-90.44577,32.58424],[-90.4045,32.57464],[-90.36379,32.60333],[-90.33228,32.57181],[-90.31686,32.57643],[-90.30742,32.54547],[-90.21579,32.55333],[-90.1365,32.58306],[-90.13625,32.55329],[-90.08914,32.54995],[-90.04963,32.5791],[-90.03984,32.56029],[-89.99523,32.56039],[-89.97337,32.52325],[-89.9314,32.51234],[-89.85966,32.58444],[-89.78593,32.58373],[-89.7303,32.63423],[-89.73015,32.57725],[-89.31759,32.57646],[-89.31785,33.10887],[-89.21392,33.1094],[-89.21342,33.19754],[-89.1089,33.19806],[-89.10889,33.28594],[-88.96596,33.28611],[-88.96728,33.34389],[-89.00082,33.34398],[-89.01531,33.3631],[-88.96683,33.37935],[-88.95962,33.4982],[-89.03612,33.51274],[-89.03568,33.56215],[-88.67153,33.56513],[-88.66908,33.28692],[-88.30443,33.28832],[-88.47323,31.89386],[-88.71457,31.843],[-88.94335,31.82456],[-88.94317,31.78421],[-89.08411,31.76985],[-89.08497,31.75177],[-89.11749,31.72602],[-89.14223,31.74833],[-89.14679,31.71145],[-89.16516,31.71228],[-89.18791,31.76981],[-89.26541,31.76936],[-89.26467,31.80523],[-89.40123,31.79686],[-89.39918,31.43403],[-89.65421,31.4338],[-89.65404,31.0025],[-90.54762,30.99972],[-90.5482,31.34957],[-90.6333,31.34931],[-90.63323,31.61141],[-90.73733,31.61112]]]}},{"type":"Feature","properties":{"id":"221","riding_id":"28004","FEDNUM":"28004","name_en":"Congressional District 4","name_fr":"Congressional District 4","state":""},"geometry":{"type":"Polygon","coordinates":[[[-89.85231,30.66241],[-89.83783,30.67192],[-89.84253,30.72042],[-89.82563,30.72737],[-89.83694,30.73491],[-89.81607,30.73891],[-89.82862,30.73735],[-89.83512,30.77109],[-89.81915,30.79523],[-89.80347,30.79114],[-89.81574,30.80335],[-89.79865,30.82086],[-89.7815,30.81894],[-89.79247,30.85039],[-89.77172,30.85468],[-89.77341,30.89769],[-89.74479,30.91893],[-89.75651,30.94286],[-89.72707,30.96739],[-89.73554,30.99971],[-89.65404,31.0025],[-89.65421,31.4338],[-89.39918,31.43403],[-89.40123,31.79686],[-89.26467,31.80523],[-89.26541,31.76936],[-89.18791,31.76981],[-89.16516,31.71228],[-89.14679,31.71145],[-89.14223,31.74833],[-89.11749,31.72602],[-89.08497,31.75177],[-89.08411,31.76985],[-88.94317,31.78421],[-88.94335,31.82456],[-88.71457,31.843],[-88.47323,31.89386],[-88.38443,30.15854],[-88.46128,30.14669],[-88.54586,30.17665],[-88.76529,30.18994],[-88.82139,30.21737],[-88.90033,30.16998],[-88.88903,30.13985],[-89.09648,30.16583],[-89.18367,30.21215],[-89.26098,30.182],[-89.49497,30.16075],[-89.51477,30.16176],[-89.53484,30.19538],[-89.57191,30.18072],[-89.61574,30.22337],[-89.61404,30.24477],[-89.64718,30.28937],[-89.62619,30.31429],[-89.62959,30.33896],[-89.65725,30.35663],[-89.68384,30.40582],[-89.6834,30.45154],[-89.72482,30.49213],[-89.75748,30.49955],[-89.77916,30.54403],[-89.80392,30.54935],[-89.78687,30.56905],[-89.80795,30.56765],[-89.81392,30.60772],[-89.83071,30.61722],[-89.814,30.63825],[-89.85231,30.66241]]]}},{"type":"Feature","properties":{"id":null,"riding_id":"29001","FEDNUM":"29001","name_en":"Congressional District 1","name_fr":"Congressional District 1","state":"MO"},"geometry":{"type":"Polygon","coordinates":[[[-90.48229,38.76434],[-90.44811,38.82204],[-90.36459,38.82643],[-90.32021,38.89114],[-90.19567,38.82125],[-90.1416,38.82944],[-90.1177,38.80574],[-90.2099,38.72604],[-90.1788,38.62915],[-90.25778,38.532],[-90.29241,38.55899],[-90.36959,38.56331],[-90.37889,38.61409],[-90.36334,38.614],[-90.34876,38.6562],[-90.39462,38.66106],[-90.40729,38.72229],[-90.48229,38.76434]]]}},{"type":"Feature","properties":{"id":null,"riding_id":"29002","FEDNUM":"29002","name_en":"Congressional District 2","name_fr":"Congressional District 2","state":"MO"},"geometry":{"type":"Polygon","coordinates":[[[-91.64037,38.70378],[-91.55063,38.67626],[-91.48779,38.71311],[-91.34911,38.69543],[-91.31902,38.70836],[-91.23298,38.65133],[-91.22368,38.62014],[-91.12514,38.5977],[-91.05589,38.60826],[-91.0054,38.56107],[-90.9233,38.53413],[-90.77362,38.59461],[-90.74241,38.63456],[-90.6605,38.68854],[-90.53928,38.68677],[-90.53133,38.73117],[-90.49339,38.75068],[-90.48174,38.73138],[-90.42979,38.73743],[-90.40729,38.72229],[-90.39462,38.66106],[-90.34876,38.6562],[-90.36334,38.614],[-90.37889,38.61409],[-90.36959,38.56331],[-90.29241,38.55899],[-90.25741,38.53184],[-90.29108,38.43088],[-90.34144,38.38829],[-90.34812,38.43058],[-90.33613,38.45348],[-90.41179,38.45428],[-90.42251,38.48311],[-90.40794,38.48332],[-90.40526,38.50115],[-90.51252,38.50145],[-90.51864,38.15567],[-90.49189,38.13861],[-90.53265,38.14489],[-90.53779,38.10751],[-90.56062,38.11425],[-90.58459,38.08248],[-90.61753,38.08986],[-90.61806,38.07331],[-90.63997,38.07654],[-90.64513,37.73481],[-91.14651,37.7408],[-91.14697,37.69719],[-91.31065,37.70004],[-91.3083,37.78718],[-91.52879,37.78898],[-91.52502,38.15243],[-91.64489,38.15367],[-91.64037,38.70378]]]}},{"type":"Feature","properties":{"id":null,"riding_id":"29003","FEDNUM":"29003","name_en":"Congressional District 3","name_fr":"Congressional District 3","state":"MO"},"geometry":{"type":"Polygon","coordinates":[[[-91.30669,39.68486],[-91.22931,39.62085],[-91.18193,39.60267],[-91.15362,39.54824],[-91.1003,39.53869],[-91.03826,39.44843],[-90.94076,39.40398],[-90.72995,39.25589],[-90.7079,39.15085],[-90.68108,39.10058],[-90.71272,39.04973],[-90.67819,38.99184],[-90.66301,38.92628],[-90.62335,38.88714],[-90.5512,38.87207],[-90.49967,38.9106],[-90.46941,38.96078],[-90.40636,38.96255],[-90.30945,38.92411],[-90.25024,38.91934],[-90.11332,38.8493],[-90.1177,38.80574],[-90.1416,38.82944],[-90.19567,38.82125],[-90.29371,38.88554],[-90.32449,38.89025],[-90.36216,38.82785],[-90.44061,38.82764],[-90.46863,38.79675],[-90.48229,38.76434],[-90.43532,38.74703],[-90.44577,38.73646],[-90.48174,38.73138],[-90.49339,38.75068],[-90.52802,38.73369],[-90.53172,38.69529],[-90.55067,38.68235],[-90.66971,38.68468],[-90.77362,38.59461],[-90.9233,38.53413],[-91.0054,38.56107],[-91.05589,38.60826],[-91.12514,38.5977],[-91.22368,38.62014],[-91.23298,38.65133],[-91.31902,38.70836],[-91.34911,38.69543],[-91.48779,38.71311],[-91.55063,38.67626],[-91.63798,38.70353],[-91.73228,38.70588],[-91.76023,38.68499],[-91.86056,38.66817],[-91.94393,38.59707],[-92.0639,38.55739],[-92.16166,38.57805],[-92.20071,38.60166],[-92.21574,38.64128],[-92.3609,38.68184],[-92.34409,38.71506],[-92.40863,38.75824],[-92.38297,38.78972],[-92.38438,38.81548],[-92.4399,38.83134],[-92.47963,38.87743],[-92.47425,38.90159],[-92.43963,38.90124],[-92.41173,38.93199],[-92.41706,38.94346],[-92.40041,38.93716],[-92.40634,38.96907],[-92.3895,38.97039],[-92.38313,38.99438],[-92.35108,38.98744],[-92.33692,39.00909],[-92.31137,39.0075],[-92.31111,39.0224],[-92.29275,39.00006],[-92.28282,39.02944],[-92.20772,39.02154],[-92.20123,39.07325],[-92.11038,39.0642],[-92.10437,39.2398],[-92.31446,39.24645],[-92.30086,39.60534],[-92.18668,39.60407],[-92.18498,39.66292],[-91.71417,39.65746],[-91.71549,39.68648],[-91.30669,39.68486]]]}},{"type":"Feature","properties":{"id":null,"riding_id":"29004","FEDNUM":"29004","name_en":"Congressional District 4","name_fr":"Congressional District 4","state":"MO"},"geometry":{"type":"Polygon","coordinates":[[[-92.02116,38.01063],[-92.02925,37.60254],[-92.24946,37.60454],[-92.25225,37.47294],[-92.68666,37.48154],[-92.6923,37.26351],[-92.67896,37.26314],[-92.67965,37.24236],[-92.93484,37.2471],[-92.97185,37.2335],[-92.97112,37.26823],[-93.01237,37.25595],[-93.04624,37.27081],[-93.03732,37.27839],[-93.07677,37.27059],[-93.07337,37.41498],[-93.62115,37.42742],[-93.62636,37.28196],[-94.08383,37.29084],[-94.08219,37.3493],[-94.61756,37.36416],[-94.60735,39.11344],[-94.5441,39.10517],[-94.57255,39.09956],[-94.58734,38.9412],[-94.52255,38.93846],[-94.51551,38.90926],[-94.45003,38.92374],[-94.44787,38.94257],[-94.4102,38.94074],[-94.40697,38.96583],[-94.38609,38.95814],[-94.38694,39.01762],[-94.33143,39.02152],[-94.33219,39.03777],[-94.30542,39.03475],[-94.3153,39.0541],[-94.27081,39.05282],[-94.27746,39.06623],[-94.22285,39.03949],[-94.24015,39.01169],[-94.23172,38.9899],[-94.2086,38.9855],[-94.17833,39.01855],[-94.13048,38.97597],[-94.11147,38.98286],[-94.12936,38.65586],[-94.1164,38.65551],[-94.11966,38.56871],[-93.51102,38.5562],[-93.51274,38.51247],[-93.29184,38.50631],[-93.29045,38.53538],[-93.06735,38.53009],[-93.07769,38.26309],[-93.05108,38.27009],[-93.00564,38.2227],[-92.98399,38.21952],[-93.01845,38.20647],[-93.01498,38.18977],[-92.9899,38.18837],[-92.95689,38.2295],[-92.93199,38.21622],[-92.96299,38.19722],[-92.76496,38.18953],[-92.73469,38.22131],[-92.64008,38.21303],[-92.64138,38.17163],[-92.60468,38.17073],[-92.59675,38.11075],[-92.56968,38.09593],[-92.57027,38.06663],[-92.53355,38.0518],[-92.51597,38.02233],[-92.02116,38.01063]]]}},{"type":"Feature","properties":{"id":null,"riding_id":"29005","FEDNUM":"29005","name_en":"Congressional District 5","name_fr":"Congressional District 5","state":"MO"},"geometry":{"type":"Polygon","coordinates":[[[-92.31446,39.24645],[-92.10437,39.2398],[-92.11038,39.0642],[-92.20123,39.07325],[-92.20772,39.02154],[-92.28282,39.02944],[-92.29275,39.00006],[-92.31111,39.0224],[-92.31137,39.0075],[-92.33692,39.00909],[-92.35108,38.98744],[-92.38313,38.99438],[-92.3895,38.97039],[-92.40634,38.96907],[-92.40041,38.93716],[-92.41706,38.94346],[-92.41173,38.93199],[-92.43963,38.90124],[-92.47425,38.90159],[-92.47779,38.8741],[-92.43207,38.82506],[-92.38438,38.81548],[-92.38297,38.78972],[-92.40863,38.75824],[-92.34409,38.71506],[-92.3609,38.68184],[-92.21574,38.64128],[-92.19895,38.60014],[-92.11206,38.56195],[-92.05887,38.55773],[-91.94581,38.59614],[-91.85486,38.67033],[-91.76023,38.68499],[-91.73228,38.70588],[-91.64037,38.70378],[-91.64489,38.15367],[-91.63055,38.15351],[-91.63242,38.05094],[-91.89534,38.05119],[-91.93524,38.03086],[-91.9537,38.04015],[-91.96633,38.00968],[-92.51597,38.02233],[-92.53355,38.0518],[-92.57027,38.06663],[-92.56968,38.09593],[-92.59675,38.11075],[-92.60468,38.17073],[-92.64138,38.17163],[-92.64008,38.21303],[-92.73469,38.22131],[-92.76496,38.18953],[-92.96299,38.19722],[-92.93199,38.21622],[-92.95689,38.2295],[-92.9899,38.18837],[-93.01693,38.19128],[-93.01845,38.20647],[-92.98399,38.21952],[-93.00564,38.2227],[-93.05108,38.27009],[-93.07769,38.26309],[-93.06735,38.53009],[-93.29045,38.53538],[-93.29184,38.50631],[-93.51274,38.51247],[-93.51102,38.5562],[-94.11966,38.56871],[-94.1164,38.65551],[-94.12936,38.65586],[-94.11147,38.98286],[-94.13048,38.97597],[-94.17833,39.01855],[-94.2086,38.9855],[-94.23172,38.9899],[-94.24015,39.01169],[-94.22103,39.02915],[-94.23391,39.05139],[-94.25821,39.04868],[-94.27746,39.06623],[-94.27081,39.05282],[-94.3153,39.0541],[-94.30542,39.03475],[-94.33219,39.03777],[-94.33143,39.02152],[-94.38228,39.02045],[-94.38609,38.95814],[-94.40697,38.96583],[-94.4102,38.94074],[-94.44787,38.94257],[-94.45003,38.92374],[-94.48742,38.90718],[-94.51551,38.90926],[-94.52255,38.93846],[-94.58734,38.9412],[-94.57255,39.09956],[-94.50815,39.11572],[-94.53405,39.1459],[-94.4954,39.15039],[-94.46158,39.12037],[-94.40232,39.16476],[-94.40722,39.1953],[-94.36355,39.16365],[-94.28987,39.2371],[-94.25004,39.23484],[-94.21146,39.20678],[-94.17225,39.21337],[-94.18583,39.18102],[-94.13366,39.17123],[-94.07298,39.13402],[-94.0242,39.15453],[-94.03204,39.18995],[-93.97896,39.20604],[-93.96147,39.18752],[-93.98888,39.15278],[-93.9691,39.14227],[-93.9424,39.15808],[-93.94004,39.17968],[-93.89941,39.18453],[-93.85543,39.21287],[-93.7112,39.20625],[-93.65281,39.24824],[-93.58582,39.24075],[-93.55152,39.21701],[-93.5002,39.218],[-93.48657,39.23385],[-93.49537,39.27545],[-93.47825,39.29266],[-93.44422,39.26852],[-93.4058,39.26419],[-93.41522,39.23492],[-93.3884,39.22742],[-93.32911,39.25507],[-93.34442,39.28936],[-93.33685,39.30702],[-93.27772,39.31154],[-93.25256,39.33887],[-93.2212,39.33165],[-93.18956,39.37038],[-93.2007,39.40178],[-93.18064,39.4118],[-93.13962,39.37864],[-93.08775,39.3789],[-93.07443,39.33796],[-93.05204,39.32072],[-92.95979,39.31252],[-92.95776,39.27933],[-92.91674,39.25793],[-92.91166,39.22394],[-92.86284,39.23643],[-92.84922,39.22621],[-92.79036,39.34358],[-92.70736,39.32161],[-92.69659,39.61036],[-92.30092,39.60545],[-92.31446,39.24645]]]}},{"type":"Feature","properties":{"id":null,"riding_id":"29006","FEDNUM":"29006","name_en":"Congressional District 6","name_fr":"Congressional District 6","state":"MO"},"geometry":{"type":"Polygon","coordinates":[[[-91.30669,39.68486],[-91.71549,39.68648],[-91.71417,39.65746],[-92.18498,39.66292],[-92.18668,39.60407],[-92.69659,39.61036],[-92.70736,39.32161],[-92.79036,39.34358],[-92.84922,39.22621],[-92.86284,39.23643],[-92.91166,39.22394],[-92.91674,39.25793],[-92.95776,39.27933],[-92.95979,39.31252],[-93.05204,39.32072],[-93.07443,39.33796],[-93.08775,39.3789],[-93.13962,39.37864],[-93.18064,39.4118],[-93.2007,39.40178],[-93.18956,39.37038],[-93.2212,39.33165],[-93.25256,39.33887],[-93.27772,39.31154],[-93.33685,39.30702],[-93.34442,39.28936],[-93.32911,39.25507],[-93.3884,39.22742],[-93.41522,39.23492],[-93.4058,39.26419],[-93.44422,39.26852],[-93.47825,39.29266],[-93.49537,39.27545],[-93.48657,39.23385],[-93.5002,39.218],[-93.55152,39.21701],[-93.58582,39.24075],[-93.65281,39.24824],[-93.7112,39.20625],[-93.85543,39.21287],[-93.89941,39.18453],[-93.94004,39.17968],[-93.9424,39.15808],[-93.9691,39.14227],[-93.98888,39.15278],[-93.96147,39.18752],[-93.97896,39.20604],[-94.03204,39.18995],[-94.0242,39.15453],[-94.07298,39.13402],[-94.13366,39.17123],[-94.18583,39.18102],[-94.17225,39.21337],[-94.21146,39.20678],[-94.25004,39.23484],[-94.28987,39.2371],[-94.36355,39.16365],[-94.40722,39.1953],[-94.40232,39.16476],[-94.46158,39.12037],[-94.51267,39.15044],[-94.53405,39.1459],[-94.50934,39.11212],[-94.59866,39.10982],[-94.60851,39.11624],[-94.59384,39.15682],[-94.65578,39.15567],[-94.67823,39.18416],[-94.74077,39.16998],[-94.78294,39.20716],[-94.83167,39.21593],[-94.83055,39.25513],[-94.88409,39.28451],[-94.90612,39.31471],[-94.91001,39.35254],[-94.88135,39.37038],[-94.88502,39.38979],[-94.94203,39.38949],[-94.98214,39.44054],[-95.03749,39.46368],[-95.05445,39.50265],[-95.11036,39.54455],[-95.10494,39.5766],[-95.05058,39.58756],[-95.05426,39.62774],[-95.02764,39.66545],[-94.97067,39.68723],[-94.96395,39.74035],[-94.90104,39.72405],[-94.86504,39.73858],[-94.86714,39.77169],[-94.91094,39.75917],[-94.93529,39.77561],[-94.88228,39.7958],[-94.87867,39.82651],[-94.93985,39.85204],[-94.92789,39.8861],[-94.95415,39.90113],[-95.01513,39.89964],[-95.0394,39.86482],[-95.1286,39.87433],[-95.14965,39.90594],[-95.20274,39.90507],[-95.20526,39.93974],[-95.25025,39.94864],[-95.3058,39.98789],[-95.31526,40.01206],[-95.41054,40.03562],[-95.42133,40.06074],[-95.39334,40.1192],[-95.47919,40.18564],[-95.47623,40.24125],[-95.55247,40.2619],[-95.56215,40.29735],[-95.65732,40.31085],[-95.62268,40.34232],[-95.66059,40.4124],[-95.65657,40.43869],[-95.69464,40.47144],[-95.69996,40.50527],[-95.66167,40.5173],[-95.65584,40.5466],[-95.67871,40.56255],[-95.70858,40.52154],[-95.75274,40.52489],[-95.76869,40.5341],[-95.7747,40.57357],[-95.76564,40.5852],[-94.4891,40.5707],[-93.26042,40.58081],[-91.72911,40.61363],[-91.68635,40.58087],[-91.68869,40.55738],[-91.62006,40.54081],[-91.62135,40.51006],[-91.57473,40.46565],[-91.52508,40.45784],[-91.52461,40.41076],[-91.48847,40.40431],[-91.48525,40.38465],[-91.46389,40.37565],[-91.41942,40.37826],[-91.46213,40.34241],[-91.49096,40.28336],[-91.51083,40.12613],[-91.49487,40.03645],[-91.41935,39.92771],[-91.44692,39.88303],[-91.43652,39.84707],[-91.36796,39.8004],[-91.36939,39.73116],[-91.30669,39.68486]]]}},{"type":"Feature","properties":{"id":null,"riding_id":"29007","FEDNUM":"29007","name_en":"Congressional District 7","name_fr":"Congressional District 7","state":"MO"},"geometry":{"type":"Polygon","coordinates":[[[-92.90327,37.07064],[-92.90933,36.80917],[-92.76486,36.80609],[-92.77233,36.49783],[-94.61785,36.49942],[-94.61756,37.36416],[-94.08219,37.3493],[-94.08383,37.29084],[-93.62636,37.28196],[-93.62115,37.42742],[-93.07337,37.41498],[-93.07677,37.27059],[-93.03732,37.27839],[-93.04624,37.27081],[-93.01237,37.25595],[-92.97112,37.26823],[-92.97185,37.2335],[-92.93484,37.2471],[-92.67965,37.24236],[-92.68586,37.06704],[-92.90327,37.07064]]]}},{"type":"Feature","properties":{"id":null,"riding_id":"29008","FEDNUM":"29008","name_en":"Congressional District 8","name_fr":"Congressional District 8","state":"MO"},"geometry":{"type":"Polygon","coordinates":[[[-90.29062,38.17036],[-90.18811,38.07684],[-90.13078,38.06233],[-90.11423,38.02905],[-90.05726,38.01435],[-90.0001,37.96456],[-89.94068,37.97087],[-89.92459,37.95984],[-89.97479,37.92652],[-89.9386,37.8743],[-89.89875,37.87077],[-89.84263,37.90519],[-89.79932,37.88151],[-89.78632,37.85168],[-89.73987,37.84691],[-89.66964,37.79991],[-89.66335,37.75004],[-89.61727,37.74971],[-89.58331,37.71325],[-89.51668,37.69275],[-89.51771,37.64121],[-89.47593,37.59299],[-89.5198,37.58274],[-89.51705,37.53727],[-89.43976,37.43719],[-89.42054,37.388],[-89.43283,37.34705],[-89.489,37.33336],[-89.51833,37.28549],[-89.48991,37.25131],[-89.45882,37.24865],[-89.46763,37.21819],[-89.4561,37.18811],[-89.37711,37.09076],[-89.38393,37.04643],[-89.27862,36.98866],[-89.26,37.02328],[-89.30475,37.04756],[-89.30828,37.06836],[-89.25492,37.07201],[-89.20079,37.01616],[-89.18549,36.97351],[-89.12535,36.98352],[-89.0998,36.96466],[-89.13193,36.85759],[-89.1792,36.82989],[-89.17056,36.79753],[-89.12437,36.78582],[-89.11707,36.76576],[-89.12596,36.7518],[-89.16978,36.75963],[-89.19785,36.73977],[-89.19931,36.71562],[-89.15911,36.66635],[-89.19775,36.62896],[-89.21903,36.57505],[-89.26348,36.56626],[-89.32463,36.63102],[-89.36579,36.62512],[-89.41727,36.499],[-89.46443,36.45774],[-89.49394,36.47355],[-89.46591,36.53001],[-89.47992,36.56908],[-89.53063,36.5817],[-89.567,36.56504],[-89.56041,36.5244],[-89.51992,36.47705],[-89.54525,36.42707],[-89.50972,36.37362],[-89.53182,36.33924],[-89.60566,36.34223],[-89.62025,36.323],[-89.53948,36.27736],[-89.53467,36.25276],[-89.60237,36.2381],[-89.70182,36.246],[-89.69262,36.22495],[-89.607,36.17117],[-89.59163,36.14213],[-89.60193,36.11946],[-89.67882,36.08463],[-89.70693,36.00097],[-90.37789,35.99574],[-90.31961,36.08956],[-90.23544,36.13939],[-90.22034,36.18453],[-90.12625,36.22921],[-90.11706,36.26348],[-90.08352,36.27212],[-90.06419,36.3025],[-90.08238,36.32199],[-90.0635,36.38407],[-90.1385,36.41372],[-90.13395,36.45377],[-90.1554,36.46379],[-90.14239,36.47139],[-90.15954,36.48024],[-90.1523,36.49798],[-92.77233,36.49783],[-92.76486,36.80609],[-92.90933,36.80917],[-92.90327,37.07064],[-92.68586,37.06704],[-92.68666,37.48154],[-92.25225,37.47294],[-92.24946,37.60454],[-92.02925,37.60254],[-92.02116,38.01063],[-91.96633,38.00968],[-91.9537,38.04015],[-91.93524,38.03086],[-91.89534,38.05119],[-91.63242,38.05094],[-91.63055,38.15351],[-91.52502,38.15243],[-91.52879,37.78898],[-91.3083,37.78718],[-91.31065,37.70004],[-91.14697,37.69719],[-91.14651,37.7408],[-90.64513,37.73481],[-90.63997,38.07654],[-90.61806,38.07331],[-90.61753,38.08986],[-90.58459,38.08248],[-90.56062,38.11425],[-90.53779,38.10751],[-90.53265,38.14489],[-90.49189,38.13861],[-90.51864,38.15567],[-90.51252,38.50145],[-90.40526,38.50115],[-90.40794,38.48332],[-90.42251,38.48311],[-90.41179,38.45428],[-90.33644,38.45397],[-90.34144,38.38829],[-90.37147,38.33089],[-90.36513,38.24072],[-90.33417,38.18985],[-90.29062,38.17036]]]}},{"type":"Feature","properties":{"id":"231","riding_id":"30001","FEDNUM":"30001","name_en":"Congressional District 1","name_fr":"Congressional District 1","state":""},"geometry":{"type":"Polygon","coordinates":[[[-116.04911,47.97684],[-116.04909,49.00085],[-112.19341,48.99868],[-112.18478,48.47758],[-112.13374,48.46686],[-112.07758,48.43537],[-112.06115,48.4428],[-112.07764,48.43511],[-112.13414,48.46665],[-112.22877,48.4819],[-112.23043,48.45593],[-112.26726,48.44013],[-112.25677,48.42976],[-112.29568,48.40059],[-112.31456,48.40306],[-112.34264,48.35745],[-112.1428,48.35146],[-112.09893,48.33682],[-112.09166,48.30788],[-112.04772,48.30774],[-112.05588,48.24981],[-112.00551,48.22108],[-112.07009,48.2502],[-112.13468,48.2529],[-112.15026,48.23558],[-112.26923,48.19944],[-112.26425,48.13135],[-113.01481,48.13103],[-112.98452,48.11993],[-112.99609,48.10609],[-112.98202,48.07396],[-112.93762,48.06079],[-112.94963,48.0327],[-112.90785,48.02987],[-112.87853,47.97578],[-112.8979,47.97245],[-112.91259,47.94641],[-112.98176,47.95529],[-113.02211,47.9271],[-113.08654,47.91827],[-113.0915,47.89428],[-113.058,47.87066],[-113.06141,47.78795],[-113.08279,47.77304],[-113.081,47.74992],[-113.13826,47.74589],[-113.16555,47.72796],[-113.12847,47.66105],[-113.14736,47.60226],[-113.11775,47.57047],[-113.11848,47.49811],[-113.09145,47.48043],[-113.0592,47.4886],[-113.05905,47.17957],[-112.79581,47.177],[-112.79564,46.83167],[-112.53575,46.83423],[-112.5356,46.69948],[-112.41085,46.69951],[-112.41064,46.65601],[-112.32087,46.65593],[-112.29833,46.62562],[-112.29321,46.60439],[-112.31675,46.57442],[-112.29334,46.51792],[-112.30614,46.51175],[-112.30454,46.4501],[-112.32337,46.43406],[-112.31253,46.41839],[-112.35056,46.38488],[-112.40341,46.38681],[-112.45082,46.35094],[-112.45409,46.32893],[-112.49229,46.34248],[-112.50395,46.3302],[-112.53294,46.33537],[-112.57034,46.30487],[-112.55927,46.26332],[-112.59809,46.23655],[-112.57375,46.21426],[-112.57658,46.1785],[-112.50506,46.184],[-112.52011,46.13675],[-112.46633,46.09298],[-112.47313,46.03986],[-112.44471,46.03369],[-112.43563,46.01394],[-112.43622,45.93899],[-112.40419,45.88778],[-112.43054,45.85415],[-112.41537,45.83714],[-112.18538,45.74737],[-112.13693,45.77102],[-112.11224,45.80552],[-112.11796,45.83411],[-112.03786,45.85839],[-111.98404,45.84649],[-111.93007,45.85761],[-111.91033,45.82856],[-111.81191,45.81349],[-111.80174,45.79536],[-111.70547,45.79574],[-111.5877,45.90668],[-111.54535,45.91059],[-111.47128,45.95148],[-111.45894,45.99828],[-111.41943,45.99652],[-111.42383,46.06195],[-111.39191,46.09087],[-111.3946,46.1091],[-111.34937,46.12261],[-111.34665,46.18778],[-110.78383,46.1927],[-110.79477,45.59068],[-110.85738,45.59065],[-110.85825,45.52488],[-110.91922,45.52486],[-110.9179,45.35127],[-111.03817,45.35139],[-111.05456,45.00095],[-111.05243,44.47841],[-111.12738,44.49762],[-111.13138,44.53243],[-111.17864,44.55248],[-111.18103,44.56923],[-111.22763,44.57669],[-111.24089,44.61453],[-111.21932,44.62252],[-111.2526,44.65125],[-111.27848,44.65127],[-111.2668,44.66751],[-111.32363,44.72907],[-111.35298,44.72618],[-111.38482,44.75495],[-111.41427,44.71074],[-111.4388,44.72055],[-111.48878,44.70564],[-111.47248,44.66619],[-111.49011,44.64247],[-111.51631,44.644],[-111.5025,44.62651],[-111.52261,44.61408],[-111.52361,44.59222],[-111.50134,44.57249],[-111.50777,44.5623],[-111.46935,44.55767],[-111.468,44.53895],[-111.51289,44.53604],[-111.58569,44.56263],[-111.6139,44.54868],[-111.70316,44.56015],[-111.71565,44.54337],[-111.82153,44.50894],[-111.86932,44.56662],[-111.94778,44.55701],[-111.97772,44.53574],[-112.03271,44.54664],[-112.0328,44.5284],[-112.06907,44.53715],[-112.1064,44.52057],[-112.13667,44.53986],[-112.22105,44.54326],[-112.229,44.56398],[-112.2567,44.57168],[-112.28832,44.5681],[-112.31949,44.5389],[-112.35251,44.53802],[-112.35837,44.48526],[-112.38652,44.44731],[-112.47269,44.4793],[-112.50064,44.46277],[-112.54171,44.48377],[-112.66173,44.48599],[-112.71793,44.50427],[-112.78081,44.48466],[-112.83989,44.42471],[-112.81006,44.39876],[-112.8123,44.37702],[-112.84457,44.35797],[-112.88158,44.37926],[-112.88956,44.40594],[-112.91362,44.40228],[-112.98043,44.43375],[-113.02682,44.49551],[-113.00679,44.52621],[-113.04536,44.54432],[-113.03728,44.56477],[-113.08829,44.59966],[-113.05072,44.63454],[-113.06776,44.67879],[-113.09783,44.69887],[-113.10162,44.72946],[-113.13482,44.75276],[-113.13146,44.77276],[-113.24689,44.82297],[-113.34128,44.78466],[-113.35606,44.8198],[-113.42195,44.8376],[-113.47851,44.89547],[-113.47179,44.90984],[-113.49882,44.9422],[-113.44394,44.95938],[-113.45204,45.05917],[-113.52219,45.09139],[-113.51125,45.11613],[-113.56988,45.12385],[-113.56569,45.1496],[-113.59071,45.15589],[-113.59213,45.18478],[-113.69189,45.2625],[-113.68028,45.27889],[-113.73866,45.32941],[-113.73347,45.39081],[-113.77604,45.40848],[-113.75973,45.42711],[-113.78426,45.45489],[-113.75991,45.4804],[-113.76602,45.52062],[-113.83478,45.52066],[-113.82147,45.56595],[-113.79675,45.58157],[-113.80643,45.60163],[-113.86159,45.62382],[-113.90469,45.62201],[-113.89528,45.64385],[-113.91986,45.65812],[-113.93526,45.69434],[-113.96482,45.69002],[-113.98853,45.70598],[-114.01548,45.6959],[-114.02831,45.67524],[-114.01527,45.65277],[-114.06674,45.62817],[-114.0861,45.59146],[-114.19361,45.53637],[-114.24845,45.54581],[-114.26989,45.48455],[-114.33005,45.45972],[-114.3672,45.49185],[-114.42571,45.51072],[-114.43057,45.52951],[-114.46391,45.54503],[-114.45608,45.56224],[-114.49808,45.55546],[-114.52726,45.57086],[-114.56494,45.55771],[-114.53794,45.60659],[-114.56399,45.63762],[-114.50765,45.65754],[-114.49903,45.67887],[-114.51509,45.68491],[-114.49515,45.70397],[-114.56646,45.77331],[-114.50964,45.84536],[-114.43771,45.86261],[-114.40965,45.85157],[-114.38787,45.88393],[-114.4314,45.93604],[-114.40252,45.95794],[-114.41175,45.97787],[-114.47999,45.9929],[-114.48035,46.03035],[-114.5075,46.03146],[-114.46829,46.06279],[-114.46048,46.09779],[-114.521,46.12511],[-114.52736,46.14541],[-114.51486,46.16768],[-114.44409,46.16927],[-114.44799,46.23157],[-114.47072,46.26604],[-114.42544,46.28786],[-114.43343,46.30555],[-114.41025,46.36105],[-114.42245,46.38705],[-114.36841,46.43711],[-114.40318,46.49881],[-114.34264,46.51843],[-114.34789,46.55147],[-114.32964,46.5762],[-114.3442,46.58997],[-114.32253,46.61089],[-114.32162,46.64896],[-114.35822,46.67114],[-114.4246,46.66066],[-114.46683,46.6318],[-114.54182,46.64999],[-114.60573,46.6359],[-114.64256,46.67291],[-114.62079,46.70726],[-114.66538,46.73923],[-114.69859,46.74045],[-114.71304,46.71543],[-114.76679,46.6969],[-114.78843,46.71277],[-114.76524,46.74539],[-114.7875,46.78278],[-114.8291,46.78263],[-114.86578,46.81453],[-114.89519,46.80163],[-114.89845,46.82235],[-114.94826,46.86001],[-114.92514,46.91868],[-114.9606,46.93001],[-115.00127,46.9719],[-115.04879,46.97004],[-115.07168,47.02636],[-115.13113,47.06896],[-115.14413,47.10191],[-115.24462,47.15131],[-115.26182,47.18143],[-115.30058,47.18833],[-115.29153,47.21085],[-115.32437,47.24472],[-115.31979,47.25668],[-115.48226,47.28144],[-115.52851,47.29924],[-115.55076,47.34969],[-115.57764,47.3674],[-115.64341,47.37734],[-115.65749,47.40046],[-115.72111,47.4257],[-115.75891,47.4234],[-115.71609,47.45288],[-115.64646,47.45683],[-115.62949,47.47961],[-115.68626,47.48494],[-115.7114,47.51677],[-115.69831,47.53137],[-115.75562,47.54793],[-115.68776,47.5953],[-115.69444,47.62376],[-115.73651,47.65381],[-115.72265,47.69512],[-115.77715,47.72038],[-115.7975,47.75733],[-115.83174,47.75578],[-115.85231,47.82786],[-115.91889,47.85362],[-116.01877,47.9629],[-116.04911,47.97684]]]}},{"type":"Feature","properties":{"id":"232","riding_id":"30002","FEDNUM":"30002","name_en":"Congressional District 2","name_fr":"Congressional District 2","state":""},"geometry":{"type":"Polygon","coordinates":[[[-113.16589,47.72125],[-113.13826,47.74589],[-113.081,47.74992],[-113.08279,47.77304],[-113.06141,47.78795],[-113.058,47.87066],[-113.0915,47.89428],[-113.08654,47.91827],[-113.02211,47.9271],[-112.98176,47.95529],[-112.91259,47.94641],[-112.8979,47.97245],[-112.87853,47.97578],[-112.90785,48.02987],[-112.94963,48.0327],[-112.93762,48.06079],[-112.98202,48.07396],[-112.99609,48.10609],[-112.98452,48.11993],[-113.01481,48.13103],[-112.26425,48.13135],[-112.26923,48.19944],[-112.15026,48.23558],[-112.13468,48.2529],[-112.07009,48.2502],[-112.00551,48.22108],[-112.05588,48.24981],[-112.04772,48.30774],[-112.09166,48.30788],[-112.09893,48.33682],[-112.1428,48.35146],[-112.34264,48.35745],[-112.31456,48.40306],[-112.29568,48.40059],[-112.25677,48.42976],[-112.26726,48.44013],[-112.23043,48.45593],[-112.22877,48.4819],[-112.13414,48.46665],[-112.07764,48.43511],[-112.06115,48.4428],[-112.07758,48.43537],[-112.13374,48.46686],[-112.18478,48.47758],[-112.19341,48.99868],[-104.04869,48.9999],[-104.03969,44.99807],[-111.04507,45.00095],[-111.03817,45.35139],[-110.9179,45.35127],[-110.91922,45.52486],[-110.85825,45.52488],[-110.85738,45.59065],[-110.79477,45.59068],[-110.78383,46.1927],[-111.34665,46.18778],[-111.34937,46.12261],[-111.3946,46.1091],[-111.39191,46.09087],[-111.42383,46.06195],[-111.41943,45.99652],[-111.45894,45.99828],[-111.47128,45.95148],[-111.54535,45.91059],[-111.5877,45.90668],[-111.70547,45.79574],[-111.80174,45.79536],[-111.81191,45.81349],[-111.91033,45.82856],[-111.93007,45.85761],[-111.98404,45.84649],[-112.03786,45.85839],[-112.11796,45.83411],[-112.11224,45.80552],[-112.13693,45.77102],[-112.18538,45.74737],[-112.42563,45.84309],[-112.40419,45.88778],[-112.43622,45.93899],[-112.44199,46.02948],[-112.47695,46.05172],[-112.46633,46.09298],[-112.52,46.13639],[-112.50506,46.184],[-112.57658,46.1785],[-112.57375,46.21426],[-112.59809,46.23655],[-112.55927,46.26332],[-112.57034,46.30487],[-112.53294,46.33537],[-112.50395,46.3302],[-112.49229,46.34248],[-112.45409,46.32893],[-112.45082,46.35094],[-112.40341,46.38681],[-112.35056,46.38488],[-112.31253,46.41839],[-112.32337,46.43406],[-112.30454,46.4501],[-112.30614,46.51175],[-112.29334,46.51792],[-112.31675,46.57442],[-112.29321,46.60439],[-112.29833,46.62562],[-112.32087,46.65593],[-112.41064,46.65601],[-112.41085,46.69951],[-112.5356,46.69948],[-112.53575,46.83423],[-112.79564,46.83167],[-112.79581,47.177],[-113.05905,47.17957],[-113.0592,47.4886],[-113.11543,47.49144],[-113.11775,47.57047],[-113.14736,47.60226],[-113.12847,47.66105],[-113.16589,47.72125]]]}},{"type":"Feature","properties":{"id":"234","riding_id":"31001","FEDNUM":"31001","name_en":"Congressional District 1","name_fr":"Congressional District 1","state":""},"geometry":{"type":"Polygon","coordinates":[[[-97.83454,42.08975],[-96.55551,42.08996],[-96.55517,41.74202],[-96.44422,41.74177],[-96.43479,41.49493],[-96.38642,41.46575],[-96.38648,41.45125],[-96.3672,41.45095],[-96.36734,41.4367],[-96.32892,41.43662],[-96.32901,41.39314],[-96.49593,41.39403],[-96.56904,41.43328],[-96.69458,41.42572],[-96.74669,41.44975],[-96.8152,41.43959],[-96.90586,41.45339],[-96.90851,41.04609],[-96.46387,41.04508],[-96.46386,41.01607],[-96.36951,41.01499],[-96.34947,41.01521],[-96.34903,41.04495],[-96.31919,41.045],[-96.21443,40.99447],[-96.14469,41.0176],[-96.10019,41.05325],[-96.00519,41.06062],[-96.00451,41.12904],[-96.15801,41.1325],[-96.15815,41.14705],[-96.17735,41.15015],[-96.1574,41.16537],[-96.15833,41.18651],[-96.17431,41.19065],[-95.85613,41.18695],[-95.84344,41.1691],[-95.8833,41.15274],[-95.86243,41.08969],[-95.88248,41.06136],[-95.85965,41.03569],[-95.8673,41.00165],[-95.82979,40.97734],[-95.83974,40.93278],[-95.80938,40.89328],[-95.84859,40.86106],[-95.83412,40.78378],[-96.46376,40.78396],[-96.46363,40.52301],[-96.91264,40.52363],[-96.91349,40.69795],[-97.3684,40.69862],[-97.36806,41.16301],[-97.56055,41.16287],[-97.56047,41.17743],[-97.57952,41.17741],[-97.57932,41.19188],[-97.56044,41.1919],[-97.56048,41.23541],[-97.57982,41.2354],[-97.57961,41.33406],[-97.59822,41.32804],[-97.59846,41.39507],[-97.70377,41.39488],[-97.70363,41.5268],[-97.82985,41.52617],[-97.83454,42.08975]]]}},{"type":"Feature","properties":{"id":"235","riding_id":"31002","FEDNUM":"31002","name_en":"Congressional District 2","name_fr":"Congressional District 2","state":""},"geometry":{"type":"Polygon","coordinates":[[[-96.90851,41.04609],[-96.90586,41.45339],[-96.8152,41.43959],[-96.74669,41.44975],[-96.69458,41.42572],[-96.56904,41.43328],[-96.48816,41.3933],[-95.93869,41.39319],[-95.92968,41.36706],[-95.95529,41.3419],[-95.88555,41.3181],[-95.87114,41.29669],[-95.90284,41.27437],[-95.9059,41.30104],[-95.92764,41.29844],[-95.91063,41.23458],[-95.92368,41.19098],[-96.17431,41.19065],[-96.15833,41.18651],[-96.1574,41.16537],[-96.17735,41.15015],[-96.15815,41.14705],[-96.15801,41.1325],[-96.00451,41.12904],[-96.00519,41.06062],[-96.10019,41.05325],[-96.14469,41.0176],[-96.21894,40.99431],[-96.31919,41.045],[-96.34903,41.04495],[-96.34947,41.01521],[-96.36951,41.01499],[-96.46386,41.01607],[-96.46387,41.04508],[-96.90851,41.04609]]]}},{"type":"Feature","properties":{"id":"233","riding_id":"31003","FEDNUM":"31003","name_en":"Congressional District 3","name_fr":"Congressional District 3","state":""},"geometry":{"type":"Polygon","coordinates":[[[-104.05325,41.00141],[-104.05303,43.00059],[-98.49855,42.99856],[-98.44415,42.92924],[-98.42074,42.93192],[-98.18981,42.84164],[-98.14711,42.83963],[-98.05668,42.77068],[-98.01307,42.76222],[-97.93483,42.77688],[-97.88865,42.81718],[-97.87553,42.85866],[-97.84539,42.86772],[-97.68648,42.84221],[-97.61181,42.85837],[-97.44491,42.84593],[-97.41085,42.86798],[-97.35957,42.85482],[-97.30668,42.8676],[-97.21882,42.84585],[-97.21013,42.8093],[-97.15076,42.79557],[-97.13026,42.77154],[-96.97912,42.76009],[-96.96158,42.71984],[-96.9068,42.7338],[-96.80621,42.70415],[-96.79323,42.66602],[-96.69127,42.6562],[-96.70982,42.6051],[-96.64359,42.55761],[-96.61149,42.50609],[-96.54879,42.52055],[-96.50132,42.48275],[-96.39265,42.48141],[-96.38071,42.44639],[-96.41519,42.4042],[-96.41779,42.35145],[-96.3289,42.25472],[-96.32372,42.22989],[-96.35987,42.21055],[-96.3486,42.16803],[-96.26946,42.11422],[-96.27439,42.04924],[-96.2219,42.02956],[-96.24071,41.99935],[-96.19456,42.00866],[-96.18722,41.97795],[-96.13035,41.97286],[-96.14458,41.94154],[-96.13674,41.92083],[-96.16176,41.90182],[-96.11055,41.8492],[-96.10657,41.81961],[-96.06533,41.79717],[-96.10638,41.73776],[-96.07322,41.70406],[-96.1226,41.68304],[-96.09522,41.65011],[-96.11828,41.61497],[-96.08139,41.5779],[-96.09444,41.53946],[-96.04061,41.50689],[-96.02666,41.54037],[-96.00511,41.54325],[-95.99278,41.5146],[-96.01954,41.49159],[-96.01359,41.47847],[-95.9359,41.46517],[-95.91954,41.44819],[-95.93779,41.39075],[-96.32901,41.39314],[-96.32892,41.43662],[-96.36734,41.4367],[-96.38642,41.46575],[-96.42521,41.48034],[-96.4439,41.52393],[-96.44422,41.74177],[-96.55517,41.74202],[-96.55551,42.08996],[-97.83454,42.08975],[-97.82985,41.52617],[-97.70363,41.5268],[-97.70377,41.39488],[-97.59846,41.39507],[-97.59822,41.32804],[-97.57961,41.33406],[-97.57982,41.2354],[-97.56048,41.23541],[-97.56044,41.1919],[-97.57932,41.19188],[-97.57952,41.17741],[-97.56047,41.17743],[-97.56055,41.16287],[-97.36806,41.16301],[-97.3684,40.69862],[-96.91349,40.69795],[-96.91264,40.52363],[-96.46363,40.52301],[-96.46376,40.78396],[-95.83412,40.78378],[-95.88891,40.73186],[-95.8428,40.6775],[-95.78191,40.65327],[-95.74968,40.60684],[-95.7747,40.57357],[-95.76692,40.53156],[-95.70859,40.52155],[-95.67871,40.56256],[-95.65342,40.5419],[-95.66168,40.51731],[-95.69997,40.50527],[-95.69465,40.47145],[-95.65658,40.4387],[-95.6606,40.41241],[-95.62268,40.34232],[-95.65733,40.31086],[-95.56216,40.29736],[-95.55247,40.2619],[-95.47869,40.24366],[-95.47919,40.18565],[-95.39335,40.11921],[-95.42134,40.06075],[-95.41511,40.04034],[-95.34878,40.0293],[-95.30829,40.0],[-102.05174,40.00308],[-102.05172,41.00236],[-104.05325,41.00141]]]}},{"type":"Feature","properties":{"id":"237","riding_id":"32001","FEDNUM":"32001","name_en":"Congressional District 1","name_fr":"Congressional District 1","state":""},"geometry":{"type":"Polygon","coordinates":[[[-115.21639,35.89728],[-115.15483,35.99295],[-115.14533,35.98474],[-115.1189,36.00337],[-115.11861,36.02048],[-115.10062,36.02051],[-115.11816,36.04954],[-115.0777,36.08366],[-115.18054,36.07666],[-115.1798,36.13348],[-115.15733,36.14372],[-115.13395,36.18844],[-115.07079,36.18847],[-115.07117,36.20334],[-115.02532,36.21821],[-115.02694,36.20251],[-114.99048,36.20199],[-114.97535,36.08983],[-114.93845,36.10213],[-114.93947,36.07759],[-114.91251,36.08793],[-114.90639,36.12178],[-114.87475,36.13248],[-114.77115,36.0821],[-114.74113,36.06545],[-114.74126,36.03804],[-114.7221,36.02895],[-114.74367,35.98492],[-114.70811,35.90993],[-114.66164,35.87123],[-114.70586,35.85051],[-114.69528,35.83109],[-114.71203,35.80553],[-114.69427,35.75663],[-114.7056,35.70827],[-114.681,35.68593],[-114.68951,35.65143],[-114.65393,35.61174],[-114.65882,35.58832],[-115.20728,35.59028],[-115.21639,35.89728]]]}},{"type":"Feature","properties":{"id":"239","riding_id":"32002","FEDNUM":"32002","name_en":"Congressional District 2","name_fr":"Congressional District 2","state":""},"geometry":{"type":"Polygon","coordinates":[[[-120.00101,38.99957],[-119.99923,41.99494],[-114.04148,41.99387],[-114.04981,38.67737],[-114.62952,38.6774],[-114.64773,38.58596],[-114.69859,38.5978],[-114.75877,38.58804],[-114.83633,38.67733],[-115.00085,38.67732],[-115.90707,39.16185],[-117.33186,39.16343],[-117.86512,39.07365],[-118.4775,39.07368],[-118.47769,39.11276],[-118.53321,39.11225],[-118.53332,39.12694],[-118.57033,39.12728],[-118.57018,39.14194],[-118.79274,39.14155],[-118.79242,39.1714],[-118.84809,39.17123],[-118.86676,39.19821],[-118.89083,39.19822],[-118.89066,39.2272],[-118.96713,39.22599],[-119.03977,39.26794],[-119.04981,39.16504],[-119.10728,39.16513],[-119.0879,39.15331],[-119.1167,39.12798],[-119.01461,39.12247],[-118.99569,39.1114],[-118.99563,39.08393],[-118.92304,39.06941],[-119.01486,38.94414],[-119.0145,38.85195],[-119.0002,38.85203],[-119.03237,38.83841],[-119.14476,38.84502],[-119.22365,38.80747],[-119.34756,38.80205],[-119.34495,38.78186],[-119.32887,38.78826],[-119.32495,38.72299],[-119.26445,38.63393],[-119.28838,38.56976],[-119.32964,38.58807],[-119.33005,38.53596],[-120.00101,38.99957]]]}},{"type":"Feature","properties":{"id":"236","riding_id":"32003","FEDNUM":"32003","name_en":"Congressional District 3","name_fr":"Congressional District 3","state":""},"geometry":{"type":"Polygon","coordinates":[[[-115.84599,35.96371],[-115.8458,36.12205],[-115.68217,36.14768],[-115.65614,36.16523],[-115.57886,36.16714],[-115.57353,36.10887],[-115.50849,36.16261],[-115.42639,36.12925],[-115.38777,36.14497],[-115.42348,36.18851],[-115.42403,36.29314],[-115.33347,36.3209],[-115.33096,36.26258],[-115.27873,36.26298],[-115.27895,36.22619],[-115.24697,36.22564],[-115.24303,36.14423],[-115.17745,36.13713],[-115.18054,36.07666],[-115.11869,36.07157],[-115.11881,36.08618],[-115.07762,36.08562],[-115.11816,36.04954],[-115.10062,36.02051],[-115.11861,36.02048],[-115.1189,36.00337],[-115.14533,35.98474],[-115.15483,35.99295],[-115.21639,35.89728],[-115.20728,35.59028],[-114.65882,35.58832],[-114.67567,35.58003],[-114.65677,35.53496],[-114.67864,35.49763],[-114.59977,35.34111],[-114.56876,35.1722],[-114.57826,35.12881],[-114.64676,35.10187],[-114.60291,35.06859],[-114.63473,35.03373],[-114.63349,35.00186],[-115.84599,35.96371]]]}},{"type":"Feature","properties":{"id":"238","riding_id":"32004","FEDNUM":"32004","name_en":"Congressional District 4","name_fr":"Congressional District 4","state":""},"geometry":{"type":"Polygon","coordinates":[[[-119.34759,38.80106],[-119.22365,38.80747],[-119.14476,38.84502],[-119.03237,38.83841],[-119.0002,38.85203],[-119.0145,38.85195],[-119.01486,38.94414],[-118.92304,39.06941],[-118.99563,39.08393],[-118.99569,39.1114],[-119.01461,39.12247],[-119.1167,39.12798],[-119.0879,39.15331],[-119.10728,39.16513],[-119.04981,39.16504],[-119.03977,39.26794],[-118.96713,39.22599],[-118.89066,39.2272],[-118.89083,39.19822],[-118.86676,39.19821],[-118.84809,39.17123],[-118.79242,39.1714],[-118.79274,39.14155],[-118.57018,39.14194],[-118.57033,39.12728],[-118.53332,39.12694],[-118.53321,39.11225],[-118.47769,39.11276],[-118.4775,39.07368],[-117.86512,39.07365],[-117.33186,39.16343],[-115.90707,39.16185],[-115.00085,38.67732],[-114.83633,38.67733],[-114.75877,38.58804],[-114.69859,38.5978],[-114.64773,38.58596],[-114.62952,38.6774],[-114.04981,38.67737],[-114.04394,36.19335],[-114.0668,36.17909],[-114.09699,36.12082],[-114.12086,36.11085],[-114.112,36.09491],[-114.14699,36.02606],[-114.21355,36.01461],[-114.24386,36.01527],[-114.27086,36.04552],[-114.3119,36.05766],[-114.30417,36.07558],[-114.32581,36.10393],[-114.37018,36.14262],[-114.40562,36.14698],[-114.44504,36.12535],[-114.4626,36.13964],[-114.50472,36.12719],[-114.51122,36.15058],[-114.57109,36.1511],[-114.61545,36.12965],[-114.63047,36.14222],[-114.68051,36.10953],[-114.74891,36.09518],[-114.74113,36.06545],[-114.87874,36.13262],[-114.90639,36.12178],[-114.91067,36.08908],[-114.93947,36.07759],[-114.93771,36.10202],[-114.97535,36.08983],[-114.99048,36.20199],[-115.02694,36.20251],[-115.02532,36.21821],[-115.07117,36.20334],[-115.07079,36.18847],[-115.13395,36.18844],[-115.15733,36.14372],[-115.17872,36.13623],[-115.24303,36.14423],[-115.24697,36.22564],[-115.27895,36.22619],[-115.27873,36.26298],[-115.33096,36.26258],[-115.33347,36.3209],[-115.34692,36.3237],[-115.42403,36.29314],[-115.42348,36.18851],[-115.38828,36.15368],[-115.4126,36.13377],[-115.50849,36.16261],[-115.57353,36.10887],[-115.57396,36.16224],[-115.60447,36.16756],[-115.8458,36.12205],[-115.84599,35.96371],[-117.50012,37.22038],[-119.33006,38.53511],[-119.32964,38.58807],[-119.28838,38.56976],[-119.26445,38.63393],[-119.32495,38.72299],[-119.32887,38.78826],[-119.34495,38.78186],[-119.34759,38.80106]]]}},{"type":"Feature","properties":{"id":"240","riding_id":"33001","FEDNUM":"33001","name_en":"Congressional District 1","name_fr":"Congressional District 1","state":""},"geometry":{"type":"Polygon","coordinates":[[[-71.70618,43.53774],[-71.479,43.69863],[-71.46095,43.68656],[-71.43989,43.69556],[-71.53233,43.76482],[-71.32883,43.78273],[-71.36009,43.90837],[-71.21191,43.92231],[-71.16882,43.96213],[-71.14006,43.96285],[-71.15552,44.02464],[-71.38361,44.02261],[-71.34666,44.06882],[-71.36635,44.06852],[-71.38714,44.1552],[-71.41317,44.16746],[-71.42651,44.2109],[-71.39487,44.21468],[-71.38424,44.17884],[-71.35648,44.16584],[-71.33588,44.08575],[-71.31176,44.09176],[-71.30245,44.1374],[-71.09767,44.12414],[-71.09843,44.23545],[-71.04228,44.23751],[-71.04439,44.28378],[-71.00998,44.2849],[-70.97277,43.57051],[-70.95063,43.55131],[-70.9638,43.53937],[-70.95466,43.5093],[-70.97604,43.47843],[-70.96112,43.46919],[-70.96087,43.43889],[-70.98684,43.41378],[-70.98594,43.38005],[-70.97259,43.34838],[-70.93118,43.33655],[-70.89634,43.29855],[-70.90656,43.29204],[-70.80982,43.22588],[-70.82825,43.18779],[-70.82708,43.12739],[-70.75641,43.08018],[-70.70631,43.07534],[-70.7012,43.04524],[-70.60562,42.97223],[-70.63209,42.96671],[-70.73661,43.00042],[-70.79284,42.93766],[-70.81383,42.8723],[-70.84772,42.86087],[-70.91463,42.88665],[-71.0312,42.85909],[-71.06442,42.80627],[-71.11575,42.81769],[-71.13646,42.86051],[-71.1904,42.85527],[-71.19776,42.86672],[-71.20691,42.85222],[-71.34952,42.83918],[-71.34464,42.81711],[-71.36068,42.79896],[-71.3872,42.82356],[-71.42707,42.82484],[-71.45341,42.90458],[-71.48616,42.86322],[-71.46957,42.79393],[-71.54255,42.80587],[-71.55621,42.79233],[-71.58203,42.94333],[-71.61035,42.93972],[-71.64129,43.05417],[-71.51115,43.06966],[-71.46635,43.12226],[-71.21295,43.07698],[-71.18968,43.10966],[-71.20641,43.1123],[-71.15953,43.13556],[-71.1772,43.14397],[-71.12795,43.20007],[-71.24734,43.27523],[-71.23601,43.28499],[-71.55003,43.4527],[-71.61284,43.43813],[-71.63805,43.49176],[-71.67729,43.50049],[-71.70618,43.53774]]]}},{"type":"Feature","properties":{"id":"241","riding_id":"33002","FEDNUM":"33002","name_en":"Congressional District 2","name_fr":"Congressional District 2","state":""},"geometry":{"type":"Polygon","coordinates":[[[-72.54151,42.80709],[-72.55262,42.88504],[-72.5245,42.91515],[-72.53381,42.95258],[-72.47372,42.97212],[-72.44326,43.00758],[-72.46784,43.05275],[-72.43526,43.08149],[-72.4325,43.1189],[-72.4574,43.14754],[-72.4386,43.25242],[-72.39531,43.3127],[-72.41056,43.33112],[-72.38987,43.35657],[-72.41602,43.37716],[-72.38147,43.48003],[-72.39887,43.51265],[-72.38024,43.57344],[-72.32833,43.60111],[-72.33483,43.61795],[-72.30315,43.66862],[-72.29956,43.70628],[-72.20523,43.77093],[-72.18405,43.8064],[-72.18462,43.86414],[-72.09094,43.96578],[-72.11438,43.96805],[-72.11687,43.99447],[-72.10277,44.01458],[-72.09053,44.00992],[-72.09543,44.02176],[-72.08267,44.0218],[-72.05287,44.07631],[-72.03167,44.07897],[-72.04528,44.08731],[-72.03131,44.10043],[-72.04788,44.09659],[-72.05537,44.11076],[-72.03326,44.13168],[-72.06616,44.19013],[-72.04766,44.23896],[-72.06439,44.27932],[-72.03288,44.30217],[-72.0328,44.32049],[-71.98219,44.33717],[-71.90842,44.34841],[-71.87159,44.33668],[-71.81475,44.35449],[-71.81443,44.38192],[-71.79448,44.399],[-71.70258,44.41354],[-71.66088,44.43994],[-71.63278,44.4838],[-71.6262,44.47447],[-71.57702,44.50206],[-71.59411,44.52155],[-71.57187,44.53792],[-71.59697,44.55947],[-71.55972,44.56397],[-71.53491,44.5879],[-71.56213,44.60118],[-71.54682,44.62976],[-71.58737,44.65971],[-71.58146,44.6732],[-71.59661,44.67809],[-71.59386,44.69642],[-71.63211,44.75162],[-71.57282,44.79087],[-71.57686,44.8152],[-71.55111,44.83696],[-71.54945,44.86208],[-71.49491,44.9043],[-71.52284,44.93991],[-71.51796,44.96766],[-71.54152,44.98477],[-71.50878,45.00784],[-71.46506,45.01292],[-71.50108,45.01335],[-71.49095,45.04317],[-71.50645,45.04848],[-71.42839,45.12367],[-71.4376,45.14188],[-71.39734,45.20352],[-71.44282,45.23829],[-71.38414,45.23351],[-71.35654,45.2539],[-71.36028,45.27033],[-71.28422,45.30236],[-71.23061,45.24942],[-71.14756,45.23944],[-71.08393,45.30548],[-71.00998,44.2849],[-71.04439,44.28378],[-71.04228,44.23751],[-71.09843,44.23545],[-71.09767,44.12414],[-71.30245,44.1374],[-71.31176,44.09176],[-71.33588,44.08575],[-71.35648,44.16584],[-71.38424,44.17884],[-71.39487,44.21468],[-71.42651,44.2109],[-71.41317,44.16746],[-71.38714,44.1552],[-71.36635,44.06852],[-71.34666,44.06882],[-71.38361,44.02261],[-71.15552,44.02464],[-71.14006,43.96285],[-71.16882,43.96213],[-71.21191,43.92231],[-71.36009,43.90837],[-71.32883,43.78273],[-71.53233,43.76482],[-71.43989,43.69556],[-71.46095,43.68656],[-71.479,43.69863],[-71.70635,43.53762],[-71.67729,43.50049],[-71.63805,43.49176],[-71.61284,43.43813],[-71.55003,43.4527],[-71.23601,43.28499],[-71.24734,43.27523],[-71.12795,43.20007],[-71.1772,43.14397],[-71.15953,43.13556],[-71.20641,43.1123],[-71.18968,43.10966],[-71.21295,43.07698],[-71.46635,43.12226],[-71.51115,43.06966],[-71.64129,43.05417],[-71.61035,42.93972],[-71.58203,42.94333],[-71.55621,42.79233],[-71.54255,42.80587],[-71.46957,42.79393],[-71.48616,42.86322],[-71.45341,42.90458],[-71.42707,42.82484],[-71.3872,42.82356],[-71.36068,42.79896],[-71.34464,42.81711],[-71.34952,42.83918],[-71.20691,42.85222],[-71.19776,42.86672],[-71.1904,42.85527],[-71.13646,42.86051],[-71.11218,42.82332],[-71.18614,42.79093],[-71.18179,42.73734],[-71.23743,42.74489],[-71.29464,42.69704],[-72.45841,42.72693],[-72.49055,42.77275],[-72.51547,42.76563],[-72.50874,42.77952],[-72.54151,42.80709]]]}},{"type":"Feature","properties":{"id":"244","riding_id":"34001","FEDNUM":"34001","name_en":"Congressional District 1","name_fr":"Congressional District 1","state":""},"geometry":{"type":"Polygon","coordinates":[[[-75.26711,39.80793],[-75.23618,39.81957],[-75.25612,39.82621],[-75.24538,39.83874],[-75.25676,39.85193],[-75.14112,39.88593],[-75.13108,39.95891],[-75.07323,39.97956],[-75.03053,40.01614],[-75.01044,40.00325],[-75.03116,39.99217],[-75.01015,39.97977],[-75.02009,39.96805],[-74.97498,39.95305],[-74.96682,39.93802],[-74.98395,39.92689],[-74.93075,39.88591],[-74.90296,39.79111],[-74.80743,39.78374],[-74.73622,39.72977],[-74.91188,39.57846],[-75.05349,39.67753],[-75.10757,39.67994],[-75.11358,39.69464],[-75.16755,39.68547],[-75.13951,39.71502],[-75.22902,39.75806],[-75.19396,39.793],[-75.22556,39.78327],[-75.23033,39.80777],[-75.24544,39.79493],[-75.26711,39.80793]]]}},{"type":"Feature","properties":{"id":"250","riding_id":"34002","FEDNUM":"34002","name_en":"Congressional District 2","name_fr":"Congressional District 2","state":""},"geometry":{"type":"Polygon","coordinates":[[[-75.56356,39.48329],[-75.52682,39.49941],[-75.53401,39.5407],[-75.51196,39.56729],[-75.55351,39.60182],[-75.55733,39.63259],[-75.47644,39.7162],[-75.45069,39.77506],[-75.32323,39.84981],[-75.25676,39.85193],[-75.24538,39.83874],[-75.25612,39.82621],[-75.23618,39.81957],[-75.26711,39.80793],[-75.24544,39.79493],[-75.23033,39.80777],[-75.22556,39.78327],[-75.19396,39.793],[-75.22902,39.75806],[-75.13951,39.71502],[-75.16755,39.68547],[-75.11358,39.69464],[-75.10757,39.67994],[-75.05349,39.67753],[-74.91188,39.57846],[-74.73622,39.72977],[-74.66785,39.68361],[-74.6548,39.62685],[-74.5539,39.59841],[-74.5397,39.57499],[-74.49305,39.55563],[-74.45609,39.54727],[-74.44626,39.55892],[-74.43522,39.54151],[-74.43837,39.55352],[-74.41739,39.55725],[-74.3904,39.59604],[-74.38971,39.77328],[-74.41689,39.82268],[-74.33141,39.82894],[-74.25026,39.7982],[-74.2042,39.84119],[-74.19963,39.8111],[-74.10286,39.79637],[-74.08746,39.87518],[-74.16979,39.86815],[-74.17479,39.90447],[-74.15686,39.91063],[-74.17097,39.91468],[-74.09695,39.94147],[-74.09886,39.91544],[-74.07679,39.91272],[-74.03355,40.09952],[-73.96541,40.09764],[-74.04386,39.73635],[-74.26592,39.42242],[-74.36875,39.32068],[-74.46161,39.30102],[-74.56524,39.21064],[-74.64428,39.11482],[-74.64687,39.07621],[-74.71557,39.00922],[-74.74311,38.95889],[-74.82433,38.89626],[-74.90799,38.87932],[-75.01512,38.78866],[-75.16846,39.05618],[-75.31622,39.24531],[-75.56054,39.45564],[-75.56356,39.48329]]]}},{"type":"Feature","properties":{"id":"242","riding_id":"34003","FEDNUM":"34003","name_en":"Congressional District 3","name_fr":"Congressional District 3","state":""},"geometry":{"type":"Polygon","coordinates":[[[-75.03117,39.99212],[-75.01044,40.00325],[-75.03053,40.01614],[-74.93325,40.06856],[-74.86176,40.08346],[-74.82253,40.12684],[-74.78417,40.12048],[-74.72437,40.14641],[-74.72232,40.16073],[-74.75176,40.18384],[-74.75284,40.19834],[-74.73256,40.20339],[-74.73179,40.24219],[-74.75631,40.24871],[-74.76222,40.28427],[-74.74373,40.33138],[-74.71322,40.35848],[-74.64994,40.24176],[-74.59928,40.24683],[-74.56739,40.27852],[-74.57292,40.3012],[-74.48911,40.27716],[-74.48496,40.25332],[-74.46102,40.25112],[-74.39347,40.27952],[-74.26207,40.39537],[-74.20882,40.38183],[-74.20905,40.40503],[-74.13316,40.42686],[-74.14908,40.32466],[-74.19486,40.34511],[-74.2253,40.33946],[-74.22386,40.26119],[-74.2686,40.20601],[-74.34163,40.21654],[-74.55311,40.07913],[-74.38971,39.77328],[-74.3904,39.59604],[-74.41739,39.55725],[-74.43837,39.55352],[-74.43522,39.54151],[-74.44626,39.55892],[-74.45609,39.54727],[-74.49305,39.55563],[-74.5397,39.57499],[-74.5539,39.59841],[-74.6548,39.62685],[-74.66785,39.68361],[-74.80686,39.78346],[-74.89482,39.78331],[-74.93075,39.88591],[-74.98398,39.92694],[-74.96873,39.94556],[-75.0054,39.97303],[-75.01994,39.96792],[-75.01015,39.97977],[-75.03117,39.99212]]]}},{"type":"Feature","properties":{"id":"249","riding_id":"34004","FEDNUM":"34004","name_en":"Congressional District 4","name_fr":"Congressional District 4","state":""},"geometry":{"type":"Polygon","coordinates":[[[-74.55311,40.07913],[-74.34163,40.21654],[-74.2686,40.20601],[-74.22386,40.26119],[-74.2253,40.33946],[-74.19486,40.34511],[-74.14908,40.32466],[-74.1306,40.43643],[-74.04315,40.41164],[-74.0151,40.38905],[-74.07912,40.36009],[-74.09032,40.33941],[-74.04709,40.32981],[-74.02763,40.27274],[-74.00289,40.27641],[-74.00868,40.23536],[-74.02276,40.24087],[-74.01384,40.23023],[-74.03063,40.22435],[-74.07741,40.23439],[-74.09458,40.20632],[-74.04131,40.18147],[-74.00498,40.19501],[-74.02828,40.11742],[-74.00718,40.09772],[-74.03551,40.09435],[-74.07679,39.91272],[-74.09886,39.91544],[-74.09695,39.94147],[-74.17479,39.90447],[-74.16763,39.86732],[-74.08746,39.87518],[-74.10286,39.79637],[-74.19963,39.8111],[-74.2042,39.84119],[-74.25026,39.7982],[-74.33141,39.82894],[-74.41689,39.82268],[-74.55311,40.07913]]]}},{"type":"Feature","properties":{"id":"246","riding_id":"34005","FEDNUM":"34005","name_en":"Congressional District 5","name_fr":"Congressional District 5","state":""},"geometry":{"type":"Polygon","coordinates":[[[-74.8721,41.20125],[-74.86112,41.24365],[-74.79557,41.32034],[-74.69558,41.35761],[-73.89363,40.99717],[-73.89614,40.98187],[-73.92982,40.88868],[-73.97683,40.82783],[-74.02166,40.83988],[-74.0683,40.87605],[-74.05442,40.90633],[-74.14022,40.924],[-74.14105,40.96635],[-74.17028,40.9839],[-74.19182,40.9786],[-74.18731,41.0174],[-74.16992,41.02824],[-74.24895,41.06361],[-74.27066,41.02103],[-74.30236,41.01308],[-74.30143,40.99925],[-74.35005,41.00394],[-74.41802,41.0286],[-74.43504,41.02002],[-74.42694,41.03598],[-74.44691,41.05443],[-74.49763,41.03412],[-74.48683,41.07644],[-74.50049,41.086],[-74.53586,41.05851],[-74.63854,41.11867],[-74.66775,41.09413],[-74.68852,41.00929],[-74.74007,40.96974],[-74.73245,40.99565],[-74.74864,40.99968],[-74.75163,40.97738],[-74.78764,41.00579],[-74.76297,41.06864],[-74.81082,41.05993],[-74.8721,41.20125]]]}},{"type":"Feature","properties":{"id":"248","riding_id":"34006","FEDNUM":"34006","name_en":"Congressional District 6","name_fr":"Congressional District 6","state":""},"geometry":{"type":"Polygon","coordinates":[[[-74.51984,40.55558],[-74.45513,40.59595],[-74.21446,40.60414],[-74.20329,40.59304],[-74.21457,40.56053],[-74.24748,40.54938],[-74.25813,40.50872],[-74.25304,40.48666],[-74.22533,40.47658],[-73.97787,40.5191],[-73.88965,40.48651],[-73.89079,40.31069],[-73.96541,40.09764],[-74.00718,40.09772],[-74.02828,40.11742],[-74.00498,40.19501],[-74.04131,40.18147],[-74.09458,40.20632],[-74.07741,40.23439],[-74.02761,40.22473],[-74.00021,40.25631],[-74.00289,40.27641],[-74.03572,40.2848],[-74.04709,40.32981],[-74.09031,40.33927],[-74.0652,40.36884],[-74.01174,40.38233],[-74.02362,40.40033],[-74.12232,40.43896],[-74.20905,40.40503],[-74.20882,40.38183],[-74.26207,40.39537],[-74.27441,40.42529],[-74.30489,40.41549],[-74.31363,40.45062],[-74.36154,40.4166],[-74.35358,40.43184],[-74.38609,40.45952],[-74.38508,40.48721],[-74.48949,40.47445],[-74.45918,40.49662],[-74.51984,40.55558]]]}},{"type":"Feature","properties":{"id":"252","riding_id":"34007","FEDNUM":"34007","name_en":"Congressional District 7","name_fr":"Congressional District 7","state":""},"geometry":{"type":"Polygon","coordinates":[[[-75.20392,40.6915],[-75.18208,40.73152],[-75.19653,40.75163],[-75.17159,40.77775],[-75.1344,40.77377],[-75.1085,40.79109],[-75.08393,40.82447],[-75.09578,40.84708],[-75.06601,40.84759],[-75.05103,40.86566],[-75.1347,40.97204],[-75.1311,40.99046],[-75.0271,41.03953],[-75.01241,41.06726],[-74.97009,41.08589],[-74.96943,41.09607],[-74.99182,41.08913],[-74.982,41.10849],[-74.92315,41.13853],[-74.8721,41.20125],[-74.81082,41.05993],[-74.76297,41.06864],[-74.78764,41.00579],[-74.75163,40.97738],[-74.74864,40.99968],[-74.73245,40.99565],[-74.74007,40.96974],[-74.68852,41.00929],[-74.66775,41.09413],[-74.63854,41.11867],[-74.53586,41.05851],[-74.64148,40.96243],[-74.59486,40.90241],[-74.56595,40.90831],[-74.58426,40.87198],[-74.62364,40.86683],[-74.64602,40.8374],[-74.62804,40.83033],[-74.63065,40.80471],[-74.57158,40.81562],[-74.56828,40.7944],[-74.53817,40.81111],[-74.5494,40.73395],[-74.53089,40.72985],[-74.51372,40.69775],[-74.44945,40.71739],[-74.44371,40.68805],[-74.36915,40.73937],[-74.29603,40.71239],[-74.33396,40.64917],[-74.27481,40.62548],[-74.21592,40.64385],[-74.20067,40.6329],[-74.19959,40.59785],[-74.39472,40.60099],[-74.38272,40.62947],[-74.40853,40.64435],[-74.52392,40.56967],[-74.5247,40.58184],[-74.6161,40.55604],[-74.68741,40.55535],[-74.70754,40.52803],[-74.68457,40.51719],[-74.6828,40.4871],[-74.65534,40.47804],[-74.70182,40.46824],[-74.74815,40.42416],[-74.80847,40.41666],[-74.80202,40.38497],[-74.86968,40.37777],[-74.85626,40.3467],[-74.93228,40.33943],[-74.9675,40.39881],[-75.0595,40.41944],[-75.06884,40.54242],[-75.11554,40.57286],[-75.17162,40.56422],[-75.19494,40.57714],[-75.20045,40.64922],[-75.1768,40.67571],[-75.20392,40.6915]]]}},{"type":"Feature","properties":{"id":"245","riding_id":"34008","FEDNUM":"34008","name_en":"Congressional District 8","name_fr":"Congressional District 8","state":""},"geometry":{"type":"Polygon","coordinates":[[[-74.25407,40.67025],[-74.21235,40.69067],[-74.13656,40.67437],[-74.11456,40.70107],[-74.09449,40.68673],[-74.0555,40.71654],[-74.05487,40.7316],[-74.08929,40.7384],[-74.11706,40.71038],[-74.13867,40.72715],[-74.16712,40.71974],[-74.17676,40.72757],[-74.16546,40.751],[-74.19252,40.75558],[-74.17166,40.78824],[-74.14834,40.77989],[-74.1631,40.75377],[-74.10923,40.77782],[-74.09064,40.7488],[-74.04047,40.78186],[-74.03368,40.80326],[-74.04492,40.80756],[-74.01782,40.82334],[-73.98474,40.79766],[-74.05575,40.65148],[-74.18564,40.64604],[-74.20067,40.6329],[-74.25407,40.67025]],[[-74.04389,40.69018],[-74.04625,40.68932],[-74.04362,40.68876],[-74.04389,40.69018]],[[-74.03894,40.69965],[-74.03993,40.69859],[-74.03837,40.69867],[-74.03894,40.69965]]]}},{"type":"Feature","properties":{"id":"243","riding_id":"34009","FEDNUM":"34009","name_en":"Congressional District 9","name_fr":"Congressional District 9","state":""},"geometry":{"type":"Polygon","coordinates":[[[-74.30308,41.01205],[-74.27066,41.02103],[-74.24895,41.06361],[-74.18184,41.03547],[-74.16758,41.02378],[-74.18731,41.0174],[-74.19182,40.9786],[-74.17028,40.9839],[-74.14105,40.96635],[-74.14022,40.924],[-74.05569,40.90708],[-74.0683,40.87605],[-74.02166,40.83988],[-73.97683,40.82783],[-73.95419,40.848],[-73.96358,40.82664],[-73.98474,40.79766],[-74.01684,40.82358],[-74.04492,40.80756],[-74.03365,40.79239],[-74.07869,40.7506],[-74.10923,40.77782],[-74.16354,40.75398],[-74.13002,40.81994],[-74.19831,40.85729],[-74.17412,40.90135],[-74.20614,40.91695],[-74.19688,40.95516],[-74.28203,40.96917],[-74.30308,41.01205]]]}},{"type":"Feature","properties":{"id":"251","riding_id":"34010","FEDNUM":"34010","name_en":"Congressional District 10","name_fr":"Congressional District 10","state":""},"geometry":{"type":"Polygon","coordinates":[[[-74.33361,40.64951],[-74.29402,40.71975],[-74.25567,40.71346],[-74.23467,40.75056],[-74.30472,40.75788],[-74.27643,40.81457],[-74.30022,40.83249],[-74.28521,40.84703],[-74.22024,40.83411],[-74.23773,40.80353],[-74.22677,40.79458],[-74.20781,40.82548],[-74.21853,40.78821],[-74.18976,40.76863],[-74.19252,40.75558],[-74.16546,40.751],[-74.17676,40.72757],[-74.16712,40.71974],[-74.13867,40.72715],[-74.11706,40.71038],[-74.08929,40.7384],[-74.05487,40.7316],[-74.09449,40.68673],[-74.11456,40.70107],[-74.13656,40.67437],[-74.21235,40.69067],[-74.25407,40.67025],[-74.2162,40.64371],[-74.26588,40.62679],[-74.33361,40.64951]]]}},{"type":"Feature","properties":{"id":"253","riding_id":"34011","FEDNUM":"34011","name_en":"Congressional District 11","name_fr":"Congressional District 11","state":""},"geometry":{"type":"Polygon","coordinates":[[[-74.64602,40.83743],[-74.62364,40.86683],[-74.58426,40.87198],[-74.56595,40.90831],[-74.59486,40.90241],[-74.64136,40.96267],[-74.50077,41.08611],[-74.48683,41.07644],[-74.49763,41.03412],[-74.44686,41.05441],[-74.42694,41.03598],[-74.43504,41.02002],[-74.41888,41.02873],[-74.38729,41.01169],[-74.29918,41.00306],[-74.28203,40.96917],[-74.19803,40.95649],[-74.20614,40.91695],[-74.17412,40.90135],[-74.19831,40.85729],[-74.13002,40.81994],[-74.14834,40.77989],[-74.17157,40.78827],[-74.18945,40.76828],[-74.21853,40.78821],[-74.20781,40.82548],[-74.22677,40.79458],[-74.23773,40.80353],[-74.22024,40.83411],[-74.28521,40.84703],[-74.30022,40.83249],[-74.27643,40.81457],[-74.30472,40.75788],[-74.23467,40.75056],[-74.25273,40.71531],[-74.3256,40.71708],[-74.37174,40.73964],[-74.44376,40.68804],[-74.44945,40.71739],[-74.51372,40.69775],[-74.53089,40.72985],[-74.54935,40.73385],[-74.53817,40.81111],[-74.56828,40.7944],[-74.57158,40.81562],[-74.63065,40.80471],[-74.62804,40.83033],[-74.64602,40.83743]]]}},{"type":"Feature","properties":{"id":"247","riding_id":"34012","FEDNUM":"34012","name_en":"Congressional District 12","name_fr":"Congressional District 12","state":""},"geometry":{"type":"Polygon","coordinates":[[[-74.94291,40.34168],[-74.85626,40.3467],[-74.86968,40.37777],[-74.80202,40.38497],[-74.80847,40.41666],[-74.74815,40.42416],[-74.70182,40.46824],[-74.65534,40.47804],[-74.6828,40.4871],[-74.68457,40.51719],[-74.70754,40.52803],[-74.68786,40.55512],[-74.6161,40.55604],[-74.5247,40.58184],[-74.52392,40.56967],[-74.40853,40.64435],[-74.38272,40.62947],[-74.39472,40.60099],[-74.45513,40.59595],[-74.51984,40.55558],[-74.45918,40.49662],[-74.48949,40.47445],[-74.38508,40.48721],[-74.38609,40.45952],[-74.35358,40.43184],[-74.36154,40.4166],[-74.31363,40.45062],[-74.30489,40.41549],[-74.27496,40.42536],[-74.26141,40.41272],[-74.2604,40.39667],[-74.39344,40.27955],[-74.46102,40.25112],[-74.48496,40.25332],[-74.48911,40.27716],[-74.57292,40.3012],[-74.56739,40.27852],[-74.59928,40.24683],[-74.64994,40.24176],[-74.71322,40.35848],[-74.74373,40.33138],[-74.76222,40.28427],[-74.75631,40.24871],[-74.73179,40.24219],[-74.72881,40.22077],[-74.75176,40.18384],[-74.77144,40.21518],[-74.84231,40.25051],[-74.88061,40.30561],[-74.94291,40.34168]]]}},{"type":"Feature","properties":{"id":"255","riding_id":"35001","FEDNUM":"35001","name_en":"Congressional District 1","name_fr":"Congressional District 1","state":""},"geometry":{"type":"Polygon","coordinates":[[[-106.98098,35.26035],[-106.97306,35.28641],[-106.85639,35.2934],[-106.86223,35.35672],[-106.8423,35.33361],[-106.72914,35.33673],[-106.71802,35.32231],[-106.69697,35.32619],[-106.70233,35.3509],[-106.68623,35.36283],[-106.64671,35.35272],[-106.6346,35.37137],[-106.55846,35.32412],[-106.50698,35.33443],[-106.4809,35.35799],[-106.3948,35.34836],[-106.39968,35.36524],[-106.35517,35.36563],[-106.35605,35.44886],[-106.32515,35.4616],[-106.24885,35.44328],[-106.24516,35.23866],[-106.22266,35.24795],[-106.15656,35.22497],[-106.15611,35.14209],[-105.97998,35.14219],[-106.02952,35.04068],[-105.29079,35.04203],[-105.29117,35.21649],[-104.12514,35.2157],[-104.12888,34.6052],[-103.94878,34.60506],[-103.94602,34.08246],[-103.84169,34.08191],[-103.84193,33.8192],[-103.71689,33.81956],[-103.71793,33.70364],[-103.77059,33.72838],[-103.88426,33.66991],[-104.20617,33.64365],[-104.34868,33.58831],[-104.4879,33.43704],[-104.50986,33.44981],[-104.5145,33.43791],[-104.55914,33.4376],[-104.55908,33.42304],[-104.59519,33.42259],[-104.59499,33.39426],[-104.8852,33.36924],[-104.88513,33.30583],[-104.90384,33.3059],[-104.90542,33.1389],[-105.31697,33.1323],[-105.31622,33.00272],[-105.41308,33.00384],[-105.41885,32.99233],[-105.48447,33.00534],[-105.46049,33.02448],[-105.57625,33.06106],[-105.65035,33.11555],[-105.69425,33.11719],[-105.70974,33.19274],[-105.74946,33.22939],[-105.78839,33.21539],[-105.92963,33.21838],[-105.93164,33.3899],[-106.37189,33.39061],[-106.37366,33.6605],[-106.05272,33.6503],[-106.05266,33.82561],[-105.92468,33.82562],[-105.92597,34.25999],[-106.41597,34.25982],[-106.41692,34.43969],[-106.45631,34.43705],[-106.56465,34.47389],[-106.72555,34.63898],[-106.71459,34.65835],[-106.74523,34.66045],[-106.74836,34.70809],[-106.72722,34.77842],[-106.74089,34.78194],[-106.71474,34.81406],[-106.72009,34.87214],[-106.68449,34.87114],[-106.68445,34.84845],[-106.66275,34.84417],[-106.66765,34.81121],[-106.46455,34.81103],[-106.46387,34.87019],[-106.41178,34.87019],[-106.41336,34.89019],[-106.37992,34.90575],[-106.38042,34.94736],[-106.66367,34.94679],[-106.62882,35.04539],[-106.65105,35.06327],[-106.64315,35.07065],[-106.72662,35.124],[-106.7093,35.13838],[-106.71839,35.15951],[-106.68699,35.16701],[-106.68094,35.19742],[-106.72765,35.19214],[-106.72899,35.21798],[-106.96204,35.21839],[-106.98098,35.26035]]]}},{"type":"Feature","properties":{"id":"256","riding_id":"35002","FEDNUM":"35002","name_en":"Congressional District 2","name_fr":"Congressional District 2","state":""},"geometry":{"type":"Polygon","coordinates":[[[-109.05003,31.33235],[-109.04601,35.17551],[-108.8476,35.17663],[-108.83853,35.12504],[-108.85608,35.10614],[-108.8074,35.11921],[-108.82554,35.0752],[-108.74116,35.05706],[-108.71488,35.06534],[-108.73637,35.09941],[-108.70578,35.1119],[-108.63606,35.1218],[-108.5704,35.10562],[-108.53997,35.12214],[-108.53913,35.29181],[-108.52157,35.30029],[-107.73422,35.30499],[-107.73424,35.34815],[-107.62831,35.34831],[-107.62879,35.30433],[-107.23889,35.30551],[-107.19724,35.21946],[-106.72315,35.21564],[-106.72765,35.19214],[-106.67965,35.19444],[-106.68699,35.16701],[-106.71839,35.15951],[-106.7093,35.13838],[-106.72662,35.124],[-106.64315,35.07065],[-106.65105,35.06327],[-106.62867,35.04493],[-106.66367,34.94679],[-106.38042,34.94736],[-106.37992,34.90575],[-106.41336,34.89019],[-106.41178,34.87019],[-106.46387,34.87019],[-106.46455,34.81103],[-106.66765,34.81121],[-106.66275,34.84417],[-106.68445,34.84845],[-106.68449,34.87114],[-106.72009,34.87214],[-106.71474,34.81406],[-106.74089,34.78194],[-106.72722,34.77842],[-106.74836,34.70809],[-106.74523,34.66045],[-106.71459,34.65835],[-106.72555,34.63898],[-106.56465,34.47389],[-106.45631,34.43705],[-106.41692,34.43969],[-106.41597,34.25982],[-105.92597,34.25999],[-105.92489,34.2171],[-105.92468,33.82562],[-106.05266,33.82561],[-106.05272,33.6503],[-106.37366,33.6605],[-106.37189,33.39061],[-105.93164,33.3899],[-105.92963,33.21838],[-105.78839,33.21539],[-105.74946,33.22939],[-105.70974,33.19274],[-105.69425,33.11719],[-105.67696,33.12554],[-105.63421,33.10865],[-105.57625,33.06106],[-105.46049,33.02448],[-105.48447,33.00534],[-105.41885,32.99233],[-105.41308,33.00384],[-105.31622,33.00272],[-105.31697,33.1323],[-104.90548,33.1389],[-104.90516,32.96289],[-104.55072,32.964],[-104.5625,32.92101],[-104.59435,32.8863],[-104.59345,32.84295],[-104.63144,32.82817],[-104.60879,32.79926],[-104.51803,32.78657],[-104.53142,32.75569],[-104.48183,32.75597],[-104.47888,32.78068],[-104.41269,32.78452],[-104.41263,32.82809],[-104.39577,32.82821],[-104.39566,32.78438],[-104.361,32.7853],[-104.32041,32.76029],[-104.23291,32.79136],[-104.15021,32.80021],[-104.12504,32.94931],[-104.10759,32.96538],[-103.81451,32.96511],[-103.81446,32.77024],[-103.35101,32.76937],[-103.35083,32.69674],[-103.12393,32.69656],[-103.11052,32.73732],[-103.06467,32.72696],[-103.06451,32.00042],[-106.61849,32.0005],[-106.63954,31.98034],[-106.61957,31.97158],[-106.62974,31.92657],[-106.61286,31.92037],[-106.64548,31.89867],[-106.62919,31.8837],[-106.63592,31.86623],[-106.6017,31.84437],[-106.60281,31.82502],[-106.54714,31.8073],[-106.52794,31.78389],[-108.20848,31.7837],[-108.20847,31.33337],[-109.05003,31.33235]]]}},{"type":"Feature","properties":{"id":"254","riding_id":"35003","FEDNUM":"35003","name_en":"Congressional District 3","name_fr":"Congressional District 3","state":""},"geometry":{"type":"Polygon","coordinates":[[[-109.04601,35.17551],[-109.04517,36.99898],[-103.00233,37.00015],[-103.00229,36.50089],[-103.04172,36.50036],[-103.04365,34.00364],[-103.06467,32.72696],[-103.11052,32.73732],[-103.12393,32.69656],[-103.35083,32.69674],[-103.35101,32.76937],[-103.81446,32.77024],[-103.81451,32.96511],[-104.10759,32.96538],[-104.12504,32.94931],[-104.15021,32.80021],[-104.23291,32.79136],[-104.32041,32.76029],[-104.361,32.7853],[-104.39566,32.78438],[-104.39577,32.82821],[-104.41263,32.82809],[-104.41269,32.78452],[-104.47888,32.78068],[-104.48183,32.75597],[-104.53142,32.75569],[-104.51803,32.78657],[-104.60879,32.79926],[-104.63144,32.82817],[-104.59345,32.84295],[-104.59435,32.8863],[-104.5625,32.92101],[-104.55072,32.964],[-104.90516,32.96289],[-104.90384,33.3059],[-104.88513,33.30583],[-104.8852,33.36924],[-104.59499,33.39426],[-104.59519,33.42259],[-104.55908,33.42304],[-104.55914,33.4376],[-104.5145,33.43791],[-104.50986,33.44981],[-104.4879,33.43704],[-104.34868,33.58831],[-104.20617,33.64365],[-103.88426,33.66991],[-103.77059,33.72838],[-103.71793,33.70364],[-103.71689,33.81956],[-103.84193,33.8192],[-103.84169,34.08191],[-103.94602,34.08246],[-103.94878,34.60506],[-104.12888,34.6052],[-104.12514,35.2157],[-105.29117,35.21649],[-105.29079,35.04203],[-106.02952,35.04068],[-105.97998,35.14219],[-106.15611,35.14209],[-106.15656,35.22497],[-106.22266,35.24795],[-106.24516,35.23866],[-106.24885,35.44328],[-106.32515,35.4616],[-106.35605,35.44886],[-106.35517,35.36563],[-106.39968,35.36524],[-106.3948,35.34836],[-106.4809,35.35799],[-106.50698,35.33443],[-106.55846,35.32412],[-106.6346,35.37137],[-106.64671,35.35272],[-106.68623,35.36283],[-106.70233,35.3509],[-106.69697,35.32619],[-106.71802,35.32231],[-106.72914,35.33673],[-106.8423,35.33361],[-106.86223,35.35672],[-106.85639,35.2934],[-106.90796,35.30003],[-106.97617,35.28389],[-106.9749,35.22985],[-106.96204,35.21839],[-107.19724,35.21946],[-107.23889,35.30551],[-107.62879,35.30433],[-107.62831,35.34831],[-107.73424,35.34815],[-107.73422,35.30499],[-108.4921,35.30601],[-108.53913,35.29181],[-108.53997,35.12214],[-108.5704,35.10562],[-108.63606,35.1218],[-108.705,35.11215],[-108.73637,35.09941],[-108.71488,35.06534],[-108.76325,35.05567],[-108.82554,35.0752],[-108.8074,35.11921],[-108.85608,35.10614],[-108.83853,35.12504],[-108.8476,35.17663],[-109.04601,35.17551]]]}},{"type":"Feature","properties":{"id":"265","riding_id":"36001","FEDNUM":"36001","name_en":"Congressional District 1","name_fr":"Congressional District 1","state":""},"geometry":{"type":"Polygon","coordinates":[[[-73.45162,40.81973],[-73.38275,40.85187],[-73.4028,40.8647],[-73.38814,40.91146],[-73.42941,40.91954],[-73.43192,40.98901],[-72.99955,41.08711],[-72.08185,41.26222],[-71.92945,41.31039],[-71.90726,41.30448],[-71.79097,41.1841],[-71.77749,41.06729],[-71.79414,41.03698],[-71.83709,41.01089],[-72.37453,40.8186],[-72.80764,40.69393],[-72.80774,40.76973],[-72.86567,40.85097],[-73.12002,40.80692],[-73.12307,40.83298],[-73.22679,40.82431],[-73.23095,40.80883],[-73.29465,40.80398],[-73.29497,40.7843],[-73.43862,40.75129],[-73.45162,40.81973]]]}},{"type":"Feature","properties":{"id":"267","riding_id":"36002","FEDNUM":"36002","name_en":"Congressional District 2","name_fr":"Congressional District 2","state":""},"geometry":{"type":"Polygon","coordinates":[[[-73.48495,40.52092],[-73.4835,40.71703],[-73.43029,40.70661],[-73.43862,40.75129],[-73.29497,40.7843],[-73.29465,40.80398],[-73.12307,40.83298],[-73.12002,40.80692],[-72.86567,40.85097],[-72.80719,40.76771],[-72.80764,40.69393],[-73.27402,40.55131],[-73.32627,40.55692],[-73.48495,40.52092]]]}},{"type":"Feature","properties":{"id":"269","riding_id":"36003","FEDNUM":"36003","name_en":"Congressional District 3","name_fr":"Congressional District 3","state":""},"geometry":{"type":"Polygon","coordinates":[[[-73.82758,40.80394],[-73.78792,40.80036],[-73.748,40.87187],[-73.61289,40.95094],[-73.43192,40.98901],[-73.42941,40.91954],[-73.38814,40.91146],[-73.4028,40.8647],[-73.38275,40.85187],[-73.45162,40.81973],[-73.4304,40.70659],[-73.45944,40.71828],[-73.4835,40.71703],[-73.48887,40.70161],[-73.52262,40.70749],[-73.52532,40.72492],[-73.55417,40.73398],[-73.55321,40.75595],[-73.73984,40.71731],[-73.75675,40.72597],[-73.73504,40.74553],[-73.77417,40.76776],[-73.80307,40.76013],[-73.82602,40.77909],[-73.82758,40.80394]]]}},{"type":"Feature","properties":{"id":"271","riding_id":"36004","FEDNUM":"36004","name_en":"Congressional District 4","name_fr":"Congressional District 4","state":""},"geometry":{"type":"Polygon","coordinates":[[[-73.76881,40.62403],[-73.72505,40.65234],[-73.73033,40.72216],[-73.55321,40.75595],[-73.55417,40.73398],[-73.52532,40.72492],[-73.52262,40.70749],[-73.48425,40.70277],[-73.48495,40.52092],[-73.76878,40.53375],[-73.7555,40.58539],[-73.73718,40.59296],[-73.76881,40.62403]]]}},{"type":"Feature","properties":{"id":"272","riding_id":"36005","FEDNUM":"36005","name_en":"Congressional District 5","name_fr":"Congressional District 5","state":""},"geometry":{"type":"Polygon","coordinates":[[[-74.04228,40.50809],[-74.03629,40.55104],[-73.84985,40.58867],[-73.83304,40.62826],[-73.86317,40.65828],[-73.84588,40.68891],[-73.85668,40.70769],[-73.80935,40.70669],[-73.77757,40.73019],[-73.73033,40.72216],[-73.72482,40.65302],[-73.76876,40.62435],[-73.73718,40.59296],[-73.7555,40.58539],[-73.76878,40.53375],[-73.85484,40.512],[-73.88965,40.48651],[-73.97787,40.5191],[-74.04228,40.50809]]]}},{"type":"Feature","properties":{"id":"273","riding_id":"36006","FEDNUM":"36006","name_en":"Congressional District 6","name_fr":"Congressional District 6","state":""},"geometry":{"type":"Polygon","coordinates":[[[-73.91585,40.74314],[-73.90485,40.75726],[-73.85086,40.75],[-73.82623,40.77992],[-73.80307,40.76013],[-73.75862,40.76438],[-73.73436,40.74363],[-73.81201,40.70594],[-73.90538,40.71288],[-73.91384,40.7229],[-73.9008,40.73916],[-73.91585,40.74314]]]}},{"type":"Feature","properties":{"id":"274","riding_id":"36007","FEDNUM":"36007","name_en":"Congressional District 7","name_fr":"Congressional District 7","state":""},"geometry":{"type":"Polygon","coordinates":[[[-73.99073,40.69305],[-73.94046,40.76753],[-73.90632,40.75984],[-73.90538,40.71288],[-73.86208,40.7122],[-73.84588,40.68891],[-73.85728,40.67031],[-73.90023,40.67385],[-73.93818,40.69864],[-73.99073,40.69305]]]}},{"type":"Feature","properties":{"id":"275","riding_id":"36008","FEDNUM":"36008","name_en":"Congressional District 8","name_fr":"Congressional District 8","state":""},"geometry":{"type":"Polygon","coordinates":[[[-74.03466,40.58868],[-73.98824,40.5797],[-73.98506,40.59567],[-73.94517,40.60237],[-73.91994,40.62631],[-73.90659,40.64775],[-73.91677,40.67339],[-73.97703,40.6852],[-73.93818,40.69864],[-73.90023,40.67385],[-73.86108,40.67402],[-73.85494,40.64265],[-73.83304,40.62826],[-73.84985,40.58867],[-73.87922,40.57466],[-74.03629,40.55104],[-74.03466,40.58868]]]}},{"type":"Feature","properties":{"id":"276","riding_id":"36009","FEDNUM":"36009","name_en":"Congressional District 9","name_fr":"Congressional District 9","state":""},"geometry":{"type":"Polygon","coordinates":[[[-73.99724,40.62529],[-73.9619,40.65487],[-73.96407,40.67938],[-73.91677,40.67339],[-73.90659,40.64775],[-73.94517,40.60237],[-73.97651,40.59662],[-73.99724,40.62529]]]}},{"type":"Feature","properties":{"id":"277","riding_id":"36010","FEDNUM":"36010","name_en":"Congressional District 10","name_fr":"Congressional District 10","state":""},"geometry":{"type":"MultiPolygon","coordinates":[[[[-74.03993,40.69859],[-74.03894,40.69965],[-74.03837,40.69867],[-74.03993,40.69859]]],[[[-74.04625,40.68932],[-74.04389,40.69018],[-74.04362,40.68876],[-74.04625,40.68932]]],[[[-74.05305,40.65598],[-74.01728,40.74418],[-73.96264,40.72275],[-73.99017,40.70075],[-73.96407,40.67938],[-73.9619,40.65487],[-73.99004,40.63013],[-74.03714,40.63829],[-74.05305,40.65598]]]]}},{"type":"Feature","properties":{"id":"278","riding_id":"36011","FEDNUM":"36011","name_en":"Congressional District 11","name_fr":"Congressional District 11","state":""},"geometry":{"type":"Polygon","coordinates":[[[-74.25875,40.5001],[-74.24748,40.54938],[-74.21457,40.56053],[-74.2024,40.63159],[-74.18564,40.64604],[-74.05323,40.65566],[-73.97783,40.60359],[-73.98824,40.5797],[-74.03788,40.5892],[-74.04228,40.50809],[-74.22533,40.47658],[-74.25875,40.5001]]]}},{"type":"Feature","properties":{"id":"279","riding_id":"36012","FEDNUM":"36012","name_en":"Congressional District 12","name_fr":"Congressional District 12","state":""},"geometry":{"type":"Polygon","coordinates":[[[-74.01661,40.74696],[-73.97115,40.81627],[-73.96848,40.79664],[-73.93441,40.77809],[-73.96264,40.72275],[-74.01661,40.74696]]]}},{"type":"Feature","properties":{"id":"280","riding_id":"36013","FEDNUM":"36013","name_en":"Congressional District 13","name_fr":"Congressional District 13","state":""},"geometry":{"type":"Polygon","coordinates":[[[-73.96848,40.79664],[-73.93379,40.88221],[-73.88433,40.87934],[-73.88038,40.86919],[-73.93301,40.83568],[-73.91717,40.78419],[-73.92988,40.77622],[-73.96848,40.79664]]]}},{"type":"Feature","properties":{"id":"281","riding_id":"36014","FEDNUM":"36014","name_en":"Congressional District 14","name_fr":"Congressional District 14","state":""},"geometry":{"type":"Polygon","coordinates":[[[-73.94035,40.76765],[-73.9103,40.79066],[-73.9318,40.80788],[-73.84064,40.86755],[-73.81881,40.86248],[-73.82324,40.8912],[-73.74806,40.87172],[-73.78475,40.80259],[-73.82758,40.80394],[-73.82528,40.7817],[-73.85086,40.75],[-73.88868,40.74713],[-73.94035,40.76765]]]}},{"type":"Feature","properties":{"id":"282","riding_id":"36015","FEDNUM":"36015","name_en":"Congressional District 15","name_fr":"Congressional District 15","state":""},"geometry":{"type":"Polygon","coordinates":[[[-73.93381,40.88221],[-73.91832,40.9177],[-73.85939,40.90038],[-73.85112,40.91001],[-73.82959,40.86217],[-73.9318,40.80788],[-73.9273,40.84656],[-73.88038,40.86919],[-73.8889,40.8845],[-73.93381,40.88221]]]}},{"type":"Feature","properties":{"id":"257","riding_id":"36016","FEDNUM":"36016","name_en":"Congressional District 16","name_fr":"Congressional District 16","state":""},"geometry":{"type":"Polygon","coordinates":[[[-73.91824,40.91789],[-73.89363,40.99717],[-73.89471,41.07002],[-73.85311,41.06092],[-73.84792,41.08684],[-73.76223,41.0534],[-73.75913,41.07003],[-73.74395,41.05216],[-73.75258,41.07875],[-73.7063,41.07407],[-73.65525,41.01225],[-73.65967,40.98791],[-73.61289,40.95094],[-73.74806,40.87172],[-73.82324,40.8912],[-73.82703,40.85926],[-73.84973,40.88356],[-73.85112,40.91001],[-73.85939,40.90038],[-73.91824,40.91789]]]}},{"type":"Feature","properties":{"id":"258","riding_id":"36017","FEDNUM":"36017","name_en":"Congressional District 17","name_fr":"Congressional District 17","state":""},"geometry":{"type":"Polygon","coordinates":[[[-74.23442,41.14306],[-73.96435,41.34427],[-73.94736,41.39525],[-73.98155,41.43901],[-73.93377,41.48828],[-73.8611,41.49595],[-73.84263,41.55045],[-73.85264,41.59226],[-73.81247,41.63381],[-73.76518,41.62638],[-73.72842,41.58129],[-73.70293,41.61268],[-73.67238,41.60685],[-73.66369,41.58843],[-73.62823,41.60832],[-73.52104,41.61983],[-73.55096,41.29542],[-73.4827,41.21277],[-73.72777,41.1007],[-73.7066,41.07295],[-73.75258,41.07875],[-73.74395,41.05216],[-73.75741,41.06958],[-73.77229,41.05438],[-73.78272,41.07],[-73.84792,41.08684],[-73.85311,41.06092],[-73.89471,41.07002],[-73.89398,40.99717],[-74.23442,41.14306]]]}},{"type":"Feature","properties":{"id":"259","riding_id":"36018","FEDNUM":"36018","name_en":"Congressional District 18","name_fr":"Congressional District 18","state":""},"geometry":{"type":"Polygon","coordinates":[[[-74.76262,41.4477],[-74.7524,41.49374],[-74.47562,41.50395],[-74.41814,41.56977],[-74.26409,41.63274],[-74.25019,41.62932],[-74.2516,41.60537],[-74.12639,41.58254],[-74.12466,41.63313],[-74.21756,41.65887],[-74.21031,41.69307],[-74.19199,41.6984],[-74.19536,41.72205],[-74.22249,41.71103],[-74.2254,41.72935],[-74.20076,41.75214],[-74.16903,41.74907],[-74.11632,41.7981],[-74.06925,41.80099],[-74.07174,41.81808],[-74.04641,41.8227],[-74.05037,41.85107],[-74.0346,41.87541],[-74.09444,42.01639],[-74.11009,42.02539],[-74.19,42.00312],[-74.2616,42.01985],[-74.27161,42.11162],[-74.0748,42.09659],[-74.04239,42.17039],[-74.00359,42.16336],[-74.00245,42.17699],[-73.91067,42.12729],[-73.92963,42.07878],[-73.71093,42.00549],[-73.52707,41.97798],[-73.52142,42.04997],[-73.48732,42.04953],[-73.52104,41.61983],[-73.62823,41.60832],[-73.66369,41.58843],[-73.67238,41.60685],[-73.70293,41.61268],[-73.72842,41.58129],[-73.76518,41.62638],[-73.81247,41.63381],[-73.85264,41.59226],[-73.84263,41.55045],[-73.8611,41.49595],[-73.93377,41.48828],[-73.98155,41.43901],[-73.94736,41.39525],[-73.96435,41.34427],[-74.23442,41.14306],[-74.69558,41.35761],[-74.76262,41.4477]]]}},{"type":"Feature","properties":{"id":"260","riding_id":"36019","FEDNUM":"36019","name_en":"Congressional District 19","name_fr":"Congressional District 19","state":""},"geometry":{"type":"Polygon","coordinates":[[[-76.69666,42.54679],[-76.58599,42.54991],[-76.66654,42.62346],[-76.45874,42.62742],[-76.26558,42.62359],[-76.26148,42.55045],[-76.11262,42.55567],[-76.06493,42.54342],[-76.07151,42.64737],[-75.88384,42.65563],[-75.88983,42.72384],[-75.29588,42.74411],[-75.25099,42.78494],[-75.24274,42.87787],[-75.21216,42.87997],[-75.21064,42.85655],[-75.13987,42.85976],[-75.101,42.90836],[-74.90674,42.82494],[-74.87882,42.89827],[-74.6483,42.82956],[-74.66751,42.75071],[-74.63063,42.62667],[-74.71158,42.5178],[-74.61889,42.42439],[-74.44351,42.35502],[-74.37905,42.37387],[-74.31258,42.35709],[-74.24469,42.37716],[-74.2543,42.40821],[-73.78372,42.46423],[-73.75217,42.56658],[-73.75956,42.61418],[-73.72392,42.64921],[-73.62866,42.63568],[-73.60846,42.70338],[-73.65236,42.69848],[-73.65638,42.72568],[-73.62766,42.73554],[-73.64811,42.75248],[-73.63697,42.77085],[-73.64861,42.79342],[-73.27831,42.83756],[-73.29094,42.80192],[-73.27642,42.74602],[-73.26483,42.74585],[-73.50821,42.08613],[-73.49702,42.04962],[-73.52142,42.04997],[-73.52707,41.97798],[-73.71093,42.00549],[-73.92963,42.07878],[-73.91067,42.12729],[-74.00245,42.17699],[-74.00359,42.16336],[-74.04239,42.17039],[-74.0748,42.09659],[-74.27161,42.11162],[-74.2616,42.01985],[-74.19,42.00312],[-74.11009,42.02539],[-74.09444,42.01639],[-74.0346,41.87541],[-74.05037,41.85107],[-74.04641,41.8227],[-74.07174,41.81808],[-74.06925,41.80099],[-74.11632,41.7981],[-74.16903,41.74907],[-74.20076,41.75214],[-74.2254,41.72935],[-74.22249,41.71103],[-74.19536,41.72205],[-74.19199,41.6984],[-74.21031,41.69307],[-74.21756,41.65887],[-74.12466,41.63313],[-74.12639,41.58254],[-74.2516,41.60537],[-74.25019,41.62932],[-74.26409,41.63274],[-74.41814,41.56977],[-74.47562,41.50395],[-74.76065,41.49079],[-74.75461,41.42488],[-74.78874,41.42141],[-74.80824,41.44292],[-74.83203,41.43039],[-74.85765,41.44416],[-74.89513,41.43933],[-74.89031,41.45581],[-74.93313,41.48258],[-74.98282,41.48051],[-74.98424,41.50651],[-75.00358,41.50828],[-75.02454,41.53459],[-75.0188,41.55244],[-75.07468,41.60653],[-75.04418,41.61806],[-75.05263,41.68811],[-75.06896,41.70933],[-75.04969,41.71337],[-75.05297,41.75179],[-75.10471,41.77438],[-75.07225,41.81413],[-75.11302,41.82262],[-75.1166,41.84545],[-75.16288,41.85055],[-75.17246,41.87228],[-75.18536,41.86006],[-75.25832,41.86227],[-75.27876,41.93871],[-75.34159,41.97222],[-75.3448,41.99472],[-76.10584,41.99891],[-76.11623,42.18561],[-76.08668,42.18686],[-76.08113,42.23049],[-76.09663,42.25745],[-76.08067,42.25798],[-76.10658,42.28736],[-76.09911,42.3034],[-76.11636,42.32657],[-76.13018,42.41034],[-76.29317,42.40657],[-76.29861,42.3817],[-76.23859,42.35674],[-76.25015,42.29668],[-76.41531,42.31837],[-76.4162,42.26298],[-76.47449,42.26376],[-76.47396,42.28113],[-76.69141,42.28431],[-76.69666,42.54679]]]}},{"type":"Feature","properties":{"id":"261","riding_id":"36020","FEDNUM":"36020","name_en":"Congressional District 20","name_fr":"Congressional District 20","state":""},"geometry":{"type":"Polygon","coordinates":[[[-74.30655,42.75064],[-74.2588,42.75713],[-74.24773,42.78547],[-74.26476,42.79895],[-74.25856,42.84109],[-74.27781,42.86029],[-74.26402,42.86888],[-74.28785,42.89156],[-74.27055,42.90621],[-74.28674,42.914],[-74.2893,42.98441],[-74.09747,42.98293],[-74.11062,43.06675],[-73.789,43.09427],[-73.77558,43.10788],[-73.77067,43.0959],[-73.77801,43.14036],[-73.67557,43.14916],[-73.66771,43.10558],[-73.70028,43.10246],[-73.69502,43.07457],[-73.7437,43.01671],[-73.59364,43.01433],[-73.63112,42.97062],[-73.63546,42.94129],[-73.45059,42.94458],[-73.43062,42.95865],[-73.38023,42.94374],[-73.27429,42.94365],[-73.27831,42.83756],[-73.65447,42.79059],[-73.63697,42.77085],[-73.64811,42.75248],[-73.62766,42.73554],[-73.65638,42.72568],[-73.65236,42.69848],[-73.60846,42.70338],[-73.62866,42.63568],[-73.72392,42.64921],[-73.75956,42.61418],[-73.75217,42.56658],[-73.78372,42.46423],[-74.26347,42.40713],[-74.22645,42.49923],[-74.23399,42.57569],[-74.17348,42.65707],[-74.16468,42.71721],[-74.18027,42.72998],[-74.18424,42.7125],[-74.27229,42.71427],[-74.30655,42.75064]]]}},{"type":"Feature","properties":{"id":"262","riding_id":"36021","FEDNUM":"36021","name_en":"Congressional District 21","name_fr":"Congressional District 21","state":""},"geometry":{"type":"Polygon","coordinates":[[[-75.88676,43.32502],[-75.81463,43.48358],[-75.75642,43.47042],[-75.78695,43.7887],[-75.85091,43.79189],[-75.8404,43.88393],[-75.75863,43.87877],[-75.60363,43.97133],[-75.64439,44.01913],[-75.6853,44.029],[-75.67717,44.04904],[-75.69523,44.05543],[-75.85767,43.98434],[-75.87779,44.1747],[-75.79383,44.13995],[-75.73783,44.20625],[-75.71733,44.19748],[-75.71141,44.23434],[-75.69397,44.229],[-75.62536,44.2855],[-75.63705,44.28735],[-75.62852,44.2991],[-75.86021,44.40336],[-75.82138,44.43204],[-75.80758,44.47171],[-75.76694,44.51527],[-75.41373,44.77218],[-75.36995,44.78288],[-75.28313,44.84915],[-75.02712,44.94657],[-74.99273,44.97747],[-74.90795,44.98337],[-74.82658,45.01586],[-74.7313,44.99042],[-74.67053,45.00629],[-74.15014,44.99136],[-73.34318,45.01071],[-73.35463,44.98735],[-73.33824,44.96475],[-73.33898,44.91768],[-73.38159,44.84935],[-73.33315,44.78876],[-73.36556,44.74179],[-73.36131,44.69452],[-73.39023,44.61835],[-73.37495,44.57582],[-73.30671,44.50033],[-73.29363,44.4389],[-73.33495,44.36444],[-73.31274,44.26541],[-73.39062,44.19107],[-73.43791,44.04512],[-73.40765,44.02111],[-73.40855,43.93189],[-73.37416,43.87624],[-73.37259,43.84535],[-73.39252,43.82134],[-73.35076,43.77139],[-73.42646,43.6426],[-73.41767,43.62169],[-73.43123,43.58828],[-73.39577,43.56809],[-73.37189,43.62449],[-73.30644,43.62833],[-73.29732,43.57937],[-73.25863,43.56495],[-73.24158,43.53496],[-73.27429,42.94365],[-73.38023,42.94374],[-73.43062,42.95865],[-73.45059,42.94458],[-73.63546,42.94129],[-73.63112,42.97062],[-73.59364,43.01433],[-73.7437,43.01671],[-73.69502,43.07457],[-73.70028,43.10246],[-73.66771,43.10558],[-73.68144,43.15316],[-73.69863,43.13978],[-73.71155,43.14994],[-73.77801,43.14036],[-73.77067,43.0959],[-73.77558,43.10788],[-73.789,43.09427],[-74.11062,43.06675],[-74.09747,42.98293],[-74.2893,42.98441],[-74.28674,42.914],[-74.27055,42.90621],[-74.28785,42.89156],[-74.26402,42.86888],[-74.27781,42.86029],[-74.25856,42.84109],[-74.26476,42.79895],[-74.24773,42.78547],[-74.2588,42.75713],[-74.30666,42.75007],[-74.27229,42.71427],[-74.18424,42.7125],[-74.18027,42.72998],[-74.16468,42.71721],[-74.16972,42.66743],[-74.24157,42.5508],[-74.22645,42.49923],[-74.26486,42.41986],[-74.24469,42.37716],[-74.31258,42.35709],[-74.37905,42.37387],[-74.44351,42.35502],[-74.61889,42.42439],[-74.71158,42.5178],[-74.63063,42.62667],[-74.66751,42.75071],[-74.6483,42.82956],[-74.87882,42.89827],[-74.90674,42.82494],[-75.101,42.90836],[-75.13987,42.85976],[-75.21064,42.85655],[-75.20144,42.88066],[-75.21911,43.05247],[-75.18233,43.0753],[-75.16091,43.11477],[-75.22697,43.13244],[-75.25474,43.11302],[-75.34091,43.17876],[-75.54393,43.16889],[-75.51367,43.13262],[-75.58677,43.1338],[-75.6532,43.10795],[-75.70677,43.13703],[-75.72016,43.16121],[-75.7762,43.17335],[-75.86826,43.14674],[-75.88428,43.15556],[-75.86293,43.31927],[-75.88676,43.32502]]]}},{"type":"Feature","properties":{"id":"263","riding_id":"36022","FEDNUM":"36022","name_en":"Congressional District 22","name_fr":"Congressional District 22","state":""},"geometry":{"type":"Polygon","coordinates":[[[-76.74021,42.7831],[-76.71719,42.83883],[-76.73347,42.89425],[-76.59286,42.89516],[-76.60082,42.95894],[-76.56773,42.95435],[-76.57031,43.01151],[-76.49267,43.01531],[-76.49922,43.09984],[-76.47177,43.10498],[-76.4863,43.14322],[-76.47307,43.14602],[-76.47922,43.22752],[-76.30754,43.23079],[-76.28103,43.20109],[-76.26205,43.21847],[-76.27285,43.24017],[-76.21787,43.20477],[-76.19425,43.21707],[-76.21339,43.24002],[-76.20294,43.27161],[-76.06936,43.21467],[-76.08518,43.21308],[-76.0789,43.19948],[-76.04691,43.20241],[-76.00394,43.17676],[-75.9329,43.17669],[-75.92536,43.16171],[-75.8676,43.14663],[-75.7762,43.17335],[-75.72016,43.16121],[-75.70677,43.13703],[-75.6532,43.10795],[-75.58677,43.1338],[-75.51367,43.13262],[-75.54393,43.16889],[-75.34091,43.17876],[-75.25474,43.11302],[-75.22697,43.13244],[-75.16091,43.11477],[-75.18233,43.0753],[-75.21911,43.05247],[-75.20144,42.88066],[-75.24826,42.87222],[-75.25099,42.78494],[-75.2835,42.75139],[-75.88983,42.72384],[-75.88384,42.65563],[-76.07151,42.64737],[-76.06493,42.54342],[-76.11262,42.55567],[-76.26148,42.55045],[-76.26558,42.62359],[-76.66654,42.62346],[-76.6879,42.67478],[-76.72895,42.7129],[-76.74021,42.7831]]]}},{"type":"Feature","properties":{"id":"264","riding_id":"36023","FEDNUM":"36023","name_en":"Congressional District 23","name_fr":"Congressional District 23","state":""},"geometry":{"type":"Polygon","coordinates":[[[-79.76242,42.51607],[-78.99976,42.80437],[-78.95688,42.83271],[-78.86897,42.8323],[-78.86238,42.80538],[-78.69692,42.81117],[-78.69691,43.08634],[-78.80076,43.06627],[-78.81385,43.05166],[-78.82331,43.08392],[-78.83576,43.07733],[-78.83763,43.12191],[-78.75481,43.13327],[-78.74611,43.16741],[-78.72296,43.16533],[-78.72438,43.14374],[-78.62539,43.15154],[-78.61584,43.07411],[-78.59379,43.06958],[-78.5825,43.08865],[-78.57516,43.07984],[-78.546,43.09869],[-78.54,43.08567],[-78.51006,43.09807],[-78.49732,43.08192],[-78.46445,43.0887],[-78.46438,42.86736],[-78.48625,42.86751],[-78.48796,42.78047],[-78.46332,42.78046],[-78.46455,42.51923],[-77.84069,42.51777],[-77.84023,42.47458],[-77.72296,42.47122],[-77.72611,42.40404],[-77.66513,42.40241],[-77.66496,42.42889],[-77.61698,42.4285],[-77.56465,42.45491],[-77.54403,42.42886],[-77.51436,42.42846],[-77.51538,42.39782],[-77.4709,42.39641],[-77.47126,42.36391],[-77.43195,42.36296],[-77.36496,42.3867],[-77.30156,42.38629],[-77.28705,42.42696],[-77.26901,42.42736],[-77.26022,42.48538],[-77.2302,42.48349],[-77.22941,42.45861],[-77.16889,42.45912],[-77.11479,42.50827],[-77.10487,42.38929],[-76.9843,42.39057],[-76.98329,42.37922],[-76.68662,42.39035],[-76.69141,42.28431],[-76.47396,42.28113],[-76.47449,42.26376],[-76.4162,42.26298],[-76.41531,42.31837],[-76.25015,42.29668],[-76.23859,42.35674],[-76.29861,42.3817],[-76.29317,42.40657],[-76.13018,42.41034],[-76.11636,42.32657],[-76.09911,42.3034],[-76.10658,42.28736],[-76.08121,42.26471],[-76.09663,42.25745],[-76.08142,42.21101],[-76.08668,42.18686],[-76.11623,42.18561],[-76.10584,41.99891],[-79.76195,41.99884],[-79.76242,42.51607]]]}},{"type":"Feature","properties":{"id":"266","riding_id":"36024","FEDNUM":"36024","name_en":"Congressional District 24","name_fr":"Congressional District 24","state":""},"geometry":{"type":"Polygon","coordinates":[[[-79.20094,43.45042],[-78.68829,43.63474],[-77.99398,43.63123],[-77.99729,43.13298],[-77.90593,43.13356],[-77.95104,43.03954],[-77.90412,43.03706],[-77.90983,42.98776],[-77.73096,42.98837],[-77.71783,42.97337],[-77.73118,42.9469],[-77.75905,42.94046],[-77.47866,42.94322],[-77.47728,42.90325],[-77.43229,42.8976],[-77.37024,42.91268],[-77.388,43.63154],[-76.77623,43.62953],[-76.75354,43.68427],[-76.43829,44.09417],[-76.35268,44.13474],[-76.31264,44.19904],[-76.19132,44.22124],[-76.16426,44.2396],[-76.16182,44.28078],[-76.00111,44.34787],[-75.94972,44.34898],[-75.86021,44.40336],[-75.62852,44.2991],[-75.62701,44.28069],[-75.69397,44.229],[-75.71141,44.23434],[-75.71733,44.19748],[-75.73783,44.20625],[-75.79383,44.13995],[-75.87779,44.1747],[-75.85683,43.98315],[-75.69523,44.05543],[-75.67717,44.04904],[-75.6853,44.029],[-75.64439,44.01913],[-75.60363,43.97133],[-75.75863,43.87877],[-75.8404,43.88393],[-75.85091,43.79189],[-75.78695,43.7887],[-75.75642,43.47042],[-75.81463,43.48358],[-75.88676,43.32502],[-75.86293,43.31927],[-75.88428,43.15556],[-76.0789,43.19948],[-76.08518,43.21308],[-76.06936,43.21467],[-76.20294,43.27161],[-76.21339,43.24002],[-76.19425,43.21707],[-76.21787,43.20477],[-76.27285,43.24017],[-76.26205,43.21847],[-76.28103,43.20109],[-76.30754,43.23079],[-76.47922,43.22752],[-76.47307,43.14602],[-76.4863,43.14322],[-76.47177,43.10498],[-76.49922,43.09984],[-76.49267,43.01531],[-76.57031,43.01151],[-76.56773,42.95435],[-76.60082,42.95894],[-76.59286,42.89516],[-76.73347,42.89425],[-76.71719,42.83883],[-76.74006,42.78942],[-76.72895,42.7129],[-76.6879,42.67478],[-76.64532,42.59171],[-76.58599,42.54991],[-76.69666,42.54679],[-76.68662,42.39035],[-76.98329,42.37922],[-76.9843,42.39057],[-77.10487,42.38929],[-77.11479,42.50827],[-77.16889,42.45912],[-77.22941,42.45861],[-77.2302,42.48349],[-77.26022,42.48538],[-77.26901,42.42736],[-77.28705,42.42696],[-77.30156,42.38629],[-77.36496,42.3867],[-77.43195,42.36296],[-77.47126,42.36391],[-77.4709,42.39641],[-77.51538,42.39782],[-77.51436,42.42846],[-77.54403,42.42886],[-77.56465,42.45491],[-77.61698,42.4285],[-77.66496,42.42889],[-77.66513,42.40241],[-77.72611,42.40404],[-77.72296,42.47122],[-77.84023,42.47458],[-77.84069,42.51777],[-78.46455,42.51923],[-78.46332,42.78046],[-78.48796,42.78047],[-78.48625,42.86751],[-78.46438,42.86736],[-78.46445,43.0887],[-78.49732,43.08192],[-78.51006,43.09807],[-78.54,43.08567],[-78.546,43.09869],[-78.57516,43.07984],[-78.5825,43.08865],[-78.59379,43.06958],[-78.61584,43.07411],[-78.62539,43.15154],[-78.72438,43.14374],[-78.72296,43.16533],[-78.74611,43.16741],[-78.75481,43.13327],[-79.05218,43.13206],[-79.0423,43.14366],[-79.05593,43.25467],[-79.20094,43.45042]]]}},{"type":"Feature","properties":{"id":"268","riding_id":"36025","FEDNUM":"36025","name_en":"Congressional District 25","name_fr":"Congressional District 25","state":""},"geometry":{"type":"Polygon","coordinates":[[[-77.99725,43.13652],[-77.99398,43.63123],[-77.388,43.63154],[-77.37024,42.91268],[-77.47728,42.90325],[-77.47866,42.94322],[-77.75905,42.94046],[-77.73118,42.9469],[-77.71783,42.97337],[-77.73096,42.98837],[-77.90983,42.98776],[-77.90412,43.03706],[-77.95104,43.03954],[-77.90593,43.13356],[-77.99725,43.13652]]]}},{"type":"Feature","properties":{"id":"270","riding_id":"36026","FEDNUM":"36026","name_en":"Congressional District 26","name_fr":"Congressional District 26","state":""},"geometry":{"type":"Polygon","coordinates":[[[-79.07537,43.08136],[-79.05796,43.10696],[-79.06965,43.12032],[-79.04192,43.13241],[-78.82505,43.1331],[-78.83763,43.12191],[-78.82236,43.05156],[-78.69691,43.08634],[-78.69692,42.81117],[-78.86238,42.80538],[-78.86897,42.8323],[-78.95688,42.83271],[-78.93056,42.8501],[-78.90576,42.89996],[-78.90916,42.93326],[-79.01996,42.99476],[-79.00713,43.06576],[-79.07537,43.08136]]]}},{"type":"Feature","properties":{"id":null,"riding_id":"37001","FEDNUM":"37001","name_en":"Congressional District 1","name_fr":"Congressional District 1","state":"NC"},"geometry":{"type":"Polygon","coordinates":[[[-77.09607,34.67124],[-77.15348,34.68682],[-77.1637,34.71138],[-77.12265,34.73526],[-77.12514,34.75551],[-77.15791,34.76604],[-77.16772,34.79117],[-77.09073,34.79932],[-77.04725,34.83642],[-77.10885,34.83078],[-77.09879,35.02693],[-77.10966,35.06861],[-77.18059,35.05522],[-77.18768,35.08109],[-77.47372,35.22909],[-77.42613,35.25754],[-77.44961,35.29946],[-77.43132,35.32978],[-77.39516,35.34302],[-77.35294,35.32742],[-77.29434,35.37914],[-77.24674,35.35499],[-77.22713,35.39984],[-77.20156,35.39866],[-77.18929,35.41652],[-77.16707,35.49692],[-77.17621,35.5191],[-77.12709,35.55408],[-77.08464,35.55255],[-77.17415,35.63559],[-77.16991,35.68456],[-77.19577,35.69978],[-77.18495,35.72048],[-77.17078,35.71646],[-77.17429,35.7346],[-77.25979,35.76522],[-77.2552,35.78635],[-77.39015,35.83306],[-77.4247,35.80566],[-77.47229,35.80109],[-77.66513,35.67493],[-77.71844,35.72882],[-77.75134,35.82779],[-77.82844,35.86721],[-77.84474,35.83762],[-77.89736,35.84385],[-78.20917,35.73051],[-78.21892,35.75499],[-78.23274,35.75133],[-78.25081,35.77348],[-78.25597,35.81812],[-78.00655,36.20263],[-78.03047,36.21454],[-78.11007,36.2102],[-78.13274,36.24628],[-78.17317,36.25549],[-78.19392,36.24677],[-78.30697,36.26619],[-78.33813,36.23445],[-78.37814,36.23506],[-78.42152,36.16442],[-78.4993,36.17577],[-78.50921,36.26569],[-78.55743,36.2622],[-78.57332,36.292],[-78.6053,36.29259],[-78.61426,36.31272],[-78.59077,36.36173],[-78.55608,36.35236],[-78.54104,36.37623],[-78.51038,36.37602],[-78.49774,36.51466],[-78.45691,36.54254],[-75.7975,36.55092],[-75.70908,36.24498],[-75.43762,35.74696],[-75.41135,35.66006],[-75.40085,35.55872],[-75.42558,35.39001],[-75.48457,35.18758],[-75.53218,35.16715],[-75.59537,35.18283],[-75.74985,35.13621],[-75.88396,35.08397],[-75.98535,35.01398],[-76.02443,35.00536],[-76.31573,34.77603],[-76.439,34.64029],[-76.48318,34.55636],[-76.52438,34.53215],[-76.58372,34.55262],[-76.61472,34.61828],[-76.72983,34.64721],[-76.95097,34.62516],[-77.1172,34.58437],[-77.11316,34.65103],[-77.09607,34.67124]]]}},{"type":"Feature","properties":{"id":null,"riding_id":"37002","FEDNUM":"37002","name_en":"Congressional District 2","name_fr":"Congressional District 2","state":"NC"},"geometry":{"type":"Polygon","coordinates":[[[-78.35468,35.83054],[-78.30372,35.83548],[-78.28752,35.82347],[-78.30846,35.81495],[-78.30409,35.79721],[-78.31379,35.80714],[-78.3245,35.78379],[-78.35841,35.7728],[-78.35182,35.7642],[-78.42933,35.75248],[-78.42341,35.7296],[-78.45516,35.73266],[-78.48064,35.69876],[-78.52748,35.69912],[-78.52127,35.67631],[-78.55025,35.68756],[-78.54684,35.66159],[-78.56384,35.66573],[-78.56571,35.64483],[-78.77719,35.7292],[-78.78306,35.75792],[-78.81585,35.75487],[-78.83057,35.76987],[-78.80747,35.77122],[-78.83169,35.79067],[-78.85776,35.78928],[-78.87235,35.82059],[-78.83008,35.82032],[-78.80207,35.84432],[-78.82835,35.87088],[-78.80484,35.92755],[-78.7591,35.91839],[-78.68517,36.02084],[-78.66548,36.01056],[-78.64174,35.95434],[-78.6522,35.9009],[-78.61133,35.89656],[-78.56072,35.97564],[-78.45927,35.97562],[-78.45741,35.92328],[-78.47956,35.90753],[-78.47501,35.87968],[-78.35468,35.83054]]]}},{"type":"Feature","properties":{"id":null,"riding_id":"37003","FEDNUM":"37003","name_en":"Congressional District 3","name_fr":"Congressional District 3","state":"NC"},"geometry":{"type":"Polygon","coordinates":[[[-77.1172,34.58437],[-77.48454,34.3997],[-77.54098,34.46485],[-77.5761,34.47648],[-77.68013,34.7206],[-77.98098,34.71389],[-78.01268,34.73263],[-78.102,34.7256],[-78.25444,34.5536],[-78.26601,34.58372],[-78.30324,34.60053],[-78.32239,34.62889],[-78.31142,34.64123],[-78.32549,34.66969],[-78.37341,34.69921],[-78.39086,34.74974],[-78.48773,34.83641],[-78.51277,34.8808],[-78.54686,34.90062],[-78.54448,34.91482],[-78.64105,34.9888],[-78.58964,34.98073],[-78.57416,34.99618],[-78.60727,35.01293],[-78.54802,35.01689],[-78.55388,35.04806],[-78.45294,35.05478],[-78.44015,35.09162],[-78.45092,35.11698],[-78.43236,35.13329],[-78.46375,35.14948],[-78.48721,35.19534],[-78.50699,35.19159],[-78.54119,35.21905],[-78.53887,35.23451],[-78.49646,35.20835],[-78.49447,35.23144],[-78.46364,35.22201],[-78.45017,35.25862],[-78.41173,35.25466],[-78.30658,35.2876],[-78.26843,35.32305],[-78.15324,35.35067],[-78.15491,35.41781],[-78.06478,35.58526],[-78.12559,35.60311],[-78.16031,35.71102],[-78.18897,35.73424],[-77.89736,35.84385],[-77.84474,35.83762],[-77.82844,35.86721],[-77.75134,35.82779],[-77.71844,35.72882],[-77.66513,35.67493],[-77.47229,35.80109],[-77.4247,35.80566],[-77.39015,35.83306],[-77.2552,35.78635],[-77.25979,35.76522],[-77.17871,35.73939],[-77.17078,35.71646],[-77.18495,35.72048],[-77.19577,35.69978],[-77.16991,35.68456],[-77.17415,35.63559],[-77.14347,35.6204],[-77.15019,35.60194],[-77.08662,35.56316],[-77.08477,35.55244],[-77.12709,35.55408],[-77.17621,35.5191],[-77.16707,35.49692],[-77.18926,35.41659],[-77.20156,35.39866],[-77.22713,35.39984],[-77.23794,35.36154],[-77.26055,35.35174],[-77.29434,35.37914],[-77.35294,35.32742],[-77.39516,35.34302],[-77.43125,35.32983],[-77.44961,35.29946],[-77.42613,35.25754],[-77.47372,35.22909],[-77.18768,35.08109],[-77.18059,35.05522],[-77.10966,35.06861],[-77.09879,35.02693],[-77.10885,34.83078],[-77.04725,34.83642],[-77.09073,34.79932],[-77.16777,34.791],[-77.15791,34.76604],[-77.12494,34.75438],[-77.12265,34.73526],[-77.16164,34.7231],[-77.15373,34.68713],[-77.09607,34.67124],[-77.11316,34.65103],[-77.1172,34.58437]]]}},{"type":"Feature","properties":{"id":null,"riding_id":"37004","FEDNUM":"37004","name_en":"Congressional District 4","name_fr":"Congressional District 4","state":"NC"},"geometry":{"type":"Polygon","coordinates":[[[-78.96384,35.79034],[-79.02238,35.7878],[-79.0284,35.73756],[-79.10708,35.73149],[-79.07846,35.68367],[-79.11576,35.66103],[-79.17208,35.67656],[-79.20297,35.64922],[-79.25261,35.6547],[-79.23763,35.72259],[-79.2759,35.74336],[-79.28723,35.77005],[-79.37019,35.78086],[-79.35005,35.84391],[-79.23731,35.84412],[-79.26843,35.91093],[-79.25795,36.24344],[-78.80233,36.23579],[-78.80754,36.08737],[-78.75127,36.07083],[-78.75361,36.03138],[-78.69932,36.01145],[-78.71701,35.96126],[-78.7591,35.91839],[-78.80484,35.92755],[-78.82835,35.87088],[-78.80207,35.84432],[-78.83008,35.82032],[-78.87235,35.82059],[-78.85776,35.78928],[-78.83169,35.79067],[-78.80747,35.77122],[-78.83057,35.76987],[-78.81596,35.75495],[-78.78306,35.75792],[-78.77719,35.7292],[-78.74957,35.72421],[-78.7826,35.68773],[-78.77791,35.66337],[-78.82399,35.65482],[-78.80213,35.64242],[-78.81741,35.62147],[-78.78456,35.59179],[-78.79981,35.58434],[-78.77645,35.54048],[-78.99505,35.61017],[-78.90881,35.84754],[-78.93436,35.83411],[-78.92308,35.81582],[-78.96512,35.81861],[-78.96384,35.79034]]]}},{"type":"Feature","properties":{"id":null,"riding_id":"37005","FEDNUM":"37005","name_en":"Congressional District 5","name_fr":"Congressional District 5","state":"NC"},"geometry":{"type":"Polygon","coordinates":[[[-81.80716,35.96195],[-81.73567,36.06758],[-81.81152,36.11146],[-81.82923,36.16879],[-81.85667,36.19362],[-81.88538,36.18945],[-81.90313,36.20732],[-81.91124,36.2295],[-81.89349,36.26453],[-81.91812,36.28713],[-81.85499,36.33721],[-81.79309,36.36241],[-81.76495,36.33872],[-81.70748,36.33523],[-81.74193,36.41125],[-81.69503,36.46746],[-81.70807,36.53569],[-81.67749,36.58814],[-80.29488,36.54405],[-79.51364,36.5409],[-79.53241,36.24146],[-79.86741,36.25178],[-79.86807,36.17272],[-79.79358,36.17697],[-79.77796,36.16521],[-79.72579,36.19281],[-79.69965,36.17748],[-79.69917,36.12103],[-79.71245,36.12295],[-79.73119,36.07542],[-79.69678,36.08691],[-79.72191,36.06029],[-79.69417,36.06112],[-79.69087,36.0398],[-79.73898,35.98901],[-79.77966,35.99087],[-79.78491,36.00899],[-79.8662,36.01493],[-79.8622,36.04457],[-79.84073,36.04427],[-79.81516,36.06851],[-79.83141,36.08311],[-79.86931,36.09237],[-79.93133,36.08101],[-79.95389,36.09219],[-79.97493,36.1358],[-80.01398,36.13398],[-80.01809,36.09915],[-80.03333,36.10431],[-80.03512,36.25718],[-80.45193,36.26151],[-80.45266,36.24165],[-80.47104,36.26096],[-80.53418,36.2585],[-80.54715,36.28527],[-80.59325,36.26984],[-80.62784,36.28793],[-80.65515,36.25207],[-80.68458,36.26875],[-80.73335,36.2672],[-80.7376,36.28036],[-80.75178,36.26338],[-80.77575,36.27402],[-80.79649,36.24803],[-80.8732,36.2363],[-80.88159,36.05572],[-81.02883,36.04565],[-81.0034,35.99674],[-81.00554,35.95829],[-81.04134,35.85785],[-81.10951,35.77659],[-81.14961,35.82896],[-81.34316,35.79557],[-81.35387,35.76885],[-81.37879,35.75726],[-81.44605,35.78524],[-81.55457,35.77706],[-81.60081,35.8251],[-81.71017,35.87518],[-81.80716,35.96195]]]}},{"type":"Feature","properties":{"id":null,"riding_id":"37006","FEDNUM":"37006","name_en":"Congressional District 6","name_fr":"Congressional District 6","state":"NC"},"geometry":{"type":"Polygon","coordinates":[[[-80.14535,36.25852],[-80.03512,36.25718],[-80.03333,36.10431],[-80.01809,36.09915],[-80.01398,36.13398],[-79.97493,36.1358],[-79.95389,36.09219],[-79.93133,36.08101],[-79.86908,36.09237],[-79.8146,36.07522],[-79.84073,36.04427],[-79.85793,36.04762],[-79.90331,36.01494],[-79.93776,36.02728],[-79.95808,35.99063],[-79.91777,35.9728],[-79.9545,35.95195],[-79.9546,35.92048],[-80.04687,35.92069],[-80.06684,35.50566],[-80.5706,35.50332],[-80.58399,35.4806],[-80.56705,35.428],[-80.598,35.42782],[-80.57761,35.40725],[-80.58187,35.3822],[-80.67278,35.41909],[-80.71967,35.36279],[-80.76641,35.40148],[-80.75217,35.41405],[-80.78707,35.49688],[-80.73725,35.5058],[-80.77158,35.67216],[-80.70784,35.8529],[-80.6932,36.05126],[-80.4884,36.04302],[-80.46479,36.06271],[-80.45315,36.04386],[-80.36625,36.0471],[-80.34439,36.00412],[-80.3137,36.03113],[-80.25989,36.04082],[-80.25249,36.01705],[-80.19663,36.04637],[-80.21349,36.05845],[-80.18138,36.07556],[-80.19334,36.09229],[-80.14947,36.11379],[-80.14867,36.15367],[-80.10307,36.19088],[-80.13697,36.17809],[-80.12189,36.20362],[-80.13442,36.19596],[-80.15287,36.22197],[-80.14535,36.25852]]]}},{"type":"Feature","properties":{"id":null,"riding_id":"37007","FEDNUM":"37007","name_en":"Congressional District 7","name_fr":"Congressional District 7","state":"NC"},"geometry":{"type":"Polygon","coordinates":[[[-77.68013,34.7206],[-77.5761,34.47648],[-77.54098,34.46485],[-77.48454,34.3997],[-77.62358,34.30316],[-77.72295,34.21],[-77.78556,34.12517],[-77.88452,33.90367],[-77.89794,33.78485],[-77.92928,33.75798],[-77.96405,33.7529],[-77.99971,33.76713],[-78.01286,33.80386],[-78.06658,33.84798],[-78.14535,33.86273],[-78.34121,33.85529],[-78.4993,33.81285],[-79.10876,34.33093],[-79.07443,34.35884],[-79.11267,34.40367],[-79.10827,34.43829],[-79.06262,34.50165],[-79.023,34.50125],[-79.00818,34.52386],[-79.00827,34.58863],[-78.97421,34.58295],[-78.97982,34.6013],[-78.96366,34.63807],[-78.94331,34.64197],[-78.93598,34.68255],[-78.98077,34.67209],[-78.97237,34.68799],[-78.98809,34.6922],[-79.02346,34.68012],[-79.02038,34.65342],[-79.07623,34.70957],[-79.08017,34.74272],[-79.11794,34.76599],[-79.1007,34.76698],[-79.13623,34.77942],[-79.13421,34.76735],[-79.15448,34.76786],[-79.15281,34.78698],[-79.1376,34.78015],[-79.11376,34.80465],[-79.16671,34.85301],[-79.03556,34.9552],[-79.04927,35.00705],[-78.99455,35.02201],[-78.98276,35.00916],[-78.93041,35.03075],[-78.96667,35.0591],[-78.91398,35.06063],[-78.92419,35.08904],[-78.89967,35.08755],[-78.9239,35.12483],[-78.9083,35.13155],[-78.92354,35.15452],[-78.9019,35.1614],[-78.9045,35.19051],[-78.93553,35.21873],[-78.79428,35.2661],[-78.61711,35.24572],[-78.58464,35.27331],[-78.58353,35.29681],[-78.53835,35.31641],[-78.4919,35.26332],[-78.44916,35.2567],[-78.46364,35.22201],[-78.49447,35.23144],[-78.49646,35.20835],[-78.53887,35.23451],[-78.54119,35.21905],[-78.50699,35.19159],[-78.48721,35.19534],[-78.46375,35.14948],[-78.43236,35.13329],[-78.45108,35.11628],[-78.44018,35.09143],[-78.4541,35.05315],[-78.53135,35.05588],[-78.55388,35.04806],[-78.54802,35.01689],[-78.60691,35.01331],[-78.57416,34.99618],[-78.58964,34.98073],[-78.64105,34.9888],[-78.54448,34.91482],[-78.54686,34.90062],[-78.51277,34.8808],[-78.48773,34.83641],[-78.39086,34.74974],[-78.37341,34.69921],[-78.32509,34.66918],[-78.31142,34.64123],[-78.32239,34.62889],[-78.30324,34.60053],[-78.26601,34.58372],[-78.26009,34.55568],[-78.102,34.7256],[-78.01268,34.73263],[-77.98098,34.71389],[-77.68013,34.7206]]]}},{"type":"Feature","properties":{"id":null,"riding_id":"37008","FEDNUM":"37008","name_en":"Congressional District 8","name_fr":"Congressional District 8","state":"NC"},"geometry":{"type":"Polygon","coordinates":[[[-79.10876,34.33093],[-79.67649,34.80507],[-80.79748,34.8198],[-80.78192,34.93585],[-80.84028,35.00169],[-80.80451,35.02775],[-80.79122,35.08706],[-80.81668,35.07785],[-80.81188,35.08749],[-80.85332,35.09126],[-80.80762,35.13336],[-80.80237,35.11801],[-80.76805,35.13735],[-80.75523,35.12802],[-80.77944,35.11735],[-80.77874,35.10001],[-80.73729,35.11926],[-80.74599,35.12805],[-80.70992,35.12241],[-80.71759,35.16202],[-80.67195,35.17472],[-80.70494,35.19292],[-80.59973,35.23411],[-80.66704,35.26869],[-80.69306,35.34638],[-80.71967,35.36279],[-80.69835,35.4023],[-80.67278,35.41909],[-80.58187,35.3822],[-80.57761,35.40725],[-80.598,35.42782],[-80.56705,35.428],[-80.58399,35.4806],[-80.5706,35.50332],[-79.76796,35.51148],[-79.70268,35.25591],[-79.67264,35.24514],[-79.65758,35.1916],[-79.57335,35.12268],[-79.5762,35.07005],[-79.47737,35.05725],[-79.36084,34.95792],[-79.33692,34.85379],[-79.34874,34.83939],[-79.19139,34.83372],[-79.16671,34.85301],[-79.11376,34.80465],[-79.1376,34.78015],[-79.15281,34.78698],[-79.15448,34.76786],[-79.13421,34.76735],[-79.13623,34.77942],[-79.1007,34.76698],[-79.11794,34.76599],[-79.08017,34.74272],[-79.07623,34.70957],[-79.02038,34.65342],[-79.02346,34.68012],[-78.98809,34.6922],[-78.97237,34.68799],[-78.98077,34.67209],[-78.93598,34.68255],[-78.94331,34.64197],[-78.96366,34.63807],[-78.97982,34.6013],[-78.97421,34.58295],[-79.00827,34.58863],[-79.00818,34.52386],[-79.023,34.50125],[-79.06262,34.50165],[-79.10827,34.43829],[-79.11267,34.40367],[-79.07443,34.35884],[-79.10876,34.33093]]]}},{"type":"Feature","properties":{"id":null,"riding_id":"37009","FEDNUM":"37009","name_en":"Congressional District 9","name_fr":"Congressional District 9","state":"NC"},"geometry":{"type":"Polygon","coordinates":[[[-79.86741,36.25178],[-79.25795,36.24344],[-79.26843,35.91093],[-79.23731,35.84412],[-79.35005,35.84391],[-79.37019,35.78086],[-79.28723,35.77005],[-79.2759,35.74336],[-79.25196,35.73846],[-79.23761,35.72247],[-79.25207,35.65415],[-79.20209,35.64931],[-79.1727,35.67632],[-79.14459,35.67891],[-79.11368,35.6619],[-79.07846,35.68367],[-79.10708,35.73149],[-79.0284,35.73756],[-79.02158,35.78924],[-78.96384,35.79034],[-78.96512,35.81861],[-78.92308,35.81582],[-78.93436,35.83411],[-78.90881,35.84754],[-78.99505,35.61017],[-78.91473,35.58368],[-78.96964,35.52167],[-79.024,35.54838],[-79.06913,35.60928],[-79.11877,35.62832],[-79.20085,35.57668],[-79.19989,35.55856],[-79.22448,35.55081],[-79.21934,35.56649],[-79.24269,35.57026],[-79.26748,35.53276],[-79.29928,35.55344],[-79.32391,35.54384],[-79.31209,35.53046],[-79.35145,35.51584],[-79.33588,35.49797],[-79.35982,35.46988],[-79.32972,35.42345],[-79.28956,35.40044],[-79.26571,35.34528],[-79.18356,35.30716],[-79.22302,35.26813],[-79.16511,35.24093],[-79.15126,35.2137],[-79.0963,35.19201],[-78.93642,35.21882],[-78.9045,35.19051],[-78.9019,35.1614],[-78.92354,35.15452],[-78.9083,35.13155],[-78.9239,35.12483],[-78.89893,35.10277],[-78.90191,35.08631],[-78.92419,35.08904],[-78.91067,35.06329],[-78.96667,35.0591],[-78.93041,35.03075],[-78.98276,35.00916],[-78.99455,35.02201],[-79.04927,35.00705],[-79.03556,34.9552],[-79.19139,34.83372],[-79.34787,34.83855],[-79.33692,34.85379],[-79.35313,34.94433],[-79.39651,34.99412],[-79.47737,35.05725],[-79.5762,35.07005],[-79.57335,35.12268],[-79.65758,35.1916],[-79.67231,35.24471],[-79.69801,35.25152],[-79.7119,35.27561],[-79.76796,35.51148],[-80.06684,35.50566],[-80.04687,35.92069],[-79.9546,35.92048],[-79.9545,35.95195],[-79.91777,35.9728],[-79.95808,35.99063],[-79.93776,36.02728],[-79.90331,36.01494],[-79.87746,36.03297],[-79.84621,36.00804],[-79.78491,36.00899],[-79.77966,35.99087],[-79.73898,35.98901],[-79.69087,36.0398],[-79.69417,36.06112],[-79.72191,36.06029],[-79.69678,36.08691],[-79.73119,36.07542],[-79.71245,36.12295],[-79.69917,36.12103],[-79.69965,36.17748],[-79.72579,36.19281],[-79.77796,36.16521],[-79.79358,36.17697],[-79.86807,36.17272],[-79.86741,36.25178]]]}},{"type":"Feature","properties":{"id":null,"riding_id":"37010","FEDNUM":"37010","name_en":"Congressional District 10","name_fr":"Congressional District 10","state":"NC"},"geometry":{"type":"Polygon","coordinates":[[[-81.5376,35.56423],[-81.34316,35.79557],[-81.14961,35.82896],[-81.10656,35.77841],[-81.04134,35.85785],[-81.00554,35.95829],[-81.0034,35.99674],[-81.02883,36.04565],[-80.88159,36.05572],[-80.8732,36.2363],[-80.78589,36.25203],[-80.77517,36.27432],[-80.75178,36.26338],[-80.73697,36.28031],[-80.73335,36.2672],[-80.68458,36.26875],[-80.66822,36.25094],[-80.62766,36.27364],[-80.62915,36.28774],[-80.59325,36.26984],[-80.54788,36.28542],[-80.53418,36.2585],[-80.47104,36.26096],[-80.45266,36.24165],[-80.45193,36.26151],[-80.14535,36.25852],[-80.15287,36.22197],[-80.13442,36.19596],[-80.12189,36.20362],[-80.13697,36.17809],[-80.10307,36.19088],[-80.14867,36.15367],[-80.14947,36.11379],[-80.19334,36.09229],[-80.18138,36.07556],[-80.21349,36.05845],[-80.19663,36.04637],[-80.25249,36.01705],[-80.25989,36.04082],[-80.3137,36.03113],[-80.34439,36.00412],[-80.36625,36.0471],[-80.45315,36.04386],[-80.46479,36.06271],[-80.4884,36.04302],[-80.6932,36.05126],[-80.70784,35.8529],[-80.77158,35.67216],[-80.73725,35.5058],[-80.90672,35.51478],[-80.94734,35.48847],[-80.95486,35.40008],[-81.4556,35.41981],[-81.513,35.52332],[-81.50922,35.55035],[-81.5376,35.56423]]]}},{"type":"Feature","properties":{"id":null,"riding_id":"37011","FEDNUM":"37011","name_en":"Congressional District 11","name_fr":"Congressional District 11","state":"NC"},"geometry":{"type":"Polygon","coordinates":[[[-82.31886,35.18726],[-82.37258,35.18084],[-82.39379,35.21522],[-82.43987,35.16574],[-82.47816,35.17598],[-82.52738,35.15579],[-82.54589,35.16422],[-82.62876,35.12578],[-82.64335,35.13378],[-82.67356,35.11726],[-82.68175,35.12797],[-82.69763,35.09596],[-82.72673,35.09467],[-82.75651,35.06736],[-82.78173,35.0653],[-82.78317,35.08592],[-83.10861,35.00066],[-84.32182,34.98841],[-84.29021,35.22543],[-84.22412,35.26898],[-84.18351,35.24],[-84.12711,35.24077],[-84.05254,35.27019],[-84.02142,35.3014],[-84.03888,35.34821],[-84.00739,35.37165],[-84.02343,35.41158],[-83.96108,35.46414],[-83.91187,35.47607],[-83.87985,35.51905],[-83.82047,35.52565],[-83.75499,35.56461],[-83.64013,35.56616],[-83.60834,35.58002],[-83.58437,35.5627],[-83.49854,35.56289],[-83.44568,35.61175],[-83.39615,35.62287],[-83.35082,35.66054],[-83.29824,35.65725],[-83.25433,35.69544],[-83.25151,35.71975],[-83.18591,35.7301],[-83.15959,35.76465],[-83.07434,35.79015],[-82.99211,35.77392],[-82.96175,35.79096],[-82.94585,35.82438],[-82.91634,35.84166],[-82.92083,35.86818],[-82.89623,35.87915],[-82.91984,35.92889],[-82.90182,35.92696],[-82.89818,35.94523],[-82.87429,35.95283],[-82.82195,35.92183],[-82.80509,35.92714],[-82.77509,35.97183],[-82.78569,35.97784],[-82.77576,36.00105],[-82.63723,36.06582],[-82.59079,36.03364],[-82.61493,36.00205],[-82.6107,35.9672],[-82.55799,35.95387],[-82.46058,36.00772],[-82.4098,36.08302],[-82.35276,36.11645],[-82.28982,36.1356],[-82.2451,36.13125],[-82.21321,36.15906],[-82.17722,36.14237],[-82.14858,36.14986],[-82.1292,36.1041],[-82.03384,36.12047],[-81.91812,36.28713],[-81.90073,36.28123],[-81.90353,36.20782],[-81.88538,36.18945],[-81.85667,36.19362],[-81.82923,36.16879],[-81.81152,36.11146],[-81.73567,36.06758],[-81.80716,35.96195],[-81.87045,35.97645],[-81.89987,35.99991],[-81.94319,35.96005],[-81.90665,35.88338],[-81.92051,35.84708],[-81.98694,35.80692],[-81.86939,35.71962],[-81.82412,35.57498],[-81.84247,35.54226],[-81.96762,35.52601],[-82.00278,35.55185],[-82.03984,35.5327],[-82.2332,35.5194],[-82.22434,35.49827],[-82.2425,35.46784],[-82.26579,35.46782],[-82.28015,35.44498],[-82.2702,35.40046],[-82.18515,35.39662],[-82.16004,35.40935],[-82.12781,35.39632],[-82.08948,35.35969],[-82.10799,35.34895],[-82.11278,35.32015],[-82.07551,35.28911],[-82.14771,35.2776],[-82.15907,35.29609],[-82.15744,35.28308],[-82.19384,35.2932],[-82.27323,35.23181],[-82.31244,35.22149],[-82.31886,35.18726]]]}},{"type":"Feature","properties":{"id":null,"riding_id":"37012","FEDNUM":"37012","name_en":"Congressional District 12","name_fr":"Congressional District 12","state":"NC"},"geometry":{"type":"Polygon","coordinates":[[[-80.75523,35.12802],[-80.80237,35.11801],[-80.80762,35.13336],[-80.85292,35.08766],[-80.81188,35.08749],[-80.821,35.06361],[-80.87653,35.05998],[-80.89288,35.12284],[-80.91548,35.11125],[-80.96188,35.13841],[-80.95439,35.17051],[-80.92122,35.16374],[-80.93332,35.19388],[-80.95797,35.18961],[-80.96127,35.22381],[-80.94621,35.22857],[-80.97464,35.24028],[-80.95691,35.27435],[-80.98695,35.30104],[-80.85656,35.36665],[-80.81972,35.36387],[-80.7643,35.4002],[-80.69306,35.34638],[-80.66648,35.26793],[-80.59973,35.23411],[-80.70494,35.19292],[-80.67195,35.17472],[-80.71759,35.16202],[-80.70992,35.12241],[-80.74599,35.12805],[-80.73729,35.11926],[-80.77874,35.10001],[-80.77944,35.11735],[-80.75523,35.12802]]]}},{"type":"Feature","properties":{"id":null,"riding_id":"37013","FEDNUM":"37013","name_en":"Congressional District 13","name_fr":"Congressional District 13","state":"NC"},"geometry":{"type":"Polygon","coordinates":[[[-78.50833,36.18292],[-78.42152,36.16442],[-78.37814,36.23506],[-78.33813,36.23445],[-78.30697,36.26619],[-78.19392,36.24677],[-78.17317,36.25549],[-78.13274,36.24628],[-78.11007,36.2102],[-78.03047,36.21454],[-78.00655,36.20263],[-78.25716,35.81346],[-78.23288,35.75143],[-78.16125,35.71287],[-78.12559,35.60311],[-78.06478,35.58526],[-78.15491,35.41781],[-78.15324,35.35067],[-78.26843,35.32305],[-78.30658,35.2876],[-78.41173,35.25466],[-78.4919,35.26332],[-78.53835,35.31641],[-78.58353,35.29681],[-78.58464,35.27331],[-78.61711,35.24572],[-78.79428,35.2661],[-78.92021,35.22028],[-79.09581,35.19207],[-79.15126,35.2137],[-79.16511,35.24093],[-79.22302,35.26813],[-79.18356,35.30716],[-79.27298,35.35188],[-79.28956,35.40044],[-79.32972,35.42345],[-79.35976,35.46968],[-79.33592,35.49775],[-79.34955,35.51878],[-79.31105,35.53176],[-79.32365,35.54408],[-79.28491,35.55511],[-79.29087,35.54044],[-79.26843,35.53246],[-79.24374,35.56991],[-79.21934,35.56649],[-79.22448,35.55081],[-79.19989,35.55856],[-79.20085,35.57668],[-79.11877,35.62832],[-79.06913,35.60928],[-79.024,35.54838],[-78.96964,35.52167],[-78.91473,35.58368],[-78.77645,35.54048],[-78.79981,35.58434],[-78.78456,35.59179],[-78.81741,35.62147],[-78.80213,35.64242],[-78.82399,35.65482],[-78.77791,35.66337],[-78.7826,35.68773],[-78.75199,35.7191],[-78.56571,35.64483],[-78.56384,35.66573],[-78.54684,35.66159],[-78.55025,35.68756],[-78.52127,35.67631],[-78.52748,35.69912],[-78.48064,35.69876],[-78.45516,35.73266],[-78.42341,35.7296],[-78.42933,35.75248],[-78.35182,35.7642],[-78.35841,35.7728],[-78.3245,35.78379],[-78.31379,35.80714],[-78.30409,35.79721],[-78.30846,35.81495],[-78.28752,35.82347],[-78.30372,35.83548],[-78.35468,35.83054],[-78.47501,35.87968],[-78.47956,35.90753],[-78.45741,35.92328],[-78.45927,35.97562],[-78.56072,35.97564],[-78.61133,35.89656],[-78.6522,35.9009],[-78.64167,35.95398],[-78.66548,36.01056],[-78.74019,36.02356],[-78.75361,36.03138],[-78.75127,36.07083],[-78.80757,36.08745],[-78.80233,36.23579],[-79.53186,36.24967],[-79.51364,36.5409],[-78.45691,36.54254],[-78.5042,36.49516],[-78.51038,36.37602],[-78.54104,36.37623],[-78.55608,36.35236],[-78.59077,36.36173],[-78.61426,36.31272],[-78.6053,36.29259],[-78.57332,36.292],[-78.55743,36.2622],[-78.50921,36.26569],[-78.50833,36.18292]]]}},{"type":"Feature","properties":{"id":null,"riding_id":"37014","FEDNUM":"37014","name_en":"Congressional District 14","name_fr":"Congressional District 14","state":"NC"},"geometry":{"type":"Polygon","coordinates":[[[-80.8003,35.03962],[-80.84028,35.00169],[-80.93474,35.10732],[-81.0415,35.04471],[-81.05708,35.08568],[-81.03285,35.10738],[-81.05207,35.13349],[-81.03426,35.14926],[-82.31354,35.19106],[-82.31244,35.22149],[-82.27323,35.23181],[-82.20634,35.28827],[-82.15744,35.28308],[-82.15907,35.29609],[-82.14771,35.2776],[-82.07546,35.28926],[-82.11392,35.32276],[-82.08948,35.35969],[-82.10942,35.38332],[-82.15987,35.40935],[-82.2613,35.3932],[-82.28015,35.44498],[-82.26579,35.46782],[-82.2425,35.46784],[-82.22434,35.49827],[-82.23152,35.51994],[-82.03984,35.5327],[-82.00278,35.55185],[-81.96762,35.52601],[-81.84247,35.54226],[-81.82412,35.57498],[-81.86939,35.71962],[-81.98694,35.80692],[-81.91758,35.85167],[-81.9103,35.90555],[-81.94319,35.96005],[-81.89987,35.99991],[-81.77754,35.94738],[-81.77623,35.92712],[-81.75252,35.92443],[-81.71017,35.87518],[-81.60081,35.8251],[-81.55599,35.77754],[-81.44637,35.78527],[-81.39858,35.75842],[-81.3638,35.7678],[-81.5376,35.56423],[-81.50922,35.55035],[-81.513,35.52332],[-81.4556,35.41981],[-80.95486,35.40008],[-80.94734,35.48847],[-80.90672,35.51478],[-80.78417,35.50602],[-80.75217,35.41405],[-80.7643,35.4002],[-80.81972,35.36387],[-80.85656,35.36665],[-80.98695,35.30104],[-80.95691,35.27435],[-80.97464,35.24028],[-80.94621,35.22857],[-80.96127,35.22381],[-80.95797,35.18961],[-80.93332,35.19388],[-80.92122,35.16374],[-80.95439,35.17051],[-80.96188,35.13841],[-80.91548,35.11125],[-80.89288,35.12284],[-80.87653,35.05998],[-80.821,35.06361],[-80.82231,35.07693],[-80.79266,35.08975],[-80.8003,35.03962]]]}},{"type":"Feature","properties":{"id":"297","riding_id":"38000","FEDNUM":"38000","name_en":"Congressional District (at Large)","name_fr":"Congressional District (at Large)","state":""},"geometry":{"type":"Polygon","coordinates":[[[-104.04555,45.94531],[-104.04869,48.9999],[-97.22896,49.00045],[-97.234,48.94743],[-97.19002,48.89552],[-97.19939,48.88111],[-97.17781,48.87564],[-97.19057,48.86428],[-97.17388,48.83799],[-97.19027,48.81513],[-97.15812,48.81032],[-97.18164,48.79852],[-97.16326,48.80058],[-97.17404,48.79388],[-97.14747,48.78144],[-97.1538,48.75399],[-97.11011,48.70798],[-97.1199,48.70125],[-97.09031,48.6844],[-97.10923,48.66425],[-97.09869,48.66099],[-97.11569,48.64456],[-97.10945,48.63247],[-97.13114,48.63147],[-97.1195,48.61856],[-97.15065,48.61168],[-97.13429,48.6074],[-97.15403,48.59541],[-97.14389,48.58211],[-97.16063,48.58094],[-97.14917,48.57001],[-97.17542,48.56196],[-97.13895,48.55512],[-97.16598,48.54893],[-97.14136,48.53545],[-97.15242,48.52036],[-97.12676,48.52016],[-97.15027,48.5116],[-97.1315,48.48901],[-97.16267,48.47778],[-97.12816,48.47436],[-97.14742,48.47275],[-97.12854,48.4603],[-97.15063,48.44082],[-97.12482,48.4419],[-97.14587,48.43115],[-97.12258,48.41792],[-97.15399,48.41812],[-97.13117,48.40728],[-97.16338,48.39286],[-97.13334,48.3822],[-97.15626,48.36558],[-97.12592,48.34058],[-97.14172,48.32573],[-97.11558,48.32393],[-97.13775,48.30973],[-97.11223,48.29647],[-97.13733,48.29176],[-97.11657,48.27966],[-97.14503,48.26877],[-97.12295,48.26167],[-97.14464,48.23356],[-97.12069,48.22475],[-97.13719,48.22695],[-97.15219,48.21964],[-97.13905,48.22195],[-97.11784,48.20976],[-97.1393,48.21675],[-97.12928,48.20838],[-97.14751,48.17057],[-97.12097,48.15955],[-97.14651,48.14222],[-97.12288,48.13975],[-97.13347,48.1371],[-97.1232,48.10665],[-97.10188,48.0959],[-97.10448,48.07243],[-97.07226,48.04807],[-97.05534,47.94752],[-97.01785,47.91991],[-97.02314,47.87406],[-97.00183,47.86813],[-96.99834,47.84193],[-96.97413,47.82347],[-96.99158,47.80819],[-96.93488,47.76721],[-96.91841,47.72404],[-96.93097,47.71555],[-96.88512,47.67381],[-96.87973,47.61934],[-96.85102,47.59854],[-96.85157,47.56865],[-96.86893,47.567],[-96.8475,47.56623],[-96.86175,47.55928],[-96.84532,47.53875],[-96.87117,47.52727],[-96.84228,47.50864],[-96.86504,47.49165],[-96.85216,47.48635],[-96.86852,47.47847],[-96.85195,47.47906],[-96.86362,47.45701],[-96.85282,47.43203],[-96.87176,47.41901],[-96.84207,47.41174],[-96.85271,47.40609],[-96.83746,47.38953],[-96.85462,47.37378],[-96.83714,47.37129],[-96.85821,47.36753],[-96.83064,47.33879],[-96.84579,47.32804],[-96.82876,47.328],[-96.84698,47.31583],[-96.83066,47.30607],[-96.84768,47.27125],[-96.8347,47.26615],[-96.84745,47.26193],[-96.82867,47.23329],[-96.84579,47.22011],[-96.82717,47.20132],[-96.84485,47.19358],[-96.82156,47.18431],[-96.83348,47.17664],[-96.82236,47.15634],[-96.84125,47.15186],[-96.82072,47.13037],[-96.83756,47.12198],[-96.81619,47.10848],[-96.83039,47.06082],[-96.81266,47.03863],[-96.83955,47.00673],[-96.82098,47.00333],[-96.82266,46.97002],[-96.79505,46.96584],[-96.80414,46.94691],[-96.7915,46.92769],[-96.76219,46.9349],[-96.75265,46.92354],[-96.77603,46.89798],[-96.7692,46.87816],[-96.78133,46.87969],[-96.77465,46.83965],[-96.79396,46.83306],[-96.78014,46.82543],[-96.80275,46.81169],[-96.78714,46.78565],[-96.79676,46.777],[-96.77545,46.76675],[-96.78952,46.76602],[-96.77785,46.76159],[-96.78979,46.7567],[-96.77914,46.72664],[-96.7912,46.71887],[-96.78407,46.68527],[-96.80217,46.6679],[-96.78581,46.64052],[-96.7982,46.62957],[-96.78218,46.63141],[-96.79131,46.62497],[-96.77084,46.61527],[-96.77158,46.59621],[-96.74727,46.58202],[-96.7575,46.57783],[-96.74175,46.564],[-96.7544,46.55682],[-96.73871,46.54323],[-96.75012,46.54076],[-96.73826,46.53929],[-96.73887,46.47871],[-96.71161,46.45978],[-96.72185,46.43983],[-96.70327,46.43729],[-96.70458,46.41799],[-96.68536,46.41421],[-96.64519,46.35067],[-96.59938,46.32998],[-96.6004,46.26175],[-96.58371,46.24981],[-96.59873,46.24232],[-96.58376,46.20806],[-96.59268,46.17521],[-96.57664,46.17394],[-96.55441,46.08408],[-96.57788,46.02718],[-96.5628,45.93709],[-104.04555,45.94531]]]}},{"type":"Feature","properties":{"id":null,"riding_id":"39001","FEDNUM":"39001","name_en":"Congressional District 1","name_fr":"Congressional District 1","state":"OH"},"geometry":{"type":"Polygon","coordinates":[[[-84.75341,39.14712],[-84.61835,39.07331],[-84.55082,39.09956],[-84.51034,39.09388],[-84.45877,39.12139],[-84.43539,39.10089],[-84.42639,39.05314],[-84.31999,39.02154],[-84.29943,39.17422],[-84.2762,39.20173],[-84.32003,39.22344],[-84.29364,39.24864],[-84.25941,39.27087],[-83.83441,39.24572],[-83.83587,39.22331],[-83.80944,39.22417],[-83.7848,39.2629],[-83.59088,39.37874],[-83.57629,39.54455],[-84.36524,39.5895],[-84.36431,39.54382],[-84.33169,39.54922],[-84.35321,39.29229],[-84.33411,39.29329],[-84.33693,39.26382],[-84.31288,39.27035],[-84.30741,39.253],[-84.34639,39.24231],[-84.35619,39.19806],[-84.3449,39.19504],[-84.37654,39.1739],[-84.36495,39.17261],[-84.36789,39.14722],[-84.32205,39.1465],[-84.40579,39.13488],[-84.40453,39.14962],[-84.37291,39.15186],[-84.38635,39.16787],[-84.43063,39.16795],[-84.40036,39.17302],[-84.40116,39.18738],[-84.45448,39.18303],[-84.46072,39.21783],[-84.49224,39.22102],[-84.49395,39.19907],[-84.53579,39.20231],[-84.53479,39.2171],[-84.57966,39.20488],[-84.58307,39.16459],[-84.62498,39.14542],[-84.60604,39.12349],[-84.63485,39.12006],[-84.65253,39.13605],[-84.65355,39.18059],[-84.68175,39.19203],[-84.68195,39.21097],[-84.70172,39.21396],[-84.71736,39.24416],[-84.69358,39.26325],[-84.65659,39.26412],[-84.66462,39.2967],[-84.64182,39.30505],[-84.81945,39.30516],[-84.82016,39.10543],[-84.75341,39.14712]]]}},{"type":"Feature","properties":{"id":null,"riding_id":"39002","FEDNUM":"39002","name_en":"Congressional District 2","name_fr":"Congressional District 2","state":"OH"},"geometry":{"type":"Polygon","coordinates":[[[-83.87222,39.02131],[-83.86568,39.24734],[-84.25944,39.27087],[-84.31965,39.22425],[-84.2762,39.20173],[-84.29943,39.17422],[-84.31999,39.02154],[-84.28878,38.95565],[-84.23434,38.89327],[-84.22151,38.81311],[-84.07138,38.77051],[-83.96237,38.78753],[-83.86941,38.76131],[-83.83676,38.71773],[-83.78447,38.69673],[-83.76912,38.65508],[-83.6689,38.62657],[-83.64785,38.63241],[-83.62553,38.67888],[-83.52089,38.70307],[-83.46771,38.67536],[-83.36278,38.65723],[-83.29443,38.59663],[-83.24567,38.62857],[-83.15325,38.61899],[-83.11239,38.67163],[-83.05402,38.69508],[-83.0305,38.72585],[-82.97149,38.72721],[-82.88971,38.75615],[-82.87177,38.73943],[-82.8775,38.68947],[-82.84248,38.58892],[-82.79588,38.56182],[-82.69829,38.54378],[-82.6536,38.49385],[-82.61081,38.47196],[-82.59106,38.41558],[-82.53769,38.40416],[-82.33034,38.44451],[-82.30423,38.49632],[-82.29127,38.57899],[-82.26207,38.59819],[-82.20517,38.59173],[-82.17727,38.60379],[-82.18797,38.73309],[-82.22157,38.78719],[-82.14547,38.83969],[-82.14317,38.89809],[-82.03775,39.02387],[-82.0045,39.0289],[-81.97937,38.9932],[-81.93319,38.98767],[-81.89847,38.92961],[-81.928,38.8935],[-81.90297,38.8761],[-81.85597,38.89274],[-81.82736,38.94591],[-81.76266,38.92413],[-81.75698,38.93716],[-81.78182,38.96494],[-81.76426,39.01529],[-81.80806,39.05378],[-81.81386,39.07969],[-81.77556,39.07838],[-81.74606,39.09699],[-81.75618,39.18047],[-81.72563,39.21591],[-81.69192,39.22704],[-81.68949,39.26605],[-81.65614,39.27736],[-81.57025,39.26768],[-81.55755,39.33878],[-81.45615,39.40928],[-81.41271,39.39463],[-81.37596,39.3417],[-81.2703,39.38605],[-81.21732,39.3876],[-81.18515,39.43149],[-81.13254,39.44628],[-81.03872,39.53989],[-81.03679,39.57213],[-81.26535,39.57682],[-81.26426,39.60535],[-81.28308,39.6058],[-81.28353,39.59185],[-81.39494,39.60155],[-81.41367,39.63051],[-81.45272,39.63117],[-81.45194,39.64546],[-81.47316,39.64598],[-81.47347,39.58333],[-81.58819,39.58698],[-81.58614,39.664],[-81.6432,39.66569],[-81.63989,39.75343],[-82.07664,39.77097],[-82.08023,39.72768],[-82.13899,39.73036],[-82.14243,39.68686],[-82.16118,39.68766],[-82.16378,39.65453],[-82.18108,39.66972],[-82.25327,39.67359],[-82.24882,39.73592],[-82.36605,39.74253],[-82.37453,39.65497],[-82.49033,39.66171],[-82.49613,39.60286],[-82.61755,39.60861],[-82.62009,39.56399],[-82.73028,39.56907],[-82.74093,39.46828],[-82.99821,39.48007],[-82.9804,39.49027],[-82.98456,39.50676],[-83.26674,39.51626],[-83.38003,39.35757],[-83.37663,39.29095],[-83.3938,39.26806],[-83.36236,39.24058],[-83.34663,39.25267],[-83.34348,39.23322],[-83.38564,39.0552],[-83.6116,39.0189],[-83.87222,39.02131]]]}},{"type":"Feature","properties":{"id":null,"riding_id":"39003","FEDNUM":"39003","name_en":"Congressional District 3","name_fr":"Congressional District 3","state":"OH"},"geometry":{"type":"Polygon","coordinates":[[[-82.7825,39.93967],[-82.76183,40.12586],[-83.06381,40.13829],[-83.0554,40.10371],[-83.09146,40.10188],[-83.09338,40.06233],[-83.10452,40.06538],[-83.09035,40.01408],[-83.0592,39.97803],[-83.01246,39.9642],[-82.98967,39.97986],[-82.99042,39.95992],[-83.00801,39.95443],[-82.96643,39.9259],[-82.96101,39.90121],[-82.92185,39.90647],[-82.92607,39.91845],[-82.87075,39.91499],[-82.86432,39.93568],[-82.7825,39.93967]]]}},{"type":"Feature","properties":{"id":null,"riding_id":"39004","FEDNUM":"39004","name_en":"Congressional District 4","name_fr":"Congressional District 4","state":"OH"},"geometry":{"type":"Polygon","coordinates":[[[-82.33922,40.72669],[-82.49413,40.72603],[-82.48436,40.74706],[-82.45551,40.74196],[-82.4939,40.75298],[-82.48618,40.77029],[-82.52301,40.75889],[-82.53424,40.77606],[-82.56373,40.75944],[-82.55166,40.75919],[-82.54886,40.72802],[-82.51298,40.72831],[-82.53147,40.72313],[-82.5129,40.69605],[-82.5726,40.71036],[-82.55298,40.7252],[-82.6891,40.72586],[-82.68912,40.71104],[-83.30469,40.70201],[-83.30489,40.68705],[-83.44028,40.68762],[-83.44017,40.70221],[-83.4958,40.70152],[-83.4963,40.81795],[-83.88007,40.81993],[-83.88043,40.92044],[-84.10952,40.90474],[-84.10959,40.861],[-84.34054,40.85911],[-84.34097,40.9036],[-84.39841,40.90327],[-84.39949,40.99032],[-84.80326,40.9894],[-84.80396,40.35283],[-84.43464,40.35427],[-84.43258,40.19704],[-84.02292,40.18395],[-84.04846,39.90819],[-84.00946,39.91119],[-84.03118,39.8803],[-83.9911,39.87379],[-83.94114,39.89233],[-83.89005,39.87016],[-83.71156,39.8589],[-83.70073,39.94767],[-83.5346,39.93435],[-83.50994,40.00992],[-83.50372,40.11148],[-83.17021,40.10693],[-83.16999,40.14309],[-83.11995,40.14019],[-83.12939,40.18141],[-83.11629,40.18082],[-83.11096,40.25447],[-83.06072,40.25268],[-83.01797,40.22698],[-83.03184,40.28432],[-83.01516,40.27473],[-83.01623,40.28822],[-82.98808,40.28711],[-82.96392,40.33036],[-82.9317,40.33172],[-82.92959,40.35813],[-82.64651,40.34508],[-82.63319,40.52307],[-82.6428,40.55002],[-82.33697,40.55501],[-82.33922,40.72669]]]}},{"type":"Feature","properties":{"id":null,"riding_id":"39005","FEDNUM":"39005","name_en":"Congressional District 5","name_fr":"Congressional District 5","state":"OH"},"geometry":{"type":"Polygon","coordinates":[[[-82.68912,40.71104],[-82.6891,40.72586],[-82.55298,40.7252],[-82.5726,40.71036],[-82.51269,40.69612],[-82.53147,40.72313],[-82.51298,40.72831],[-82.54886,40.72802],[-82.55166,40.75919],[-82.56373,40.75944],[-82.53424,40.77606],[-82.52301,40.75889],[-82.48618,40.77029],[-82.4939,40.75298],[-82.45551,40.74196],[-82.48436,40.74706],[-82.49413,40.72603],[-82.3784,40.72715],[-82.37875,40.78683],[-82.42084,40.82345],[-82.4179,40.99295],[-82.43286,40.99295],[-82.43692,41.06539],[-82.1715,41.06354],[-82.16988,41.13711],[-82.07427,41.13646],[-82.07247,41.19986],[-81.9739,41.19984],[-81.97249,41.27484],[-81.87806,41.27505],[-81.87696,41.35069],[-81.97127,41.35128],[-81.97058,41.87785],[-82.34813,41.70007],[-82.34234,41.28425],[-82.84148,41.29003],[-82.84771,41.4305],[-82.95294,41.43018],[-82.95223,41.45825],[-83.3382,41.45752],[-83.339,41.5012],[-83.41463,41.50024],[-83.41575,41.60188],[-83.54093,41.60119],[-83.57704,41.57265],[-83.56011,41.57192],[-83.57265,41.55766],[-83.56217,41.54767],[-83.57587,41.53885],[-83.59165,41.55936],[-83.59894,41.53664],[-83.63985,41.51248],[-83.63248,41.50227],[-83.65836,41.50009],[-83.65557,41.51862],[-83.67488,41.511],[-83.67343,41.53173],[-83.70964,41.52186],[-83.71244,41.49286],[-83.74722,41.46622],[-83.85426,41.41446],[-83.88324,41.41451],[-83.88007,40.81993],[-83.4963,40.81795],[-83.4958,40.70152],[-83.44017,40.70221],[-83.44028,40.68762],[-83.30489,40.68705],[-83.30469,40.70201],[-82.68912,40.71104]]]}},{"type":"Feature","properties":{"id":null,"riding_id":"39006","FEDNUM":"39006","name_en":"Congressional District 6","name_fr":"Congressional District 6","state":"OH"},"geometry":{"type":"Polygon","coordinates":[[[-80.51899,40.63881],[-80.51905,41.1334],[-80.75252,41.13407],[-80.75185,41.08377],[-80.71102,41.08339],[-80.71143,40.98809],[-81.41634,40.98846],[-81.41431,40.9382],[-81.37881,40.95704],[-81.37764,40.9757],[-81.34078,40.9485],[-81.30177,40.95257],[-81.31079,40.78438],[-81.28474,40.77646],[-81.29954,40.76217],[-81.31098,40.78115],[-81.31394,40.72607],[-81.43018,40.72959],[-81.42592,40.80342],[-81.39758,40.81486],[-81.54237,40.82229],[-81.53644,40.91032],[-81.76294,40.90214],[-81.76353,40.86579],[-81.74978,40.86637],[-81.76534,40.81466],[-81.88778,40.81408],[-81.95373,40.79122],[-81.97998,40.79946],[-81.96996,40.81409],[-82.12689,40.81379],[-82.1262,40.66836],[-81.79632,40.66795],[-81.81295,40.6643],[-81.81269,40.63209],[-81.79905,40.62407],[-81.82382,40.61503],[-81.82023,40.59461],[-81.76126,40.5908],[-81.76409,40.5195],[-81.80255,40.52031],[-81.80469,40.44681],[-81.70914,40.44478],[-81.71229,40.37081],[-81.61603,40.36813],[-81.62269,40.22132],[-81.33806,40.21426],[-81.33957,40.17201],[-81.22593,40.17008],[-81.23732,39.86784],[-80.82128,39.84999],[-80.79019,39.86978],[-80.80642,39.91676],[-80.75612,39.91341],[-80.76428,39.94997],[-80.74014,39.9708],[-80.73818,40.07861],[-80.70955,40.10031],[-80.7055,40.15371],[-80.6029,40.30708],[-80.60759,40.36957],[-80.63274,40.39051],[-80.61233,40.40277],[-80.59541,40.47532],[-80.66791,40.58295],[-80.62717,40.61994],[-80.57671,40.61423],[-80.51899,40.63881]]]}},{"type":"Feature","properties":{"id":null,"riding_id":"39007","FEDNUM":"39007","name_en":"Congressional District 7","name_fr":"Congressional District 7","state":"OH"},"geometry":{"type":"Polygon","coordinates":[[[-81.87806,41.27505],[-81.97249,41.27484],[-81.9739,41.19984],[-82.07247,41.19986],[-82.07427,41.13646],[-82.16988,41.13711],[-82.1715,41.06354],[-82.43692,41.06539],[-82.43286,40.99295],[-82.4179,40.99295],[-82.42084,40.82345],[-82.37875,40.78683],[-82.3784,40.72715],[-82.33922,40.72669],[-82.33697,40.55501],[-82.22027,40.56819],[-82.22112,40.66736],[-82.1262,40.66836],[-82.12689,40.81379],[-81.96996,40.81409],[-81.97998,40.79946],[-81.95373,40.79122],[-81.88778,40.81408],[-81.76534,40.81466],[-81.74978,40.86637],[-81.76353,40.86579],[-81.76294,40.90214],[-81.6477,40.90227],[-81.64769,40.98857],[-81.68849,40.9886],[-81.68495,41.27715],[-81.56259,41.27876],[-81.59806,41.35117],[-81.3917,41.34828],[-81.39168,41.43083],[-81.48833,41.42428],[-81.49462,41.37261],[-81.53661,41.37285],[-81.54143,41.38741],[-81.56764,41.37795],[-81.66613,41.43286],[-81.73444,41.41865],[-81.73859,41.46253],[-81.76908,41.44515],[-81.76953,41.41841],[-81.83119,41.41836],[-81.85229,41.39064],[-81.87508,41.39066],[-81.81915,41.45694],[-81.81645,41.46674],[-81.83726,41.46346],[-81.82191,41.47714],[-81.84403,41.49463],[-81.9677,41.51079],[-81.97127,41.35128],[-81.87696,41.35069],[-81.87806,41.27505]]]}},{"type":"Feature","properties":{"id":null,"riding_id":"39008","FEDNUM":"39008","name_en":"Congressional District 8","name_fr":"Congressional District 8","state":"OH"},"geometry":{"type":"Polygon","coordinates":[[[-84.8039,40.35277],[-84.81945,39.30516],[-84.64182,39.30505],[-84.66462,39.2967],[-84.65659,39.26412],[-84.69358,39.26325],[-84.71736,39.24416],[-84.70172,39.21396],[-84.68195,39.21097],[-84.68175,39.19203],[-84.65355,39.18059],[-84.64693,39.12846],[-84.60604,39.12349],[-84.62498,39.14542],[-84.58307,39.16459],[-84.57966,39.20488],[-84.53479,39.2171],[-84.53579,39.20231],[-84.49395,39.19907],[-84.49224,39.22102],[-84.46072,39.21783],[-84.45448,39.18303],[-84.40116,39.18738],[-84.40036,39.17302],[-84.43063,39.16795],[-84.38635,39.16787],[-84.37291,39.15186],[-84.40453,39.14962],[-84.40579,39.13488],[-84.33934,39.13563],[-84.32205,39.1465],[-84.36789,39.14722],[-84.36495,39.17261],[-84.37659,39.17452],[-84.3449,39.19504],[-84.35619,39.19806],[-84.34639,39.24231],[-84.30741,39.253],[-84.31288,39.27035],[-84.33693,39.26382],[-84.33411,39.29329],[-84.35321,39.29229],[-84.33868,39.47353],[-84.36581,39.45267],[-84.36343,39.42924],[-84.47608,39.4297],[-84.48566,39.91814],[-84.15768,39.92298],[-84.141,39.95669],[-84.19072,40.00278],[-84.17076,40.06349],[-84.20509,40.05666],[-84.22317,40.09656],[-84.29832,40.09582],[-84.30466,39.99983],[-84.33943,40.0083],[-84.31588,39.9945],[-84.40375,39.99435],[-84.40766,39.9596],[-84.42638,39.96339],[-84.43464,40.35427],[-84.8039,40.35277]]]}},{"type":"Feature","properties":{"id":null,"riding_id":"39009","FEDNUM":"39009","name_en":"Congressional District 9","name_fr":"Congressional District 9","state":"OH"},"geometry":{"type":"Polygon","coordinates":[[[-83.70964,41.52186],[-83.67343,41.53173],[-83.67488,41.511],[-83.65557,41.51862],[-83.65836,41.50009],[-83.63248,41.50227],[-83.63985,41.51248],[-83.59894,41.53664],[-83.59165,41.55936],[-83.57587,41.53885],[-83.56217,41.54767],[-83.57265,41.55766],[-83.56011,41.57192],[-83.57704,41.57265],[-83.5578,41.57579],[-83.55776,41.59424],[-83.41575,41.60188],[-83.41463,41.50024],[-83.339,41.5012],[-83.3382,41.45752],[-82.95223,41.45825],[-82.95294,41.43018],[-82.84771,41.4305],[-82.84148,41.29003],[-82.34234,41.28425],[-82.34813,41.70007],[-82.39835,41.67653],[-82.68112,41.67634],[-83.06932,41.86423],[-83.11246,41.95942],[-83.41586,41.7338],[-84.80598,41.69613],[-84.80326,40.9894],[-84.39949,40.99032],[-84.39841,40.90327],[-84.34097,40.9036],[-84.34054,40.85911],[-84.10959,40.861],[-84.10952,40.90474],[-83.88043,40.92044],[-83.88324,41.41451],[-83.85426,41.41446],[-83.74722,41.46622],[-83.71244,41.49286],[-83.70964,41.52186]]]}},{"type":"Feature","properties":{"id":null,"riding_id":"39010","FEDNUM":"39010","name_en":"Congressional District 10","name_fr":"Congressional District 10","state":"OH"},"geometry":{"type":"Polygon","coordinates":[[[-83.82743,39.82266],[-84.05374,39.85047],[-84.05102,39.87982],[-84.15722,39.886],[-84.15768,39.92298],[-84.48537,39.9185],[-84.47591,39.42929],[-84.36305,39.42941],[-84.36581,39.45267],[-84.33868,39.47353],[-84.33169,39.54922],[-84.36431,39.54382],[-84.36524,39.5895],[-83.6702,39.55026],[-83.64661,39.776],[-83.82938,39.79777],[-83.82743,39.82266]]]}},{"type":"Feature","properties":{"id":null,"riding_id":"39011","FEDNUM":"39011","name_en":"Congressional District 11","name_fr":"Congressional District 11","state":"OH"},"geometry":{"type":"Polygon","coordinates":[[[-81.97058,41.87785],[-81.9677,41.51079],[-81.84403,41.49463],[-81.82191,41.47714],[-81.83726,41.46346],[-81.81581,41.46598],[-81.87508,41.39066],[-81.85229,41.39064],[-81.83119,41.41836],[-81.76953,41.41841],[-81.76908,41.44515],[-81.73859,41.46253],[-81.73444,41.41865],[-81.66613,41.43286],[-81.56764,41.37795],[-81.54143,41.38741],[-81.53661,41.37285],[-81.49462,41.37261],[-81.48833,41.42428],[-81.37478,41.42444],[-81.375,41.44529],[-81.39152,41.44523],[-81.39101,41.56972],[-81.48785,41.57006],[-81.49518,42.09641],[-81.97058,41.87785]]]}},{"type":"Feature","properties":{"id":null,"riding_id":"39012","FEDNUM":"39012","name_en":"Congressional District 12","name_fr":"Congressional District 12","state":"OH"},"geometry":{"type":"Polygon","coordinates":[[[-82.73152,39.55445],[-82.73028,39.56907],[-82.62009,39.56399],[-82.61755,39.60861],[-82.49613,39.60286],[-82.49033,39.66171],[-82.37453,39.65497],[-82.36605,39.74253],[-82.24882,39.73592],[-82.25327,39.67359],[-82.18108,39.66972],[-82.16378,39.65453],[-82.16118,39.68766],[-82.14243,39.68686],[-82.13899,39.73036],[-82.08023,39.72768],[-82.07664,39.77097],[-81.63989,39.75343],[-81.6432,39.66569],[-81.58614,39.664],[-81.58819,39.58698],[-81.47347,39.58333],[-81.47316,39.64598],[-81.45194,39.64546],[-81.45272,39.63117],[-81.41367,39.63051],[-81.39494,39.60155],[-81.28353,39.59185],[-81.28308,39.6058],[-81.26426,39.60535],[-81.26535,39.57682],[-81.03679,39.57213],[-81.03872,39.53989],[-80.9333,39.61482],[-80.87664,39.62591],[-80.8637,39.69173],[-80.82977,39.71185],[-80.87033,39.76319],[-80.82608,39.79859],[-80.82128,39.84999],[-81.23732,39.86784],[-81.22593,40.17008],[-81.33957,40.17201],[-81.33806,40.21426],[-81.62269,40.22132],[-81.61603,40.36813],[-81.71229,40.37081],[-81.70914,40.44478],[-81.80469,40.44681],[-81.80255,40.52031],[-81.76409,40.5195],[-81.76126,40.5908],[-81.82023,40.59461],[-81.82382,40.61503],[-81.79905,40.62407],[-81.81269,40.63209],[-81.81295,40.6643],[-81.79632,40.66795],[-82.22112,40.66736],[-82.22027,40.56819],[-82.3749,40.55088],[-82.6428,40.55002],[-82.63319,40.52307],[-82.64651,40.34508],[-82.92959,40.35813],[-82.9317,40.33172],[-82.96392,40.33036],[-82.98808,40.28711],[-83.01623,40.28822],[-83.01516,40.27473],[-83.03184,40.28432],[-83.01797,40.22698],[-83.06072,40.25268],[-83.11096,40.25447],[-83.11629,40.18082],[-83.12939,40.18141],[-83.11995,40.14019],[-82.76183,40.12586],[-82.7825,39.93967],[-82.8108,39.94117],[-82.8131,39.91167],[-82.79439,39.91079],[-82.80248,39.82296],[-82.8215,39.82428],[-82.84296,39.56149],[-82.73152,39.55445]]]}},{"type":"Feature","properties":{"id":null,"riding_id":"39013","FEDNUM":"39013","name_en":"Congressional District 13","name_fr":"Congressional District 13","state":"OH"},"geometry":{"type":"Polygon","coordinates":[[[-81.39212,41.13573],[-81.37363,41.13479],[-81.36987,41.11771],[-81.34167,41.13532],[-81.30055,41.13487],[-81.29854,41.24829],[-81.29853,41.2753],[-81.39183,41.27666],[-81.3917,41.34828],[-81.59806,41.35117],[-81.56259,41.27876],[-81.68495,41.27715],[-81.68849,40.9886],[-81.64769,40.98857],[-81.64774,40.91402],[-81.53644,40.91032],[-81.54237,40.82229],[-81.39758,40.81486],[-81.42592,40.80342],[-81.43018,40.72959],[-81.31394,40.72607],[-81.31098,40.78115],[-81.29954,40.76217],[-81.28474,40.77646],[-81.31079,40.78438],[-81.30177,40.95257],[-81.34078,40.9485],[-81.37764,40.9757],[-81.37881,40.95704],[-81.41805,40.94033],[-81.40616,40.95044],[-81.41634,40.98846],[-81.39325,40.98854],[-81.39212,41.13573]]]}},{"type":"Feature","properties":{"id":null,"riding_id":"39014","FEDNUM":"39014","name_en":"Congressional District 14","name_fr":"Congressional District 14","state":"OH"},"geometry":{"type":"Polygon","coordinates":[[[-81.39177,41.42428],[-81.39183,41.27666],[-81.29853,41.2753],[-81.29854,41.24829],[-81.30055,41.13487],[-81.34167,41.13532],[-81.36174,41.11765],[-81.39221,41.1355],[-81.39325,40.98854],[-80.71143,40.98809],[-80.71102,41.08339],[-80.75185,41.08377],[-80.75252,41.13407],[-80.51905,41.1334],[-80.51985,42.32714],[-81.24984,42.21642],[-81.49518,42.09641],[-81.48785,41.57006],[-81.39101,41.56972],[-81.39152,41.44523],[-81.375,41.44529],[-81.37478,41.42444],[-81.39177,41.42428]]]}},{"type":"Feature","properties":{"id":null,"riding_id":"39015","FEDNUM":"39015","name_en":"Congressional District 15","name_fr":"Congressional District 15","state":"OH"},"geometry":{"type":"Polygon","coordinates":[[[-82.79906,39.91103],[-82.8131,39.91167],[-82.81148,39.93212],[-82.86432,39.93568],[-82.87075,39.91499],[-82.92607,39.91845],[-82.92185,39.90647],[-82.96518,39.90341],[-82.96643,39.9259],[-83.00801,39.95443],[-82.99042,39.95992],[-82.98967,39.97986],[-83.00989,39.96446],[-83.04177,39.97047],[-83.09051,40.01443],[-83.10452,40.06538],[-83.09338,40.06233],[-83.09146,40.10188],[-83.0554,40.10371],[-83.06307,40.13764],[-83.16999,40.14309],[-83.17021,40.10693],[-83.50372,40.11148],[-83.50994,40.00992],[-83.5346,39.93435],[-83.70073,39.94767],[-83.71156,39.8589],[-83.89005,39.87016],[-83.94114,39.89233],[-84.01954,39.87661],[-84.02992,39.89067],[-84.00946,39.91119],[-84.04846,39.90827],[-84.02292,40.18395],[-84.21866,40.20001],[-84.43258,40.19704],[-84.43634,40.18081],[-84.42199,39.95953],[-84.40766,39.9596],[-84.40375,39.99435],[-84.31768,39.99418],[-84.33943,40.0083],[-84.30713,40.00876],[-84.31019,39.99796],[-84.29596,40.00888],[-84.29832,40.09582],[-84.22317,40.09656],[-84.20509,40.05666],[-84.17076,40.06349],[-84.19072,40.00278],[-84.14165,39.95901],[-84.16718,39.91182],[-84.15722,39.886],[-84.05102,39.87982],[-84.05374,39.85047],[-83.93959,39.8438],[-83.94129,39.82885],[-83.82743,39.82266],[-83.82938,39.79777],[-83.64661,39.776],[-83.6702,39.55026],[-83.57629,39.54455],[-83.59088,39.37874],[-83.7848,39.2629],[-83.80865,39.2245],[-83.83587,39.22331],[-83.83441,39.24572],[-83.86568,39.24734],[-83.87222,39.02131],[-83.6116,39.0189],[-83.38564,39.0552],[-83.34348,39.23322],[-83.34663,39.25267],[-83.36236,39.24058],[-83.3938,39.26806],[-83.37663,39.29095],[-83.38003,39.35757],[-83.26674,39.51626],[-82.98456,39.50676],[-82.9804,39.49027],[-82.99821,39.48007],[-82.74069,39.46839],[-82.73152,39.55445],[-82.84296,39.56149],[-82.8215,39.82428],[-82.80248,39.82296],[-82.79906,39.91103]]]}},{"type":"Feature","properties":{"id":"314","riding_id":"40001","FEDNUM":"40001","name_en":"Congressional District 1","name_fr":"Congressional District 1","state":""},"geometry":{"type":"Polygon","coordinates":[[[-96.29791,36.07577],[-96.29789,36.16228],[-96.00123,36.1613],[-96.00117,36.42369],[-95.79437,36.42358],[-95.79425,36.39451],[-95.81226,36.39458],[-95.8122,36.32205],[-95.74026,36.32198],[-95.77615,36.31106],[-95.75838,36.20597],[-95.72542,36.20894],[-95.72641,36.16263],[-95.61852,36.16251],[-95.6047,36.13346],[-95.56785,36.12995],[-95.55259,36.09149],[-95.57938,36.08032],[-95.52333,36.0442],[-95.56528,35.96776],[-95.53755,35.97645],[-95.52734,35.95991],[-95.49499,35.95699],[-95.47731,35.9046],[-95.40295,35.88555],[-95.40221,35.80663],[-95.56309,35.78791],[-95.58974,35.76516],[-95.63831,35.7876],[-95.65042,35.85664],[-96.13723,35.8571],[-96.13723,35.91689],[-96.11881,35.95933],[-96.2172,35.98864],[-96.23724,36.02604],[-96.26161,36.02084],[-96.27247,36.04934],[-96.26129,36.07574],[-96.29791,36.07577]]]}},{"type":"Feature","properties":{"id":"317","riding_id":"40002","FEDNUM":"40002","name_en":"Congressional District 2","name_fr":"Congressional District 2","state":""},"geometry":{"type":"Polygon","coordinates":[[[-96.96974,34.01295],[-96.96842,34.17268],[-96.9335,34.17275],[-96.93331,34.33256],[-96.88101,34.33298],[-96.88079,34.50605],[-96.5121,34.50556],[-96.51217,34.68006],[-96.40636,34.68002],[-96.40614,34.93419],[-96.42638,34.90322],[-96.49079,34.91058],[-96.49043,35.11586],[-96.4413,35.11577],[-96.44122,35.46775],[-96.47575,35.46342],[-96.49715,35.42877],[-96.55428,35.45393],[-96.56962,35.43963],[-96.53716,35.41094],[-96.53572,35.39104],[-96.58586,35.41153],[-96.6213,35.39809],[-96.62083,35.639],[-96.19256,35.63909],[-96.1924,35.85699],[-95.65042,35.85664],[-95.63831,35.7876],[-95.58974,35.76516],[-95.56309,35.78791],[-95.40221,35.80663],[-95.40295,35.88555],[-95.47731,35.9046],[-95.49499,35.95699],[-95.52734,35.95991],[-95.53755,35.97645],[-95.56528,35.96776],[-95.52333,36.0442],[-95.57938,36.08032],[-95.55259,36.09149],[-95.56785,36.12995],[-95.6047,36.13346],[-95.61852,36.16251],[-95.72641,36.16263],[-95.72542,36.20894],[-95.75838,36.20597],[-95.77615,36.31106],[-95.74026,36.32198],[-95.8122,36.32205],[-95.81226,36.39458],[-95.79425,36.39451],[-95.79437,36.42358],[-96.00117,36.42369],[-96.00081,36.99886],[-94.61796,36.99891],[-94.61786,36.49943],[-94.43101,35.39317],[-94.48836,33.62741],[-94.51747,33.63306],[-94.52795,33.61596],[-94.52749,33.64134],[-94.56897,33.62745],[-94.54263,33.65399],[-94.59048,33.64507],[-94.56034,33.66659],[-94.58078,33.66639],[-94.58793,33.68626],[-94.59602,33.66386],[-94.62204,33.68254],[-94.6392,33.66374],[-94.66865,33.66385],[-94.64534,33.67364],[-94.64372,33.70152],[-94.6514,33.68584],[-94.71619,33.6879],[-94.70156,33.70288],[-94.73396,33.71569],[-94.71594,33.69491],[-94.73512,33.69126],[-94.7538,33.70866],[-94.73341,33.72519],[-94.75137,33.71354],[-94.75182,33.73433],[-94.78864,33.73567],[-94.75895,33.74853],[-94.76304,33.75976],[-94.80283,33.7327],[-94.82071,33.76896],[-94.82199,33.73288],[-94.86754,33.7449],[-94.86814,33.76887],[-94.87637,33.75733],[-94.92153,33.79047],[-94.91801,33.82678],[-94.92329,33.80874],[-94.94787,33.80836],[-94.94389,33.83023],[-94.9644,33.83702],[-94.97021,33.86182],[-94.98849,33.851],[-95.04657,33.86256],[-95.0601,33.90187],[-95.07588,33.90185],[-95.06676,33.9171],[-95.08961,33.88086],[-95.10038,33.8956],[-95.08006,33.92099],[-95.12089,33.90454],[-95.1247,33.93467],[-95.21695,33.96267],[-95.25,33.93886],[-95.25772,33.89012],[-95.2687,33.91109],[-95.28463,33.90548],[-95.28893,33.87307],[-95.32994,33.88633],[-95.36257,33.8669],[-95.44275,33.86651],[-95.46334,33.8724],[-95.46144,33.88711],[-95.505,33.87592],[-95.50953,33.89759],[-95.54414,33.8806],[-95.55421,33.92696],[-95.59409,33.94306],[-95.63277,33.90481],[-95.66548,33.909],[-95.70064,33.88585],[-95.75215,33.89458],[-95.75796,33.84957],[-95.81557,33.85985],[-95.83041,33.83478],[-95.92509,33.88494],[-95.95138,33.85733],[-95.98486,33.85249],[-96.00293,33.87359],[-95.99683,33.8539],[-96.01705,33.84145],[-96.02697,33.85747],[-96.04883,33.83647],[-96.10009,33.84797],[-96.09936,33.83047],[-96.14923,33.83709],[-96.15077,33.81699],[-96.17912,33.81022],[-96.16959,33.80094],[-96.15554,33.81404],[-96.18663,33.75502],[-96.22902,33.74802],[-96.29371,33.76941],[-96.31726,33.69857],[-96.35409,33.68698],[-96.42353,33.77643],[-96.50098,33.7728],[-96.53197,33.82399],[-96.57294,33.8191],[-96.62927,33.8455],[-96.5885,33.89498],[-96.62829,33.89448],[-96.66719,33.91694],[-96.69826,33.84054],[-96.74604,33.8257],[-96.76938,33.82748],[-96.79428,33.86889],[-96.83216,33.87483],[-96.8459,33.84898],[-96.86644,33.85315],[-96.89573,33.89641],[-96.90525,33.94722],[-96.93484,33.95445],[-96.93483,34.01293],[-96.96974,34.01295]]]}},{"type":"Feature","properties":{"id":"313","riding_id":"40003","FEDNUM":"40003","name_en":"Congressional District 3","name_fr":"Congressional District 3","state":""},"geometry":{"type":"Polygon","coordinates":[[[-103.00237,36.5004],[-103.00233,37.00015],[-96.00081,36.99886],[-96.00123,36.1613],[-96.29789,36.16228],[-96.29791,36.07577],[-96.26129,36.07574],[-96.27247,36.04934],[-96.26161,36.02084],[-96.23724,36.02604],[-96.2172,35.98864],[-96.18993,35.9884],[-96.18999,35.97378],[-96.13691,35.97396],[-96.13697,35.95932],[-96.11881,35.95933],[-96.13723,35.91689],[-96.13723,35.8571],[-96.1924,35.85699],[-96.19256,35.63909],[-96.62083,35.639],[-96.61965,35.94157],[-97.14058,35.94199],[-97.14046,35.95906],[-97.18955,35.94116],[-97.23429,35.9696],[-97.27756,35.97378],[-97.2946,36.00556],[-97.31867,36.01124],[-97.35519,35.98426],[-97.39888,35.98843],[-97.41729,35.97511],[-97.40779,35.93134],[-97.46844,35.89492],[-97.52101,35.90829],[-97.632,35.87687],[-97.65112,35.85831],[-97.67048,35.86633],[-97.67403,35.72597],[-97.8341,35.7259],[-97.83091,35.46447],[-97.67286,35.4476],[-97.67154,35.46421],[-97.63676,35.46424],[-97.63667,35.47885],[-97.60114,35.49306],[-97.52994,35.49327],[-97.53013,35.45803],[-97.45901,35.46891],[-97.4592,35.42081],[-97.42357,35.42074],[-97.42357,35.37732],[-97.67137,35.37715],[-97.67141,35.33595],[-97.73731,35.32376],[-97.76927,35.34565],[-97.84159,35.3346],[-97.86473,35.36224],[-97.9012,35.34432],[-97.9429,35.37732],[-97.95959,35.34586],[-98.01084,35.36077],[-98.01931,35.37843],[-98.09601,35.37775],[-98.09313,34.85499],[-98.82609,34.85543],[-98.82601,34.59441],[-99.00111,34.59437],[-99.00102,34.63787],[-99.10315,34.63795],[-99.08028,34.62235],[-99.09195,34.61252],[-99.0831,34.59044],[-99.16332,34.58804],[-99.1849,34.56142],[-99.17111,34.54715],[-99.19567,34.545],[-99.22189,34.49332],[-99.21305,34.45699],[-99.22925,34.44989],[-99.22164,34.4254],[-99.23762,34.42753],[-99.23575,34.40293],[-99.22826,34.38719],[-99.20955,34.39281],[-99.22025,34.37508],[-99.19214,34.34776],[-99.23052,34.33778],[-99.24286,34.37268],[-99.27486,34.38492],[-99.26127,34.40351],[-99.3196,34.40888],[-99.36979,34.45864],[-99.39519,34.44203],[-99.38718,34.41084],[-99.40529,34.37286],[-99.4249,34.38582],[-99.43827,34.37116],[-99.51428,34.41403],[-99.5697,34.41842],[-99.60003,34.37469],[-99.69497,34.37833],[-99.92321,34.57455],[-100.00028,34.56045],[-100.00041,36.4997],[-103.00237,36.5004]]]}},{"type":"Feature","properties":{"id":"316","riding_id":"40004","FEDNUM":"40004","name_en":"Congressional District 4","name_fr":"Congressional District 4","state":""},"geometry":{"type":"Polygon","coordinates":[[[-99.23806,34.42501],[-99.22208,34.42398],[-99.22189,34.49332],[-99.19567,34.545],[-99.17111,34.54715],[-99.1849,34.56142],[-99.16393,34.58753],[-99.0831,34.59044],[-99.09195,34.61252],[-99.08028,34.62235],[-99.10315,34.63795],[-99.00102,34.63787],[-99.00111,34.59437],[-98.82601,34.59441],[-98.82609,34.85543],[-98.09313,34.85499],[-98.09601,35.37775],[-98.01931,35.37843],[-98.01084,35.36077],[-97.95959,35.34586],[-97.9429,35.37732],[-97.90033,35.34411],[-97.8656,35.36234],[-97.84133,35.33453],[-97.76936,35.34566],[-97.73731,35.32376],[-97.70717,35.32483],[-97.67141,35.33595],[-97.67137,35.37715],[-97.42357,35.37732],[-97.42357,35.42074],[-97.4592,35.42081],[-97.45901,35.46891],[-97.42399,35.47867],[-97.42413,35.4932],[-97.363,35.49301],[-97.33558,35.47855],[-97.33553,35.37723],[-97.14211,35.37686],[-97.14235,34.92818],[-97.08554,34.93136],[-97.01593,34.90735],[-96.92827,34.96521],[-96.8854,34.92625],[-96.81345,34.94465],[-96.79858,34.90594],[-96.75552,34.89981],[-96.72289,34.85678],[-96.68663,34.88274],[-96.71209,34.91388],[-96.69415,34.93279],[-96.66539,34.92838],[-96.63679,34.89878],[-96.56409,34.91728],[-96.52709,34.86959],[-96.48927,34.91165],[-96.42638,34.90322],[-96.40614,34.93419],[-96.40636,34.68002],[-96.51217,34.68006],[-96.5121,34.50556],[-96.88079,34.50605],[-96.88101,34.33298],[-96.93331,34.33256],[-96.9335,34.17275],[-96.96842,34.17268],[-96.96974,34.01295],[-96.93483,34.01293],[-96.93484,33.95445],[-96.97287,33.9357],[-96.97942,33.95618],[-96.99429,33.94921],[-96.98383,33.89095],[-97.02144,33.84638],[-97.04104,33.83762],[-97.06379,33.85997],[-97.08796,33.85259],[-97.04815,33.81746],[-97.09294,33.80381],[-97.08625,33.74397],[-97.11952,33.71736],[-97.15737,33.72554],[-97.19257,33.75968],[-97.20499,33.81887],[-97.16663,33.84731],[-97.18085,33.8952],[-97.21092,33.91606],[-97.24505,33.90322],[-97.25564,33.8637],[-97.27093,33.858],[-97.30917,33.8887],[-97.33206,33.85506],[-97.33188,33.88448],[-97.36873,33.82144],[-97.4268,33.81864],[-97.46324,33.842],[-97.45081,33.88661],[-97.46142,33.90523],[-97.50027,33.91963],[-97.58108,33.89968],[-97.59695,33.91631],[-97.5896,33.95355],[-97.67128,33.99155],[-97.73226,33.93652],[-97.76277,33.9344],[-97.76377,33.91424],[-97.78352,33.9183],[-97.78084,33.89445],[-97.79891,33.89854],[-97.83432,33.85763],[-97.87531,33.84972],[-97.96775,33.88221],[-97.98454,33.9007],[-97.95716,33.91445],[-97.9534,33.93644],[-97.97417,33.94283],[-97.94573,33.98984],[-97.97417,34.00672],[-98.02767,33.99336],[-98.0882,34.00548],[-98.10618,34.03489],[-98.08246,34.03943],[-98.12021,34.07213],[-98.08975,34.12821],[-98.10946,34.15411],[-98.17083,34.11417],[-98.36562,34.15699],[-98.38438,34.14632],[-98.38009,34.13083],[-98.39844,34.12846],[-98.41443,34.08507],[-98.48355,34.06228],[-98.56098,34.12392],[-98.55088,34.13258],[-98.59979,34.16057],[-98.64807,34.16444],[-98.69007,34.13316],[-98.75704,34.12463],[-98.81295,34.15844],[-98.86812,34.14964],[-98.87292,34.16658],[-98.95128,34.21219],[-98.97261,34.20259],[-98.98817,34.22131],[-99.04446,34.19811],[-99.07939,34.21155],[-99.12664,34.20306],[-99.13044,34.21948],[-99.15365,34.20733],[-99.18978,34.21436],[-99.1954,34.28085],[-99.2133,34.30928],[-99.19275,34.35486],[-99.22025,34.37508],[-99.21019,34.39341],[-99.22886,34.3877],[-99.23806,34.42501]]]}},{"type":"Feature","properties":{"id":"315","riding_id":"40005","FEDNUM":"40005","name_en":"Congressional District 5","name_fr":"Congressional District 5","state":""},"geometry":{"type":"Polygon","coordinates":[[[-97.83091,35.46447],[-97.8341,35.7259],[-97.67403,35.72597],[-97.67163,35.86542],[-97.65112,35.85831],[-97.632,35.87687],[-97.52101,35.90829],[-97.47441,35.89365],[-97.43409,35.91005],[-97.40779,35.93134],[-97.42109,35.96784],[-97.40028,35.98817],[-97.35519,35.98426],[-97.32362,36.01088],[-97.30052,36.00931],[-97.27756,35.97378],[-97.23429,35.9696],[-97.18608,35.94092],[-97.14046,35.95906],[-97.14058,35.94199],[-96.61965,35.94157],[-96.6237,35.40072],[-96.59983,35.39691],[-96.58586,35.41153],[-96.53572,35.39104],[-96.53716,35.41094],[-96.56962,35.43963],[-96.55428,35.45393],[-96.49715,35.42877],[-96.47575,35.46342],[-96.44122,35.46775],[-96.4413,35.11577],[-96.49043,35.11586],[-96.49079,34.91058],[-96.52859,34.86959],[-96.55889,34.91528],[-96.63679,34.89878],[-96.69197,34.93331],[-96.71209,34.91388],[-96.68729,34.88098],[-96.72459,34.85678],[-96.75552,34.89981],[-96.79858,34.90594],[-96.81345,34.94465],[-96.8854,34.92625],[-96.92827,34.96521],[-97.01593,34.90735],[-97.08554,34.93136],[-97.13581,34.9244],[-97.14211,35.37686],[-97.33553,35.37723],[-97.33558,35.47855],[-97.363,35.49301],[-97.42413,35.4932],[-97.42399,35.47867],[-97.5134,35.4562],[-97.53013,35.45803],[-97.52994,35.49327],[-97.60114,35.49306],[-97.63667,35.47885],[-97.63676,35.46424],[-97.67154,35.46421],[-97.67209,35.44768],[-97.83091,35.46447]]]}},{"type":"Feature","properties":{"id":"319","riding_id":"41001","FEDNUM":"41001","name_en":"Congressional District 1","name_fr":"Congressional District 1","state":""},"geometry":{"type":"Polygon","coordinates":[[[-124.15937,46.26114],[-124.03595,46.26418],[-124.02488,46.2991],[-123.93048,46.2388],[-123.87263,46.23499],[-123.74145,46.26915],[-123.68811,46.2501],[-123.47964,46.26913],[-123.42763,46.22935],[-123.43099,46.18157],[-123.37143,46.14637],[-123.28017,46.14484],[-123.16642,46.18898],[-123.1159,46.18527],[-123.00577,46.13461],[-122.90412,46.08373],[-122.87809,46.03128],[-122.814,45.96098],[-122.8115,45.91272],[-122.78503,45.8677],[-122.7956,45.81],[-122.76145,45.75916],[-122.77451,45.68044],[-122.76241,45.65644],[-122.78949,45.61588],[-122.669,45.52763],[-122.62293,45.53305],[-122.62282,45.51204],[-122.63356,45.49697],[-122.6651,45.50118],[-122.66648,45.46433],[-122.68895,45.47009],[-122.73108,45.44536],[-122.7437,45.44294],[-122.74375,45.48708],[-122.79283,45.48655],[-122.78594,45.46939],[-122.83627,45.46565],[-122.85167,45.44825],[-122.83118,45.40169],[-122.86335,45.36772],[-122.90675,45.36785],[-122.92887,45.34628],[-122.96806,45.34716],[-122.99139,45.37547],[-123.01165,45.37635],[-123.01128,45.39103],[-123.03236,45.39089],[-123.03216,45.40496],[-123.11464,45.40438],[-123.13543,45.43346],[-123.46488,45.43333],[-123.46352,45.21631],[-123.78454,45.21629],[-123.78422,45.07666],[-123.72436,45.07678],[-123.72466,45.04443],[-124.09583,45.04399],[-124.04479,45.166],[-124.05983,45.2156],[-124.04236,45.28218],[-124.07698,45.34185],[-124.0365,45.41334],[-124.06455,45.46757],[-124.05312,45.51423],[-124.02666,45.53788],[-124.03711,45.57172],[-124.01081,45.70828],[-124.06797,45.75032],[-124.0377,45.84161],[-124.04335,45.88709],[-124.08016,45.90826],[-124.09192,45.94346],[-124.00278,46.02754],[-124.0098,46.08197],[-124.05066,46.16391],[-124.12626,46.2051],[-124.15937,46.26114]]]}},{"type":"Feature","properties":{"id":"323","riding_id":"41002","FEDNUM":"41002","name_en":"Congressional District 2","name_fr":"Congressional District 2","state":""},"geometry":{"type":"Polygon","coordinates":[[[-124.04198,42.38766],[-124.0089,42.41969],[-124.00862,42.49622],[-123.91932,42.49474],[-123.87516,42.51324],[-123.84956,42.58372],[-123.8194,42.61245],[-123.83126,42.63231],[-123.71649,42.78406],[-123.78259,42.79945],[-123.81155,42.78822],[-123.82112,42.96528],[-123.74799,42.97375],[-123.65054,43.06451],[-123.59843,43.07073],[-123.50157,43.11625],[-123.48085,43.10139],[-123.44082,43.10758],[-123.39851,43.0787],[-123.3755,43.092],[-123.35598,43.07177],[-123.36774,43.09022],[-123.35454,43.11047],[-123.36476,43.18098],[-123.33755,43.19875],[-123.17078,43.20617],[-123.0753,43.27141],[-122.98113,43.26929],[-122.94478,43.29873],[-123.01483,43.32957],[-122.99287,43.35797],[-123.0187,43.37453],[-122.9882,43.38768],[-122.98854,43.41682],[-122.936,43.44609],[-122.93373,43.47628],[-122.89332,43.51743],[-122.74191,43.51758],[-122.74172,43.4374],[-122.13203,43.44022],[-122.15302,43.44757],[-122.13094,43.48506],[-122.1298,43.50569],[-122.14953,43.52069],[-122.13101,43.55728],[-122.01096,43.60927],[-122.0001,43.62636],[-121.96492,43.62705],[-121.98707,43.65444],[-121.96692,43.70282],[-121.98125,43.74296],[-121.96091,43.76378],[-121.96454,43.80824],[-121.90194,43.7941],[-121.72845,43.83614],[-121.60017,43.82601],[-121.58861,43.84113],[-121.52029,43.8567],[-121.50821,43.83889],[-121.45206,43.86314],[-121.46267,43.81942],[-121.42888,43.81947],[-121.3987,43.876],[-121.35067,43.91294],[-121.3477,43.96228],[-121.33411,43.96315],[-121.32591,43.9955],[-121.24375,44.00776],[-121.25362,44.08748],[-121.2295,44.09467],[-121.22449,44.11839],[-121.17374,44.15957],[-121.10278,44.16924],[-121.10753,44.3906],[-121.67493,44.39339],[-121.71408,44.42972],[-121.76613,44.41839],[-121.84756,44.42875],[-121.84888,44.48671],[-121.80938,44.51443],[-121.81632,44.53738],[-121.7939,44.59406],[-121.81157,44.61577],[-121.80043,44.68297],[-121.78718,44.68929],[-121.8046,44.72924],[-121.78362,44.77264],[-121.81241,44.78159],[-121.82028,44.80013],[-121.77593,44.81985],[-121.75242,44.93057],[-121.79606,44.93664],[-121.78559,44.95038],[-121.80527,45.0115],[-121.78147,45.01541],[-121.77836,45.0376],[-121.73463,45.04573],[-121.72321,45.13698],[-121.74823,45.16159],[-121.73144,45.17063],[-121.74849,45.20444],[-121.68273,45.22857],[-121.6809,45.25058],[-121.69648,45.25792],[-121.48189,45.25813],[-121.48217,45.5196],[-121.44065,45.51939],[-121.44123,45.69728],[-121.33771,45.70484],[-121.21577,45.67123],[-121.19646,45.61661],[-121.14558,45.60795],[-121.06446,45.65249],[-120.94402,45.65639],[-120.89582,45.64292],[-120.85541,45.67173],[-120.68954,45.71573],[-120.63505,45.74571],[-120.55929,45.73832],[-120.48261,45.69441],[-120.21077,45.72592],[-120.1706,45.76198],[-119.96577,45.82438],[-119.66997,45.85691],[-119.60054,45.91955],[-119.48808,45.90636],[-119.25707,45.93987],[-119.12632,45.93278],[-119.02721,45.96911],[-118.98726,45.99985],[-116.93342,45.99607],[-116.89361,45.97758],[-116.8598,45.90726],[-116.79646,45.86122],[-116.78214,45.82512],[-116.70975,45.82573],[-116.66527,45.78206],[-116.59421,45.77908],[-116.54724,45.75168],[-116.53512,45.69128],[-116.4635,45.61579],[-116.48194,45.5779],[-116.52832,45.55151],[-116.55746,45.50417],[-116.55483,45.46293],[-116.58819,45.44292],[-116.67379,45.32151],[-116.67449,45.27635],[-116.7037,45.2401],[-116.72961,45.14209],[-116.84794,45.0226],[-116.85798,44.97732],[-116.82627,44.98249],[-116.85098,44.96156],[-116.83199,44.93301],[-116.85243,44.88758],[-116.89862,44.85374],[-116.9347,44.78388],[-117.06227,44.72714],[-117.12475,44.58383],[-117.14826,44.56437],[-117.14924,44.53615],[-117.22508,44.48235],[-117.21507,44.42716],[-117.24287,44.39556],[-117.18977,44.33658],[-117.22274,44.29833],[-117.19815,44.27383],[-117.14622,44.25803],[-117.10421,44.27994],[-117.05143,44.22875],[-117.03186,44.24864],[-116.97598,44.24287],[-116.97168,44.19726],[-116.92539,44.19154],[-116.8942,44.16232],[-116.9337,44.10004],[-116.97735,44.08536],[-116.97319,44.04942],[-116.93613,44.02714],[-116.9353,43.98862],[-116.97604,43.97506],[-116.95921,43.96636],[-116.97243,43.95799],[-116.96048,43.9551],[-116.96153,43.91839],[-116.98114,43.91369],[-116.98294,43.86771],[-117.02003,43.85896],[-117.01158,43.84105],[-117.03258,43.83018],[-117.02155,43.8194],[-117.0262,41.99989],[-120.97414,41.99299],[-122.37805,42.0095],[-123.82204,41.99558],[-123.84964,42.04464],[-123.82199,42.0872],[-123.85855,42.13512],[-123.8126,42.16965],[-123.82047,42.19897],[-123.79052,42.2203],[-123.79218,42.23763],[-123.81218,42.24379],[-123.84731,42.29922],[-123.8395,42.3122],[-123.86958,42.3228],[-123.88803,42.35145],[-124.02707,42.35922],[-124.04198,42.38766]]]}},{"type":"Feature","properties":{"id":"318","riding_id":"41003","FEDNUM":"41003","name_en":"Congressional District 3","name_fr":"Congressional District 3","state":""},"geometry":{"type":"Polygon","coordinates":[[[-122.7911,45.62282],[-122.76241,45.65644],[-122.64391,45.60974],[-122.43867,45.56359],[-122.3803,45.57594],[-122.3315,45.54824],[-122.2667,45.54384],[-121.98301,45.62289],[-121.90813,45.65456],[-121.86702,45.69339],[-121.81118,45.70672],[-121.7073,45.69484],[-121.4991,45.72075],[-121.44123,45.69728],[-121.44065,45.51939],[-121.48217,45.5196],[-121.48189,45.25813],[-121.69648,45.25792],[-121.6809,45.25058],[-121.68273,45.22857],[-121.69837,45.22645],[-121.70071,45.24079],[-121.78389,45.21448],[-121.8601,45.22094],[-121.9382,45.27217],[-122.00297,45.26086],[-122.00233,45.20332],[-122.02228,45.20072],[-122.02543,45.22046],[-122.1604,45.20283],[-122.20749,45.20739],[-122.23052,45.23019],[-122.23827,45.21527],[-122.26402,45.23607],[-122.29164,45.2295],[-122.33291,45.26196],[-122.31428,45.26705],[-122.32321,45.27955],[-122.38722,45.31578],[-122.38162,45.35591],[-122.41672,45.38611],[-122.50229,45.39558],[-122.51492,45.42487],[-122.5381,45.43198],[-122.54303,45.45956],[-122.57131,45.46139],[-122.56593,45.47833],[-122.66648,45.46433],[-122.6651,45.50118],[-122.63356,45.49697],[-122.62293,45.53305],[-122.669,45.52763],[-122.76431,45.58532],[-122.7911,45.62282]]]}},{"type":"Feature","properties":{"id":"322","riding_id":"41004","FEDNUM":"41004","name_en":"Congressional District 4","name_fr":"Congressional District 4","state":""},"geometry":{"type":"Polygon","coordinates":[[[-124.70354,42.77037],[-124.64515,42.86189],[-124.57235,42.92251],[-124.53061,42.99983],[-124.50533,43.06795],[-124.51584,43.12483],[-124.46524,43.20031],[-124.47033,43.2455],[-124.4555,43.26823],[-124.47485,43.28857],[-124.47695,43.32937],[-124.42564,43.38589],[-124.38027,43.40285],[-124.36032,43.43432],[-124.2657,43.70156],[-124.19538,44.09746],[-124.18765,44.28856],[-124.15343,44.46504],[-124.16456,44.49984],[-124.13431,44.58318],[-124.15233,44.60934],[-124.13744,44.641],[-124.15396,44.67533],[-124.13912,44.71054],[-124.14156,44.83344],[-124.09793,44.92966],[-124.08621,45.00286],[-124.09583,45.04399],[-123.72466,45.04443],[-123.725,44.73905],[-123.70458,44.73898],[-123.70447,44.72115],[-123.14902,44.72022],[-123.11689,44.67697],[-123.08834,44.67424],[-123.07723,44.64721],[-123.16475,44.63783],[-123.19803,44.60286],[-123.18178,44.58174],[-123.18318,44.56723],[-123.20286,44.56406],[-123.22102,44.48475],[-123.20687,44.42972],[-123.22132,44.43341],[-123.21926,44.4144],[-123.23331,44.41119],[-123.22361,44.39345],[-123.24513,44.38369],[-123.21886,44.36151],[-123.24568,44.3321],[-123.1933,44.30649],[-123.17878,44.2516],[-123.15057,44.22735],[-123.16543,44.20007],[-122.90575,44.20074],[-122.904,44.25913],[-122.86554,44.25898],[-122.86547,44.28732],[-122.82301,44.27432],[-122.73112,44.28823],[-122.65736,44.27096],[-122.63996,44.2494],[-122.59347,44.24443],[-122.57702,44.22788],[-122.5363,44.23504],[-122.37959,44.20944],[-122.32731,44.23119],[-122.32715,44.25284],[-121.78965,44.24933],[-121.77256,44.09086],[-121.80245,44.05237],[-121.83431,44.04015],[-121.82203,44.01166],[-121.83646,43.97144],[-121.85971,43.96153],[-121.86914,43.91206],[-121.92821,43.90918],[-121.97539,43.85691],[-121.96088,43.76392],[-121.98117,43.74337],[-121.96688,43.70337],[-121.98707,43.65444],[-121.96492,43.62705],[-122.0001,43.62636],[-122.01096,43.60927],[-122.13101,43.55728],[-122.14953,43.52069],[-122.1298,43.50569],[-122.13094,43.48506],[-122.15302,43.44757],[-122.13203,43.44022],[-122.74172,43.4374],[-122.74191,43.51758],[-122.89332,43.51743],[-122.93373,43.47628],[-122.936,43.44609],[-122.98854,43.41682],[-122.9882,43.38768],[-123.0187,43.37453],[-122.99287,43.35797],[-123.01483,43.32957],[-122.94478,43.29873],[-122.98113,43.26929],[-123.0753,43.27141],[-123.17078,43.20617],[-123.33755,43.19875],[-123.36476,43.18098],[-123.35454,43.11047],[-123.36774,43.09022],[-123.35598,43.07177],[-123.3755,43.092],[-123.39851,43.0787],[-123.44082,43.10758],[-123.48085,43.10139],[-123.50157,43.11625],[-123.59843,43.07073],[-123.65054,43.06451],[-123.74799,42.97375],[-123.82112,42.96528],[-123.81155,42.78822],[-123.78259,42.79945],[-123.71649,42.78406],[-123.83126,42.63231],[-123.8194,42.61245],[-123.84956,42.58372],[-123.87516,42.51324],[-123.91932,42.49474],[-124.00862,42.49622],[-124.0089,42.41969],[-124.04198,42.38766],[-124.02707,42.35922],[-123.88803,42.35145],[-123.86958,42.3228],[-123.8395,42.3122],[-123.84731,42.29922],[-123.81218,42.24379],[-123.79218,42.23763],[-123.79052,42.2203],[-123.82047,42.19897],[-123.8126,42.16965],[-123.85855,42.13512],[-123.82199,42.0872],[-123.84964,42.04464],[-123.82204,41.99558],[-124.32883,41.99833],[-124.37505,42.02923],[-124.41627,42.07485],[-124.43351,42.16483],[-124.48203,42.2241],[-124.49415,42.39609],[-124.5427,42.41525],[-124.56951,42.45459],[-124.55465,42.49414],[-124.46535,42.55303],[-124.48084,42.58158],[-124.47355,42.61473],[-124.53031,42.63228],[-124.54413,42.68382],[-124.58469,42.7193],[-124.66464,42.72048],[-124.70354,42.77037]]]}},{"type":"Feature","properties":{"id":"320","riding_id":"41005","FEDNUM":"41005","name_en":"Congressional District 5","name_fr":"Congressional District 5","state":""},"geometry":{"type":"Polygon","coordinates":[[[-123.2457,44.3329],[-123.21889,44.361],[-123.24518,44.38321],[-123.22361,44.39345],[-123.23331,44.41119],[-123.21926,44.4144],[-123.22132,44.43341],[-123.20687,44.42972],[-123.22102,44.48475],[-123.20286,44.56406],[-123.18318,44.56723],[-123.18178,44.58174],[-123.19803,44.60286],[-123.16475,44.63783],[-123.07335,44.65116],[-123.14598,44.71141],[-123.15043,44.72761],[-123.13245,44.74116],[-123.14384,44.74891],[-123.11302,44.75948],[-123.10009,44.74631],[-123.06215,44.74804],[-123.03475,44.72087],[-123.01889,44.72466],[-123.01921,44.69803],[-122.99974,44.68693],[-122.95755,44.7213],[-122.93372,44.71588],[-122.86496,44.7583],[-122.87489,44.7919],[-122.8349,44.79138],[-122.85518,44.79637],[-122.84353,44.80249],[-122.85442,44.84602],[-122.95045,44.90597],[-122.95321,45.00447],[-122.97648,45.00456],[-122.97582,45.02239],[-122.90283,45.09544],[-122.84022,45.12796],[-122.79881,45.18771],[-122.74715,45.22334],[-122.74648,45.26349],[-122.71644,45.28434],[-122.72183,45.30109],[-122.74395,45.29935],[-122.7313,45.31169],[-122.74375,45.31755],[-122.74392,45.37218],[-122.72378,45.37536],[-122.71935,45.39519],[-122.72199,45.41082],[-122.74382,45.41531],[-122.7437,45.44294],[-122.68845,45.47021],[-122.5696,45.47922],[-122.57131,45.46139],[-122.54303,45.45956],[-122.5381,45.43198],[-122.51492,45.42487],[-122.50229,45.39558],[-122.42216,45.38918],[-122.39819,45.37321],[-122.38141,45.35522],[-122.38722,45.31578],[-122.32321,45.27955],[-122.31428,45.26705],[-122.33291,45.26196],[-122.29164,45.2295],[-122.26402,45.23607],[-122.23827,45.21527],[-122.23052,45.23019],[-122.20749,45.20739],[-122.1604,45.20283],[-122.02543,45.22046],[-122.02228,45.20072],[-122.00233,45.20332],[-122.00297,45.26086],[-121.9382,45.27217],[-121.8547,45.21961],[-121.73969,45.21848],[-121.69995,45.24031],[-121.71295,45.21237],[-121.74849,45.20444],[-121.73144,45.17063],[-121.74823,45.16159],[-121.72321,45.13698],[-121.73463,45.04573],[-121.77836,45.0376],[-121.78147,45.01541],[-121.80527,45.0115],[-121.78559,44.95038],[-121.79606,44.93664],[-121.75242,44.93057],[-121.77593,44.81985],[-121.82028,44.80013],[-121.81241,44.78159],[-121.78362,44.77264],[-121.8046,44.72924],[-121.78718,44.68929],[-121.80043,44.68297],[-121.81157,44.61577],[-121.7939,44.59406],[-121.81632,44.53738],[-121.80921,44.51495],[-121.84938,44.48452],[-121.84552,44.42473],[-121.71408,44.42972],[-121.67493,44.39339],[-121.10753,44.3906],[-121.10278,44.16924],[-121.17374,44.15957],[-121.22449,44.11839],[-121.2295,44.09467],[-121.25362,44.08748],[-121.24375,44.00776],[-121.32591,43.9955],[-121.33411,43.96315],[-121.3477,43.96228],[-121.35067,43.91294],[-121.3987,43.876],[-121.42888,43.81947],[-121.46267,43.81942],[-121.45619,43.86302],[-121.50821,43.83889],[-121.52029,43.8567],[-121.60017,43.82601],[-121.72845,43.83614],[-121.91264,43.79466],[-121.97546,43.81177],[-121.97539,43.85691],[-121.92821,43.90918],[-121.86914,43.91206],[-121.85971,43.96153],[-121.83646,43.97144],[-121.82203,44.01166],[-121.83431,44.04015],[-121.80245,44.05237],[-121.77248,44.09103],[-121.77807,44.22096],[-121.79943,44.25828],[-122.32715,44.25284],[-122.32731,44.23119],[-122.37959,44.20944],[-122.5363,44.23504],[-122.57702,44.22788],[-122.59347,44.24443],[-122.63996,44.2494],[-122.65736,44.27096],[-122.73112,44.28823],[-122.82301,44.27432],[-122.86547,44.28732],[-122.86554,44.25898],[-122.904,44.25913],[-122.90575,44.20074],[-123.16543,44.20007],[-123.15034,44.22663],[-123.17878,44.2516],[-123.1933,44.30649],[-123.2457,44.3329]]]}},{"type":"Feature","properties":{"id":"321","riding_id":"41006","FEDNUM":"41006","name_en":"Congressional District 6","name_fr":"Congressional District 6","state":""},"geometry":{"type":"Polygon","coordinates":[[[-123.78422,45.07666],[-123.78454,45.21629],[-123.46352,45.21631],[-123.46488,45.43333],[-123.13543,45.43346],[-123.11464,45.40438],[-123.03216,45.40496],[-123.03236,45.39089],[-123.01128,45.39103],[-123.01165,45.37635],[-122.99139,45.37547],[-122.96806,45.34716],[-122.92887,45.34628],[-122.90675,45.36785],[-122.86335,45.36772],[-122.83118,45.40169],[-122.85167,45.44825],[-122.83627,45.46565],[-122.78594,45.46939],[-122.79283,45.48655],[-122.74375,45.48708],[-122.74382,45.41531],[-122.72199,45.41082],[-122.72285,45.37623],[-122.74392,45.37218],[-122.74375,45.31755],[-122.7313,45.31169],[-122.74395,45.29935],[-122.72183,45.30109],[-122.71644,45.28434],[-122.74648,45.26349],[-122.74715,45.22334],[-122.79881,45.18771],[-122.84022,45.12796],[-122.90283,45.09544],[-122.97582,45.02239],[-122.97648,45.00456],[-122.95321,45.00447],[-122.95045,44.90597],[-122.85442,44.84602],[-122.84353,44.80249],[-122.85518,44.79637],[-122.8349,44.79138],[-122.87489,44.7919],[-122.86496,44.7583],[-122.93372,44.71588],[-122.95755,44.7213],[-122.99974,44.68693],[-123.01921,44.69803],[-123.01942,44.72505],[-123.11302,44.75948],[-123.14384,44.74891],[-123.13245,44.74116],[-123.14902,44.72022],[-123.70447,44.72115],[-123.70458,44.73898],[-123.725,44.73905],[-123.72436,45.07678],[-123.78422,45.07666]]]}},{"type":"Feature","properties":{"id":"327","riding_id":"42001","FEDNUM":"42001","name_en":"Congressional District 1","name_fr":"Congressional District 1","state":""},"geometry":{"type":"Polygon","coordinates":[[[-75.56808,40.39938],[-75.52981,40.44709],[-75.48386,40.41863],[-75.40973,40.48798],[-75.1968,40.60858],[-75.18491,40.56831],[-75.11639,40.57306],[-75.06858,40.54219],[-75.05858,40.41819],[-74.96655,40.39815],[-74.93971,40.33801],[-74.86821,40.29521],[-74.84231,40.25051],[-74.77144,40.21518],[-74.72205,40.15031],[-74.78417,40.12048],[-74.82253,40.12684],[-74.86276,40.08295],[-74.97398,40.04859],[-74.98519,40.05711],[-74.95838,40.08396],[-74.96474,40.11857],[-75.10688,40.19228],[-75.14284,40.17048],[-75.1844,40.19701],[-75.20553,40.19433],[-75.28699,40.26133],[-75.29866,40.25041],[-75.35567,40.27459],[-75.44319,40.33134],[-75.47538,40.31475],[-75.48164,40.33632],[-75.46128,40.33601],[-75.54531,40.37094],[-75.5371,40.38062],[-75.56808,40.39938]]]}},{"type":"Feature","properties":{"id":"338","riding_id":"42002","FEDNUM":"42002","name_en":"Congressional District 2","name_fr":"Congressional District 2","state":""},"geometry":{"type":"Polygon","coordinates":[[[-75.16558,39.94366],[-75.13943,40.06336],[-75.10941,40.04584],[-75.01507,40.13799],[-74.96461,40.11848],[-74.95576,40.09498],[-74.98515,40.0572],[-74.97621,40.0477],[-75.04883,40.00918],[-75.07323,39.97956],[-75.12909,39.96071],[-75.13597,39.94329],[-75.16558,39.94366]]]}},{"type":"Feature","properties":{"id":"325","riding_id":"42003","FEDNUM":"42003","name_en":"Congressional District 3","name_fr":"Congressional District 3","state":""},"geometry":{"type":"Polygon","coordinates":[[[-75.28027,39.97496],[-75.20598,40.01172],[-75.26443,40.05409],[-75.22361,40.09291],[-75.13943,40.06336],[-75.16558,39.94366],[-75.13597,39.94329],[-75.12978,39.91481],[-75.20853,39.92103],[-75.20607,39.93537],[-75.24014,39.93824],[-75.24778,39.96388],[-75.28027,39.97496]]]}},{"type":"Feature","properties":{"id":"336","riding_id":"42004","FEDNUM":"42004","name_en":"Congressional District 4","name_fr":"Congressional District 4","state":""},"geometry":{"type":"Polygon","coordinates":[[[-76.08556,40.36433],[-76.07897,40.38913],[-76.02116,40.41074],[-76.02791,40.43274],[-75.97182,40.44745],[-75.97158,40.49073],[-75.94963,40.50192],[-75.94663,40.53344],[-75.87761,40.53842],[-75.8798,40.55491],[-75.93724,40.5915],[-75.76674,40.59703],[-75.52981,40.44709],[-75.56927,40.39789],[-75.5371,40.38062],[-75.54531,40.37094],[-75.46128,40.33601],[-75.48164,40.33632],[-75.47538,40.31475],[-75.44319,40.33134],[-75.35567,40.27459],[-75.29866,40.25041],[-75.28699,40.26133],[-75.20553,40.19433],[-75.1844,40.19701],[-75.14284,40.17048],[-75.10688,40.19228],[-75.01507,40.13799],[-75.10941,40.04584],[-75.17644,40.08465],[-75.18846,40.07275],[-75.22361,40.09291],[-75.26443,40.05409],[-75.20598,40.01172],[-75.23733,39.99613],[-75.33805,40.06046],[-75.31915,40.08025],[-75.31666,40.12479],[-75.34453,40.14175],[-75.36513,40.12095],[-75.34749,40.10951],[-75.39093,40.11781],[-75.4096,40.09154],[-75.45633,40.08775],[-75.4716,40.11185],[-75.4616,40.12483],[-75.50608,40.13299],[-75.5038,40.15973],[-75.52594,40.14861],[-75.55744,40.2076],[-75.57334,40.1953],[-75.59703,40.23684],[-75.61157,40.22297],[-75.66491,40.24506],[-75.68995,40.23639],[-75.73653,40.26112],[-75.77268,40.25883],[-75.8194,40.28832],[-75.80553,40.3003],[-75.83106,40.29315],[-75.79378,40.31671],[-75.82006,40.36152],[-75.94804,40.37076],[-75.96071,40.35458],[-75.99189,40.3688],[-76.03472,40.32641],[-76.07008,40.3474],[-76.05731,40.361],[-76.08556,40.36433]]]}},{"type":"Feature","properties":{"id":"331","riding_id":"42005","FEDNUM":"42005","name_en":"Congressional District 5","name_fr":"Congressional District 5","state":""},"geometry":{"type":"Polygon","coordinates":[[[-75.60154,39.85596],[-75.54273,39.92718],[-75.52351,39.92314],[-75.52382,39.94412],[-75.43582,39.98506],[-75.45377,39.99359],[-75.40434,40.02736],[-75.41499,40.04179],[-75.36104,40.06551],[-75.39263,40.06097],[-75.41502,40.09014],[-75.39442,40.09859],[-75.40762,40.10618],[-75.39353,40.1172],[-75.34749,40.10951],[-75.36513,40.12095],[-75.34453,40.14175],[-75.31666,40.12479],[-75.33384,40.05472],[-75.23827,39.99982],[-75.27766,39.97121],[-75.24778,39.96388],[-75.24014,39.93824],[-75.20607,39.93537],[-75.20853,39.92103],[-75.12938,39.91232],[-75.14437,39.88442],[-75.25715,39.85183],[-75.34177,39.84608],[-75.41506,39.80192],[-75.49991,39.83369],[-75.59557,39.83764],[-75.60154,39.85596]]]}},{"type":"Feature","properties":{"id":"333","riding_id":"42006","FEDNUM":"42006","name_en":"Congressional District 6","name_fr":"Congressional District 6","state":""},"geometry":{"type":"Polygon","coordinates":[[[-76.13667,39.72527],[-76.09582,39.72987],[-76.10034,39.74572],[-76.06669,39.75997],[-76.04138,39.79663],[-76.04976,39.80269],[-76.02962,39.81273],[-76.03764,39.82692],[-76.01654,39.83126],[-76.02222,39.85076],[-75.98753,39.87232],[-75.99741,39.92806],[-75.98097,39.93348],[-75.99463,39.95243],[-75.93587,40.03747],[-75.943,40.10927],[-75.87337,40.13711],[-76.09176,40.27769],[-75.99249,40.36867],[-75.96071,40.35458],[-75.94804,40.37076],[-75.82006,40.36152],[-75.79378,40.31671],[-75.83106,40.29315],[-75.80553,40.3003],[-75.8194,40.28832],[-75.77268,40.25883],[-75.73653,40.26112],[-75.68995,40.23639],[-75.66491,40.24506],[-75.61157,40.22297],[-75.59703,40.23684],[-75.57334,40.1953],[-75.55744,40.2076],[-75.52594,40.14861],[-75.5038,40.15973],[-75.50608,40.13299],[-75.4616,40.12483],[-75.4716,40.11185],[-75.45633,40.08775],[-75.42012,40.0972],[-75.39263,40.06097],[-75.36104,40.06551],[-75.41499,40.04179],[-75.40434,40.02736],[-75.45377,39.99359],[-75.43582,39.98506],[-75.52382,39.94412],[-75.52351,39.92314],[-75.54273,39.92718],[-75.54642,39.90973],[-75.59791,39.87446],[-75.59488,39.83752],[-75.70624,39.79966],[-75.77379,39.7222],[-76.13667,39.72527]]]}},{"type":"Feature","properties":{"id":"339","riding_id":"42007","FEDNUM":"42007","name_en":"Congressional District 7","name_fr":"Congressional District 7","state":""},"geometry":{"type":"Polygon","coordinates":[[[-75.99764,40.91326],[-75.73218,41.00812],[-75.77034,41.05019],[-75.76738,41.09296],[-75.6675,41.13398],[-75.57663,41.06777],[-75.41218,40.8898],[-75.37388,40.87759],[-75.33399,40.89651],[-75.29483,40.86224],[-75.2325,40.89976],[-75.24113,40.90944],[-75.21819,40.92788],[-75.12023,40.9687],[-75.05084,40.86807],[-75.06433,40.84834],[-75.09578,40.84708],[-75.08393,40.82447],[-75.1085,40.79109],[-75.1344,40.77377],[-75.17159,40.77775],[-75.19653,40.75163],[-75.18208,40.73152],[-75.20392,40.6915],[-75.1768,40.67571],[-75.20045,40.64922],[-75.1968,40.60858],[-75.40973,40.48798],[-75.48386,40.41863],[-75.89147,40.67727],[-75.75781,40.73541],[-75.88604,40.81627],[-75.99764,40.91326]]]}},{"type":"Feature","properties":{"id":"328","riding_id":"42008","FEDNUM":"42008","name_en":"Congressional District 8","name_fr":"Congressional District 8","state":""},"geometry":{"type":"Polygon","coordinates":[[[-76.11853,40.9599],[-76.01609,40.98175],[-76.03235,41.00176],[-76.00974,41.0117],[-76.01345,41.04668],[-76.02903,41.04514],[-75.92779,41.08848],[-75.99383,41.16664],[-76.05436,41.15558],[-76.06584,41.20173],[-76.0399,41.21229],[-76.07685,41.25024],[-75.9478,41.3287],[-75.98433,41.3458],[-75.9956,41.33405],[-76.0083,41.34723],[-76.05902,41.34235],[-76.04704,41.35421],[-76.06899,41.35833],[-76.06327,41.38243],[-75.83455,41.42691],[-75.77163,41.50579],[-75.80323,41.52423],[-75.71989,41.64226],[-75.46224,41.64158],[-75.48314,41.99925],[-75.3448,41.99472],[-75.34159,41.97222],[-75.27876,41.93871],[-75.25832,41.86227],[-75.18536,41.86006],[-75.17246,41.87228],[-75.16288,41.85055],[-75.1166,41.84545],[-75.11302,41.82262],[-75.0726,41.81448],[-75.10471,41.77438],[-75.05297,41.75179],[-75.04969,41.71337],[-75.06896,41.70933],[-75.05263,41.68811],[-75.04418,41.61806],[-75.07468,41.60653],[-75.0188,41.55244],[-75.02454,41.53459],[-75.00358,41.50828],[-74.98424,41.50651],[-74.9832,41.48091],[-74.91303,41.47602],[-74.89017,41.45556],[-74.89262,41.43862],[-74.85765,41.44416],[-74.83203,41.43039],[-74.80824,41.44292],[-74.7891,41.42141],[-74.73873,41.43078],[-74.73681,41.39932],[-74.69003,41.36523],[-74.7551,41.34587],[-74.83003,41.28744],[-74.88264,41.18038],[-74.92378,41.13801],[-74.982,41.10849],[-74.99182,41.08913],[-74.96943,41.09607],[-74.97009,41.08589],[-75.01241,41.06726],[-75.0271,41.03953],[-75.12858,40.99287],[-75.12923,40.95893],[-75.2178,40.9281],[-75.24113,40.90944],[-75.2325,40.89976],[-75.29483,40.86224],[-75.33399,40.89651],[-75.37406,40.87759],[-75.42713,40.89712],[-75.49629,40.98895],[-75.6204,41.10928],[-75.65675,41.11603],[-75.6675,41.13398],[-75.76738,41.09296],[-75.77034,41.05019],[-75.73218,41.00812],[-76.02801,40.90231],[-76.10797,40.9232],[-76.11853,40.9599]]]}},{"type":"Feature","properties":{"id":"326","riding_id":"42009","FEDNUM":"42009","name_en":"Congressional District 9","name_fr":"Congressional District 9","state":""},"geometry":{"type":"Polygon","coordinates":[[[-77.09506,41.2432],[-77.04229,41.25106],[-77.0631,41.27841],[-77.05472,41.29723],[-76.99645,41.29732],[-76.99353,41.34855],[-76.92351,41.34338],[-76.85539,41.37011],[-76.85105,41.3911],[-76.82882,41.37807],[-76.82667,41.47004],[-76.7724,41.47167],[-76.81373,41.59003],[-76.87467,41.59667],[-76.92706,42.00158],[-75.48314,41.99925],[-75.46224,41.64158],[-75.71989,41.64226],[-75.80323,41.52423],[-75.77163,41.50579],[-75.83455,41.42691],[-76.06327,41.38243],[-76.06899,41.35833],[-76.04704,41.35421],[-76.05902,41.34235],[-76.0083,41.34723],[-75.9956,41.33405],[-75.98433,41.3458],[-75.9478,41.3287],[-76.07685,41.25024],[-76.0399,41.21229],[-76.06584,41.20173],[-76.05436,41.15558],[-75.99383,41.16664],[-75.92779,41.08848],[-76.01547,41.05917],[-76.02936,41.0441],[-76.01345,41.04668],[-76.00974,41.0117],[-76.03235,41.00176],[-76.01609,40.98175],[-76.11853,40.9599],[-76.10797,40.9232],[-76.02801,40.90231],[-75.99764,40.91326],[-75.88604,40.81627],[-75.75781,40.73541],[-75.89147,40.67727],[-75.76674,40.59703],[-75.93724,40.5915],[-75.8798,40.55491],[-75.87761,40.53842],[-75.94663,40.53344],[-75.94963,40.50192],[-75.97158,40.49073],[-75.97182,40.44745],[-76.02791,40.43274],[-76.02116,40.41074],[-76.07934,40.38885],[-76.08549,40.36409],[-76.05731,40.361],[-76.07008,40.3474],[-76.03472,40.32641],[-76.08458,40.27982],[-76.15121,40.31597],[-76.30758,40.25507],[-76.43541,40.23822],[-76.56942,40.19555],[-76.67804,40.47472],[-76.53541,40.55516],[-76.70162,40.65808],[-76.80338,40.64722],[-76.91867,40.60347],[-76.93696,40.61284],[-76.94915,40.62817],[-76.86118,40.7116],[-76.84979,40.80909],[-76.79871,40.87837],[-76.85411,40.91543],[-76.88225,40.96876],[-76.85617,41.05008],[-76.85833,41.07308],[-76.8912,41.10469],[-76.88967,41.15079],[-76.9669,41.20106],[-76.89381,41.23052],[-76.97506,41.24546],[-77.04403,41.22567],[-77.09178,41.22924],[-77.09506,41.2432]]]}},{"type":"Feature","properties":{"id":"337","riding_id":"42010","FEDNUM":"42010","name_en":"Congressional District 10","name_fr":"Congressional District 10","state":""},"geometry":{"type":"Polygon","coordinates":[[[-77.4581,40.17514],[-77.33289,40.21266],[-77.32284,40.27072],[-77.00306,40.30587],[-76.91497,40.32848],[-76.93395,40.3563],[-77.00819,40.35845],[-77.02925,40.38712],[-77.01217,40.40445],[-77.01627,40.42517],[-76.94937,40.46909],[-76.95308,40.49062],[-76.98466,40.51505],[-76.993,40.56414],[-76.95744,40.59468],[-76.94915,40.62817],[-76.91867,40.60347],[-76.80338,40.64722],[-76.70162,40.65808],[-76.53541,40.55516],[-76.67804,40.47472],[-76.56633,40.19632],[-76.60809,40.1894],[-76.67721,40.14889],[-76.69735,40.15664],[-76.71591,40.13148],[-76.72162,40.12007],[-76.64451,40.05807],[-76.66849,40.03126],[-76.61536,39.97167],[-76.74822,39.9142],[-76.79835,39.92233],[-76.79724,39.90659],[-76.8347,39.89648],[-76.83897,39.88065],[-76.8568,39.87582],[-76.85497,39.89027],[-76.87246,39.89594],[-76.93105,39.8679],[-76.90146,39.91668],[-76.90326,39.9543],[-76.96112,39.96279],[-76.94397,39.95229],[-76.9662,39.93519],[-77.01865,40.01395],[-77.12792,40.06869],[-77.18563,40.0295],[-77.35373,40.0033],[-77.45514,40.09887],[-77.41096,40.11371],[-77.42077,40.12522],[-77.40611,40.13627],[-77.4581,40.17514]]]}},{"type":"Feature","properties":{"id":"340","riding_id":"42011","FEDNUM":"42011","name_en":"Congressional District 11","name_fr":"Congressional District 11","state":""},"geometry":{"type":"Polygon","coordinates":[[[-76.99966,39.8219],[-76.95493,39.85685],[-76.98396,39.89362],[-76.96495,39.92197],[-76.97258,39.93419],[-76.94408,39.95182],[-76.96112,39.96279],[-76.90326,39.9543],[-76.90158,39.91636],[-76.93404,39.87881],[-76.91885,39.86567],[-76.88063,39.8937],[-76.83929,39.88052],[-76.8347,39.89648],[-76.79724,39.90659],[-76.79835,39.92233],[-76.74822,39.9142],[-76.61536,39.97167],[-76.66849,40.03126],[-76.64451,40.05807],[-76.72162,40.12007],[-76.71591,40.13148],[-76.69735,40.15664],[-76.67721,40.14889],[-76.60786,40.18949],[-76.43543,40.23822],[-76.30758,40.25507],[-76.15121,40.31597],[-75.87337,40.13711],[-75.943,40.10927],[-75.93587,40.03747],[-75.99463,39.95243],[-75.98097,39.93348],[-75.99741,39.92806],[-75.9868,39.87366],[-76.02222,39.85076],[-76.01654,39.83126],[-76.03764,39.82692],[-76.02962,39.81273],[-76.04976,39.80269],[-76.04138,39.79663],[-76.06669,39.75997],[-76.10034,39.74572],[-76.10201,39.72413],[-76.11387,39.73716],[-76.13576,39.72113],[-76.99932,39.72011],[-76.99966,39.8219]]]}},{"type":"Feature","properties":{"id":"332","riding_id":"42012","FEDNUM":"42012","name_en":"Congressional District 12","name_fr":"Congressional District 12","state":""},"geometry":{"type":"Polygon","coordinates":[[[-80.12064,40.35959],[-80.0725,40.36406],[-80.05117,40.35104],[-80.00488,40.36479],[-80.00512,40.38388],[-80.0512,40.40194],[-80.03483,40.42836],[-80.07386,40.4134],[-80.08554,40.42384],[-80.05975,40.42831],[-80.05537,40.44394],[-80.0824,40.44024],[-80.09533,40.4575],[-80.05118,40.4656],[-80.04983,40.48562],[-80.01082,40.50104],[-79.98387,40.46632],[-79.94091,40.49049],[-79.8846,40.49092],[-79.88999,40.46183],[-79.86584,40.45575],[-79.89242,40.45027],[-79.89238,40.42828],[-79.84319,40.40919],[-79.84716,40.42857],[-79.82969,40.42317],[-79.82732,40.44499],[-79.80094,40.43906],[-79.77679,40.46583],[-79.79365,40.51148],[-79.83674,40.53045],[-79.77662,40.53493],[-79.76099,40.55103],[-79.61481,40.47603],[-79.5708,40.42042],[-79.59589,40.39852],[-79.57117,40.37514],[-79.57261,40.35398],[-79.61535,40.31061],[-79.61553,40.27958],[-79.59257,40.27904],[-79.59445,40.26817],[-79.63556,40.24624],[-79.66357,40.20983],[-79.65308,40.20765],[-79.68253,40.19932],[-79.70347,40.22173],[-79.74208,40.20819],[-79.73508,40.22315],[-79.75766,40.25087],[-79.77823,40.22805],[-79.8717,40.1973],[-79.95489,40.21277],[-79.96811,40.23541],[-79.91446,40.25244],[-80.11628,40.31266],[-80.10095,40.33233],[-80.11472,40.3323],[-80.10759,40.34809],[-80.12064,40.35959]]]}},{"type":"Feature","properties":{"id":"324","riding_id":"42013","FEDNUM":"42013","name_en":"Congressional District 13","name_fr":"Congressional District 13","state":""},"geometry":{"type":"Polygon","coordinates":[[[-79.07379,40.26615],[-78.97523,40.39193],[-78.80229,40.72462],[-78.34839,40.72343],[-78.36062,40.73318],[-78.13183,40.74302],[-77.94425,40.69156],[-77.8249,40.74353],[-77.76855,40.71947],[-77.71868,40.72737],[-77.71055,40.71456],[-77.36418,40.84694],[-77.3541,40.70167],[-77.15075,40.67708],[-77.1096,40.69158],[-77.09361,40.67612],[-77.03784,40.67954],[-77.03441,40.65993],[-77.01045,40.66161],[-76.99729,40.63571],[-76.93946,40.64108],[-76.95744,40.59468],[-76.993,40.56414],[-76.98466,40.51505],[-76.95308,40.49062],[-76.94937,40.46909],[-77.01627,40.42517],[-77.01217,40.40445],[-77.02925,40.38712],[-77.00819,40.35845],[-76.93395,40.3563],[-76.91497,40.32848],[-77.00306,40.30587],[-77.32284,40.27072],[-77.33289,40.21266],[-77.45809,40.17544],[-77.40611,40.13627],[-77.42077,40.12522],[-77.41096,40.11371],[-77.45514,40.09887],[-77.35373,40.0033],[-77.18563,40.0295],[-77.13742,40.06994],[-77.01865,40.01395],[-76.9662,39.93519],[-76.98396,39.89357],[-76.95493,39.85685],[-76.99968,39.83128],[-76.99932,39.72011],[-78.80839,39.72291],[-78.75724,39.82348],[-78.76321,40.057],[-78.75202,40.07492],[-78.73985,40.06957],[-78.6583,40.24323],[-78.88467,40.24457],[-78.89623,40.27159],[-78.9334,40.28482],[-78.93748,40.26106],[-79.00962,40.22668],[-79.02348,40.25333],[-79.07379,40.26615]]]}},{"type":"Feature","properties":{"id":"329","riding_id":"42014","FEDNUM":"42014","name_en":"Congressional District 14","name_fr":"Congressional District 14","state":""},"geometry":{"type":"Polygon","coordinates":[[[-80.51934,39.7214],[-80.51904,40.47736],[-80.3608,40.47759],[-80.1846,40.33314],[-79.91446,40.25244],[-79.9713,40.22948],[-79.91378,40.1979],[-79.77823,40.22805],[-79.75766,40.25087],[-79.73508,40.22315],[-79.74208,40.20819],[-79.70347,40.22173],[-79.68253,40.19932],[-79.65308,40.20765],[-79.66357,40.20983],[-79.63556,40.24624],[-79.59445,40.26817],[-79.59257,40.27904],[-79.61553,40.27958],[-79.61535,40.31061],[-79.57261,40.35398],[-79.57117,40.37514],[-79.59589,40.39852],[-79.5708,40.42042],[-79.61481,40.47603],[-79.76854,40.555],[-79.77162,40.58563],[-79.70001,40.62899],[-79.69293,40.66974],[-79.66835,40.68005],[-79.64001,40.66694],[-79.60785,40.62533],[-79.58374,40.63661],[-79.58209,40.60327],[-79.55047,40.60375],[-79.57061,40.58434],[-79.56073,40.56349],[-79.49461,40.52488],[-79.48187,40.53694],[-79.45018,40.53015],[-79.21522,40.77594],[-79.21502,40.8383],[-79.14789,40.8393],[-79.14473,40.82355],[-79.10085,40.81945],[-79.10042,40.7613],[-78.80329,40.72882],[-78.9461,40.44175],[-79.07379,40.26615],[-79.02348,40.25333],[-79.00962,40.22668],[-78.93748,40.26106],[-78.9334,40.28482],[-78.89623,40.27159],[-78.88467,40.24457],[-78.6583,40.24323],[-78.73985,40.06957],[-78.75202,40.07492],[-78.76321,40.057],[-78.75724,39.82348],[-78.80839,39.72291],[-80.51934,39.7214]]]}},{"type":"Feature","properties":{"id":"335","riding_id":"42015","FEDNUM":"42015","name_en":"Congressional District 15","name_fr":"Congressional District 15","state":""},"geometry":{"type":"Polygon","coordinates":[[[-79.91607,41.27541],[-79.8969,41.27634],[-79.91065,41.2857],[-79.87302,41.32622],[-79.77196,41.32854],[-79.81781,41.39218],[-79.7768,41.41415],[-79.73752,41.40439],[-79.72525,41.4237],[-79.73004,41.47031],[-79.82429,41.46981],[-79.82548,41.48424],[-79.84337,41.48356],[-79.82723,41.502],[-79.83477,41.53687],[-79.87767,41.54911],[-79.89273,41.57414],[-79.82972,41.60195],[-79.82911,41.62207],[-79.61317,41.61687],[-79.61084,41.99876],[-76.92706,42.00158],[-76.87467,41.59667],[-76.81373,41.59003],[-76.7724,41.47167],[-76.82667,41.47004],[-76.82882,41.37807],[-76.85105,41.3911],[-76.85539,41.37011],[-76.92351,41.34338],[-76.99353,41.34855],[-76.99645,41.29732],[-77.05472,41.29723],[-77.0631,41.27841],[-77.04229,41.25106],[-77.09506,41.2432],[-77.09178,41.22924],[-77.04403,41.22567],[-76.97506,41.24546],[-76.89381,41.23052],[-76.9669,41.20106],[-76.88967,41.15079],[-76.8912,41.10469],[-76.85833,41.07308],[-76.85617,41.05008],[-76.88225,40.96876],[-76.85411,40.91543],[-76.79871,40.87837],[-76.84979,40.80909],[-76.8634,40.70765],[-76.93988,40.63814],[-76.94522,40.65033],[-76.99729,40.63571],[-77.01045,40.66161],[-77.03441,40.65993],[-77.03784,40.67954],[-77.09361,40.67612],[-77.1096,40.69158],[-77.15075,40.67708],[-77.3541,40.70167],[-77.36418,40.84694],[-77.71055,40.71456],[-77.71868,40.72737],[-77.76855,40.71947],[-77.8249,40.74353],[-77.94425,40.69156],[-78.13183,40.74302],[-78.36062,40.73318],[-78.34839,40.72343],[-78.81628,40.72587],[-79.10042,40.7613],[-79.10085,40.81945],[-79.14473,40.82355],[-79.14789,40.8393],[-79.21502,40.8383],[-79.21522,40.77594],[-79.45018,40.53015],[-79.49709,40.52534],[-79.56073,40.56349],[-79.57061,40.58434],[-79.55047,40.60375],[-79.58209,40.60327],[-79.58374,40.63661],[-79.60785,40.62533],[-79.64001,40.66694],[-79.66835,40.68005],[-79.69293,40.66974],[-79.68933,41.16947],[-79.90535,41.17214],[-79.91607,41.27541]]]}},{"type":"Feature","properties":{"id":"330","riding_id":"42016","FEDNUM":"42016","name_en":"Congressional District 16","name_fr":"Congressional District 16","state":""},"geometry":{"type":"Polygon","coordinates":[[[-80.51985,42.32713],[-80.08022,42.39416],[-79.76242,42.51607],[-79.76195,41.99884],[-79.61084,41.99876],[-79.61317,41.61687],[-79.82911,41.62207],[-79.82972,41.60195],[-79.89273,41.57414],[-79.87767,41.54911],[-79.83477,41.53687],[-79.82723,41.502],[-79.84337,41.48356],[-79.82548,41.48424],[-79.82429,41.46981],[-79.73004,41.47031],[-79.72525,41.4237],[-79.73752,41.40439],[-79.7768,41.41415],[-79.81781,41.39218],[-79.77196,41.32854],[-79.87302,41.32622],[-79.91065,41.2857],[-79.8969,41.27634],[-79.9166,41.2754],[-79.90535,41.17214],[-79.68933,41.16947],[-79.69288,40.66961],[-80.1485,40.67377],[-80.15853,40.8551],[-80.51906,40.85134],[-80.51985,42.32713]]]}},{"type":"Feature","properties":{"id":"334","riding_id":"42017","FEDNUM":"42017","name_en":"Congressional District 17","name_fr":"Congressional District 17","state":""},"geometry":{"type":"Polygon","coordinates":[[[-80.51904,40.47736],[-80.51904,40.85134],[-80.15853,40.8551],[-80.14868,40.67385],[-79.69288,40.66961],[-79.68921,40.64785],[-79.72134,40.60816],[-79.77162,40.58563],[-79.76848,40.53878],[-79.83674,40.53045],[-79.79365,40.51148],[-79.77679,40.46583],[-79.80094,40.43906],[-79.82732,40.44499],[-79.82969,40.42317],[-79.84716,40.42857],[-79.84319,40.40919],[-79.89238,40.42828],[-79.89242,40.45027],[-79.86584,40.45575],[-79.88999,40.46183],[-79.8846,40.49092],[-79.94091,40.49049],[-79.98387,40.46632],[-80.01082,40.50104],[-80.04983,40.48562],[-80.05118,40.4656],[-80.09503,40.45942],[-80.08255,40.4403],[-80.05537,40.44394],[-80.08541,40.42124],[-80.03483,40.42836],[-80.0512,40.40194],[-80.03547,40.40429],[-80.00081,40.37104],[-80.05117,40.35104],[-80.11721,40.36744],[-80.11534,40.33353],[-80.1007,40.32815],[-80.11628,40.31266],[-80.1846,40.33314],[-80.3608,40.47759],[-80.51904,40.47736]]]}},{"type":"Feature","properties":{"id":"341","riding_id":"44001","FEDNUM":"44001","name_en":"Congressional District 1","name_fr":"Congressional District 1","state":""},"geometry":{"type":"Polygon","coordinates":[[[-71.60673,42.01328],[-71.3814,42.0188],[-71.38146,41.89355],[-71.33879,41.89859],[-71.34048,41.79703],[-71.26107,41.75208],[-71.19548,41.67509],[-71.13256,41.66036],[-71.14196,41.61253],[-71.12112,41.49279],[-71.08857,41.43131],[-71.50944,41.30773],[-71.40905,41.46834],[-71.37972,41.65646],[-71.32567,41.69321],[-71.37251,41.74473],[-71.3782,41.7844],[-71.43684,41.78874],[-71.44,41.81128],[-71.407,41.81219],[-71.43792,41.85327],[-71.42991,41.86125],[-71.47246,41.83698],[-71.49555,41.86898],[-71.57464,41.85875],[-71.60673,42.01328]]]}},{"type":"Feature","properties":{"id":"342","riding_id":"44002","FEDNUM":"44002","name_en":"Congressional District 2","name_fr":"Congressional District 2","state":""},"geometry":{"type":"MultiPolygon","coordinates":[[[[-71.67881,41.15891],[-71.63497,41.26368],[-71.59159,41.28932],[-71.53598,41.28618],[-71.48932,41.23517],[-71.47702,41.15566],[-71.51754,41.10708],[-71.61886,41.09909],[-71.66835,41.12825],[-71.67881,41.15891]]],[[[-71.90722,41.30454],[-71.89207,41.33008],[-71.85746,41.32079],[-71.82936,41.34243],[-71.84243,41.41026],[-71.79775,41.41673],[-71.78724,41.65611],[-71.79919,42.00805],[-71.60673,42.01328],[-71.57464,41.85875],[-71.49555,41.86898],[-71.47246,41.83698],[-71.42991,41.86125],[-71.43792,41.85327],[-71.407,41.81219],[-71.44,41.81128],[-71.43684,41.78874],[-71.3782,41.7844],[-71.37251,41.74473],[-71.32567,41.69321],[-71.37972,41.65646],[-71.4091,41.4682],[-71.50944,41.30773],[-71.57525,41.32095],[-71.69504,41.28265],[-71.79148,41.27217],[-71.79097,41.1841],[-71.90722,41.30454]]]]}},{"type":"Feature","properties":{"id":"344","riding_id":"45001","FEDNUM":"45001","name_en":"Congressional District 1","name_fr":"Congressional District 1","state":""},"geometry":{"type":"Polygon","coordinates":[[[-81.01936,32.37607],[-80.99631,32.38246],[-80.9479,32.36312],[-80.95022,32.3433],[-80.92878,32.3313],[-80.92188,32.35183],[-80.87759,32.3459],[-80.87372,32.36906],[-80.84146,32.38506],[-80.82924,32.41147],[-80.84973,32.42289],[-80.81823,32.48129],[-80.84773,32.53006],[-80.83217,32.59609],[-80.8697,32.66094],[-80.82668,32.70427],[-80.77266,32.67624],[-80.67115,32.67164],[-80.68313,32.65238],[-80.65682,32.66199],[-80.63637,32.6824],[-80.68426,32.7052],[-80.695,32.75176],[-80.5954,32.76161],[-80.55246,32.74239],[-80.55885,32.73201],[-80.50831,32.69315],[-80.4982,32.65681],[-80.42234,32.67019],[-80.39077,32.65369],[-80.42847,32.62518],[-80.37223,32.65766],[-80.34808,32.6359],[-80.32429,32.6455],[-80.28579,32.62231],[-80.23841,32.65925],[-80.24107,32.67885],[-80.22097,32.69556],[-80.17159,32.70791],[-80.16294,32.7479],[-80.13722,32.74867],[-80.12788,32.777],[-80.10721,32.78566],[-80.06948,32.77066],[-79.91679,32.76327],[-79.91508,32.8155],[-79.96373,32.87535],[-79.94756,32.90775],[-80.01177,32.89988],[-80.05602,32.99936],[-80.09822,32.98811],[-80.14925,33.0216],[-80.17638,33.00996],[-80.14498,32.9834],[-80.13555,32.99889],[-80.11054,32.98549],[-80.14075,32.97982],[-80.09677,32.9426],[-80.13121,32.90043],[-80.16573,32.94848],[-80.20101,32.95839],[-80.22904,32.92549],[-80.40747,33.00093],[-80.38765,33.03446],[-80.34475,33.04593],[-80.35767,33.06707],[-80.29583,33.05745],[-80.27195,33.08363],[-80.27148,33.07239],[-80.23571,33.07939],[-80.33594,33.14546],[-80.29624,33.17913],[-80.33082,33.19842],[-80.3591,33.27199],[-80.31159,33.26457],[-80.25384,33.29926],[-80.24156,33.38308],[-80.22257,33.39129],[-80.22236,33.44776],[-80.13877,33.45417],[-80.14424,33.46411],[-80.1318,33.46354],[-80.15215,33.4852],[-80.12555,33.50243],[-79.96456,33.49864],[-79.86822,33.43448],[-79.87822,33.42517],[-79.85477,33.40277],[-79.8077,33.3728],[-79.78416,33.37613],[-79.75617,33.3297],[-79.56225,33.27252],[-79.49399,33.23603],[-79.47928,33.24607],[-79.48288,33.23544],[-79.45873,33.23522],[-79.45509,33.21773],[-79.35129,33.15352],[-79.27289,33.13994],[-79.27672,33.11791],[-79.22188,33.06288],[-79.27337,33.04656],[-79.3267,32.95376],[-79.3713,32.94572],[-79.44018,32.95892],[-79.49595,32.93157],[-79.53469,32.87001],[-79.63782,32.81638],[-79.69189,32.75924],[-79.76007,32.73826],[-79.79825,32.67563],[-79.96792,32.56371],[-80.08888,32.54903],[-80.12146,32.49919],[-80.19884,32.49624],[-80.24307,32.47245],[-80.25728,32.43517],[-80.37483,32.34245],[-80.37404,32.30939],[-80.39901,32.27493],[-80.49681,32.2502],[-80.56645,32.17237],[-80.66472,32.14261],[-80.74554,32.07867],[-80.90617,32.07738],[-80.89566,32.1077],[-80.92831,32.12141],[-80.90946,32.13474],[-80.96147,32.12622],[-80.96875,32.14859],[-80.95251,32.142],[-80.94859,32.16908],[-80.99342,32.18762],[-81.01264,32.21899],[-81.01612,32.24435],[-80.99153,32.27046],[-81.00638,32.30641],[-80.99644,32.3288],[-81.01936,32.37607]]]}},{"type":"Feature","properties":{"id":"348","riding_id":"45002","FEDNUM":"45002","name_en":"Congressional District 2","name_fr":"Congressional District 2","state":""},"geometry":{"type":"Polygon","coordinates":[[[-82.01247,33.53212],[-81.57131,33.87746],[-81.4655,34.08731],[-81.38976,34.07544],[-81.43717,34.12996],[-81.4116,34.16676],[-81.33896,34.19759],[-81.31691,34.23946],[-81.17829,34.17455],[-81.16841,34.19744],[-81.1812,34.22028],[-81.09586,34.21387],[-81.06951,34.23242],[-80.82592,34.26876],[-80.86952,34.18227],[-80.71932,34.06897],[-80.6161,34.09961],[-80.63658,34.08217],[-80.6195,34.08231],[-80.63117,34.06824],[-80.61387,34.05732],[-80.70406,34.04997],[-80.7059,34.00852],[-80.92171,33.98305],[-80.94429,33.95098],[-80.98342,33.96461],[-80.99616,33.99977],[-80.99513,34.02454],[-80.92733,34.08992],[-80.93166,34.1089],[-80.9151,34.12034],[-80.92961,34.1287],[-80.91401,34.1399],[-80.9374,34.14082],[-80.92807,34.16627],[-80.94191,34.1796],[-81.00413,34.16282],[-80.99869,34.15004],[-81.01405,34.14129],[-81.04242,34.15326],[-81.02833,34.12247],[-81.05299,34.11422],[-81.06699,34.08064],[-81.10569,34.09099],[-81.13928,34.06834],[-81.09665,34.017],[-81.05211,33.99762],[-81.01701,33.93086],[-81.03007,33.91343],[-81.00875,33.9041],[-81.02142,33.88807],[-81.01233,33.88008],[-81.0379,33.87087],[-81.05852,33.74705],[-81.03612,33.74521],[-81.014,33.78124],[-80.96189,33.77899],[-80.9246,33.75695],[-81.04285,33.70713],[-80.96549,33.62528],[-80.94395,33.6436],[-80.93979,33.6088],[-80.88541,33.61821],[-80.8683,33.58238],[-80.88437,33.52255],[-80.88919,33.54953],[-80.92035,33.50769],[-80.94732,33.5256],[-80.97555,33.47857],[-80.94759,33.48579],[-80.90288,33.43929],[-80.86878,33.45476],[-80.85823,33.41536],[-80.88567,33.36885],[-80.87269,33.31806],[-80.88972,33.26124],[-80.94885,33.30943],[-81.0886,33.37959],[-81.18887,33.41112],[-81.22267,33.44],[-81.21318,33.39787],[-81.2278,33.1607],[-81.1931,33.11867],[-81.36486,33.10806],[-81.54188,33.15828],[-81.61403,33.09525],[-81.70463,33.11645],[-81.76314,33.15945],[-81.77244,33.18125],[-81.75683,33.19795],[-81.76893,33.21745],[-81.80524,33.21144],[-81.85208,33.24729],[-81.83964,33.25525],[-81.84734,33.26635],[-81.82834,33.26304],[-81.86324,33.28884],[-81.84774,33.30724],[-81.88074,33.30224],[-81.90138,33.33577],[-81.91374,33.32004],[-81.90914,33.34664],[-81.93974,33.34494],[-81.94634,33.37064],[-81.92484,33.37414],[-81.94545,33.40687],[-81.9112,33.40918],[-81.93243,33.42571],[-81.91353,33.44127],[-81.92944,33.46584],[-81.98594,33.48654],[-82.01247,33.53212]]]}},{"type":"Feature","properties":{"id":"343","riding_id":"45003","FEDNUM":"45003","name_en":"Congressional District 3","name_fr":"Congressional District 3","state":""},"geometry":{"type":"Polygon","coordinates":[[[-83.35393,34.69948],[-83.34936,34.73622],[-83.31875,34.75763],[-83.32406,34.78945],[-83.30084,34.80434],[-83.30301,34.81884],[-83.26856,34.8207],[-83.2672,34.84847],[-83.24893,34.84514],[-83.2347,34.87074],[-83.243,34.87754],[-83.20526,34.88016],[-83.16861,34.91936],[-83.15699,34.91512],[-83.15668,34.93089],[-83.11176,34.93496],[-83.12762,34.94983],[-83.11412,34.95018],[-83.12198,34.96476],[-83.09824,34.99082],[-83.10908,35.00134],[-82.78317,35.08592],[-82.78173,35.06531],[-82.73865,35.04694],[-82.70821,35.06213],[-82.57161,35.07465],[-82.59767,35.05446],[-82.58572,35.0324],[-82.59551,35.01002],[-82.53786,35.01547],[-82.53406,34.98392],[-82.54801,34.97854],[-82.52744,34.96594],[-82.51799,34.9197],[-82.48774,34.8858],[-82.48733,34.83113],[-82.47637,34.82793],[-82.4871,34.81856],[-82.4607,34.79641],[-82.45514,34.75068],[-82.43356,34.75243],[-82.39734,34.72372],[-82.34131,34.72506],[-82.31869,34.70233],[-82.285,34.71933],[-82.27896,34.69936],[-82.2272,34.69373],[-82.19926,34.73261],[-82.2218,34.72871],[-82.23788,34.74876],[-82.18526,34.80141],[-82.16518,34.79654],[-82.13202,34.7789],[-82.11587,34.74922],[-82.08402,34.74496],[-82.07061,34.70313],[-82.00444,34.6621],[-81.95204,34.64968],[-81.89009,34.58996],[-81.86313,34.58018],[-81.84304,34.60078],[-81.71693,34.55132],[-81.6775,34.55807],[-81.55314,34.47707],[-81.54145,34.44517],[-81.48465,34.49],[-81.42448,34.49548],[-81.39653,34.38981],[-81.31691,34.23946],[-81.33896,34.19759],[-81.4116,34.16676],[-81.43717,34.12996],[-81.38976,34.07544],[-81.4655,34.08731],[-81.57131,33.87746],[-82.01247,33.53212],[-82.04696,33.56417],[-82.10784,33.59628],[-82.14287,33.59428],[-82.19616,33.63001],[-82.24747,33.75259],[-82.29829,33.78352],[-82.32448,33.82003],[-82.45511,33.88165],[-82.52451,33.94336],[-82.55676,33.94532],[-82.59446,34.0293],[-82.64366,34.07211],[-82.64242,34.09326],[-82.71746,34.15055],[-82.74681,34.26659],[-82.78213,34.29828],[-82.79447,34.34038],[-82.83446,34.36522],[-82.85884,34.45522],[-82.8874,34.48096],[-82.9959,34.4722],[-83.03457,34.48357],[-83.15868,34.579],[-83.17098,34.5981],[-83.15968,34.6033],[-83.23258,34.6116],[-83.35393,34.69948]]]}},{"type":"Feature","properties":{"id":"347","riding_id":"45004","FEDNUM":"45004","name_en":"Congressional District 4","name_fr":"Congressional District 4","state":""},"geometry":{"type":"Polygon","coordinates":[[[-82.76416,35.06839],[-82.69763,35.09596],[-82.68175,35.12797],[-82.67356,35.11726],[-82.64335,35.13378],[-82.62876,35.12578],[-82.54589,35.16422],[-82.52738,35.15579],[-82.47816,35.17598],[-82.43987,35.16574],[-82.39379,35.21522],[-82.37123,35.18065],[-82.29108,35.20009],[-82.10609,35.1913],[-82.09482,35.17699],[-82.12754,35.16256],[-82.04597,35.04964],[-82.01827,35.06092],[-82.00959,35.03788],[-81.98301,35.04672],[-81.96097,35.01668],[-81.94257,35.02692],[-81.94602,35.0123],[-81.92806,35.01161],[-81.91784,34.99156],[-81.92817,34.98355],[-81.914,34.99436],[-81.91065,34.99896],[-81.89187,34.98085],[-81.86972,35.01002],[-81.8393,34.99922],[-81.85149,34.98998],[-81.82068,34.99867],[-81.79203,34.96907],[-81.77603,34.98994],[-81.7551,34.93032],[-81.73477,34.933],[-81.71409,34.91286],[-81.78279,34.83721],[-81.86343,34.58017],[-81.9102,34.60296],[-81.95205,34.64969],[-82.00444,34.6621],[-82.06944,34.70226],[-82.08402,34.74496],[-82.11587,34.74922],[-82.13202,34.7789],[-82.16518,34.79654],[-82.18526,34.80141],[-82.23788,34.74876],[-82.2218,34.72871],[-82.19926,34.73261],[-82.2272,34.69373],[-82.27896,34.69936],[-82.285,34.71933],[-82.31869,34.70233],[-82.34131,34.72506],[-82.41928,34.73077],[-82.43332,34.75231],[-82.45789,34.75338],[-82.4607,34.79641],[-82.48703,34.81832],[-82.47637,34.82793],[-82.48733,34.83113],[-82.48774,34.8858],[-82.51799,34.9197],[-82.52744,34.96594],[-82.54806,34.97872],[-82.53406,34.98392],[-82.53786,35.01547],[-82.59551,35.01002],[-82.58572,35.0324],[-82.59767,35.05446],[-82.57149,35.07457],[-82.70821,35.06213],[-82.73858,35.04693],[-82.76416,35.06839]]]}},{"type":"Feature","properties":{"id":"345","riding_id":"45005","FEDNUM":"45005","name_en":"Congressional District 5","name_fr":"Congressional District 5","state":""},"geometry":{"type":"Polygon","coordinates":[[[-82.12738,35.1627],[-82.09482,35.17699],[-82.10609,35.1913],[-81.03426,35.14926],[-81.05207,35.13349],[-81.03285,35.10738],[-81.05708,35.08568],[-81.0415,35.04471],[-80.93474,35.10732],[-80.78192,34.93585],[-80.79748,34.8198],[-80.56171,34.81743],[-80.55206,34.79126],[-80.51483,34.76682],[-80.48834,34.70428],[-80.43167,34.6599],[-80.43338,34.63955],[-80.37945,34.5852],[-80.37199,34.54608],[-80.33034,34.50964],[-80.32633,34.43688],[-80.28553,34.39388],[-80.28418,34.35699],[-80.24375,34.32368],[-80.17723,34.3662],[-80.17022,34.316],[-80.1339,34.28244],[-80.11173,34.22861],[-80.11273,34.19702],[-80.15858,34.16162],[-80.14732,34.14389],[-80.00059,34.04788],[-80.02676,34.00854],[-80.07036,34.00792],[-80.18037,33.952],[-80.18829,34.00492],[-80.22834,33.99518],[-80.22032,33.97079],[-80.23734,33.93327],[-80.25779,33.93995],[-80.28152,33.9164],[-80.33062,33.94459],[-80.36079,33.93786],[-80.37129,33.91516],[-80.34955,33.91189],[-80.35231,33.87472],[-80.37515,33.80454],[-80.40653,33.77008],[-80.392,33.71555],[-80.43443,33.71189],[-80.43093,33.73831],[-80.44929,33.73753],[-80.45444,33.71352],[-80.47871,33.71426],[-80.50306,33.66863],[-80.54596,33.64875],[-80.62966,33.73739],[-80.5962,33.78643],[-80.63354,33.85268],[-80.62556,33.89351],[-80.61504,33.89189],[-80.63409,33.91733],[-80.61576,33.96547],[-80.63315,33.96655],[-80.64671,33.99796],[-80.60209,34.02535],[-80.60642,34.05798],[-80.63117,34.06824],[-80.61913,34.08174],[-80.63658,34.08217],[-80.6161,34.09961],[-80.71932,34.06897],[-80.86952,34.18227],[-80.82592,34.26876],[-81.06951,34.23242],[-81.09586,34.21387],[-81.1812,34.22028],[-81.16841,34.19744],[-81.17829,34.17455],[-81.22641,34.20569],[-81.25127,34.20295],[-81.3423,34.26693],[-81.33961,34.2922],[-81.39653,34.38981],[-81.42448,34.49548],[-81.48465,34.49],[-81.54118,34.44506],[-81.55314,34.47707],[-81.6775,34.55807],[-81.71693,34.55132],[-81.85187,34.59477],[-81.78279,34.83721],[-81.71409,34.91286],[-81.73477,34.933],[-81.7551,34.93032],[-81.77603,34.98994],[-81.79203,34.96907],[-81.82068,34.99867],[-81.85149,34.98998],[-81.8393,34.99922],[-81.86972,35.01002],[-81.89187,34.98085],[-81.91065,34.99896],[-81.914,34.99436],[-81.92817,34.98355],[-81.91784,34.99156],[-81.92806,35.01161],[-81.94602,35.0123],[-81.94257,35.02692],[-81.96097,35.01668],[-81.98301,35.04672],[-82.00959,35.03788],[-82.01827,35.06092],[-82.04597,35.04964],[-82.12738,35.1627]]]}},{"type":"Feature","properties":{"id":"346","riding_id":"45006","FEDNUM":"45006","name_en":"Congressional District 6","name_fr":"Congressional District 6","state":""},"geometry":{"type":"Polygon","coordinates":[[[-81.61356,33.09567],[-81.54188,33.15828],[-81.36486,33.10806],[-81.1931,33.11867],[-81.2278,33.1607],[-81.21318,33.39787],[-81.22267,33.44],[-81.18887,33.41112],[-81.0886,33.37959],[-80.94885,33.30943],[-80.88694,33.26315],[-80.88794,33.30093],[-80.87269,33.31806],[-80.88567,33.36885],[-80.85824,33.41532],[-80.86006,33.44137],[-80.87056,33.45488],[-80.90288,33.43929],[-80.94759,33.48579],[-80.97555,33.47857],[-80.94732,33.5256],[-80.92035,33.50769],[-80.88919,33.54953],[-80.88437,33.52255],[-80.8683,33.58238],[-80.88541,33.61821],[-80.93979,33.6088],[-80.94395,33.6436],[-80.96549,33.62528],[-81.04285,33.70713],[-80.9246,33.75695],[-80.96189,33.77899],[-81.014,33.78124],[-81.03612,33.74521],[-81.05852,33.74705],[-81.0379,33.87087],[-81.01233,33.88008],[-81.02142,33.88807],[-81.00875,33.9041],[-81.03007,33.91343],[-81.01701,33.93086],[-81.05211,33.99762],[-81.09665,34.017],[-81.13928,34.06834],[-81.10569,34.09099],[-81.06699,34.08064],[-81.05299,34.11422],[-81.02833,34.12247],[-81.04242,34.15326],[-81.00227,34.14463],[-81.00413,34.16282],[-80.97358,34.16483],[-80.96911,34.18002],[-80.94191,34.1796],[-80.92807,34.16627],[-80.9374,34.14082],[-80.91401,34.1399],[-80.92961,34.1287],[-80.9151,34.12034],[-80.93166,34.1089],[-80.92733,34.08992],[-80.99513,34.02454],[-80.9883,33.9706],[-80.97351,33.95962],[-80.94429,33.95098],[-80.92171,33.98305],[-80.7063,34.00838],[-80.70406,34.04997],[-80.60642,34.05798],[-80.60209,34.02535],[-80.64671,33.99796],[-80.63315,33.96655],[-80.61576,33.96547],[-80.63409,33.91733],[-80.61504,33.89189],[-80.62556,33.89351],[-80.63354,33.85268],[-80.59625,33.78738],[-80.62966,33.73739],[-80.58978,33.68424],[-80.56236,33.6784],[-80.56555,33.66473],[-80.53409,33.64391],[-80.47871,33.71426],[-80.45444,33.71352],[-80.44929,33.73753],[-80.43093,33.73831],[-80.43443,33.71189],[-80.392,33.71555],[-80.40653,33.77008],[-80.37515,33.80454],[-80.35231,33.87472],[-80.34955,33.91189],[-80.37129,33.91516],[-80.36079,33.93786],[-80.33062,33.94459],[-80.28152,33.9164],[-80.25779,33.93995],[-80.23734,33.93327],[-80.22032,33.97079],[-80.22834,33.99518],[-80.18829,34.00492],[-80.18037,33.952],[-80.07036,34.00792],[-80.02676,34.00854],[-80.00024,34.04804],[-79.8934,33.98914],[-79.9746,33.94653],[-79.944,33.88507],[-79.74757,33.89357],[-79.73858,33.92252],[-79.69632,33.91532],[-79.71462,33.93834],[-79.69299,33.95279],[-79.62514,33.88251],[-79.57807,33.85913],[-79.58273,33.836],[-79.60511,33.83555],[-79.63488,33.80836],[-79.49649,33.77536],[-79.39766,33.80083],[-79.38264,33.81858],[-79.32013,33.79125],[-79.41058,33.68689],[-79.44247,33.59603],[-79.43577,33.57265],[-79.59011,33.44354],[-79.63306,33.37347],[-79.67698,33.33726],[-79.67701,33.30494],[-79.75617,33.3297],[-79.78416,33.37613],[-79.8077,33.3728],[-79.85477,33.40277],[-79.87822,33.42517],[-79.86822,33.43448],[-79.96456,33.49864],[-80.07866,33.50694],[-80.15167,33.48608],[-80.13176,33.46341],[-80.15,33.44846],[-80.16273,33.4607],[-80.22236,33.44776],[-80.22257,33.39129],[-80.24156,33.38308],[-80.25384,33.29926],[-80.31159,33.26457],[-80.35822,33.27363],[-80.33082,33.19842],[-80.29624,33.17913],[-80.33594,33.14546],[-80.23571,33.07939],[-80.27148,33.07239],[-80.27195,33.08363],[-80.29583,33.05745],[-80.35767,33.06707],[-80.34475,33.04593],[-80.38765,33.03446],[-80.40709,33.00017],[-80.22904,32.92549],[-80.20101,32.95839],[-80.16573,32.94848],[-80.13121,32.90043],[-80.09677,32.9426],[-80.14075,32.97982],[-80.11054,32.98549],[-80.13555,32.99889],[-80.14498,32.9834],[-80.17638,33.00996],[-80.14925,33.0216],[-80.09822,32.98811],[-80.05602,32.99936],[-80.01177,32.89988],[-79.94756,32.90775],[-79.96373,32.87535],[-79.91508,32.8155],[-79.91679,32.76327],[-80.06948,32.77066],[-80.10721,32.78566],[-80.12788,32.777],[-80.13722,32.74867],[-80.16294,32.7479],[-80.17159,32.70791],[-80.22097,32.69556],[-80.24107,32.67885],[-80.23841,32.65925],[-80.28579,32.62231],[-80.32429,32.6455],[-80.34808,32.6359],[-80.37223,32.65766],[-80.42847,32.62518],[-80.39077,32.65369],[-80.42234,32.67019],[-80.4982,32.65681],[-80.52485,32.713],[-80.5954,32.76161],[-80.695,32.75176],[-80.68426,32.7052],[-80.63637,32.6824],[-80.65871,32.66115],[-80.68313,32.65238],[-80.67115,32.67164],[-80.77266,32.67624],[-80.82668,32.70427],[-80.8697,32.66094],[-80.83154,32.59339],[-80.84773,32.53006],[-80.81773,32.46569],[-80.8502,32.41631],[-80.82924,32.41147],[-80.84146,32.38506],[-80.87372,32.36906],[-80.87759,32.3459],[-80.92188,32.35183],[-80.92878,32.3313],[-80.95022,32.3433],[-80.9479,32.36312],[-81.01815,32.38399],[-80.99153,32.27046],[-81.0162,32.24176],[-80.99381,32.18796],[-80.94859,32.16908],[-80.95251,32.142],[-80.96875,32.14859],[-80.96147,32.12622],[-80.90819,32.13309],[-80.92831,32.12141],[-80.89566,32.1077],[-80.90811,32.07817],[-80.74554,32.07867],[-80.74536,32.04364],[-80.78296,31.99595],[-80.82276,32.03424],[-80.92508,32.04194],[-81.00431,32.10237],[-81.03812,32.08373],[-81.11638,32.11603],[-81.11224,32.1508],[-81.12976,32.16584],[-81.11113,32.1727],[-81.11403,32.1957],[-81.15206,32.22204],[-81.15661,32.24328],[-81.11963,32.28678],[-81.13801,32.32824],[-81.12853,32.33838],[-81.14386,32.35154],[-81.15999,32.34048],[-81.2054,32.42334],[-81.20577,32.45047],[-81.18711,32.46408],[-81.23311,32.49807],[-81.23379,32.51831],[-81.27966,32.53634],[-81.28065,32.55607],[-81.35542,32.5713],[-81.41191,32.61841],[-81.41843,32.6347],[-81.39303,32.65154],[-81.40719,32.66052],[-81.39715,32.66138],[-81.40901,32.69655],[-81.42752,32.7019],[-81.40493,32.74556],[-81.43194,32.76891],[-81.41446,32.77815],[-81.43124,32.78414],[-81.42104,32.83341],[-81.46072,32.84604],[-81.45288,32.87296],[-81.47944,32.88108],[-81.46443,32.8986],[-81.48081,32.89861],[-81.50243,32.93535],[-81.51116,32.96799],[-81.49983,32.96382],[-81.49142,33.00808],[-81.60221,33.07347],[-81.60132,33.08705],[-81.61207,33.08002],[-81.61356,33.09567]]]}},{"type":"Feature","properties":{"id":"349","riding_id":"45007","FEDNUM":"45007","name_en":"Congressional District 7","name_fr":"Congressional District 7","state":""},"geometry":{"type":"Polygon","coordinates":[[[-80.56408,34.81508],[-79.67649,34.80506],[-78.4993,33.81285],[-78.69585,33.75286],[-78.80855,33.68084],[-78.91054,33.58935],[-79.0345,33.45683],[-79.08758,33.36929],[-79.09331,33.30495],[-79.12022,33.24693],[-79.08163,33.20733],[-79.08223,33.17133],[-79.14052,33.13962],[-79.22188,33.06288],[-79.27672,33.11791],[-79.2739,33.14052],[-79.35129,33.15352],[-79.45509,33.21773],[-79.45873,33.23522],[-79.48288,33.23544],[-79.47928,33.24607],[-79.49399,33.23603],[-79.53327,33.24852],[-79.56225,33.27252],[-79.66425,33.29832],[-79.68086,33.3188],[-79.54529,33.4909],[-79.43577,33.57265],[-79.44247,33.59603],[-79.41058,33.68689],[-79.33815,33.77431],[-79.31704,33.77988],[-79.32432,33.79912],[-79.38264,33.81858],[-79.39766,33.80083],[-79.49649,33.77536],[-79.63488,33.80836],[-79.60511,33.83555],[-79.58273,33.836],[-79.57807,33.85913],[-79.62514,33.88251],[-79.69299,33.95279],[-79.71462,33.93834],[-79.69632,33.91532],[-79.73858,33.92252],[-79.74757,33.89357],[-79.94595,33.886],[-79.9746,33.94653],[-79.8934,33.98914],[-79.99185,34.03946],[-80.03193,34.0768],[-80.07675,34.08611],[-80.14732,34.14389],[-80.15858,34.16162],[-80.11273,34.19702],[-80.11173,34.22861],[-80.1339,34.28244],[-80.17022,34.316],[-80.17723,34.3662],[-80.24375,34.32368],[-80.28418,34.35699],[-80.28553,34.39388],[-80.32633,34.43688],[-80.33034,34.50964],[-80.35366,34.52093],[-80.3863,34.59674],[-80.43338,34.63955],[-80.43177,34.66002],[-80.48821,34.7041],[-80.51477,34.76673],[-80.56408,34.81508]]]}},{"type":"Feature","properties":{"id":"350","riding_id":"46000","FEDNUM":"46000","name_en":"Congressional District (at Large)","name_fr":"Congressional District (at Large)","state":""},"geometry":{"type":"Polygon","coordinates":[[[-104.05788,44.99761],[-104.03969,44.99807],[-104.04555,45.94531],[-96.56367,45.93525],[-96.58368,45.81931],[-96.66259,45.73868],[-96.83865,45.64751],[-96.85683,45.60538],[-96.76343,45.52001],[-96.69254,45.41734],[-96.52179,45.37564],[-96.48906,45.35707],[-96.4531,45.30075],[-96.45326,43.50039],[-96.59919,43.50046],[-96.58108,43.48146],[-96.60306,43.45079],[-96.52173,43.38686],[-96.53015,43.3],[-96.58927,43.29527],[-96.58534,43.26887],[-96.54919,43.24763],[-96.56918,43.2327],[-96.47665,43.22194],[-96.4685,43.15189],[-96.43647,43.12017],[-96.46232,43.09289],[-96.46074,43.06434],[-96.5213,43.03966],[-96.49198,43.0102],[-96.52084,42.98031],[-96.49896,42.9578],[-96.54128,42.92393],[-96.54293,42.90376],[-96.52529,42.89191],[-96.54349,42.88376],[-96.55032,42.83753],[-96.58147,42.83773],[-96.59521,42.7929],[-96.63638,42.76974],[-96.61926,42.75461],[-96.63948,42.73693],[-96.62441,42.72521],[-96.63015,42.70544],[-96.57518,42.68276],[-96.5784,42.67184],[-96.54237,42.66093],[-96.51608,42.63027],[-96.52994,42.61047],[-96.50945,42.6127],[-96.4858,42.57502],[-96.49854,42.55812],[-96.47696,42.55597],[-96.49357,42.51563],[-96.47605,42.50778],[-96.47626,42.48997],[-96.44548,42.49063],[-96.50132,42.48275],[-96.54879,42.52055],[-96.61149,42.50609],[-96.64359,42.55761],[-96.70982,42.6051],[-96.69127,42.6562],[-96.79323,42.66602],[-96.80621,42.70415],[-96.9068,42.7338],[-96.96158,42.71984],[-96.97912,42.76009],[-97.13026,42.77154],[-97.15076,42.79557],[-97.21013,42.8093],[-97.21805,42.84511],[-97.23787,42.85314],[-97.40741,42.86839],[-97.44376,42.84602],[-97.61181,42.85837],[-97.68648,42.84221],[-97.84197,42.86817],[-97.87553,42.85866],[-97.88865,42.81718],[-97.93675,42.77568],[-98.03507,42.76411],[-98.14711,42.83963],[-98.18981,42.84164],[-98.42074,42.93192],[-98.44415,42.92924],[-98.49855,42.99856],[-104.05303,43.00059],[-104.05788,44.99761]]]}},{"type":"Feature","properties":{"id":null,"riding_id":"47001","FEDNUM":"47001","name_en":"Congressional District 1","name_fr":"Congressional District 1","state":"TN"},"geometry":{"type":"Polygon","coordinates":[[[-82.59073,36.0326],[-82.63723,36.06583],[-82.77576,36.00106],[-82.77739,35.96774],[-82.82042,35.922],[-82.8516,35.94931],[-82.89819,35.94524],[-82.90182,35.92697],[-82.92049,35.92735],[-82.89624,35.87916],[-82.92083,35.86818],[-82.91635,35.84167],[-82.94585,35.82438],[-82.96303,35.79],[-82.99599,35.77309],[-83.07851,35.78968],[-83.15959,35.76466],[-83.18591,35.7301],[-83.25151,35.71976],[-83.25433,35.69545],[-83.29825,35.65726],[-83.35082,35.66055],[-83.39615,35.62287],[-83.44568,35.61175],[-83.50355,35.56214],[-83.58438,35.5627],[-83.60834,35.58002],[-83.663,35.56947],[-83.66282,35.69062],[-83.70527,35.71117],[-83.74732,35.7984],[-83.73854,35.81114],[-83.75729,35.81753],[-83.79428,35.88713],[-83.76427,35.91328],[-83.69337,35.94471],[-83.68363,35.93685],[-83.68659,35.94997],[-83.65461,35.97194],[-83.6775,36.02807],[-83.65619,36.03457],[-83.62784,36.07971],[-83.66935,36.06726],[-83.65873,36.08883],[-83.67382,36.12541],[-83.65164,36.12528],[-83.65292,36.10159],[-83.63212,36.09979],[-83.63751,36.14399],[-83.60726,36.13041],[-83.59777,36.16419],[-83.58295,36.15427],[-83.58224,36.1676],[-83.5627,36.16899],[-83.5662,36.19119],[-83.5287,36.16249],[-83.518,36.17839],[-83.4835,36.16709],[-83.4477,36.1918],[-83.4489,36.2187],[-83.42442,36.21278],[-83.4113,36.2473],[-83.3623,36.2676],[-83.3598,36.2815],[-83.3271,36.2967],[-83.30928,36.26929],[-83.29447,36.2781],[-83.28206,36.2621],[-83.2553,36.2891],[-83.27369,36.31909],[-83.2649,36.3512],[-83.2889,36.3788],[-83.2739,36.3847],[-83.2801,36.3943],[-83.3047,36.3883],[-83.3521,36.41979],[-83.38945,36.40817],[-83.36941,36.45919],[-83.38594,36.50856],[-83.43263,36.57311],[-83.47211,36.59729],[-81.93415,36.59422],[-81.92265,36.61622],[-81.6469,36.61193],[-81.70802,36.53584],[-81.69503,36.46747],[-81.74171,36.41243],[-81.70748,36.33523],[-81.76496,36.33873],[-81.79309,36.36242],[-81.85499,36.33722],[-81.90817,36.30197],[-82.03384,36.12048],[-82.1292,36.10411],[-82.14858,36.14987],[-82.17722,36.14238],[-82.21321,36.15906],[-82.2451,36.13126],[-82.28982,36.1356],[-82.35276,36.11646],[-82.4098,36.08303],[-82.46059,36.00773],[-82.55799,35.95388],[-82.61071,35.96721],[-82.61493,36.00205],[-82.59073,36.0326]]]}},{"type":"Feature","properties":{"id":null,"riding_id":"47002","FEDNUM":"47002","name_en":"Congressional District 2","name_fr":"Congressional District 2","state":"TN"},"geometry":{"type":"MultiPolygon","coordinates":[[[[-84.148,35.98684],[-84.05859,36.03631],[-84.09301,36.07353],[-83.94172,36.18638],[-84.00432,36.27038],[-84.02242,36.27318],[-84.03042,36.30099],[-84.06222,36.24698],[-84.0852,36.28386],[-84.11594,36.29038],[-84.11934,36.32145],[-84.10674,36.32025],[-84.12981,36.34471],[-84.11172,36.36133],[-84.12737,36.39563],[-84.16917,36.36856],[-84.20186,36.37404],[-84.22036,36.35944],[-84.29991,36.41432],[-84.32222,36.39287],[-84.34471,36.41568],[-84.35575,36.45719],[-84.34057,36.46618],[-84.33932,36.49985],[-84.2596,36.51399],[-84.24924,36.56469],[-84.26394,36.56689],[-84.26134,36.59179],[-83.69079,36.5826],[-83.67502,36.60082],[-83.47211,36.59729],[-83.43263,36.57311],[-83.38594,36.50856],[-83.36941,36.45919],[-83.38945,36.40817],[-83.3521,36.41979],[-83.274,36.3853],[-83.2889,36.3788],[-83.2649,36.3512],[-83.27369,36.31909],[-83.2553,36.2891],[-83.27976,36.2629],[-83.29447,36.2781],[-83.30928,36.26929],[-83.3283,36.2967],[-83.4105,36.248],[-83.425,36.2124],[-83.4489,36.2187],[-83.4472,36.1926],[-83.4724,36.17169],[-83.518,36.17839],[-83.5287,36.16249],[-83.5651,36.19169],[-83.5644,36.16649],[-83.58224,36.1676],[-83.58398,36.15416],[-83.59777,36.16419],[-83.60726,36.13041],[-83.63751,36.14399],[-83.63108,36.10024],[-83.65292,36.10159],[-83.65164,36.12528],[-83.67424,36.12501],[-83.65873,36.08883],[-83.66935,36.06726],[-83.62784,36.07971],[-83.65619,36.03457],[-83.6775,36.02807],[-83.65461,35.97194],[-83.68659,35.94997],[-83.68363,35.93685],[-83.69337,35.94471],[-83.76427,35.91328],[-83.79428,35.88713],[-83.75729,35.81753],[-83.73854,35.81114],[-83.74732,35.7984],[-83.70527,35.71117],[-83.66282,35.69062],[-83.663,35.56947],[-83.7717,35.5615],[-83.82047,35.52566],[-83.87985,35.51906],[-83.91166,35.47625],[-83.95297,35.46055],[-83.96516,35.47112],[-83.93965,35.48894],[-83.97454,35.50115],[-83.98554,35.48681],[-84.01067,35.51258],[-83.99344,35.52777],[-83.99593,35.55295],[-84.08551,35.54138],[-84.11232,35.58746],[-84.13096,35.57632],[-84.19263,35.61825],[-84.25279,35.61759],[-84.25079,35.637],[-84.29753,35.64316],[-84.29077,35.65493],[-84.31759,35.65997],[-84.31763,35.67211],[-84.35761,35.66517],[-84.35328,35.6544],[-84.38502,35.63985],[-84.42448,35.67219],[-84.48735,35.65551],[-84.50428,35.66587],[-84.52255,35.64399],[-84.50475,35.61955],[-84.54761,35.64133],[-84.5843,35.63309],[-84.58441,35.65161],[-84.52194,35.6766],[-84.53181,35.68761],[-84.5169,35.71205],[-84.44856,35.75943],[-84.43341,35.74831],[-84.41642,35.77646],[-84.38861,35.76836],[-84.37967,35.81745],[-84.33817,35.83861],[-84.32997,35.89291],[-84.28383,35.87487],[-84.28456,35.90103],[-84.26405,35.89519],[-84.27159,35.91017],[-84.25236,35.91889],[-84.27155,35.94223],[-84.23759,35.92965],[-84.24471,35.95432],[-84.21477,35.94717],[-84.21533,35.97444],[-84.19325,35.995],[-84.148,35.98684]]],[[[-84.53978,35.67685],[-84.54878,35.67054],[-84.54878,35.67322],[-84.53978,35.67685]]],[[[-84.54033,35.61175],[-84.52238,35.61863],[-84.52271,35.60779],[-84.54033,35.61175]]],[[[-84.35001,35.63295],[-84.34926,35.64427],[-84.34288,35.63659],[-84.35001,35.63295]]]]}},{"type":"Feature","properties":{"id":null,"riding_id":"47003","FEDNUM":"47003","name_en":"Congressional District 3","name_fr":"Congressional District 3","state":"TN"},"geometry":{"type":"Polygon","coordinates":[[[-84.32183,34.98841],[-85.4756,34.98539],[-85.42778,35.00668],[-85.40928,35.04069],[-85.38697,35.04098],[-85.36636,35.06948],[-85.36747,35.09497],[-85.39577,35.10564],[-85.38823,35.14606],[-85.24601,35.31908],[-85.16831,35.45562],[-85.13176,35.45098],[-85.11595,35.47568],[-85.1464,35.49131],[-85.12263,35.52608],[-85.09907,35.53369],[-85.10777,35.57137],[-84.98157,35.67481],[-84.98991,35.68181],[-84.90514,35.77374],[-84.86199,35.77394],[-84.8287,35.74799],[-84.80765,35.79224],[-84.83515,35.80471],[-84.73828,35.85115],[-84.67308,35.91659],[-84.62005,35.93233],[-84.60346,35.95413],[-84.55497,35.95037],[-84.54172,35.97043],[-84.44606,35.98599],[-84.34182,36.04898],[-84.37903,36.09538],[-84.42044,36.10838],[-84.44974,36.14168],[-84.37414,36.21598],[-84.33073,36.20808],[-84.29993,36.22088],[-84.23733,36.17848],[-84.22753,36.24489],[-84.09212,36.22253],[-84.06992,36.23038],[-84.07542,36.24928],[-84.05762,36.24908],[-84.03042,36.30099],[-84.02242,36.27318],[-84.00432,36.27038],[-83.94172,36.18638],[-84.09301,36.07353],[-84.05859,36.03631],[-84.14742,35.98701],[-84.19325,35.995],[-84.21533,35.97444],[-84.21477,35.94717],[-84.24471,35.95432],[-84.23759,35.92965],[-84.27155,35.94223],[-84.25236,35.91889],[-84.27159,35.91017],[-84.26405,35.89519],[-84.28456,35.90103],[-84.28383,35.87487],[-84.32997,35.89291],[-84.33817,35.83861],[-84.37967,35.81745],[-84.38861,35.76836],[-84.41642,35.77646],[-84.43341,35.74831],[-84.44856,35.75943],[-84.5169,35.71205],[-84.53181,35.68761],[-84.52194,35.6766],[-84.54422,35.6769],[-84.54004,35.6659],[-84.58448,35.64443],[-84.5843,35.63309],[-84.54761,35.64133],[-84.50475,35.61955],[-84.52255,35.64399],[-84.50428,35.66587],[-84.48735,35.65551],[-84.42448,35.67219],[-84.38502,35.63985],[-84.35328,35.6544],[-84.35761,35.66517],[-84.31763,35.67211],[-84.31759,35.65997],[-84.29077,35.65493],[-84.29753,35.64316],[-84.25079,35.637],[-84.25279,35.61759],[-84.19263,35.61825],[-84.13096,35.57632],[-84.11232,35.58746],[-84.08551,35.54138],[-83.99593,35.55295],[-84.00885,35.50967],[-83.98554,35.48681],[-83.97454,35.50115],[-83.93854,35.48778],[-84.0235,35.41143],[-84.0074,35.37166],[-84.03839,35.35093],[-84.02338,35.29631],[-84.09751,35.2476],[-84.18854,35.24008],[-84.22395,35.26902],[-84.29022,35.22544],[-84.32183,34.98841]],[[-84.52271,35.60779],[-84.52238,35.61863],[-84.54036,35.61943],[-84.54033,35.61175],[-84.52271,35.60779]],[[-84.34926,35.64427],[-84.35001,35.63295],[-84.34288,35.63659],[-84.34926,35.64427]]]}},{"type":"Feature","properties":{"id":null,"riding_id":"47004","FEDNUM":"47004","name_en":"Congressional District 4","name_fr":"Congressional District 4","state":"TN"},"geometry":{"type":"Polygon","coordinates":[[[-86.23455,35.45299],[-86.24517,35.63192],[-86.34194,35.66427],[-86.40273,35.61858],[-86.41729,35.62622],[-86.41663,35.64964],[-86.46219,35.63786],[-86.51945,35.67776],[-86.51552,35.6884],[-86.62361,35.70284],[-86.64239,35.68624],[-86.69929,35.71784],[-86.69691,35.75234],[-86.66127,35.76744],[-86.66286,35.79094],[-86.61333,35.79034],[-86.61354,35.80997],[-86.62528,35.8085],[-86.61182,35.82456],[-86.62554,35.83226],[-86.60004,35.85],[-86.61763,35.86448],[-86.61514,35.88945],[-86.57413,35.88007],[-86.5486,35.927],[-86.5221,35.92052],[-86.48241,35.94087],[-86.51005,35.97171],[-86.54883,35.9866],[-86.57148,35.97531],[-86.6127,36.00753],[-86.61442,35.96779],[-86.74061,36.01428],[-86.73735,36.06768],[-86.76372,36.08252],[-86.77178,36.11221],[-86.71957,36.11487],[-86.7111,36.12671],[-86.72645,36.13987],[-86.65562,36.14137],[-86.6067,36.16899],[-86.56792,36.1687],[-86.55687,36.13497],[-86.52605,36.13963],[-86.53595,36.10817],[-86.38253,36.03526],[-86.377,36.01205],[-86.32626,35.98501],[-86.23776,35.95943],[-86.21687,35.96937],[-86.15322,35.95441],[-86.09574,35.96089],[-86.09051,35.97446],[-86.02268,35.96469],[-85.88921,35.85755],[-85.89718,35.84683],[-85.88516,35.83966],[-85.75004,35.84993],[-85.60022,35.79389],[-85.60109,35.80652],[-85.57588,35.80673],[-85.52411,35.79154],[-85.51877,35.81518],[-85.49803,35.80646],[-85.4746,35.82263],[-85.36227,35.79678],[-85.26507,35.82218],[-85.27431,35.78433],[-85.25407,35.76562],[-85.07384,35.76048],[-85.04114,35.77178],[-85.02879,35.74629],[-84.91607,35.76195],[-84.98991,35.68181],[-84.98157,35.67481],[-85.10777,35.57137],[-85.09907,35.53369],[-85.12263,35.52608],[-85.1464,35.49131],[-85.11595,35.47568],[-85.13176,35.45098],[-85.16831,35.45562],[-85.24601,35.31908],[-85.38823,35.14606],[-85.39577,35.10564],[-85.36747,35.09497],[-85.36636,35.06948],[-85.38697,35.04098],[-85.40928,35.04069],[-85.42778,35.00668],[-85.47408,34.98303],[-86.31877,34.99118],[-86.31262,35.13436],[-86.33337,35.14663],[-86.31684,35.14656],[-86.31728,35.16811],[-86.30099,35.17319],[-86.31182,35.19573],[-86.29464,35.21639],[-86.31624,35.21978],[-86.2812,35.24177],[-86.28389,35.26799],[-86.24473,35.31488],[-86.26638,35.33857],[-86.24429,35.35609],[-86.2747,35.37058],[-86.25334,35.38531],[-86.27991,35.38746],[-86.25168,35.40338],[-86.24662,35.4492],[-86.23455,35.45299]]]}},{"type":"Feature","properties":{"id":null,"riding_id":"47005","FEDNUM":"47005","name_en":"Congressional District 5","name_fr":"Congressional District 5","state":"TN"},"geometry":{"type":"Polygon","coordinates":[[[-89.41823,36.49904],[-88.0533,36.49706],[-88.03265,36.5421],[-88.07055,36.67826],[-87.84955,36.6637],[-87.85332,36.63317],[-87.37377,36.64143],[-87.38146,36.59616],[-87.40611,36.5784],[-87.38912,36.53895],[-87.40976,36.52826],[-87.43092,36.5489],[-87.45465,36.53557],[-87.45067,36.55182],[-87.55702,36.53519],[-87.62608,36.54283],[-87.58696,36.34179],[-87.51354,36.33472],[-87.52363,36.2489],[-87.5668,36.17786],[-87.54002,35.99648],[-87.20425,35.95919],[-87.21199,35.9703],[-87.19083,35.97589],[-87.18258,36.04973],[-87.05373,36.04559],[-87.03939,35.98925],[-86.92887,36.05295],[-86.86477,36.0449],[-86.88818,36.01746],[-86.88597,35.97369],[-86.84477,35.98161],[-86.80764,35.96607],[-86.8341,35.82956],[-86.86081,35.79147],[-86.88555,35.68999],[-86.89867,35.70223],[-86.90542,35.68837],[-86.9066,35.64523],[-87.04434,35.6392],[-87.0844,35.60451],[-87.0805,35.58132],[-87.04302,35.57175],[-87.04392,35.54987],[-87.01387,35.54462],[-87.01621,35.41917],[-87.12253,35.45607],[-87.1602,35.43538],[-87.22632,35.44052],[-87.22794,35.42934],[-87.3258,35.45642],[-87.44849,35.45785],[-87.44883,35.42063],[-87.50962,35.41469],[-87.5168,35.39819],[-87.57536,35.39846],[-87.60728,35.43618],[-87.64649,35.44208],[-87.6459,35.47275],[-87.71756,35.48335],[-87.71102,35.5053],[-87.69066,35.50534],[-87.68811,35.55226],[-87.65176,35.56487],[-87.64849,35.59041],[-87.6766,35.62738],[-87.74376,35.66396],[-87.73782,35.70235],[-87.71067,35.70362],[-87.73294,35.72627],[-87.71677,35.83876],[-87.81874,35.83678],[-87.85269,35.80381],[-87.9103,35.83834],[-87.96275,35.84093],[-87.97074,35.81571],[-88.0282,35.81103],[-88.02951,35.83981],[-88.05178,35.84998],[-88.08452,35.83778],[-88.21744,35.84659],[-88.2117,36.14598],[-88.53033,36.15203],[-88.53224,36.11542],[-88.65549,36.11734],[-88.65385,36.0643],[-88.69199,36.06265],[-88.75844,36.1099],[-88.84155,36.12332],[-88.95984,36.22284],[-88.96124,36.20164],[-89.15447,36.20468],[-89.16341,36.02605],[-89.20619,36.01377],[-89.18885,35.99977],[-89.19835,35.97022],[-89.28019,35.88642],[-89.34283,35.88094],[-89.35604,35.81764],[-89.40181,35.82266],[-89.43133,35.78265],[-89.44013,35.74793],[-89.4277,35.74019],[-89.45272,35.68255],[-89.46636,35.68271],[-89.47,35.59523],[-89.51058,35.58085],[-89.54547,35.6097],[-89.60265,35.62392],[-89.62302,35.65235],[-89.66131,35.63176],[-89.70388,35.6419],[-89.70733,35.60699],[-89.68095,35.56656],[-89.70029,35.55848],[-89.69337,35.52292],[-89.72505,35.51514],[-89.72574,35.49636],[-89.74977,35.48358],[-89.76885,35.48577],[-89.77194,35.46951],[-89.75754,35.46667],[-89.85503,35.39102],[-89.89851,35.39206],[-89.90363,35.36396],[-89.94189,35.36788],[-89.94928,35.35427],[-89.9558,35.31963],[-89.93837,35.3148],[-89.99386,35.25963],[-89.94763,35.26051],[-89.94604,35.24724],[-89.90645,35.24127],[-89.91245,35.20597],[-89.89461,35.20702],[-89.89596,35.18887],[-89.96703,35.15904],[-89.97286,35.12569],[-90.0217,35.11311],[-90.02512,35.04422],[-90.04377,35.04458],[-90.03898,35.02099],[-90.05649,35.02858],[-90.04304,34.99497],[-90.30837,34.9957],[-90.29299,35.04118],[-90.21192,35.02539],[-90.1968,35.03507],[-90.16736,35.12359],[-90.14244,35.13314],[-90.08967,35.11806],[-90.06548,35.13875],[-90.06824,35.15568],[-90.1172,35.1883],[-90.07585,35.2131],[-90.0911,35.24501],[-90.14886,35.25428],[-90.16892,35.27972],[-90.15733,35.3015],[-90.10997,35.30499],[-90.07975,35.38392],[-90.12935,35.41384],[-90.14615,35.39979],[-90.13568,35.3767],[-90.17935,35.38532],[-90.16889,35.42188],[-90.12944,35.44213],[-90.10755,35.47697],[-90.06827,35.46708],[-90.06953,35.40814],[-90.05433,35.38928],[-90.04157,35.39663],[-90.05679,35.40387],[-90.04809,35.41174],[-90.00267,35.42999],[-90.04834,35.50425],[-90.03128,35.55431],[-89.98967,35.56023],[-89.9581,35.54123],[-89.95875,35.52384],[-89.90464,35.51935],[-89.91069,35.54746],[-89.94211,35.557],[-89.95757,35.58854],[-89.85776,35.63368],[-89.85128,35.65761],[-89.86312,35.67053],[-89.89424,35.65161],[-89.92546,35.65821],[-89.95585,35.69041],[-89.95782,35.72738],[-89.90747,35.75929],[-89.82546,35.74519],[-89.79942,35.75811],[-89.79957,35.78834],[-89.78167,35.80523],[-89.72869,35.8026],[-89.69865,35.81872],[-89.69554,35.83568],[-89.77291,35.86564],[-89.74455,35.91071],[-89.67311,35.87537],[-89.64461,35.88742],[-89.64431,35.92095],[-89.7185,35.96313],[-89.73306,36.00082],[-89.70694,36.00099],[-89.67883,36.08464],[-89.60051,36.12052],[-89.59221,36.15013],[-89.70553,36.23899],[-89.69524,36.25277],[-89.60238,36.23811],[-89.53475,36.25258],[-89.53949,36.27737],[-89.62026,36.32301],[-89.60567,36.34224],[-89.53183,36.33925],[-89.51318,36.3599],[-89.51039,36.37836],[-89.54526,36.42709],[-89.51973,36.46701],[-89.53924,36.49794],[-89.48543,36.4975],[-89.49309,36.47051],[-89.4719,36.45757],[-89.41823,36.49904]]]}},{"type":"Feature","properties":{"id":null,"riding_id":"47006","FEDNUM":"47006","name_en":"Congressional District 6","name_fr":"Congressional District 6","state":"TN"},"geometry":{"type":"Polygon","coordinates":[[[-84.68064,35.90846],[-84.76362,35.83374],[-84.83515,35.80471],[-84.80763,35.79207],[-84.83848,35.74406],[-84.84164,35.75937],[-84.88239,35.7788],[-85.02879,35.74629],[-85.04114,35.77178],[-85.07384,35.76048],[-85.25407,35.76562],[-85.27431,35.78433],[-85.26507,35.82218],[-85.36227,35.79678],[-85.4746,35.82263],[-85.49803,35.80646],[-85.51877,35.81518],[-85.52134,35.79169],[-85.57588,35.80673],[-85.60109,35.80652],[-85.60022,35.79389],[-85.75004,35.84993],[-85.88516,35.83966],[-85.89718,35.84683],[-85.88921,35.85755],[-86.02268,35.96469],[-86.09051,35.97446],[-86.09574,35.96089],[-86.15662,35.95456],[-86.31037,35.97857],[-86.377,36.01205],[-86.38253,36.03526],[-86.53595,36.10817],[-86.52605,36.13963],[-86.55687,36.13497],[-86.56792,36.1687],[-86.6067,36.16899],[-86.65562,36.14137],[-86.72645,36.13987],[-86.7111,36.12671],[-86.74097,36.10865],[-86.7982,36.11639],[-86.8216,36.1369],[-86.8765,36.11727],[-86.86846,36.13109],[-86.88522,36.14174],[-86.83165,36.18298],[-86.80053,36.18028],[-86.79268,36.16121],[-86.76821,36.17176],[-86.77414,36.22631],[-86.72036,36.24802],[-86.69285,36.28629],[-86.70058,36.32624],[-86.68127,36.33938],[-86.65914,36.33299],[-86.66608,36.30935],[-86.63727,36.30099],[-86.62399,36.27746],[-86.63478,36.26186],[-86.60701,36.24818],[-86.60222,36.26478],[-86.59171,36.25132],[-86.57012,36.27041],[-86.57848,36.31978],[-86.51252,36.34975],[-86.4741,36.32146],[-86.42801,36.33847],[-86.40107,36.3059],[-86.36639,36.35775],[-86.34566,36.3409],[-86.35854,36.30924],[-86.30008,36.31238],[-86.29448,36.33901],[-86.27591,36.34848],[-86.26318,36.29938],[-86.22626,36.34896],[-86.12616,36.29409],[-86.07604,36.3591],[-85.98271,36.39591],[-85.9789,36.42608],[-85.82803,36.41184],[-85.78873,36.62205],[-85.1757,36.62501],[-84.26134,36.59179],[-84.26394,36.56689],[-84.24924,36.56469],[-84.2596,36.51399],[-84.33932,36.49985],[-84.34057,36.46618],[-84.35575,36.45719],[-84.34471,36.41568],[-84.32222,36.39287],[-84.29991,36.41432],[-84.22036,36.35944],[-84.20186,36.37404],[-84.16917,36.36856],[-84.12737,36.39563],[-84.11172,36.36133],[-84.12981,36.34471],[-84.10674,36.32025],[-84.11934,36.32145],[-84.11778,36.2928],[-84.07997,36.27767],[-84.06992,36.23038],[-84.09275,36.22241],[-84.22753,36.24489],[-84.22873,36.18608],[-84.24133,36.17758],[-84.29993,36.22088],[-84.33073,36.20808],[-84.37274,36.21678],[-84.44974,36.14168],[-84.42044,36.10838],[-84.37903,36.09538],[-84.34182,36.04898],[-84.44606,35.98599],[-84.54172,35.97043],[-84.55497,35.95037],[-84.60346,35.95413],[-84.62005,35.93233],[-84.68064,35.90846]]]}},{"type":"Feature","properties":{"id":null,"riding_id":"47007","FEDNUM":"47007","name_en":"Congressional District 7","name_fr":"Congressional District 7","state":"TN"},"geometry":{"type":"Polygon","coordinates":[[[-87.54452,36.09416],[-87.5668,36.17786],[-87.52363,36.2489],[-87.51354,36.33472],[-87.58696,36.34179],[-87.62608,36.54283],[-87.55702,36.53519],[-87.45067,36.55182],[-87.45465,36.53557],[-87.43092,36.5489],[-87.40976,36.52826],[-87.38912,36.53895],[-87.40611,36.5784],[-87.38146,36.59616],[-87.37377,36.64143],[-86.58991,36.65245],[-86.56391,36.63357],[-86.49343,36.65225],[-85.78855,36.62169],[-85.82803,36.41184],[-85.9789,36.42608],[-85.98271,36.39591],[-86.07604,36.3591],[-86.12616,36.29409],[-86.22626,36.34896],[-86.26318,36.29938],[-86.27591,36.34848],[-86.29448,36.33901],[-86.30008,36.31238],[-86.35854,36.30924],[-86.34566,36.3409],[-86.36639,36.35775],[-86.40107,36.3059],[-86.42801,36.33847],[-86.4741,36.32146],[-86.51252,36.34975],[-86.57848,36.31978],[-86.57115,36.26805],[-86.5919,36.2513],[-86.60222,36.26478],[-86.61232,36.24826],[-86.63478,36.26186],[-86.62399,36.27746],[-86.63727,36.30099],[-86.66608,36.30935],[-86.65914,36.33299],[-86.69375,36.3343],[-86.69285,36.28629],[-86.72036,36.24802],[-86.7744,36.2258],[-86.76821,36.17176],[-86.79268,36.16121],[-86.80053,36.18028],[-86.83165,36.18298],[-86.88522,36.14174],[-86.86846,36.13109],[-86.8765,36.11727],[-86.8216,36.1369],[-86.77343,36.1159],[-86.76372,36.08252],[-86.73735,36.06768],[-86.74061,36.01428],[-86.78721,36.03601],[-86.92887,36.05295],[-87.03939,35.98925],[-87.05373,36.04559],[-87.18258,36.04973],[-87.19083,35.97589],[-87.21199,35.9703],[-87.20425,35.95919],[-87.27991,35.96144],[-87.53454,35.99308],[-87.55299,36.0164],[-87.54452,36.09416]]]}},{"type":"Feature","properties":{"id":null,"riding_id":"47008","FEDNUM":"47008","name_en":"Congressional District 8","name_fr":"Congressional District 8","state":"TN"},"geometry":{"type":"Polygon","coordinates":[[[-87.97074,35.81571],[-87.96275,35.84093],[-87.9103,35.83834],[-87.85269,35.80381],[-87.81874,35.83678],[-87.71677,35.83876],[-87.73294,35.72627],[-87.71067,35.70362],[-87.73782,35.70235],[-87.74376,35.66396],[-87.6766,35.62738],[-87.6485,35.59061],[-87.65176,35.56487],[-87.68829,35.55195],[-87.69066,35.50534],[-87.71102,35.5053],[-87.71756,35.48335],[-87.74549,35.49179],[-87.84753,35.46521],[-87.86463,35.476],[-87.97831,35.45866],[-88.01182,35.43283],[-87.97342,35.40962],[-88.00003,35.38854],[-88.06581,35.41765],[-88.11676,35.38501],[-88.16519,35.39228],[-88.19647,35.37957],[-88.21014,35.40733],[-88.24168,35.42327],[-88.36083,35.41898],[-88.35195,35.40299],[-88.37063,35.37482],[-88.52198,35.3851],[-88.56674,35.38228],[-88.56585,35.36951],[-88.57736,35.38071],[-88.64202,35.36019],[-88.66384,35.33943],[-88.65393,35.31758],[-88.67904,35.32343],[-88.71977,35.24756],[-88.78211,35.24771],[-88.79278,35.32919],[-88.84204,35.38445],[-88.84161,35.42783],[-89.18256,35.43282],[-89.18725,35.30882],[-89.31862,35.24426],[-89.31911,35.227],[-89.34617,35.21388],[-89.33834,35.19107],[-89.36349,35.17226],[-89.38267,35.21945],[-89.42797,35.21357],[-89.48434,35.24069],[-89.49737,35.23389],[-89.50499,35.25764],[-89.51944,35.25831],[-89.53911,35.25056],[-89.52848,35.20165],[-89.54863,35.18098],[-89.63774,35.17934],[-89.63848,35.1559],[-89.71706,35.15952],[-89.73146,35.10758],[-89.66878,35.09215],[-89.66514,35.04546],[-89.79762,35.04841],[-89.87464,35.08576],[-89.92325,35.07875],[-89.93131,35.11312],[-89.96991,35.13577],[-89.96703,35.15904],[-89.89596,35.18887],[-89.89461,35.20702],[-89.91245,35.20597],[-89.90645,35.24127],[-89.94604,35.24724],[-89.94763,35.26051],[-89.99386,35.25963],[-89.93837,35.3148],[-89.9558,35.31963],[-89.94928,35.35427],[-89.94189,35.36788],[-89.90363,35.36396],[-89.89851,35.39206],[-89.85503,35.39102],[-89.75754,35.46667],[-89.77194,35.46951],[-89.76885,35.48577],[-89.74977,35.48358],[-89.72574,35.49636],[-89.72505,35.51514],[-89.69337,35.52292],[-89.70029,35.55848],[-89.68095,35.56656],[-89.70733,35.60699],[-89.70388,35.6419],[-89.66131,35.63176],[-89.62302,35.65235],[-89.60265,35.62392],[-89.54547,35.6097],[-89.51058,35.58085],[-89.47,35.59523],[-89.46636,35.68271],[-89.45272,35.68255],[-89.4277,35.74019],[-89.44013,35.74793],[-89.43133,35.78265],[-89.40181,35.82266],[-89.35604,35.81764],[-89.34283,35.88094],[-89.28019,35.88642],[-89.19835,35.97022],[-89.18885,35.99977],[-89.20619,36.01377],[-89.16341,36.02605],[-89.15447,36.20468],[-88.96124,36.20164],[-88.95984,36.22284],[-88.84155,36.12332],[-88.75844,36.1099],[-88.69199,36.06265],[-88.65385,36.0643],[-88.65549,36.11734],[-88.53224,36.11542],[-88.53033,36.15203],[-88.2117,36.14598],[-88.21744,35.84659],[-88.08452,35.83778],[-88.05178,35.84998],[-88.02951,35.83981],[-88.0282,35.81103],[-87.97074,35.81571]]]}},{"type":"Feature","properties":{"id":null,"riding_id":"47009","FEDNUM":"47009","name_en":"Congressional District 9","name_fr":"Congressional District 9","state":"TN"},"geometry":{"type":"Polygon","coordinates":[[[-86.31817,35.12699],[-86.31877,34.99118],[-88.20296,35.00803],[-88.20007,34.99564],[-90.03133,34.99487],[-90.05659,35.01899],[-90.03505,35.02695],[-90.04377,35.04458],[-90.02512,35.04422],[-90.0217,35.11311],[-89.96991,35.13577],[-89.93131,35.11312],[-89.92325,35.07875],[-89.87464,35.08576],[-89.79762,35.04841],[-89.66514,35.04546],[-89.66878,35.09215],[-89.73146,35.10758],[-89.72627,35.14637],[-89.71706,35.15952],[-89.63848,35.1559],[-89.63774,35.17934],[-89.54863,35.18098],[-89.52848,35.20165],[-89.53911,35.25056],[-89.51944,35.25831],[-89.50499,35.25764],[-89.49737,35.23389],[-89.48434,35.24069],[-89.42797,35.21357],[-89.38267,35.21945],[-89.36349,35.17226],[-89.33834,35.19107],[-89.34617,35.21388],[-89.31911,35.227],[-89.31862,35.24426],[-89.18725,35.30882],[-89.18256,35.43282],[-88.84161,35.42783],[-88.84204,35.38445],[-88.79278,35.32919],[-88.78201,35.24759],[-88.71977,35.24756],[-88.67904,35.32343],[-88.65393,35.31758],[-88.66384,35.33943],[-88.64202,35.36019],[-88.57177,35.38209],[-88.56585,35.36951],[-88.56674,35.38228],[-88.52198,35.3851],[-88.37063,35.37482],[-88.35195,35.40299],[-88.36083,35.41898],[-88.24168,35.42327],[-88.21014,35.40733],[-88.19647,35.37957],[-88.16519,35.39228],[-88.11676,35.38501],[-88.06581,35.41765],[-88.00003,35.38854],[-87.97342,35.40962],[-88.01182,35.43283],[-87.97831,35.45866],[-87.86463,35.476],[-87.84753,35.46521],[-87.74549,35.49179],[-87.6459,35.47275],[-87.64649,35.44208],[-87.60728,35.43618],[-87.57536,35.39846],[-87.5168,35.39819],[-87.50962,35.41469],[-87.44883,35.42063],[-87.44849,35.45785],[-87.3258,35.45642],[-87.22794,35.42934],[-87.22632,35.44052],[-87.1602,35.43538],[-87.12253,35.45607],[-87.01621,35.41917],[-87.01387,35.54462],[-87.04392,35.54987],[-87.04302,35.57175],[-87.08703,35.59564],[-87.04473,35.63909],[-86.9066,35.64523],[-86.90542,35.68837],[-86.89867,35.70223],[-86.88555,35.68999],[-86.86081,35.79147],[-86.8341,35.82956],[-86.80764,35.96607],[-86.84477,35.98161],[-86.88635,35.97419],[-86.88818,36.01746],[-86.86496,36.04468],[-86.77713,36.03325],[-86.6189,35.96823],[-86.6127,36.00753],[-86.57148,35.97531],[-86.54883,35.9866],[-86.51005,35.97171],[-86.48241,35.94087],[-86.5221,35.92052],[-86.5486,35.927],[-86.57413,35.88007],[-86.62138,35.88258],[-86.60004,35.85],[-86.62554,35.83226],[-86.61182,35.82456],[-86.62528,35.8085],[-86.61354,35.80997],[-86.61333,35.79034],[-86.66286,35.79094],[-86.66127,35.76744],[-86.69691,35.75234],[-86.69929,35.71784],[-86.67426,35.69697],[-86.63944,35.68591],[-86.63637,35.70199],[-86.54312,35.69762],[-86.46219,35.63786],[-86.41663,35.64964],[-86.41729,35.62622],[-86.40273,35.61858],[-86.34194,35.66427],[-86.24187,35.62766],[-86.24692,35.46608],[-86.23458,35.45277],[-86.24662,35.4492],[-86.25168,35.40338],[-86.27991,35.38746],[-86.25334,35.38531],[-86.2747,35.37058],[-86.24429,35.35609],[-86.26638,35.33857],[-86.24473,35.31488],[-86.28389,35.26799],[-86.2812,35.24177],[-86.31624,35.21978],[-86.29372,35.20729],[-86.3118,35.1958],[-86.30099,35.17319],[-86.31728,35.16811],[-86.31676,35.14664],[-86.33336,35.1467],[-86.31817,35.12699]]]}},{"type":"Feature","properties":{"id":null,"riding_id":"48001","FEDNUM":"48001","name_en":"Congressional District 1","name_fr":"Congressional District 1","state":"TX"},"geometry":{"type":"Polygon","coordinates":[[[-94.12963,31.09928],[-94.19273,31.13545],[-94.219,31.17326],[-94.26221,31.18033],[-94.31256,31.22374],[-94.33496,31.22324],[-94.39519,31.30186],[-94.44771,31.3178],[-94.46947,31.38383],[-94.50282,31.41077],[-94.53756,31.39863],[-94.54512,31.43185],[-94.82277,31.48391],[-94.86586,31.52692],[-95.00335,31.42571],[-95.00733,31.44459],[-95.04522,31.44509],[-95.0647,31.47132],[-95.10074,31.46834],[-95.11113,31.48385],[-95.09442,31.49873],[-95.09997,31.51887],[-95.14344,31.53964],[-95.1396,31.56282],[-95.16851,31.58367],[-95.20852,31.57019],[-95.26026,31.5771],[-95.27531,31.59471],[-95.26194,31.61958],[-95.28787,31.63292],[-95.28325,31.67641],[-95.34247,31.71795],[-95.33538,31.73487],[-95.36643,31.72676],[-95.35824,31.74925],[-95.40213,31.76159],[-95.40079,31.81861],[-95.44688,31.84319],[-95.42022,31.92645],[-95.44585,31.9461],[-95.4529,31.97679],[-95.42411,32.01889],[-95.43867,32.03335],[-95.42219,32.0423],[-95.4385,32.06602],[-95.4239,32.08347],[-95.47858,32.14722],[-95.46246,32.20154],[-95.48873,32.2323],[-95.44697,32.29581],[-95.45874,32.32843],[-95.4491,32.35946],[-95.5943,32.47986],[-95.59454,32.68703],[-95.47468,32.6061],[-95.44675,32.61373],[-95.37522,32.59741],[-95.34595,32.60929],[-95.27814,32.57158],[-95.25031,32.57773],[-95.23823,32.56061],[-95.20496,32.57237],[-95.18355,32.54097],[-95.17582,32.55542],[-95.16497,32.54458],[-95.15014,32.57229],[-95.11929,32.54255],[-95.09326,32.55768],[-95.07532,32.53707],[-95.04134,32.53218],[-95.02097,32.54673],[-95.01093,32.5164],[-94.98803,32.53695],[-94.82022,32.59065],[-94.74614,32.66754],[-94.70179,32.65221],[-94.70214,32.82052],[-94.67235,32.83476],[-94.69766,32.84308],[-94.70971,32.87049],[-94.65399,32.87951],[-94.65226,33.26886],[-94.63484,33.25135],[-94.59045,33.25942],[-94.57841,33.24772],[-94.56897,33.26433],[-94.46924,33.29416],[-94.43068,33.2835],[-94.42102,33.31225],[-94.4349,33.35198],[-94.3955,33.33851],[-94.41625,33.40373],[-94.34558,33.40781],[-94.29651,33.39802],[-94.29723,33.37779],[-94.26328,33.37706],[-94.25846,33.39445],[-94.20577,33.40386],[-94.19082,33.45529],[-94.26266,33.46689],[-94.25755,33.58264],[-94.23645,33.58652],[-94.24932,33.55624],[-94.20582,33.5671],[-94.19591,33.55506],[-94.19448,33.57367],[-94.2173,33.58024],[-94.18377,33.59467],[-94.14203,33.58113],[-94.15145,33.56847],[-94.13514,33.57103],[-94.12874,33.55092],[-94.12067,33.56699],[-94.0725,33.57231],[-94.07382,33.58475],[-94.05561,33.56158],[-94.07342,33.55492],[-94.04331,33.55158],[-94.04224,31.99361],[-94.01851,31.99243],[-93.97171,31.92039],[-93.92865,31.91264],[-93.93119,31.89149],[-93.90062,31.89679],[-93.87325,31.81489],[-93.82344,31.7751],[-93.83688,31.75017],[-93.81493,31.72869],[-93.81669,31.70792],[-93.79446,31.70332],[-93.82646,31.66692],[-93.81152,31.64744],[-93.81872,31.61456],[-93.83806,31.6068],[-93.83492,31.58621],[-93.78769,31.52734],[-93.74744,31.53068],[-93.74269,31.51569],[-93.71105,31.51216],[-93.75239,31.48274],[-93.74948,31.46869],[-93.70393,31.45549],[-93.70951,31.44202],[-93.69253,31.4382],[-93.70488,31.41088],[-93.67412,31.39768],[-93.671,31.36622],[-93.63922,31.37202],[-93.66844,31.35301],[-93.68728,31.30607],[-93.64252,31.26951],[-93.62034,31.27103],[-93.61811,31.23268],[-93.59497,31.22131],[-93.60729,31.2054],[-93.60031,31.17616],[-93.91122,31.15807],[-94.03903,31.13427],[-94.05661,31.11169],[-94.12963,31.09928]]]}},{"type":"Feature","properties":{"id":null,"riding_id":"48002","FEDNUM":"48002","name_en":"Congressional District 2","name_fr":"Congressional District 2","state":"TX"},"geometry":{"type":"Polygon","coordinates":[[[-95.53725,29.87388],[-95.55178,29.90281],[-95.58456,29.90997],[-95.5852,29.96683],[-95.59866,29.97358],[-95.5017,30.00851],[-95.50715,30.03016],[-95.48856,30.04039],[-95.50485,30.13689],[-95.57422,30.12992],[-95.57463,30.15178],[-95.59684,30.13458],[-95.6007,30.17682],[-95.56816,30.21433],[-95.57903,30.25361],[-95.50557,30.27284],[-95.39782,30.21048],[-95.36051,30.21216],[-95.36449,30.22734],[-95.32879,30.22896],[-95.32883,30.24284],[-95.29886,30.23211],[-95.31222,30.2571],[-95.23895,30.25966],[-95.22558,30.31953],[-95.1659,30.34498],[-95.05684,30.06098],[-95.09572,30.05731],[-95.1099,29.9882],[-95.13154,29.98767],[-95.14809,29.94022],[-95.19938,29.92457],[-95.21242,29.99945],[-95.24531,29.99563],[-95.24802,29.96197],[-95.2846,29.96571],[-95.26984,30.0013],[-95.28422,30.00504],[-95.26824,30.00502],[-95.24985,30.04352],[-95.29268,30.02776],[-95.36604,30.03147],[-95.34639,30.04528],[-95.37819,30.07066],[-95.3915,30.05522],[-95.38413,30.03844],[-95.46134,30.03495],[-95.47637,30.02437],[-95.46379,30.00703],[-95.51313,29.97974],[-95.50942,29.95634],[-95.52988,29.95061],[-95.50928,29.91468],[-95.49384,29.91999],[-95.48043,29.89975],[-95.49569,29.89968],[-95.507,29.87415],[-95.53725,29.87388]]]}},{"type":"Feature","properties":{"id":null,"riding_id":"48003","FEDNUM":"48003","name_en":"Congressional District 3","name_fr":"Congressional District 3","state":"TX"},"geometry":{"type":"Polygon","coordinates":[[[-94.70576,32.87916],[-94.72667,32.91311],[-94.76897,32.92589],[-94.7865,32.95941],[-94.91692,33.04535],[-94.92704,33.07066],[-94.97957,33.07741],[-95.04027,33.07229],[-95.10304,33.03296],[-95.13721,33.03094],[-95.17295,32.96183],[-95.66539,32.96043],[-95.66773,32.97955],[-95.92355,32.9798],[-95.93574,33.00693],[-95.97601,33.02296],[-96.01889,33.01104],[-96.04861,33.03705],[-96.17946,33.0434],[-96.27708,32.98112],[-96.61337,32.98431],[-96.61471,33.00493],[-96.708,33.00423],[-96.70944,33.06965],[-96.73676,33.07159],[-96.73289,33.18895],[-96.7679,33.18202],[-96.76741,33.21859],[-96.73282,33.21857],[-96.73069,33.3319],[-96.71303,33.3449],[-96.72725,33.40292],[-96.3846,33.39783],[-96.3845,33.34112],[-95.85872,33.40953],[-95.85774,33.46172],[-95.82656,33.45909],[-95.76138,33.49545],[-95.68179,33.47027],[-95.64351,33.48677],[-95.60089,33.48389],[-95.59061,33.46898],[-95.56584,33.47706],[-95.52696,33.44592],[-95.4817,33.45254],[-95.39699,33.39898],[-95.26096,33.36693],[-95.0937,33.39755],[-95.03915,33.38007],[-95.00473,33.39536],[-94.90829,33.38372],[-94.8893,33.39848],[-94.85759,33.3767],[-94.81271,33.37558],[-94.81495,33.36286],[-94.78187,33.34426],[-94.78145,33.31872],[-94.74563,33.32993],[-94.72592,33.30711],[-94.69183,33.31241],[-94.68686,33.29298],[-94.65245,33.27571],[-94.65399,32.87951],[-94.70576,32.87916]]]}},{"type":"Feature","properties":{"id":null,"riding_id":"48004","FEDNUM":"48004","name_en":"Congressional District 4","name_fr":"Congressional District 4","state":"TX"},"geometry":{"type":"Polygon","coordinates":[[[-96.84412,32.98744],[-96.84187,33.08558],[-96.85575,33.08133],[-96.85339,33.10635],[-96.88343,33.09912],[-96.89218,33.1227],[-96.9228,33.13379],[-96.91185,33.15463],[-96.8822,33.16302],[-96.88044,33.2039],[-96.89614,33.21136],[-96.83799,33.25607],[-96.83411,33.4055],[-96.94386,33.41641],[-96.94461,33.94922],[-96.92356,33.95938],[-96.90243,33.94202],[-96.87068,33.85655],[-96.85059,33.84721],[-96.83216,33.87483],[-96.79428,33.86889],[-96.7646,33.82493],[-96.70078,33.8379],[-96.66719,33.91694],[-96.62829,33.89448],[-96.58793,33.89478],[-96.62927,33.8455],[-96.57294,33.8191],[-96.53197,33.82399],[-96.50098,33.7728],[-96.42353,33.77643],[-96.34686,33.68622],[-96.31223,33.7063],[-96.29371,33.76941],[-96.22902,33.74802],[-96.18663,33.75502],[-96.15554,33.81404],[-96.16959,33.80094],[-96.17912,33.81022],[-96.15077,33.81699],[-96.14923,33.83709],[-96.09936,33.83047],[-96.1001,33.84797],[-96.04883,33.83647],[-96.02697,33.85747],[-96.01706,33.84145],[-95.99683,33.8539],[-96.00293,33.87359],[-95.98486,33.85249],[-95.95138,33.85733],[-95.92509,33.88494],[-95.83041,33.83478],[-95.81557,33.85985],[-95.75796,33.84957],[-95.75215,33.89458],[-95.70063,33.88584],[-95.66548,33.909],[-95.63277,33.90481],[-95.59409,33.94306],[-95.55421,33.92696],[-95.54414,33.8806],[-95.50953,33.89759],[-95.505,33.87592],[-95.46144,33.88711],[-95.46334,33.8724],[-95.44275,33.86651],[-95.36257,33.8669],[-95.32994,33.88633],[-95.28893,33.87307],[-95.2838,33.90649],[-95.26851,33.91098],[-95.25811,33.88981],[-95.2494,33.93989],[-95.21508,33.96239],[-95.1247,33.93467],[-95.12089,33.90454],[-95.08006,33.92099],[-95.10038,33.8956],[-95.08961,33.88086],[-95.06676,33.9171],[-95.07588,33.90185],[-95.0601,33.90187],[-95.04657,33.86257],[-94.98849,33.851],[-94.97021,33.86182],[-94.9644,33.83702],[-94.94389,33.83023],[-94.94787,33.80836],[-94.92329,33.80874],[-94.91801,33.82678],[-94.92153,33.79047],[-94.87637,33.75733],[-94.86814,33.76887],[-94.87708,33.75222],[-94.86069,33.74195],[-94.82043,33.73381],[-94.82339,33.76918],[-94.80343,33.73274],[-94.76303,33.75976],[-94.75895,33.74853],[-94.78864,33.73567],[-94.75182,33.73433],[-94.75137,33.71354],[-94.73341,33.72519],[-94.7538,33.70866],[-94.73586,33.69163],[-94.71594,33.69491],[-94.73397,33.71569],[-94.70156,33.70288],[-94.71619,33.6879],[-94.6514,33.68584],[-94.64371,33.70152],[-94.64534,33.67364],[-94.67105,33.66839],[-94.65492,33.65992],[-94.62204,33.68254],[-94.59602,33.66386],[-94.58793,33.68625],[-94.58078,33.66639],[-94.56034,33.66659],[-94.59048,33.64508],[-94.54811,33.66033],[-94.54303,33.64932],[-94.56997,33.62847],[-94.52184,33.64073],[-94.52774,33.6159],[-94.51747,33.63306],[-94.50452,33.62073],[-94.44873,33.64271],[-94.47125,33.60189],[-94.43065,33.59157],[-94.40959,33.56828],[-94.3826,33.58326],[-94.37892,33.57016],[-94.40146,33.56053],[-94.38679,33.54512],[-94.35354,33.54374],[-94.34371,33.56796],[-94.30954,33.55163],[-94.28743,33.58256],[-94.29083,33.55903],[-94.27732,33.55733],[-94.25609,33.58228],[-94.26266,33.46689],[-94.19082,33.45529],[-94.20577,33.40386],[-94.25846,33.39445],[-94.26328,33.37706],[-94.29723,33.37779],[-94.29651,33.39802],[-94.34558,33.40781],[-94.41625,33.40373],[-94.3955,33.33851],[-94.4349,33.35198],[-94.42102,33.31225],[-94.43068,33.2835],[-94.46844,33.29431],[-94.56897,33.26433],[-94.57841,33.24772],[-94.59045,33.25942],[-94.61777,33.24681],[-94.6497,33.25924],[-94.69183,33.31241],[-94.72592,33.30711],[-94.74563,33.32993],[-94.78145,33.31872],[-94.78187,33.34426],[-94.81495,33.36286],[-94.81271,33.37558],[-94.85759,33.3767],[-94.8893,33.39848],[-94.90829,33.38372],[-95.00473,33.39536],[-95.03915,33.38007],[-95.0937,33.39755],[-95.26096,33.36693],[-95.37275,33.39085],[-95.4817,33.45254],[-95.52658,33.44582],[-95.56224,33.47587],[-95.59076,33.469],[-95.62103,33.48706],[-95.68179,33.47027],[-95.76915,33.49457],[-95.82586,33.45935],[-95.85774,33.46172],[-95.85872,33.40953],[-96.3845,33.34112],[-96.3846,33.39783],[-96.72725,33.40292],[-96.71303,33.3449],[-96.73069,33.3319],[-96.73282,33.21857],[-96.76741,33.21859],[-96.7679,33.18202],[-96.73289,33.18895],[-96.73676,33.07159],[-96.70944,33.06965],[-96.708,33.00423],[-96.75076,33.00275],[-96.75646,32.9863],[-96.84412,32.98744]]]}},{"type":"Feature","properties":{"id":null,"riding_id":"48005","FEDNUM":"48005","name_en":"Congressional District 5","name_fr":"Congressional District 5","state":"TX"},"geometry":{"type":"Polygon","coordinates":[[[-95.73928,31.50406],[-95.75875,31.53364],[-95.75107,31.55196],[-95.7155,31.55436],[-95.72949,31.58352],[-95.71118,31.6039],[-95.71847,31.6324],[-95.73568,31.65382],[-95.7541,31.64858],[-95.74867,31.61771],[-95.77198,31.59862],[-95.79665,31.63106],[-95.78755,31.6926],[-95.80573,31.67108],[-95.83372,31.69514],[-95.86198,31.68735],[-95.88093,31.70126],[-95.86656,31.71878],[-95.87004,31.7391],[-95.88102,31.73514],[-95.86679,31.74198],[-95.87472,31.75467],[-95.98357,31.788],[-95.97304,31.81986],[-95.99456,31.84357],[-95.96976,31.87674],[-95.99413,31.86626],[-96.02762,31.87788],[-96.01384,31.91088],[-96.0014,31.90817],[-96.02193,31.9573],[-96.04145,31.94493],[-96.06191,31.95544],[-96.04291,31.96297],[-96.06486,31.98095],[-96.04895,31.99759],[-96.06646,32.03776],[-96.06302,32.08086],[-96.1089,32.0766],[-96.11809,32.0976],[-96.10248,32.14926],[-96.11316,32.1607],[-96.13891,32.15138],[-96.17584,32.16824],[-96.14652,32.21172],[-96.19074,32.20263],[-96.23508,32.2509],[-96.28507,32.25459],[-96.29917,32.30144],[-96.45182,32.345],[-96.43428,32.41085],[-96.49817,32.45341],[-96.51329,32.51214],[-96.50329,32.52656],[-96.55816,32.55292],[-96.58881,32.60604],[-96.6222,32.61773],[-96.58214,32.65236],[-96.59797,32.67092],[-96.55552,32.69188],[-96.59968,32.74576],[-96.62068,32.7347],[-96.68353,32.79236],[-96.66048,32.83475],[-96.63485,32.84379],[-96.70041,32.87895],[-96.70055,32.86417],[-96.72483,32.85827],[-96.72243,32.81556],[-96.75156,32.81271],[-96.77016,32.83136],[-96.75288,32.85087],[-96.77157,32.851],[-96.77962,32.895],[-96.51791,32.91723],[-96.51897,32.81362],[-96.29738,32.81419],[-96.29732,32.84172],[-95.93443,32.83722],[-95.85065,32.77071],[-95.76546,32.77159],[-95.76233,32.75545],[-95.70234,32.74243],[-95.66244,32.71167],[-95.63708,32.72467],[-95.59347,32.69364],[-95.5943,32.47986],[-95.4491,32.35946],[-95.45874,32.32843],[-95.44697,32.29581],[-95.48873,32.2323],[-95.46246,32.20154],[-95.47858,32.14722],[-95.4239,32.08347],[-95.4385,32.06602],[-95.42219,32.0423],[-95.43867,32.03335],[-95.42411,32.01889],[-95.4529,31.97679],[-95.44585,31.9461],[-95.42022,31.92645],[-95.44688,31.84319],[-95.4101,31.8341],[-95.39412,31.78723],[-95.40233,31.76182],[-95.35824,31.74925],[-95.36643,31.72676],[-95.33333,31.733],[-95.34247,31.71795],[-95.28325,31.67641],[-95.28787,31.63292],[-95.25879,31.61017],[-95.2732,31.59289],[-95.65176,31.54179],[-95.64717,31.52701],[-95.73928,31.50406]]]}},{"type":"Feature","properties":{"id":null,"riding_id":"48006","FEDNUM":"48006","name_en":"Congressional District 6","name_fr":"Congressional District 6","state":"TX"},"geometry":{"type":"Polygon","coordinates":[[[-96.49671,31.79619],[-96.71911,31.81489],[-96.89621,32.07398],[-96.94066,32.05209],[-97.08612,32.26547],[-97.18224,32.24582],[-97.19201,32.27203],[-97.21753,32.26905],[-97.23524,32.29623],[-97.31574,32.33665],[-97.36231,32.34598],[-97.38031,32.32788],[-97.37504,32.48916],[-97.31949,32.55269],[-97.2874,32.55257],[-97.30131,32.56063],[-97.29278,32.59735],[-97.26197,32.60414],[-97.23964,32.63731],[-97.24465,32.66273],[-97.20016,32.68967],[-97.19236,32.71624],[-97.20724,32.72773],[-97.06274,32.74896],[-97.06274,32.77903],[-97.03493,32.77993],[-97.03358,32.85275],[-96.9915,32.87893],[-96.99152,32.90273],[-96.88916,32.84807],[-96.88968,32.83194],[-96.92755,32.76536],[-97.03517,32.75969],[-97.03553,32.73926],[-97.12333,32.72121],[-97.14227,32.6116],[-97.10582,32.61335],[-97.07852,32.59019],[-97.07791,32.54915],[-96.52941,32.54528],[-96.50299,32.52599],[-96.51329,32.51214],[-96.49817,32.45341],[-96.43435,32.41108],[-96.45182,32.345],[-96.29917,32.30144],[-96.28507,32.25459],[-96.23508,32.2509],[-96.19074,32.20263],[-96.1468,32.21194],[-96.17584,32.16824],[-96.13891,32.15138],[-96.11316,32.1607],[-96.10248,32.14926],[-96.11809,32.0976],[-96.1089,32.0766],[-96.06302,32.08086],[-96.05478,32.01253],[-96.49671,31.79619]]]}},{"type":"Feature","properties":{"id":null,"riding_id":"48007","FEDNUM":"48007","name_en":"Congressional District 7","name_fr":"Congressional District 7","state":"TX"},"geometry":{"type":"Polygon","coordinates":[[[-95.70266,29.5376],[-95.74721,29.54665],[-95.70836,29.57391],[-95.71417,29.62631],[-95.67702,29.61471],[-95.67436,29.63349],[-95.68181,29.64578],[-95.7046,29.63755],[-95.70008,29.65581],[-95.74439,29.66456],[-95.77547,29.70057],[-95.68708,29.71008],[-95.61433,29.68851],[-95.61463,29.70127],[-95.58791,29.70713],[-95.60469,29.71399],[-95.60584,29.73618],[-95.53139,29.74721],[-95.51394,29.72173],[-95.48603,29.74994],[-95.45844,29.74965],[-95.46044,29.72895],[-95.41064,29.74467],[-95.40884,29.76061],[-95.44824,29.76857],[-95.44176,29.80869],[-95.37915,29.81398],[-95.37188,29.79813],[-95.35332,29.8],[-95.353,29.77834],[-95.38573,29.76168],[-95.37853,29.73976],[-95.41213,29.69731],[-95.48523,29.67517],[-95.57726,29.67463],[-95.5827,29.65395],[-95.63978,29.67142],[-95.65148,29.63324],[-95.63769,29.55006],[-95.66833,29.56826],[-95.70266,29.5376]]]}},{"type":"Feature","properties":{"id":null,"riding_id":"48008","FEDNUM":"48008","name_en":"Congressional District 8","name_fr":"Congressional District 8","state":"TX"},"geometry":{"type":"Polygon","coordinates":[[[-95.62665,29.68793],[-95.68835,29.71086],[-95.64771,29.74456],[-95.64733,29.78101],[-95.71893,29.78491],[-95.72026,29.80464],[-95.70398,29.80204],[-95.70376,29.81506],[-95.76008,29.83407],[-95.75707,29.86079],[-95.77374,29.86063],[-95.77384,29.87515],[-95.85685,29.87458],[-95.82622,29.78828],[-95.97129,29.74045],[-95.97094,29.72855],[-96.03271,29.72794],[-96.04224,29.79531],[-96.1025,29.80967],[-96.09817,29.82673],[-96.1221,29.8394],[-96.10094,29.85251],[-96.11223,29.87256],[-96.09248,29.88182],[-96.12595,29.89771],[-96.11317,29.91436],[-96.13112,29.93873],[-96.1008,29.94353],[-96.12604,29.96497],[-96.09277,29.96149],[-96.10452,29.99638],[-96.08454,30.00514],[-96.09663,30.02761],[-96.11322,30.027],[-96.11467,30.04881],[-96.14644,30.06449],[-96.15125,30.0764],[-96.13378,30.07096],[-96.15842,30.09171],[-96.15399,30.10799],[-96.16994,30.09878],[-96.18865,30.11046],[-96.17869,30.11977],[-96.19221,30.13666],[-96.17176,30.13983],[-96.18066,30.15568],[-96.15253,30.14313],[-96.15901,30.20661],[-96.11593,30.22788],[-96.09743,30.21447],[-96.08894,30.22872],[-95.80431,30.24557],[-95.83024,30.63028],[-95.65702,30.53965],[-95.61454,30.58898],[-95.50522,30.59795],[-95.51156,30.66123],[-95.55392,30.69534],[-95.54383,30.7054],[-95.55614,30.7237],[-95.55409,30.76352],[-95.5126,30.77356],[-95.49663,30.79844],[-95.44713,30.70633],[-95.33862,30.73783],[-95.35071,30.47606],[-95.3084,30.40575],[-95.23663,30.37952],[-95.20291,30.34912],[-95.22756,30.32612],[-95.23895,30.25966],[-95.31222,30.2571],[-95.30287,30.23017],[-95.32883,30.24284],[-95.32879,30.22896],[-95.36449,30.22734],[-95.35784,30.21296],[-95.39782,30.21048],[-95.51858,30.27477],[-95.57903,30.25361],[-95.56816,30.21433],[-95.6007,30.17682],[-95.59738,30.13358],[-95.62315,30.13584],[-95.66902,30.10144],[-95.81322,30.08443],[-95.80834,29.95012],[-95.77172,29.96233],[-95.76148,29.91166],[-95.686,29.90852],[-95.68339,29.89058],[-95.63302,29.87932],[-95.61779,29.8522],[-95.63456,29.80572],[-95.61873,29.76396],[-95.58857,29.7436],[-95.58548,29.76534],[-95.55834,29.76221],[-95.55772,29.73686],[-95.60584,29.73618],[-95.60469,29.71399],[-95.58791,29.70713],[-95.62665,29.68793]]]}},{"type":"Feature","properties":{"id":null,"riding_id":"48009","FEDNUM":"48009","name_en":"Congressional District 9","name_fr":"Congressional District 9","state":"TX"},"geometry":{"type":"Polygon","coordinates":[[[-95.19801,29.623],[-95.21102,29.63698],[-95.22906,29.62771],[-95.27254,29.68041],[-95.32167,29.67774],[-95.33338,29.71649],[-95.30291,29.75395],[-95.32005,29.75612],[-95.3119,29.78742],[-95.28838,29.78821],[-95.28112,29.74856],[-95.25378,29.73037],[-95.25126,29.77333],[-95.26541,29.76961],[-95.28014,29.80247],[-95.18517,29.84371],[-95.19938,29.92457],[-95.14809,29.94022],[-95.13154,29.98767],[-95.1099,29.9882],[-95.09572,30.05731],[-95.05684,30.06098],[-95.1659,30.34498],[-94.84941,30.49355],[-94.73273,30.49007],[-94.59634,30.1121],[-94.44491,30.11301],[-94.44224,29.88954],[-94.98146,29.88428],[-94.968,29.85915],[-94.90897,29.82673],[-94.92416,29.79593],[-94.91631,29.77366],[-94.93922,29.77933],[-94.96148,29.72194],[-95.02868,29.69369],[-95.03006,29.65233],[-95.10985,29.65081],[-95.10823,29.63491],[-95.19801,29.623]]]}},{"type":"Feature","properties":{"id":null,"riding_id":"48010","FEDNUM":"48010","name_en":"Congressional District 10","name_fr":"Congressional District 10","state":"TX"},"geometry":{"type":"Polygon","coordinates":[[[-97.01916,30.032],[-97.08183,30.25936],[-97.25171,30.36285],[-97.30609,30.36945],[-97.35801,30.35344],[-97.43444,30.3908],[-97.44293,30.37712],[-97.46619,30.3808],[-97.51303,30.40888],[-97.52912,30.37577],[-97.55344,30.38744],[-97.56418,30.37142],[-97.62181,30.37061],[-97.64869,30.38691],[-97.63786,30.40473],[-97.69878,30.44051],[-97.7028,30.42611],[-97.72893,30.43244],[-97.72921,30.41208],[-97.74644,30.4191],[-97.74472,30.40786],[-97.77171,30.40076],[-97.79683,30.34999],[-97.76267,30.31048],[-97.76168,30.27995],[-97.73005,30.27851],[-97.73593,30.25032],[-97.77147,30.27381],[-97.82432,30.23623],[-97.85299,30.24964],[-97.87102,30.23495],[-97.89426,30.24989],[-97.96934,30.21067],[-98.17298,30.35631],[-98.09771,30.46763],[-98.09778,30.49806],[-98.12342,30.48648],[-98.10126,30.52849],[-97.97919,30.5043],[-97.96555,30.54894],[-97.92276,30.55358],[-97.88556,30.51146],[-97.90575,30.47881],[-97.86505,30.46385],[-97.84745,30.4283],[-97.83591,30.43999],[-97.83736,30.42725],[-97.81277,30.41901],[-97.77943,30.41481],[-97.75452,30.43928],[-97.7003,30.45252],[-97.60427,30.41805],[-97.5965,30.39593],[-97.57617,30.41711],[-97.54544,30.40097],[-97.52296,30.44089],[-97.46692,30.46519],[-97.33446,30.40284],[-97.15522,30.45734],[-96.62142,30.73076],[-96.59703,30.72736],[-96.56698,30.69567],[-96.46235,30.74193],[-96.34948,30.91131],[-96.24102,30.97374],[-96.23513,30.99517],[-96.26053,31.00654],[-96.24157,31.05709],[-96.27745,31.08766],[-96.29714,31.18142],[-96.33109,31.25223],[-96.31383,31.27099],[-96.32799,31.28647],[-96.32285,31.37407],[-95.7873,31.61839],[-95.76139,31.59963],[-95.74867,31.61771],[-95.75677,31.64561],[-95.73937,31.65383],[-95.71004,31.61469],[-95.72949,31.58352],[-95.71571,31.55398],[-95.75107,31.55196],[-95.75863,31.5341],[-95.73928,31.50406],[-95.64717,31.52701],[-95.65176,31.54179],[-95.49317,31.5649],[-95.2732,31.59289],[-95.25522,31.57481],[-95.20852,31.57019],[-95.16851,31.58367],[-95.1396,31.56282],[-95.14344,31.53964],[-95.09997,31.51887],[-95.09442,31.49873],[-95.11113,31.48385],[-95.10074,31.46834],[-95.06513,31.47146],[-95.04522,31.44509],[-95.00733,31.44459],[-95.0054,31.42089],[-94.94974,31.38145],[-94.95782,31.34285],[-94.90182,31.33172],[-94.89468,31.29171],[-94.87671,31.28339],[-94.89764,31.2579],[-94.86043,31.23475],[-94.85655,31.15007],[-94.75144,31.10544],[-94.6583,31.08478],[-94.6484,31.09896],[-94.56114,31.0623],[-94.65799,31.01201],[-94.53793,30.49106],[-94.84941,30.49355],[-95.22614,30.31954],[-95.20381,30.3521],[-95.3084,30.40575],[-95.35916,30.50437],[-95.33862,30.73783],[-95.44713,30.70633],[-95.49663,30.79844],[-95.5126,30.77356],[-95.55409,30.76352],[-95.55614,30.7237],[-95.54383,30.7054],[-95.55392,30.69534],[-95.51156,30.66123],[-95.50522,30.59795],[-95.61454,30.58898],[-95.65702,30.53965],[-95.83024,30.63028],[-95.80431,30.24557],[-96.09317,30.22519],[-96.10315,30.23868],[-96.08084,30.2443],[-96.09912,30.25517],[-96.08405,30.28507],[-96.10032,30.29181],[-96.0944,30.30937],[-96.11951,30.30482],[-96.15279,30.32801],[-96.14987,30.36879],[-96.17616,30.37552],[-96.17798,30.39433],[-96.19555,30.39969],[-96.20976,30.37404],[-96.26973,30.35846],[-96.3128,30.3843],[-96.37797,30.35562],[-96.41189,30.35824],[-96.42275,30.34337],[-96.63974,30.29737],[-96.68554,30.24895],[-96.73201,30.24367],[-96.7416,30.19729],[-96.84586,30.11603],[-97.01916,30.032]]]}},{"type":"Feature","properties":{"id":null,"riding_id":"48011","FEDNUM":"48011","name_en":"Congressional District 11","name_fr":"Congressional District 11","state":"TX"},"geometry":{"type":"Polygon","coordinates":[[[-99.30172,30.28665],[-100.11646,30.2903],[-100.11522,31.08799],[-101.2748,31.07938],[-101.26712,31.65085],[-102.79894,31.65178],[-102.79909,32.0858],[-98.9244,32.07802],[-98.66844,31.70051],[-98.76006,31.6879],[-98.77995,31.61073],[-98.99162,31.48473],[-98.99495,31.46636],[-98.96502,31.4533],[-98.96605,31.43514],[-98.94099,31.45856],[-98.92519,31.43399],[-98.87102,31.4437],[-98.84677,31.41056],[-98.77664,31.41387],[-98.77789,31.37713],[-98.76162,31.37595],[-98.74282,31.42814],[-98.72609,31.42828],[-98.72527,31.40827],[-98.69547,31.40556],[-98.71264,31.35496],[-98.7027,31.33915],[-98.65348,31.37004],[-98.63637,31.35291],[-98.64763,31.31486],[-98.58709,31.32531],[-98.59819,31.287],[-98.62835,31.27411],[-98.59565,31.25306],[-98.57879,31.26453],[-98.56296,31.23578],[-98.56881,31.1984],[-98.5042,31.16613],[-98.54771,31.12836],[-98.5271,31.09067],[-98.49893,31.11854],[-98.4556,31.1109],[-98.47053,31.09444],[-98.45642,31.0787],[-98.48404,31.06301],[-98.43977,31.02991],[-98.45937,31.00917],[-98.44187,30.98432],[-98.4471,30.95176],[-98.41451,30.94211],[-98.41961,30.92535],[-98.44578,30.92144],[-98.45738,30.8789],[-98.42147,30.86317],[-98.42159,30.835],[-98.37659,30.83378],[-98.43254,30.78858],[-98.42663,30.75153],[-98.37143,30.74206],[-98.41432,30.70374],[-98.40332,30.67685],[-98.4418,30.66838],[-98.40018,30.59845],[-98.4137,30.58592],[-98.40536,30.56616],[-98.37031,30.57444],[-98.35198,30.55808],[-98.32225,30.56696],[-98.2915,30.55293],[-98.26752,30.56812],[-98.24741,30.55441],[-98.18834,30.56454],[-98.1581,30.6283],[-98.06656,30.5931],[-98.04989,30.62416],[-98.03649,30.61173],[-98.00628,30.62752],[-97.9924,30.60949],[-97.95673,30.62825],[-97.91706,30.60487],[-97.92699,30.56765],[-97.90246,30.57133],[-97.86787,30.5465],[-97.86225,30.49731],[-97.81186,30.44702],[-97.77341,30.44145],[-97.7527,30.45595],[-97.75609,30.47238],[-97.70534,30.47747],[-97.68258,30.50282],[-97.67334,30.49093],[-97.56825,30.49973],[-97.55007,30.47648],[-97.51086,30.48527],[-97.46692,30.46519],[-97.52296,30.44089],[-97.54544,30.40097],[-97.57617,30.41711],[-97.5965,30.39593],[-97.60427,30.41805],[-97.7003,30.45252],[-97.75452,30.43928],[-97.77943,30.41481],[-97.81277,30.41901],[-97.83736,30.42725],[-97.83591,30.43999],[-97.84745,30.4283],[-97.86505,30.46385],[-97.90575,30.47881],[-97.88556,30.51146],[-97.92366,30.55384],[-97.96555,30.54894],[-97.97919,30.5043],[-98.10126,30.52849],[-98.12342,30.48648],[-98.09778,30.49806],[-98.09771,30.46763],[-98.12548,30.42616],[-98.41146,30.5021],[-99.304,30.49983],[-99.30172,30.28665]]]}},{"type":"Feature","properties":{"id":null,"riding_id":"48012","FEDNUM":"48012","name_en":"Congressional District 12","name_fr":"Congressional District 12","state":"TX"},"geometry":{"type":"Polygon","coordinates":[[[-97.47103,32.56944],[-97.51351,32.59392],[-97.55037,32.58032],[-97.5482,32.77611],[-97.58043,32.78789],[-97.68073,32.78568],[-97.66678,32.77013],[-97.67542,32.70547],[-97.61634,32.6917],[-97.6162,32.70991],[-97.60265,32.71146],[-97.57835,32.61038],[-97.78147,32.71639],[-97.84535,32.71679],[-97.84991,32.72824],[-97.99811,32.68811],[-98.06437,32.63724],[-98.05609,33.00333],[-97.29933,32.99128],[-97.31688,32.92781],[-97.31421,32.86089],[-97.26398,32.86051],[-97.26451,32.81599],[-97.23592,32.79422],[-97.2732,32.78044],[-97.27232,32.75582],[-97.29461,32.75161],[-97.3061,32.66964],[-97.38117,32.67509],[-97.41636,32.64543],[-97.41274,32.61543],[-97.42947,32.61072],[-97.43245,32.58867],[-97.47103,32.56944]]]}},{"type":"Feature","properties":{"id":null,"riding_id":"48013","FEDNUM":"48013","name_en":"Congressional District 13","name_fr":"Congressional District 13","state":"TX"},"geometry":{"type":"Polygon","coordinates":[[[-97.10114,33.13216],[-97.1462,33.14721],[-97.15927,33.17936],[-97.21098,33.19281],[-97.21825,33.22141],[-97.39161,33.21894],[-97.39094,33.24204],[-97.41147,33.25082],[-97.56789,33.24014],[-97.57597,33.26511],[-97.6154,33.2447],[-97.728,33.29155],[-97.78913,33.29305],[-97.79055,33.31991],[-97.80646,33.31998],[-97.81051,33.29749],[-97.8846,33.32147],[-97.91911,33.30744],[-97.91819,33.43387],[-97.97897,33.43375],[-97.97892,33.46713],[-98.42142,33.4668],[-98.42067,33.3962],[-101.03879,33.39721],[-101.04148,34.31244],[-101.47158,34.31229],[-101.47156,34.74746],[-103.04298,34.74736],[-103.04171,36.50044],[-100.00041,36.4997],[-100.00028,34.56045],[-99.92321,34.57455],[-99.69453,34.37822],[-99.60003,34.37469],[-99.5697,34.41842],[-99.51428,34.41403],[-99.43827,34.37116],[-99.4249,34.38582],[-99.40529,34.37286],[-99.38718,34.41084],[-99.39519,34.44203],[-99.35897,34.45581],[-99.3196,34.40888],[-99.26127,34.40351],[-99.27441,34.38435],[-99.23649,34.3658],[-99.23263,34.33887],[-99.2069,34.33828],[-99.21145,34.29225],[-99.1954,34.28085],[-99.18978,34.21436],[-99.15365,34.20733],[-99.13044,34.21948],[-99.12664,34.20306],[-99.07939,34.21155],[-99.04446,34.19811],[-98.98817,34.22131],[-98.97261,34.20259],[-98.95128,34.21219],[-98.87292,34.16658],[-98.86812,34.14963],[-98.81295,34.15844],[-98.75704,34.12463],[-98.69007,34.13316],[-98.64807,34.16444],[-98.59979,34.16057],[-98.55088,34.13258],[-98.56098,34.12392],[-98.48633,34.0626],[-98.41443,34.08507],[-98.39844,34.12846],[-98.38009,34.13083],[-98.38438,34.14632],[-98.36562,34.15699],[-98.17083,34.11417],[-98.10946,34.15411],[-98.08976,34.12821],[-98.12021,34.07213],[-98.08246,34.03943],[-98.10618,34.03489],[-98.0882,34.00548],[-98.02767,33.99336],[-97.97417,34.00672],[-97.94647,33.99073],[-97.97417,33.94283],[-97.95339,33.93645],[-97.95716,33.91445],[-97.98437,33.89802],[-97.87739,33.85024],[-97.8335,33.8581],[-97.79809,33.89906],[-97.78466,33.89063],[-97.78352,33.9183],[-97.76377,33.91424],[-97.76277,33.9344],[-97.73226,33.93652],[-97.67128,33.99155],[-97.5896,33.95355],[-97.59695,33.91631],[-97.58108,33.89968],[-97.48651,33.91699],[-97.48706,33.43368],[-97.21914,33.42464],[-97.21403,33.3182],[-97.14142,33.33171],[-97.10892,33.28478],[-97.0694,33.2824],[-97.03759,33.2592],[-97.01982,33.17741],[-97.08893,33.16298],[-97.10114,33.13216]]]}},{"type":"Feature","properties":{"id":null,"riding_id":"48014","FEDNUM":"48014","name_en":"Congressional District 14","name_fr":"Congressional District 14","state":"TX"},"geometry":{"type":"Polygon","coordinates":[[[-95.09164,29.06274],[-95.12993,29.08562],[-95.0565,29.19998],[-95.20834,29.41991],[-95.29974,29.40173],[-95.3624,29.35264],[-95.58355,29.33822],[-95.57234,29.38383],[-95.54758,29.3952],[-95.5564,29.42461],[-95.53297,29.45778],[-95.55346,29.50325],[-95.59451,29.51437],[-95.58187,29.52652],[-95.59784,29.52849],[-95.58149,29.53448],[-95.58283,29.58058],[-95.56464,29.56593],[-95.54006,29.5708],[-95.5551,29.555],[-95.54493,29.54084],[-95.4463,29.49964],[-95.4353,29.53992],[-95.28932,29.54284],[-95.28999,29.55986],[-95.25868,29.57329],[-95.2537,29.55369],[-95.19315,29.55952],[-95.19945,29.54453],[-95.16199,29.49734],[-95.10433,29.51073],[-95.06314,29.55889],[-95.0182,29.5546],[-94.99249,29.51832],[-94.91145,29.49624],[-94.82522,29.51908],[-94.79317,29.55111],[-94.76241,29.52415],[-94.56268,29.57432],[-94.52153,29.54082],[-94.42264,29.56631],[-94.41765,29.59237],[-94.38974,29.59479],[-94.37948,29.61705],[-94.35395,29.6115],[-94.35751,29.85835],[-94.14121,30.05378],[-94.1158,30.03914],[-94.08934,30.04812],[-94.10838,30.08106],[-94.07368,30.11411],[-94.11348,30.14831],[-94.111,30.1867],[-94.09122,30.20465],[-94.11776,30.21587],[-94.1176,30.24166],[-93.705,30.24235],[-93.7212,30.20917],[-93.69995,30.17553],[-93.70951,30.14667],[-93.6882,30.14136],[-93.73409,30.08613],[-93.69987,30.05762],[-93.71788,30.06555],[-93.74108,30.02157],[-93.7886,29.98884],[-93.83837,29.88285],[-93.92921,29.80295],[-93.83741,29.68989],[-93.81435,29.59658],[-93.87501,29.62143],[-94.03357,29.625],[-94.49945,29.45234],[-94.65031,29.38282],[-94.62417,29.3352],[-94.65964,29.28515],[-94.71331,29.28252],[-94.77269,29.23172],[-95.09164,29.06274]]]}},{"type":"Feature","properties":{"id":null,"riding_id":"48015","FEDNUM":"48015","name_en":"Congressional District 15","name_fr":"Congressional District 15","state":"TX"},"geometry":{"type":"Polygon","coordinates":[[[-98.07459,26.03634],[-98.07909,26.07051],[-98.09443,26.05862],[-98.13183,26.07417],[-98.14651,26.0493],[-98.17714,26.07512],[-98.19399,26.05332],[-98.28854,26.10531],[-98.27048,26.10661],[-98.25545,26.14358],[-98.23986,26.14554],[-98.23245,26.18939],[-98.16996,26.17847],[-98.16346,26.21661],[-98.26422,26.24361],[-98.24867,26.40683],[-98.49194,26.44536],[-98.32067,26.78308],[-98.42262,26.78353],[-98.41788,27.05529],[-98.46654,27.05471],[-98.46728,27.14201],[-98.49291,27.14206],[-98.49294,27.23501],[-98.53665,27.2652],[-98.23246,27.26249],[-98.2355,28.05797],[-97.88315,28.0569],[-97.90122,28.06784],[-97.90408,28.11423],[-97.80877,28.18342],[-98.08976,28.66298],[-97.91511,28.71965],[-97.82531,28.67034],[-97.77853,28.66803],[-97.57464,28.8133],[-97.75511,29.00711],[-97.61313,29.10977],[-97.85878,29.35289],[-97.63318,29.64986],[-97.59774,29.63072],[-97.31789,29.78466],[-97.13052,29.6433],[-97.14326,29.62809],[-96.865,29.63271],[-96.84299,29.61642],[-96.83281,29.57686],[-96.79313,29.57738],[-96.56055,29.33544],[-96.93859,29.06324],[-96.97638,29.10405],[-97.30592,28.86404],[-97.30051,28.84411],[-97.23499,28.85412],[-97.23424,28.86528],[-97.20351,28.85445],[-97.19018,28.81247],[-97.16065,28.78258],[-97.17841,28.73808],[-97.16773,28.72785],[-97.18236,28.6106],[-97.15377,28.56978],[-97.16043,28.55036],[-97.10425,28.55474],[-97.08208,28.53222],[-97.07967,28.54547],[-97.04505,28.55006],[-97.05132,28.53495],[-97.02481,28.53907],[-97.02268,28.51712],[-96.99471,28.50898],[-96.99841,28.49481],[-96.88883,28.44744],[-96.98519,28.23101],[-97.04289,28.0355],[-97.12981,27.92202],[-97.14066,27.91037],[-97.1544,27.92928],[-97.1749,27.92729],[-97.20933,27.88143],[-97.2804,27.91717],[-97.30433,27.90212],[-97.30786,27.8785],[-97.44591,27.86538],[-97.45929,27.87832],[-97.46033,27.862],[-97.48082,27.85977],[-97.49499,27.88227],[-97.51978,27.8611],[-97.48941,27.83883],[-97.54432,27.85887],[-97.59187,27.857],[-97.62697,27.8954],[-97.63817,27.86559],[-97.67528,27.88254],[-97.69077,27.91722],[-97.73602,27.91188],[-97.73002,27.92329],[-97.76295,27.92345],[-97.77864,27.94752],[-97.80648,27.9344],[-97.81762,27.97048],[-97.79852,27.99566],[-97.93427,27.8852],[-97.94215,27.63593],[-98.0598,27.63587],[-98.05808,27.26098],[-97.98608,27.26049],[-97.9853,26.61581],[-97.95741,26.61177],[-97.96391,26.5335],[-97.98437,26.53658],[-98.00419,26.44878],[-97.86192,26.43358],[-97.86178,26.07006],[-97.86906,26.05696],[-97.93392,26.06483],[-97.93425,26.05283],[-97.96733,26.05178],[-97.98134,26.06723],[-98.01198,26.05629],[-98.0278,26.06685],[-98.03924,26.04128],[-98.07459,26.03634]]]}},{"type":"Feature","properties":{"id":null,"riding_id":"48016","FEDNUM":"48016","name_en":"Congressional District 16","name_fr":"Congressional District 16","state":"TX"},"geometry":{"type":"Polygon","coordinates":[[[-106.20237,31.59427],[-106.21487,31.61409],[-106.22363,31.60012],[-106.25363,31.61146],[-106.29567,31.60104],[-106.38107,31.73208],[-106.45143,31.76443],[-106.48954,31.74841],[-106.54714,31.8073],[-106.60281,31.82502],[-106.6017,31.84437],[-106.63592,31.86623],[-106.62919,31.8837],[-106.64558,31.89533],[-106.61287,31.92037],[-106.62974,31.92657],[-106.61438,31.95599],[-106.6365,31.98571],[-106.61849,32.0005],[-106.40933,32.00114],[-106.40794,31.9434],[-106.42475,31.9364],[-106.39936,31.94641],[-106.39078,31.93337],[-106.40758,31.92837],[-106.40697,31.90204],[-106.38943,31.92835],[-106.37064,31.92717],[-106.38857,31.89891],[-106.35708,31.89528],[-106.31922,31.83468],[-106.27292,31.81966],[-106.27318,31.83237],[-106.20463,31.83391],[-106.19905,31.72615],[-106.21607,31.7261],[-106.22053,31.69583],[-106.21533,31.66855],[-106.19824,31.66852],[-106.1981,31.60933],[-106.18066,31.6081],[-106.20237,31.59427]]]}},{"type":"Feature","properties":{"id":null,"riding_id":"48017","FEDNUM":"48017","name_en":"Congressional District 17","name_fr":"Congressional District 17","state":"TX"},"geometry":{"type":"Polygon","coordinates":[[[-97.33446,30.40284],[-97.43411,30.45972],[-97.51086,30.48527],[-97.55007,30.47648],[-97.57208,30.50026],[-97.67334,30.49093],[-97.68258,30.50282],[-97.70534,30.47747],[-97.75609,30.47238],[-97.7527,30.45595],[-97.77341,30.44145],[-97.81186,30.44702],[-97.86225,30.49731],[-97.86787,30.5465],[-97.90013,30.56891],[-97.81874,30.58258],[-97.81299,30.59526],[-97.78077,30.577],[-97.75833,30.53939],[-97.70084,30.51413],[-97.68657,30.51297],[-97.69267,30.55817],[-97.68042,30.56164],[-97.64735,30.55045],[-97.65724,30.51761],[-97.59816,30.5042],[-97.60125,30.52926],[-97.58872,30.53568],[-97.42898,30.56807],[-97.4222,30.59148],[-97.40546,30.57292],[-97.30766,30.61519],[-97.29916,30.59647],[-97.22118,30.61778],[-97.26995,30.73536],[-97.31548,30.75236],[-97.2651,30.87494],[-97.27734,30.86401],[-97.30903,30.88217],[-97.30183,30.88993],[-97.32574,30.91225],[-97.31336,30.92001],[-97.33077,30.93982],[-97.31235,30.94752],[-97.31509,30.99094],[-97.34819,31.03284],[-97.33994,31.05379],[-97.32624,31.05006],[-97.37936,31.11541],[-97.35441,31.15954],[-97.4127,31.17772],[-97.37297,31.27402],[-97.68983,31.71102],[-97.76643,31.67246],[-98.00546,32.0179],[-97.63089,32.2074],[-97.59429,32.20162],[-97.6023,32.17663],[-97.57058,32.17868],[-97.56876,32.15054],[-97.51285,32.13397],[-97.51236,32.16059],[-97.48749,32.1711],[-97.48581,32.19655],[-97.51016,32.24088],[-97.46484,32.2746],[-97.45804,32.31955],[-97.39597,32.33887],[-97.38022,32.32788],[-97.36231,32.34598],[-97.23524,32.29623],[-97.21753,32.26905],[-97.19201,32.27203],[-97.18224,32.24582],[-97.08612,32.26547],[-96.94066,32.05209],[-96.89621,32.07398],[-96.71911,31.81489],[-96.49671,31.79619],[-96.05478,32.01253],[-96.04905,31.99724],[-96.0648,31.98066],[-96.04291,31.96279],[-96.06191,31.95544],[-96.04145,31.94493],[-96.02193,31.9573],[-96.0014,31.90817],[-96.01384,31.91088],[-96.02762,31.87788],[-95.96812,31.87246],[-95.99446,31.8441],[-95.97304,31.81986],[-95.98357,31.788],[-95.87472,31.75467],[-95.86679,31.74198],[-95.88102,31.73514],[-95.87004,31.7391],[-95.86656,31.71878],[-95.88093,31.70126],[-95.86198,31.68735],[-95.83372,31.69514],[-95.80573,31.67108],[-95.78755,31.6926],[-95.7873,31.61839],[-96.32285,31.37407],[-96.32799,31.28647],[-96.31383,31.27099],[-96.33109,31.25223],[-96.29714,31.18142],[-96.27745,31.08766],[-96.24157,31.05709],[-96.26079,31.0078],[-96.23524,30.99561],[-96.24102,30.97374],[-96.34948,30.91131],[-96.46235,30.74193],[-96.56698,30.69567],[-96.59703,30.72736],[-96.62142,30.73076],[-97.15522,30.45734],[-97.33446,30.40284]]]}},{"type":"Feature","properties":{"id":null,"riding_id":"48018","FEDNUM":"48018","name_en":"Congressional District 18","name_fr":"Congressional District 18","state":"TX"},"geometry":{"type":"Polygon","coordinates":[[[-95.4463,29.49964],[-95.54557,29.54133],[-95.5551,29.555],[-95.54006,29.5708],[-95.56464,29.56593],[-95.58283,29.58058],[-95.59782,29.64681],[-95.57171,29.64889],[-95.57726,29.67463],[-95.48523,29.67517],[-95.41213,29.69731],[-95.37853,29.73976],[-95.38573,29.76168],[-95.353,29.77834],[-95.35208,29.81974],[-95.33549,29.81989],[-95.28743,29.94087],[-95.20794,29.93364],[-95.18517,29.84371],[-95.28014,29.80247],[-95.26541,29.76961],[-95.25126,29.77333],[-95.25378,29.73037],[-95.28112,29.74856],[-95.28838,29.78821],[-95.3124,29.78647],[-95.32005,29.75612],[-95.30291,29.75395],[-95.33338,29.71619],[-95.32167,29.67774],[-95.28909,29.67441],[-95.31489,29.65495],[-95.30466,29.62086],[-95.34632,29.58556],[-95.42429,29.58031],[-95.4463,29.49964]]]}},{"type":"Feature","properties":{"id":null,"riding_id":"48019","FEDNUM":"48019","name_en":"Congressional District 19","name_fr":"Congressional District 19","state":"TX"},"geometry":{"type":"Polygon","coordinates":[[[-99.63141,32.08127],[-103.06452,32.08705],[-103.04298,34.74736],[-101.47156,34.74746],[-101.47158,34.31229],[-101.04148,34.31244],[-101.03879,33.39721],[-98.95394,33.39753],[-98.95088,32.95692],[-99.09602,32.95704],[-99.09605,32.51477],[-99.39705,32.51511],[-99.45445,32.45739],[-99.45477,32.40721],[-99.6298,32.43659],[-99.63141,32.08127]]]}},{"type":"Feature","properties":{"id":null,"riding_id":"48020","FEDNUM":"48020","name_en":"Congressional District 20","name_fr":"Congressional District 20","state":"TX"},"geometry":{"type":"Polygon","coordinates":[[[-98.48559,29.37933],[-98.56152,29.38441],[-98.56239,29.39876],[-98.59966,29.40784],[-98.60266,29.44858],[-98.63036,29.45328],[-98.64689,29.44952],[-98.60707,29.40653],[-98.69835,29.38343],[-98.70933,29.40786],[-98.7266,29.40692],[-98.72278,29.44259],[-98.74918,29.43962],[-98.75834,29.46131],[-98.71521,29.46559],[-98.72679,29.47961],[-98.70965,29.49598],[-98.72663,29.50557],[-98.66236,29.49957],[-98.66241,29.51902],[-98.60012,29.52349],[-98.58997,29.54483],[-98.55845,29.52697],[-98.54896,29.50082],[-98.52793,29.5163],[-98.49172,29.49232],[-98.49227,29.46816],[-98.45511,29.46095],[-98.47524,29.44426],[-98.44661,29.43962],[-98.40901,29.46532],[-98.42053,29.48486],[-98.44219,29.48465],[-98.41774,29.51611],[-98.39027,29.52431],[-98.3971,29.51027],[-98.35934,29.50177],[-98.3128,29.50901],[-98.31933,29.46135],[-98.36073,29.44522],[-98.36074,29.42116],[-98.38939,29.42337],[-98.38939,29.3983],[-98.44835,29.3981],[-98.48559,29.37933]]]}},{"type":"Feature","properties":{"id":null,"riding_id":"48021","FEDNUM":"48021","name_en":"Congressional District 21","name_fr":"Congressional District 21","state":"TX"},"geometry":{"type":"Polygon","coordinates":[[[-98.44661,29.43962],[-98.47524,29.44426],[-98.45511,29.46095],[-98.49227,29.46816],[-98.49172,29.49232],[-98.52793,29.5163],[-98.54896,29.50082],[-98.58154,29.54366],[-98.60012,29.52349],[-98.66241,29.51902],[-98.66236,29.49957],[-98.70016,29.50409],[-98.61135,29.61982],[-98.54135,29.55129],[-98.50545,29.58145],[-98.48235,29.56483],[-98.44939,29.65234],[-98.44276,29.73279],[-98.52648,29.74036],[-98.55049,29.76071],[-98.58251,29.74119],[-98.64354,29.74036],[-98.65128,29.75402],[-98.73413,29.72945],[-98.73816,29.71658],[-98.77878,29.72017],[-98.92716,29.56225],[-98.97138,29.55184],[-98.98594,29.56705],[-98.98379,29.62345],[-100.01419,29.62349],[-100.00844,29.63706],[-100.03044,29.66397],[-100.01736,29.67756],[-100.06374,29.71106],[-100.02476,29.72811],[-100.03642,29.77713],[-100.0134,29.79592],[-100.03483,29.84407],[-100.02353,29.88296],[-100.0023,29.89683],[-99.98967,30.02575],[-99.97305,30.02459],[-99.96763,30.08236],[-99.75762,30.07413],[-99.75414,30.2907],[-99.30172,30.28665],[-99.304,30.49983],[-98.41146,30.5021],[-98.12556,30.42619],[-98.17298,30.35631],[-97.92965,30.1823],[-97.95289,30.16177],[-97.97197,30.20233],[-97.99145,30.19954],[-98.00878,30.15347],[-98.04447,30.14402],[-98.04597,30.07051],[-98.01042,30.04363],[-98.00428,29.98375],[-97.92591,29.89911],[-97.89398,29.93552],[-97.89952,29.88989],[-97.92251,29.85909],[-97.87445,29.85917],[-98.08994,29.68348],[-98.31093,29.59447],[-98.32865,29.60823],[-98.45051,29.6044],[-98.45133,29.56898],[-98.46789,29.55264],[-98.42844,29.54507],[-98.44782,29.52043],[-98.43467,29.51038],[-98.44219,29.48465],[-98.42053,29.48486],[-98.40901,29.46551],[-98.44661,29.43962]]]}},{"type":"Feature","properties":{"id":null,"riding_id":"48022","FEDNUM":"48022","name_en":"Congressional District 22","name_fr":"Congressional District 22","state":"TX"},"geometry":{"type":"Polygon","coordinates":[[[-95.49565,28.76484],[-95.5041,28.83774],[-95.57367,28.83277],[-95.57924,28.85961],[-95.64212,28.90426],[-95.65507,28.95153],[-95.69913,28.96954],[-95.76939,28.97111],[-95.7855,29.03915],[-95.76509,29.06085],[-95.84638,29.10743],[-95.83837,29.17656],[-95.85781,29.19332],[-95.84467,29.20468],[-95.87403,29.2297],[-95.84218,29.25953],[-95.87919,29.26641],[-95.89411,29.31464],[-95.94977,29.33559],[-95.93655,29.35869],[-95.96848,29.38351],[-95.97241,29.4107],[-95.99205,29.43391],[-96.03541,29.44309],[-96.02952,29.45218],[-96.05995,29.47364],[-96.05958,29.49196],[-96.02233,29.50229],[-96.05419,29.51216],[-96.04454,29.56213],[-96.06213,29.59136],[-96.08891,29.60166],[-96.02485,29.60288],[-96.01465,29.64099],[-96.03313,29.65771],[-96.01842,29.66974],[-96.04608,29.66551],[-96.05953,29.67939],[-96.01556,29.68142],[-96.02284,29.70445],[-96.00599,29.70385],[-96.00711,29.71668],[-96.03271,29.72794],[-95.97094,29.72855],[-95.97129,29.74045],[-95.82622,29.78828],[-95.85685,29.87458],[-95.77384,29.87515],[-95.77374,29.86063],[-95.75707,29.86079],[-95.76008,29.83407],[-95.70376,29.81506],[-95.70398,29.80204],[-95.72026,29.80464],[-95.71893,29.78491],[-95.6468,29.7801],[-95.64771,29.74456],[-95.691,29.70741],[-95.77547,29.70057],[-95.74439,29.66456],[-95.70008,29.65581],[-95.7046,29.63755],[-95.68181,29.64578],[-95.67436,29.63349],[-95.67702,29.61471],[-95.71417,29.62631],[-95.70836,29.57391],[-95.74612,29.54567],[-95.70266,29.5376],[-95.66833,29.56826],[-95.63769,29.55006],[-95.65148,29.63324],[-95.63974,29.67144],[-95.57171,29.64889],[-95.59782,29.64681],[-95.58055,29.58551],[-95.58149,29.53448],[-95.59784,29.52849],[-95.58204,29.52849],[-95.58751,29.50297],[-95.57464,29.51399],[-95.55312,29.5029],[-95.53298,29.45757],[-95.5564,29.42461],[-95.54758,29.3952],[-95.57234,29.38383],[-95.58355,29.33822],[-95.3624,29.35264],[-95.29974,29.40173],[-95.20834,29.41991],[-95.0565,29.19998],[-95.12993,29.08562],[-95.08726,29.058],[-95.10653,29.01493],[-95.32985,28.8287],[-95.42007,28.80562],[-95.49565,28.76484]]]}},{"type":"Feature","properties":{"id":null,"riding_id":"48023","FEDNUM":"48023","name_en":"Congressional District 23","name_fr":"Congressional District 23","state":"TX"},"geometry":{"type":"Polygon","coordinates":[[[-100.11427,28.62969],[-100.38444,28.69317],[-100.42053,28.66557],[-100.44797,28.66397],[-100.47155,28.6844],[-100.50189,28.66763],[-100.50761,28.7406],[-100.53341,28.75921],[-100.53544,28.8052],[-100.54732,28.82582],[-100.57473,28.82879],[-100.60109,28.90129],[-100.64057,28.91421],[-100.62971,28.92115],[-100.65151,28.94343],[-100.64604,28.98798],[-100.67258,29.09603],[-100.7726,29.16837],[-100.76706,29.19529],[-100.79762,29.24678],[-100.87813,29.28086],[-100.88684,29.30785],[-100.94897,29.34725],[-101.00998,29.36827],[-101.06015,29.45866],[-101.1468,29.47419],[-101.17382,29.51457],[-101.25489,29.52034],[-101.26118,29.53678],[-101.24103,29.56503],[-101.25038,29.62417],[-101.2691,29.63013],[-101.29096,29.57154],[-101.30553,29.57792],[-101.30252,29.65043],[-101.34602,29.66224],[-101.36131,29.65006],[-101.37277,29.69943],[-101.41558,29.74653],[-101.39974,29.76896],[-101.44888,29.7507],[-101.46091,29.78966],[-101.536,29.75895],[-101.54388,29.81184],[-101.56775,29.79873],[-101.57581,29.76932],[-101.6269,29.77076],[-101.64457,29.75423],[-101.66172,29.77086],[-101.70887,29.76164],[-101.77383,29.78867],[-101.80511,29.78035],[-101.80361,29.80345],[-101.81778,29.81164],[-101.82366,29.7874],[-101.85272,29.80779],[-101.92932,29.78258],[-101.93561,29.79956],[-101.95751,29.79577],[-101.97626,29.81604],[-101.9873,29.79684],[-102.03582,29.80406],[-102.04965,29.78528],[-102.07262,29.78646],[-102.14357,29.80332],[-102.17996,29.82638],[-102.18703,29.84866],[-102.22353,29.84053],[-102.24646,29.86413],[-102.2615,29.85324],[-102.26484,29.8675],[-102.31594,29.87999],[-102.36456,29.84534],[-102.38723,29.76139],[-102.48725,29.78658],[-102.51762,29.78358],[-102.5135,29.76544],[-102.54798,29.74464],[-102.56766,29.77146],[-102.5738,29.7549],[-102.63041,29.73418],[-102.674,29.74457],[-102.69137,29.72137],[-102.69364,29.67668],[-102.74195,29.63319],[-102.74054,29.5975],[-102.7683,29.59521],[-102.77123,29.5484],[-102.80832,29.52293],[-102.80067,29.48624],[-102.82564,29.45795],[-102.83344,29.4105],[-102.81238,29.40052],[-102.84502,29.37444],[-102.83937,29.35892],[-102.88436,29.34795],[-102.90638,29.26008],[-102.87175,29.24178],[-102.86747,29.22388],[-102.8951,29.20852],[-102.91232,29.21942],[-102.91782,29.19089],[-102.94338,29.19141],[-102.95089,29.17362],[-102.99562,29.17929],[-103.03388,29.10097],[-103.07582,29.09154],[-103.0859,29.05374],[-103.10063,29.06032],[-103.11425,28.98664],[-103.1539,28.97161],[-103.22789,28.99186],[-103.25042,28.98043],[-103.26656,28.99605],[-103.28699,28.97817],[-103.28694,29.00127],[-103.31616,29.01069],[-103.30766,29.02454],[-103.33875,29.02028],[-103.33061,29.04322],[-103.34433,29.04595],[-103.3596,29.01864],[-103.38651,29.02165],[-103.38864,29.03397],[-103.4321,29.04336],[-103.44993,29.07271],[-103.47135,29.06673],[-103.46994,29.08532],[-103.55369,29.158],[-103.65059,29.15648],[-103.65962,29.17057],[-103.71856,29.18083],[-103.75855,29.23294],[-103.77715,29.22051],[-103.78363,29.26532],[-103.79936,29.25844],[-103.81352,29.27403],[-103.97581,29.29625],[-104.0375,29.31971],[-104.10658,29.37331],[-104.16744,29.39474],[-104.2177,29.45656],[-104.21004,29.48224],[-104.2307,29.47867],[-104.23713,29.49756],[-104.31548,29.53275],[-104.33622,29.51933],[-104.38053,29.54264],[-104.39818,29.57131],[-104.47685,29.62852],[-104.50824,29.63252],[-104.53628,29.66734],[-104.54415,29.68152],[-104.53021,29.69046],[-104.56044,29.73519],[-104.54985,29.74089],[-104.56994,29.7526],[-104.56593,29.77147],[-104.68327,29.92911],[-104.67318,29.95497],[-104.68525,29.95673],[-104.68015,29.977],[-104.69313,29.97553],[-104.68955,30.01511],[-104.70726,30.04987],[-104.68497,30.0853],[-104.69671,30.13446],[-104.68633,30.17328],[-104.70626,30.23481],[-104.76318,30.27484],[-104.76669,30.306],[-104.81158,30.33281],[-104.81642,30.37519],[-104.8593,30.39025],[-104.84783,30.41977],[-104.86805,30.44141],[-104.86663,30.4945],[-104.92268,30.60369],[-104.97166,30.61001],[-105.00658,30.68606],[-105.06176,30.68584],[-105.1183,30.74973],[-105.16139,30.75213],[-105.15619,30.76977],[-105.1766,30.76797],[-105.19519,30.7923],[-105.21674,30.78339],[-105.21502,30.80589],[-105.25716,30.79435],[-105.29179,30.82619],[-105.31687,30.81091],[-105.33929,30.84047],[-105.39589,30.84929],[-105.40019,30.88938],[-105.49165,30.94241],[-105.50197,30.96774],[-105.55723,30.98967],[-105.60447,31.08374],[-105.74193,31.1646],[-105.77299,31.1667],[-105.7828,31.19746],[-105.86929,31.28895],[-105.93789,31.31822],[-105.95379,31.36475],[-106.00492,31.39246],[-106.08166,31.39922],[-106.20763,31.4671],[-106.29567,31.60104],[-106.25363,31.61146],[-106.22363,31.60012],[-106.21487,31.61409],[-106.20237,31.59427],[-106.18066,31.60552],[-106.1981,31.60933],[-106.19824,31.66852],[-106.21533,31.66855],[-106.22053,31.69583],[-106.21607,31.7261],[-106.19905,31.72615],[-106.20463,31.83391],[-106.27318,31.83237],[-106.27292,31.81966],[-106.32082,31.83546],[-106.35708,31.89528],[-106.38857,31.89891],[-106.37064,31.92717],[-106.38943,31.92835],[-106.40697,31.90204],[-106.40758,31.92837],[-106.39078,31.93337],[-106.39936,31.94641],[-106.42475,31.9364],[-106.40794,31.9434],[-106.40924,32.00101],[-106.44392,32.00119],[-103.06451,32.00042],[-103.06452,32.08705],[-102.80156,32.08715],[-102.79894,31.65178],[-101.26712,31.65085],[-101.2748,31.07938],[-100.11522,31.08799],[-100.11646,30.2903],[-99.75414,30.2907],[-99.75762,30.07413],[-99.96763,30.08236],[-99.97305,30.02459],[-99.98967,30.02575],[-100.0023,29.89683],[-100.02353,29.88296],[-100.03483,29.84407],[-100.0134,29.79592],[-100.03642,29.77713],[-100.02476,29.72811],[-100.06374,29.71106],[-100.01736,29.67756],[-100.03044,29.66397],[-100.00844,29.63706],[-100.01419,29.62349],[-98.98379,29.62345],[-98.98594,29.56705],[-98.97335,29.5517],[-98.92716,29.56225],[-98.77878,29.72017],[-98.73816,29.71658],[-98.73413,29.72945],[-98.65128,29.75402],[-98.64354,29.74036],[-98.58251,29.74119],[-98.55049,29.76071],[-98.52648,29.74036],[-98.44268,29.73229],[-98.44939,29.65234],[-98.48235,29.56483],[-98.50545,29.58145],[-98.54135,29.55129],[-98.61135,29.61982],[-98.70016,29.50409],[-98.72663,29.50557],[-98.70965,29.49598],[-98.72679,29.47961],[-98.71521,29.46559],[-98.75834,29.46131],[-98.74918,29.43962],[-98.72278,29.44259],[-98.7266,29.40692],[-98.70933,29.40786],[-98.69835,29.38343],[-98.60707,29.40653],[-98.64689,29.44952],[-98.60266,29.44858],[-98.59966,29.40784],[-98.5505,29.38739],[-98.57323,29.35683],[-98.61351,29.37705],[-98.63677,29.37107],[-98.64638,29.3472],[-98.67112,29.34628],[-98.6761,29.32403],[-98.70997,29.35202],[-98.75432,29.32675],[-98.80459,29.32334],[-98.80084,28.64749],[-100.11434,28.64812],[-100.11427,28.62969]]]}},{"type":"Feature","properties":{"id":null,"riding_id":"48024","FEDNUM":"48024","name_en":"Congressional District 24","name_fr":"Congressional District 24","state":"TX"},"geometry":{"type":"Polygon","coordinates":[[[-97.2308,32.79141],[-97.26451,32.81599],[-97.26398,32.86051],[-97.31421,32.86089],[-97.31688,32.92781],[-97.29933,32.99128],[-96.93988,32.98882],[-96.90273,32.93917],[-96.85562,32.95309],[-96.84757,32.93338],[-96.83897,32.95427],[-96.82229,32.95402],[-96.82075,32.92607],[-96.78097,32.92435],[-96.77157,32.851],[-96.75288,32.85087],[-96.77644,32.80978],[-96.81467,32.81983],[-96.82131,32.85117],[-96.85411,32.86009],[-96.84633,32.8803],[-96.87034,32.88716],[-96.864,32.90972],[-96.84336,32.90963],[-96.84813,32.92147],[-96.92838,32.89569],[-96.93524,32.93704],[-96.96823,32.95273],[-96.97868,32.92363],[-96.95872,32.9157],[-96.95909,32.89497],[-96.99152,32.90273],[-96.9915,32.87893],[-97.03358,32.85275],[-97.03384,32.83853],[-97.0622,32.8432],[-97.0736,32.82248],[-97.20431,32.8072],[-97.2308,32.79141]]]}},{"type":"Feature","properties":{"id":null,"riding_id":"48025","FEDNUM":"48025","name_en":"Congressional District 25","name_fr":"Congressional District 25","state":"TX"},"geometry":{"type":"Polygon","coordinates":[[[-98.46374,31.68399],[-98.4928,31.72361],[-98.66844,31.70051],[-98.9244,32.07802],[-99.63141,32.08127],[-99.6298,32.43659],[-99.45477,32.40721],[-99.45445,32.45739],[-99.39705,32.51511],[-99.09605,32.51477],[-99.09602,32.95704],[-98.95088,32.95692],[-98.95394,33.39753],[-98.42067,33.3962],[-98.42142,33.4668],[-97.97892,33.46713],[-97.97897,33.43375],[-97.91819,33.43387],[-97.92164,33.00128],[-98.05609,33.00333],[-98.06437,32.63724],[-97.99811,32.68811],[-97.84991,32.72824],[-97.84535,32.71679],[-97.78147,32.71639],[-97.57835,32.61038],[-97.60265,32.71146],[-97.6162,32.70991],[-97.61634,32.6917],[-97.67542,32.70547],[-97.66678,32.77013],[-97.68073,32.78568],[-97.58043,32.78789],[-97.5482,32.77611],[-97.55037,32.58032],[-97.51351,32.59392],[-97.46205,32.5695],[-97.43245,32.58867],[-97.42947,32.61072],[-97.41274,32.61543],[-97.41636,32.64543],[-97.38117,32.67509],[-97.3061,32.66964],[-97.29461,32.75161],[-97.27232,32.75582],[-97.2732,32.78044],[-97.20431,32.8072],[-97.1141,32.81101],[-97.03984,32.84441],[-97.03493,32.77993],[-97.06274,32.77903],[-97.06274,32.74896],[-97.08345,32.74162],[-97.20724,32.72773],[-97.19236,32.71624],[-97.20016,32.68967],[-97.24465,32.66273],[-97.23964,32.63731],[-97.26197,32.60414],[-97.29278,32.59735],[-97.30131,32.56063],[-97.2874,32.55257],[-97.31949,32.55269],[-97.38399,32.47105],[-97.36957,32.40719],[-97.37368,32.38166],[-97.38655,32.38094],[-97.38346,32.33825],[-97.45804,32.31955],[-97.46484,32.2746],[-97.51016,32.24088],[-97.48581,32.19655],[-97.48749,32.1711],[-97.51236,32.16059],[-97.50985,32.13585],[-97.56876,32.15054],[-97.57058,32.17868],[-97.6023,32.17663],[-97.59429,32.20162],[-97.6314,32.20716],[-98.20839,31.91751],[-98.15657,31.84171],[-98.46374,31.68399]]]}},{"type":"Feature","properties":{"id":null,"riding_id":"48026","FEDNUM":"48026","name_en":"Congressional District 26","name_fr":"Congressional District 26","state":"TX"},"geometry":{"type":"Polygon","coordinates":[[[-96.84412,32.98744],[-97.92164,33.00128],[-97.91911,33.30744],[-97.8846,33.32147],[-97.81051,33.29749],[-97.80646,33.31998],[-97.79055,33.31991],[-97.78913,33.29305],[-97.728,33.29155],[-97.6154,33.2447],[-97.57597,33.26511],[-97.56789,33.24014],[-97.41147,33.25082],[-97.39094,33.24204],[-97.39161,33.21894],[-97.21825,33.22141],[-97.21108,33.19289],[-97.15911,33.17927],[-97.1462,33.14721],[-97.11469,33.13252],[-97.09643,33.13214],[-97.08893,33.16298],[-97.01982,33.17741],[-97.04492,33.26865],[-97.10875,33.28467],[-97.14142,33.33171],[-97.22149,33.32576],[-97.21926,33.42473],[-97.48706,33.43368],[-97.48416,33.91551],[-97.45095,33.8914],[-97.45907,33.83458],[-97.41416,33.81798],[-97.3655,33.82374],[-97.33246,33.88425],[-97.3328,33.85526],[-97.30917,33.8887],[-97.27092,33.858],[-97.25423,33.86532],[-97.24217,33.90639],[-97.20614,33.91428],[-97.18085,33.8952],[-97.16663,33.84731],[-97.20499,33.81887],[-97.19257,33.75968],[-97.15737,33.72554],[-97.12125,33.71715],[-97.08645,33.74334],[-97.09294,33.80381],[-97.04815,33.81746],[-97.08796,33.85259],[-97.06379,33.85997],[-97.04104,33.83762],[-97.02144,33.84638],[-96.98384,33.89095],[-96.99429,33.94921],[-96.97942,33.95618],[-96.97381,33.9357],[-96.94461,33.94922],[-96.94386,33.41641],[-96.83411,33.4055],[-96.83799,33.25607],[-96.89614,33.21136],[-96.88044,33.2039],[-96.8822,33.16302],[-96.91185,33.15463],[-96.9228,33.13379],[-96.89218,33.1227],[-96.88343,33.09912],[-96.85339,33.10635],[-96.85575,33.08133],[-96.84187,33.08558],[-96.84412,32.98744]]]}},{"type":"Feature","properties":{"id":null,"riding_id":"48027","FEDNUM":"48027","name_en":"Congressional District 27","name_fr":"Congressional District 27","state":"TX"},"geometry":{"type":"Polygon","coordinates":[[[-97.1651,27.5683],[-97.22275,27.57653],[-97.19963,27.62136],[-97.2406,27.63522],[-97.22519,27.68808],[-97.35416,27.72978],[-97.39416,27.78385],[-97.40693,27.77845],[-97.41298,27.72851],[-97.44988,27.74681],[-97.46006,27.75599],[-97.42894,27.76319],[-97.44358,27.8033],[-97.41545,27.81636],[-97.47638,27.8249],[-97.51512,27.85195],[-97.51736,27.87115],[-97.49176,27.88166],[-97.48029,27.85979],[-97.46033,27.862],[-97.45929,27.87832],[-97.44591,27.86538],[-97.30786,27.8785],[-97.30433,27.90212],[-97.2804,27.91717],[-97.20933,27.88143],[-97.1749,27.92729],[-97.1544,27.92928],[-97.14066,27.91037],[-97.04289,28.0355],[-96.98519,28.23101],[-96.88883,28.44744],[-96.99841,28.49481],[-96.99471,28.50898],[-97.02268,28.51712],[-97.02481,28.53907],[-97.05132,28.53495],[-97.04505,28.55006],[-97.07967,28.54547],[-97.08208,28.53222],[-97.10425,28.55474],[-97.16043,28.55036],[-97.15377,28.56978],[-97.18236,28.6106],[-97.16773,28.72785],[-97.17841,28.73808],[-97.16065,28.78258],[-97.19018,28.81247],[-97.20351,28.85445],[-97.23424,28.86528],[-97.23499,28.85412],[-97.30051,28.84411],[-97.30592,28.86404],[-96.97638,29.10405],[-96.93859,29.06324],[-96.56055,29.33544],[-96.79313,29.57738],[-96.83281,29.57686],[-96.84299,29.61642],[-96.865,29.63271],[-97.14326,29.62809],[-97.13052,29.6433],[-97.31789,29.78466],[-97.59774,29.63072],[-97.65175,29.65403],[-97.65261,29.66784],[-97.70223,29.66859],[-97.70426,29.68242],[-97.74329,29.69697],[-97.73843,29.71296],[-97.76374,29.71342],[-97.78116,29.75949],[-97.8036,29.75373],[-97.81714,29.79038],[-97.8296,29.77996],[-97.84636,29.80865],[-97.83671,29.82716],[-97.86136,29.85498],[-97.92251,29.85909],[-97.89952,29.88989],[-97.89398,29.93552],[-97.92289,29.89714],[-98.00428,29.98375],[-98.01042,30.04363],[-98.04597,30.07051],[-98.04447,30.14402],[-98.00878,30.15347],[-97.98947,30.20054],[-97.97197,30.20233],[-97.95289,30.16177],[-97.92992,30.17419],[-97.96934,30.21067],[-97.90634,30.23766],[-97.8883,30.22919],[-97.90357,30.20932],[-97.88017,30.19645],[-97.9028,30.18567],[-97.89059,30.17408],[-97.86771,30.1959],[-97.84612,30.14947],[-97.76963,30.15935],[-97.78529,30.11278],[-97.75824,30.10136],[-97.74088,30.12416],[-97.69569,30.11167],[-97.68775,30.183],[-97.66066,30.1663],[-97.61577,30.19052],[-97.61712,30.20697],[-97.54217,30.21996],[-97.56073,30.24903],[-97.50497,30.3323],[-97.50059,30.35067],[-97.53831,30.34971],[-97.51303,30.40888],[-97.46619,30.3808],[-97.44293,30.37712],[-97.43444,30.3908],[-97.35801,30.35344],[-97.30609,30.36945],[-97.25171,30.36285],[-97.08183,30.25936],[-97.01916,30.032],[-96.84586,30.11603],[-96.7416,30.19729],[-96.73201,30.24367],[-96.6856,30.24892],[-96.63303,30.30031],[-96.42275,30.34337],[-96.41189,30.35824],[-96.37797,30.35562],[-96.3128,30.3843],[-96.26973,30.35846],[-96.20976,30.37404],[-96.19555,30.39969],[-96.17866,30.39472],[-96.17616,30.37552],[-96.14987,30.36879],[-96.15394,30.32932],[-96.11951,30.30482],[-96.09561,30.31049],[-96.10032,30.29181],[-96.08407,30.28646],[-96.09929,30.25651],[-96.08174,30.24088],[-96.10538,30.23287],[-96.09671,30.21487],[-96.11478,30.2279],[-96.12925,30.21098],[-96.14743,30.21798],[-96.16201,30.16492],[-96.15253,30.14313],[-96.18066,30.15568],[-96.17176,30.13983],[-96.19221,30.13666],[-96.17869,30.11977],[-96.18865,30.11046],[-96.16994,30.09878],[-96.15399,30.10799],[-96.15842,30.09171],[-96.13378,30.07096],[-96.15125,30.0764],[-96.14644,30.06449],[-96.11467,30.04881],[-96.11322,30.027],[-96.09663,30.02761],[-96.08454,30.00514],[-96.10452,29.99638],[-96.09277,29.96149],[-96.12604,29.96497],[-96.1008,29.94353],[-96.13112,29.93873],[-96.11317,29.91436],[-96.12595,29.89771],[-96.09248,29.88182],[-96.11223,29.87256],[-96.10094,29.85251],[-96.12178,29.83785],[-96.09817,29.82673],[-96.1025,29.80967],[-96.04695,29.80099],[-96.03313,29.7184],[-96.00452,29.70823],[-96.02264,29.70501],[-96.01731,29.67955],[-96.05981,29.67857],[-96.01677,29.66749],[-96.03316,29.65818],[-96.01475,29.64167],[-96.02482,29.6029],[-96.08891,29.60166],[-96.06213,29.59136],[-96.04454,29.56213],[-96.05419,29.51216],[-96.02233,29.50229],[-96.05958,29.49196],[-96.05994,29.47359],[-96.02952,29.45218],[-96.03541,29.44309],[-95.99205,29.43391],[-95.97241,29.4107],[-95.96848,29.38351],[-95.93655,29.35869],[-95.94977,29.33559],[-95.89411,29.31464],[-95.87919,29.26641],[-95.84218,29.25953],[-95.87403,29.2297],[-95.84467,29.20468],[-95.85781,29.19332],[-95.83837,29.17656],[-95.84638,29.10743],[-95.76509,29.06085],[-95.7855,29.03915],[-95.76939,28.97111],[-95.69913,28.96954],[-95.65507,28.95153],[-95.64212,28.90426],[-95.57924,28.85961],[-95.57367,28.83277],[-95.5041,28.83774],[-95.49565,28.76484],[-95.77785,28.62527],[-96.18224,28.45204],[-96.25819,28.40787],[-96.28231,28.375],[-96.32076,28.36287],[-96.37525,28.29076],[-96.531,28.22116],[-96.66614,28.13768],[-96.8442,28.0003],[-96.93855,27.9012],[-96.98428,27.80378],[-97.04673,27.75505],[-97.1651,27.5683]]]}},{"type":"Feature","properties":{"id":null,"riding_id":"48028","FEDNUM":"48028","name_en":"Congressional District 28","name_fr":"Congressional District 28","state":"TX"},"geometry":{"type":"Polygon","coordinates":[[[-98.30058,26.10213],[-98.33482,26.1369],[-98.33456,26.16514],[-98.35234,26.15112],[-98.36065,26.17254],[-98.38669,26.15787],[-98.44407,26.2009],[-98.44522,26.22457],[-98.48158,26.21938],[-98.4822,26.20138],[-98.55458,26.24738],[-98.54592,26.2371],[-98.56296,26.22491],[-98.58755,26.25782],[-98.61649,26.24676],[-98.62347,26.25967],[-98.63418,26.24261],[-98.66915,26.23653],[-98.68109,26.2628],[-98.71941,26.2723],[-98.70427,26.28798],[-98.75097,26.29632],[-98.75422,26.30793],[-98.73616,26.3092],[-98.75113,26.33158],[-98.78895,26.33043],[-98.80662,26.36911],[-98.89673,26.35333],[-98.92588,26.39436],[-98.94669,26.37],[-98.96189,26.39837],[-99.01064,26.39214],[-99.03706,26.4136],[-99.08201,26.39667],[-99.11085,26.42628],[-99.09157,26.47705],[-99.12778,26.5252],[-99.17123,26.54196],[-99.20891,26.72476],[-99.24002,26.74585],[-99.26861,26.84321],[-99.31675,26.86583],[-99.32468,26.91597],[-99.37915,26.93449],[-99.39375,26.96073],[-99.37659,26.97772],[-99.41548,27.01724],[-99.44612,27.02305],[-99.45232,27.06267],[-99.42921,27.09098],[-99.44213,27.10686],[-99.42635,27.17626],[-99.44155,27.24991],[-99.46148,27.26818],[-99.48906,27.26148],[-99.49202,27.30067],[-99.53804,27.31696],[-99.50457,27.33874],[-99.48752,27.41157],[-99.4951,27.45152],[-99.47925,27.47863],[-99.49683,27.50011],[-99.52839,27.49855],[-99.51213,27.56829],[-99.55494,27.61446],[-99.58484,27.6039],[-99.57764,27.6186],[-99.59623,27.63986],[-99.62431,27.644],[-99.63893,27.62676],[-99.66611,27.63609],[-99.66894,27.65997],[-99.71151,27.65837],[-99.77074,27.73213],[-99.79634,27.73559],[-99.81312,27.774],[-99.83879,27.76418],[-99.85088,27.79397],[-99.87676,27.79785],[-99.8772,27.84218],[-99.90438,27.87528],[-99.89346,27.89921],[-99.93714,27.94054],[-99.93181,27.98097],[-99.99145,27.99456],[-100.01791,28.06479],[-100.05312,28.08473],[-100.08433,28.14482],[-100.20806,28.19038],[-100.22029,28.23221],[-100.25164,28.23618],[-100.2914,28.2754],[-100.28648,28.31229],[-100.3444,28.38966],[-100.3378,28.44296],[-100.36829,28.4772],[-100.33381,28.49925],[-100.38826,28.51486],[-100.41127,28.5507],[-100.39846,28.58517],[-100.44732,28.60933],[-100.44631,28.64157],[-100.50121,28.66916],[-100.47155,28.6844],[-100.44797,28.66397],[-100.42053,28.66557],[-100.38444,28.69317],[-100.11427,28.62969],[-100.11434,28.64812],[-98.80084,28.64749],[-98.80476,29.25069],[-98.40734,29.11443],[-98.00525,28.69024],[-98.08976,28.66298],[-97.80877,28.18342],[-97.90408,28.11423],[-97.90122,28.06784],[-97.88315,28.0569],[-98.2355,28.05797],[-98.23246,27.26249],[-98.53665,27.2652],[-98.49294,27.23501],[-98.49291,27.14206],[-98.46728,27.14201],[-98.46654,27.05471],[-98.41788,27.05529],[-98.42262,26.78353],[-98.32067,26.78308],[-98.49194,26.44536],[-98.24895,26.40706],[-98.26422,26.24361],[-98.16346,26.21661],[-98.16996,26.17847],[-98.23245,26.18939],[-98.23055,26.16278],[-98.25545,26.14358],[-98.2611,26.11643],[-98.29619,26.12032],[-98.30058,26.10213]]]}},{"type":"Feature","properties":{"id":null,"riding_id":"48029","FEDNUM":"48029","name_en":"Congressional District 29","name_fr":"Congressional District 29","state":"TX"},"geometry":{"type":"Polygon","coordinates":[[[-95.45126,29.79501],[-95.5164,29.80352],[-95.52628,29.82194],[-95.50932,29.83271],[-95.54616,29.83223],[-95.5488,29.85015],[-95.56367,29.85029],[-95.54872,29.88407],[-95.507,29.87415],[-95.49569,29.89968],[-95.48043,29.89975],[-95.49384,29.91999],[-95.50928,29.91468],[-95.52988,29.95061],[-95.50942,29.95634],[-95.51313,29.97974],[-95.46379,30.00703],[-95.47637,30.02437],[-95.46134,30.03495],[-95.38413,30.03844],[-95.3915,30.05522],[-95.37819,30.07066],[-95.34639,30.04528],[-95.36604,30.03147],[-95.29268,30.02776],[-95.24985,30.04352],[-95.26824,30.00502],[-95.28422,30.00504],[-95.26984,30.0013],[-95.2846,29.96571],[-95.24802,29.96197],[-95.24531,29.99563],[-95.21242,29.99945],[-95.21444,29.95609],[-95.196,29.94199],[-95.28743,29.94087],[-95.35039,29.80006],[-95.43045,29.81262],[-95.45126,29.79501]]]}},{"type":"Feature","properties":{"id":null,"riding_id":"48030","FEDNUM":"48030","name_en":"Congressional District 30","name_fr":"Congressional District 30","state":"TX"},"geometry":{"type":"Polygon","coordinates":[[[-97.07791,32.54915],[-97.07852,32.59019],[-97.10582,32.61335],[-97.14227,32.6116],[-97.12333,32.72121],[-97.03553,32.73926],[-97.03657,32.67621],[-96.97024,32.67083],[-96.95245,32.70712],[-96.90288,32.7058],[-96.82461,32.73285],[-96.79907,32.77243],[-96.72918,32.79211],[-96.73922,32.7542],[-96.6832,32.71324],[-96.67117,32.67069],[-96.68299,32.64916],[-96.59531,32.61131],[-96.56156,32.55557],[-96.52941,32.54528],[-97.07791,32.54915]]]}},{"type":"Feature","properties":{"id":null,"riding_id":"48031","FEDNUM":"48031","name_en":"Congressional District 31","name_fr":"Congressional District 31","state":"TX"},"geometry":{"type":"Polygon","coordinates":[[[-97.60224,30.50412],[-97.65724,30.51761],[-97.64735,30.55045],[-97.68042,30.56164],[-97.69267,30.55817],[-97.68657,30.51297],[-97.70084,30.51413],[-97.75833,30.53939],[-97.78077,30.577],[-97.81299,30.59526],[-97.81874,30.58258],[-97.92183,30.56423],[-97.91706,30.60487],[-97.95673,30.62825],[-97.9924,30.60949],[-98.00628,30.62752],[-98.03649,30.61173],[-98.04989,30.62416],[-98.06656,30.5931],[-98.1581,30.6283],[-98.18834,30.56454],[-98.24741,30.55441],[-98.26752,30.56812],[-98.2915,30.55293],[-98.32225,30.56696],[-98.35198,30.55808],[-98.37031,30.57444],[-98.40338,30.56426],[-98.41381,30.58508],[-98.40018,30.59845],[-98.4418,30.66838],[-98.40332,30.67685],[-98.41432,30.70374],[-98.37143,30.74206],[-98.42663,30.75153],[-98.43254,30.78858],[-98.37659,30.83378],[-98.42159,30.835],[-98.42147,30.86317],[-98.45738,30.8789],[-98.44578,30.92144],[-98.41961,30.92535],[-98.41451,30.94211],[-98.4471,30.95176],[-98.44187,30.98432],[-98.45937,31.00917],[-98.43977,31.02991],[-98.48404,31.06301],[-98.45642,31.0787],[-98.47053,31.09444],[-98.4556,31.1109],[-98.49893,31.11854],[-98.5271,31.09067],[-98.54771,31.12836],[-98.5042,31.16613],[-98.56881,31.1984],[-98.56296,31.23578],[-98.57879,31.26453],[-98.59565,31.25306],[-98.62835,31.27411],[-98.59819,31.287],[-98.58709,31.32531],[-98.64763,31.31486],[-98.63637,31.35291],[-98.65348,31.37004],[-98.7027,31.33915],[-98.71264,31.35496],[-98.69547,31.40556],[-98.72527,31.40827],[-98.72609,31.42828],[-98.74282,31.42814],[-98.76162,31.37595],[-98.77789,31.37713],[-98.77503,31.4131],[-98.84677,31.41056],[-98.87102,31.4437],[-98.92519,31.43399],[-98.94099,31.45856],[-98.96605,31.43514],[-98.96502,31.4533],[-98.99495,31.46636],[-98.99162,31.48473],[-98.77995,31.61073],[-98.76006,31.6879],[-98.4928,31.72361],[-98.46374,31.68399],[-98.15657,31.84171],[-98.20839,31.91751],[-98.00546,32.0179],[-97.76643,31.67246],[-97.68983,31.71102],[-97.37297,31.27402],[-97.4127,31.17772],[-97.35441,31.15954],[-97.37936,31.11541],[-97.32624,31.05006],[-97.33994,31.05379],[-97.34819,31.03284],[-97.31509,30.99094],[-97.31235,30.94752],[-97.33077,30.93982],[-97.31336,30.92001],[-97.32574,30.91225],[-97.30183,30.88993],[-97.30903,30.88217],[-97.27734,30.86401],[-97.2651,30.87494],[-97.31548,30.75236],[-97.26995,30.73536],[-97.22118,30.61778],[-97.29916,30.59647],[-97.30766,30.61519],[-97.40546,30.57292],[-97.4222,30.59148],[-97.42898,30.56807],[-97.58872,30.53568],[-97.60224,30.50412]]]}},{"type":"Feature","properties":{"id":null,"riding_id":"48032","FEDNUM":"48032","name_en":"Congressional District 32","name_fr":"Congressional District 32","state":"TX"},"geometry":{"type":"Polygon","coordinates":[[[-95.01093,32.5164],[-95.02097,32.54673],[-95.04134,32.53218],[-95.07532,32.53707],[-95.09326,32.55768],[-95.11929,32.54255],[-95.15014,32.57229],[-95.16497,32.54458],[-95.17582,32.55542],[-95.18355,32.54097],[-95.20496,32.57237],[-95.23823,32.56061],[-95.25031,32.57773],[-95.27814,32.57158],[-95.34595,32.60929],[-95.37522,32.59741],[-95.44675,32.61373],[-95.47468,32.6061],[-95.51481,32.62292],[-95.63708,32.72467],[-95.66804,32.71332],[-95.70234,32.74243],[-95.76233,32.75545],[-95.77004,32.77272],[-95.85065,32.77071],[-95.93381,32.83709],[-96.29732,32.84172],[-96.29738,32.81419],[-96.51897,32.81362],[-96.51791,32.91723],[-96.77962,32.895],[-96.77735,32.92142],[-96.82075,32.92607],[-96.82229,32.95402],[-96.83897,32.95427],[-96.84757,32.93338],[-96.85562,32.95309],[-96.90273,32.93917],[-96.93988,32.98882],[-96.75646,32.9863],[-96.74679,33.00372],[-96.61471,33.00493],[-96.61337,32.98431],[-96.27787,32.98104],[-96.17946,33.0434],[-96.04861,33.03705],[-96.01889,33.01104],[-95.97601,33.02296],[-95.93574,33.00693],[-95.92355,32.9798],[-95.66773,32.97955],[-95.66539,32.96043],[-95.17295,32.96183],[-95.13721,33.03094],[-95.10304,33.03296],[-95.04027,33.07229],[-94.93587,33.07393],[-94.88811,33.02315],[-94.7865,32.95941],[-94.76897,32.92589],[-94.72667,32.91311],[-94.70518,32.89206],[-94.69766,32.84308],[-94.67235,32.83476],[-94.70214,32.82052],[-94.70179,32.65221],[-94.74614,32.66754],[-94.82022,32.59065],[-94.98803,32.53695],[-95.01093,32.5164]]]}},{"type":"Feature","properties":{"id":null,"riding_id":"48033","FEDNUM":"48033","name_en":"Congressional District 33","name_fr":"Congressional District 33","state":"TX"},"geometry":{"type":"Polygon","coordinates":[[[-96.6222,32.61773],[-96.68303,32.6492],[-96.67117,32.67069],[-96.6832,32.71324],[-96.73922,32.7542],[-96.72918,32.79211],[-96.79907,32.77243],[-96.82461,32.73285],[-96.90288,32.7058],[-96.95245,32.70712],[-96.97024,32.67083],[-97.03657,32.67621],[-97.03517,32.75969],[-96.92755,32.76536],[-96.88968,32.83194],[-96.88907,32.848],[-96.96261,32.89046],[-96.95872,32.9157],[-96.97868,32.92363],[-96.96998,32.95221],[-96.93524,32.93704],[-96.92838,32.89569],[-96.84813,32.92147],[-96.84336,32.90963],[-96.864,32.90972],[-96.87034,32.88716],[-96.84633,32.8803],[-96.85411,32.86009],[-96.82131,32.85117],[-96.81467,32.81983],[-96.77644,32.80978],[-96.76151,32.83246],[-96.75156,32.81271],[-96.72949,32.8111],[-96.72483,32.85827],[-96.70055,32.86417],[-96.70041,32.87895],[-96.6349,32.84386],[-96.66048,32.83475],[-96.68353,32.79236],[-96.62068,32.7347],[-96.59968,32.74576],[-96.55552,32.69188],[-96.59797,32.67092],[-96.58214,32.65236],[-96.6222,32.61773]]]}},{"type":"Feature","properties":{"id":null,"riding_id":"48034","FEDNUM":"48034","name_en":"Congressional District 34","name_fr":"Congressional District 34","state":"TX"},"geometry":{"type":"Polygon","coordinates":[[[-97.3945,25.83716],[-97.40881,25.86211],[-97.41305,25.84088],[-97.45386,25.85398],[-97.44465,25.86744],[-97.45572,25.884],[-97.49669,25.87968],[-97.4982,25.89904],[-97.52175,25.88646],[-97.53723,25.93053],[-97.58293,25.93301],[-97.56796,25.95235],[-97.57824,25.94205],[-97.58237,25.96247],[-97.60259,25.95773],[-97.63444,25.99027],[-97.61828,26.00209],[-97.64938,26.01086],[-97.64058,26.02452],[-97.66813,26.01943],[-97.6625,26.03801],[-97.69333,26.03234],[-97.69137,26.01899],[-97.7073,26.03776],[-97.7371,26.02149],[-97.76342,26.02682],[-97.76806,26.04732],[-97.77682,26.02945],[-97.79295,26.03454],[-97.80132,26.06016],[-97.81339,26.0442],[-97.81805,26.0564],[-97.86082,26.05322],[-97.86192,26.43358],[-98.00419,26.44878],[-97.98437,26.53658],[-97.96391,26.5335],[-97.95741,26.61177],[-97.9853,26.61581],[-97.98608,27.26049],[-98.05808,27.26098],[-98.0598,27.63587],[-97.94215,27.63593],[-97.93427,27.8852],[-97.79852,27.99566],[-97.81762,27.97048],[-97.80648,27.9344],[-97.77864,27.94752],[-97.76295,27.92345],[-97.73002,27.92329],[-97.73602,27.91188],[-97.69077,27.91722],[-97.67528,27.88254],[-97.63817,27.86559],[-97.63168,27.89443],[-97.6118,27.8926],[-97.59187,27.857],[-97.54432,27.85887],[-97.47638,27.8249],[-97.42844,27.82274],[-97.42073,27.80618],[-97.44629,27.79199],[-97.42894,27.76319],[-97.46006,27.75599],[-97.45121,27.74765],[-97.41298,27.72851],[-97.40693,27.77845],[-97.39416,27.78385],[-97.35416,27.72978],[-97.22519,27.68808],[-97.2406,27.63522],[-97.19963,27.62136],[-97.22275,27.57653],[-97.1651,27.5683],[-97.25026,27.39231],[-97.29657,27.25032],[-97.32322,27.01026],[-97.28272,26.76342],[-97.21406,26.57677],[-97.12525,26.24828],[-97.1083,26.10451],[-97.08999,26.07534],[-97.09112,25.97384],[-97.14665,25.97097],[-97.15661,25.94902],[-97.17558,25.96557],[-97.24803,25.9481],[-97.28445,25.95916],[-97.2767,25.93534],[-97.30254,25.93723],[-97.326,25.91769],[-97.34827,25.93114],[-97.37508,25.90754],[-97.35664,25.88821],[-97.37414,25.87937],[-97.35875,25.87881],[-97.37654,25.85479],[-97.3641,25.85003],[-97.3945,25.83716]]]}},{"type":"Feature","properties":{"id":null,"riding_id":"48035","FEDNUM":"48035","name_en":"Congressional District 35","name_fr":"Congressional District 35","state":"TX"},"geometry":{"type":"Polygon","coordinates":[[[-97.77853,28.66803],[-97.82531,28.67034],[-97.91511,28.71965],[-98.00525,28.69024],[-98.40734,29.11443],[-98.80476,29.25069],[-98.80459,29.32334],[-98.75432,29.32675],[-98.70997,29.35202],[-98.67622,29.32401],[-98.67112,29.34628],[-98.64638,29.3472],[-98.63677,29.37107],[-98.61351,29.37705],[-98.57501,29.35491],[-98.55211,29.38371],[-98.48559,29.37933],[-98.44835,29.3981],[-98.38939,29.3983],[-98.38939,29.42337],[-98.36074,29.42116],[-98.36073,29.44522],[-98.31933,29.46135],[-98.31053,29.50589],[-98.3971,29.51027],[-98.39027,29.52431],[-98.43358,29.49381],[-98.44782,29.52043],[-98.42844,29.54507],[-98.46789,29.55264],[-98.45133,29.56898],[-98.45051,29.6044],[-98.32865,29.60823],[-98.31093,29.59447],[-98.11937,29.67071],[-97.87526,29.85821],[-97.86136,29.85498],[-97.83671,29.82716],[-97.84636,29.80865],[-97.8296,29.77996],[-97.81714,29.79038],[-97.8036,29.75373],[-97.78077,29.75912],[-97.76336,29.71304],[-97.73843,29.71296],[-97.74329,29.69697],[-97.69831,29.66671],[-97.63102,29.65347],[-97.85878,29.35289],[-97.61313,29.10977],[-97.75511,29.00711],[-97.57464,28.8133],[-97.77853,28.66803]]]}},{"type":"Feature","properties":{"id":null,"riding_id":"48036","FEDNUM":"48036","name_en":"Congressional District 36","name_fr":"Congressional District 36","state":"TX"},"geometry":{"type":"Polygon","coordinates":[[[-95.16199,29.49734],[-95.19945,29.54453],[-95.19315,29.55952],[-95.2537,29.55369],[-95.25868,29.57329],[-95.28999,29.55986],[-95.28932,29.54284],[-95.4353,29.53992],[-95.42429,29.58031],[-95.31788,29.59793],[-95.31774,29.6209],[-95.30466,29.62086],[-95.31489,29.65495],[-95.28812,29.67759],[-95.27254,29.68041],[-95.22906,29.62771],[-95.21102,29.63698],[-95.19801,29.623],[-95.10823,29.63491],[-95.10985,29.65081],[-95.03006,29.65233],[-95.02868,29.69369],[-94.96148,29.72194],[-94.93922,29.77933],[-94.91631,29.77366],[-94.92416,29.79593],[-94.90897,29.82673],[-94.968,29.85915],[-94.98146,29.88428],[-94.44224,29.88954],[-94.44491,30.11301],[-94.59634,30.1121],[-94.73273,30.49007],[-94.53793,30.49106],[-94.65799,31.01201],[-94.56114,31.0623],[-94.6484,31.09896],[-94.6583,31.08478],[-94.75144,31.10544],[-94.85655,31.15007],[-94.8605,31.23496],[-94.89768,31.25801],[-94.87791,31.28765],[-94.89468,31.29171],[-94.90939,31.33699],[-94.95782,31.34285],[-94.94974,31.38145],[-95.00303,31.42622],[-94.86586,31.52692],[-94.82277,31.48391],[-94.54512,31.43185],[-94.53756,31.39863],[-94.50282,31.41077],[-94.46947,31.38383],[-94.44771,31.3178],[-94.39519,31.30186],[-94.33496,31.22324],[-94.31256,31.22374],[-94.26221,31.18033],[-94.219,31.17326],[-94.19273,31.13545],[-94.12963,31.09928],[-94.05661,31.11169],[-94.03903,31.13427],[-93.91122,31.15807],[-93.60016,31.17617],[-93.588,31.16552],[-93.53428,31.18542],[-93.5487,31.15584],[-93.53937,31.11521],[-93.56375,31.09452],[-93.52764,31.07451],[-93.51891,31.06186],[-93.53163,31.05363],[-93.50804,31.03153],[-93.57821,30.99999],[-93.5643,30.9897],[-93.57354,30.97121],[-93.53176,30.95822],[-93.52601,30.93753],[-93.57408,30.88453],[-93.55862,30.86942],[-93.56872,30.84418],[-93.55443,30.82352],[-93.58377,30.80178],[-93.5921,30.76368],[-93.61435,30.76019],[-93.60539,30.71716],[-93.61723,30.71858],[-93.62989,30.67993],[-93.68297,30.64125],[-93.67895,30.59364],[-93.71378,30.58758],[-93.74025,30.53957],[-93.70768,30.52134],[-93.71742,30.48382],[-93.69758,30.44223],[-93.75767,30.39044],[-93.75098,30.3599],[-93.76583,30.33274],[-93.74242,30.30114],[-93.70514,30.29092],[-93.70699,30.24374],[-94.1176,30.24166],[-94.11776,30.21587],[-94.09122,30.20465],[-94.111,30.1867],[-94.11348,30.14831],[-94.07368,30.11411],[-94.10838,30.08106],[-94.08934,30.04812],[-94.1158,30.03914],[-94.14121,30.05378],[-94.35751,29.85835],[-94.35395,29.6115],[-94.37948,29.61705],[-94.38974,29.59479],[-94.41765,29.59237],[-94.42264,29.56631],[-94.52153,29.54082],[-94.56268,29.57432],[-94.76241,29.52415],[-94.79317,29.55111],[-94.82522,29.51908],[-94.91145,29.49624],[-94.99249,29.51832],[-95.0182,29.5546],[-95.06314,29.55889],[-95.10433,29.51073],[-95.16199,29.49734]]]}},{"type":"Feature","properties":{"id":null,"riding_id":"48037","FEDNUM":"48037","name_en":"Congressional District 37","name_fr":"Congressional District 37","state":"TX"},"geometry":{"type":"Polygon","coordinates":[[[-97.75577,30.10118],[-97.78529,30.11278],[-97.76963,30.15935],[-97.84612,30.14947],[-97.86645,30.1954],[-97.89059,30.17408],[-97.90273,30.1823],[-97.88017,30.19645],[-97.90357,30.20932],[-97.8883,30.22919],[-97.91001,30.23468],[-97.89426,30.24989],[-97.87102,30.23495],[-97.85299,30.24964],[-97.82432,30.23623],[-97.77147,30.27381],[-97.73593,30.25032],[-97.73005,30.27851],[-97.76168,30.27995],[-97.76267,30.31048],[-97.79683,30.34999],[-97.77171,30.40076],[-97.74472,30.40786],[-97.74644,30.4191],[-97.72921,30.41208],[-97.72893,30.43244],[-97.7028,30.42611],[-97.69878,30.44051],[-97.63786,30.40473],[-97.64869,30.38691],[-97.62181,30.37061],[-97.56418,30.37142],[-97.55344,30.38744],[-97.52912,30.37577],[-97.53813,30.3494],[-97.50059,30.35067],[-97.56073,30.24903],[-97.54264,30.21941],[-97.61712,30.20697],[-97.61577,30.19052],[-97.66066,30.1663],[-97.68775,30.183],[-97.69493,30.11232],[-97.74088,30.12416],[-97.75577,30.10118]]]}},{"type":"Feature","properties":{"id":null,"riding_id":"48038","FEDNUM":"48038","name_en":"Congressional District 38","name_fr":"Congressional District 38","state":"TX"},"geometry":{"type":"Polygon","coordinates":[[[-95.51394,29.72173],[-95.53139,29.74721],[-95.55772,29.73686],[-95.55834,29.76221],[-95.5848,29.76567],[-95.58857,29.7436],[-95.60605,29.74622],[-95.63393,29.79719],[-95.61777,29.84979],[-95.63302,29.87932],[-95.68339,29.89058],[-95.686,29.90852],[-95.76148,29.91166],[-95.77172,29.96233],[-95.80834,29.95012],[-95.80949,30.08822],[-95.66902,30.10144],[-95.57523,30.15172],[-95.57422,30.12992],[-95.50485,30.13689],[-95.48856,30.04039],[-95.5085,30.02596],[-95.49674,30.01332],[-95.59866,29.97358],[-95.5852,29.96683],[-95.58456,29.90997],[-95.55037,29.901],[-95.56367,29.85029],[-95.5488,29.85015],[-95.54616,29.83223],[-95.50932,29.83271],[-95.52628,29.82194],[-95.5164,29.80352],[-95.46253,29.80323],[-95.44154,29.77869],[-95.44824,29.76857],[-95.4084,29.75641],[-95.46044,29.72895],[-95.45844,29.74965],[-95.48603,29.74994],[-95.51394,29.72173]]]}},{"type":"Feature","properties":{"id":null,"riding_id":"49001","FEDNUM":"49001","name_en":"Congressional District 1","name_fr":"Congressional District 1","state":"UT"},"geometry":{"type":"Polygon","coordinates":[[[-111.866,40.62219],[-111.90587,40.61092],[-111.91918,40.58052],[-112.00587,40.58059],[-112.01484,40.56598],[-112.13822,40.55172],[-112.15505,40.5748],[-112.18262,40.57461],[-112.17535,40.60399],[-112.19769,40.62547],[-112.20114,40.70493],[-112.26023,40.7691],[-112.00658,40.92185],[-111.95868,40.92183],[-111.97108,40.87665],[-111.9463,40.8218],[-111.87051,40.82175],[-111.74478,40.86067],[-111.66356,40.84995],[-111.6657,40.83066],[-111.63898,40.80967],[-111.64907,40.77328],[-111.62105,40.75796],[-111.62331,40.73125],[-111.59272,40.69919],[-111.60442,40.66653],[-111.5532,40.60965],[-111.56425,40.58475],[-111.60582,40.56441],[-111.63769,40.5681],[-111.67555,40.53291],[-111.72087,40.5252],[-111.8006,40.58184],[-111.80743,40.60216],[-111.83886,40.60227],[-111.866,40.62219]]]}},{"type":"Feature","properties":{"id":null,"riding_id":"49002","FEDNUM":"49002","name_en":"Congressional District 2","name_fr":"Congressional District 2","state":"UT"},"geometry":{"type":"Polygon","coordinates":[[[-114.04149,41.99388],[-111.04673,42.00171],[-111.04678,41.25163],[-111.07424,41.24468],[-111.10135,41.2077],[-111.13325,41.20683],[-111.1586,41.17693],[-111.26267,41.14107],[-111.22144,41.21303],[-111.28241,41.22626],[-111.26939,41.23776],[-111.27729,41.27737],[-111.25964,41.29302],[-111.33196,41.35748],[-111.38449,41.37401],[-111.42074,41.36131],[-111.44936,41.31593],[-111.44513,41.27806],[-111.49683,41.22695],[-111.59132,41.24082],[-111.6243,41.20038],[-111.68559,41.1805],[-111.74857,41.21449],[-111.76492,41.20789],[-111.77558,41.22757],[-111.75886,41.25528],[-111.79703,41.25292],[-111.81978,41.23264],[-111.83347,41.24085],[-111.86112,41.22449],[-111.87661,41.16991],[-111.84489,41.1238],[-111.85181,41.06666],[-111.83796,41.02253],[-111.77513,40.96055],[-111.81466,40.95978],[-111.79348,40.91587],[-111.76178,40.88738],[-111.76831,40.87254],[-111.73876,40.861],[-111.87051,40.82175],[-111.9463,40.8218],[-111.97108,40.87665],[-111.95868,40.92183],[-112.00658,40.92185],[-112.26023,40.7691],[-112.49353,41.07689],[-112.79937,40.99994],[-114.04204,40.9999],[-114.04149,41.99388]]]}},{"type":"Feature","properties":{"id":null,"riding_id":"49003","FEDNUM":"49003","name_en":"Congressional District 3","name_fr":"Congressional District 3","state":"UT"},"geometry":{"type":"Polygon","coordinates":[[[-114.05006,37.0002],[-114.04999,38.57298],[-112.51541,38.57285],[-112.51851,38.51042],[-111.30568,38.51017],[-111.30092,39.46724],[-111.24776,39.4672],[-111.24751,39.81327],[-111.76637,39.81057],[-111.7342,39.85401],[-111.76102,39.88365],[-111.75343,39.92249],[-111.77927,39.95725],[-111.7342,39.99761],[-111.76312,39.99734],[-111.77824,40.02652],[-111.84354,40.03279],[-111.85287,40.05476],[-111.86891,40.05446],[-111.85626,40.0735],[-111.87125,40.07884],[-111.84103,40.12987],[-111.81259,40.14494],[-111.82774,40.17426],[-111.8221,40.20495],[-111.73161,40.19531],[-111.74097,40.23699],[-111.73057,40.25666],[-111.7586,40.27993],[-111.73249,40.28281],[-111.73761,40.32628],[-111.65339,40.32305],[-111.63736,40.33516],[-111.65832,40.34285],[-111.6548,40.3649],[-111.68349,40.38224],[-111.71069,40.43212],[-111.79631,40.43932],[-111.78319,40.48285],[-111.80269,40.49365],[-111.7626,40.52918],[-111.67847,40.53172],[-111.63775,40.56807],[-111.60582,40.56441],[-111.56403,40.58492],[-111.5532,40.60965],[-111.60442,40.66653],[-111.59272,40.69919],[-111.62331,40.73125],[-111.62105,40.75796],[-111.64907,40.77328],[-111.63898,40.80967],[-111.6657,40.83066],[-111.66204,40.84838],[-111.76831,40.87254],[-111.76178,40.88738],[-111.78146,40.89572],[-111.81531,40.95719],[-111.77493,40.9598],[-111.83838,41.02329],[-111.85652,41.10289],[-111.84489,41.1238],[-111.87661,41.16975],[-111.85905,41.22647],[-111.75886,41.25528],[-111.77558,41.22757],[-111.76492,41.20789],[-111.74857,41.21449],[-111.68559,41.1805],[-111.6243,41.20038],[-111.59132,41.24082],[-111.49683,41.22695],[-111.44513,41.27806],[-111.44936,41.31593],[-111.42074,41.36131],[-111.3843,41.37401],[-111.33196,41.35748],[-111.25964,41.29302],[-111.27729,41.27737],[-111.26939,41.23776],[-111.28241,41.22626],[-111.22144,41.21303],[-111.26267,41.14107],[-111.1586,41.17693],[-111.13325,41.20683],[-111.10135,41.2077],[-111.07424,41.24468],[-111.04678,41.25163],[-111.04683,40.99788],[-109.05004,41.0007],[-109.06021,38.27824],[-109.04258,38.15702],[-109.04518,36.99898],[-114.05006,37.0002]]]}},{"type":"Feature","properties":{"id":null,"riding_id":"49004","FEDNUM":"49004","name_en":"Congressional District 4","name_fr":"Congressional District 4","state":"UT"},"geometry":{"type":"Polygon","coordinates":[[[-114.04999,38.57298],[-114.04204,40.9999],[-112.79937,40.99994],[-112.49353,41.07689],[-112.20332,40.70914],[-112.19769,40.62547],[-112.17535,40.60399],[-112.18262,40.57461],[-112.10783,40.55162],[-112.01484,40.56598],[-112.00587,40.58059],[-111.91918,40.58052],[-111.90587,40.61092],[-111.87257,40.62856],[-111.83886,40.60227],[-111.80743,40.60216],[-111.7394,40.53215],[-111.78118,40.51869],[-111.80269,40.49365],[-111.78319,40.48285],[-111.79631,40.43932],[-111.71069,40.43212],[-111.68349,40.38224],[-111.6548,40.3649],[-111.65832,40.34285],[-111.63737,40.33509],[-111.65339,40.32305],[-111.73761,40.32628],[-111.73249,40.28281],[-111.7586,40.27993],[-111.73057,40.25666],[-111.74097,40.23699],[-111.73161,40.19531],[-111.8221,40.20495],[-111.82774,40.17426],[-111.81259,40.14494],[-111.84103,40.12987],[-111.87125,40.07884],[-111.85626,40.0735],[-111.86891,40.05446],[-111.85287,40.05476],[-111.84354,40.03279],[-111.77824,40.02652],[-111.76312,39.99734],[-111.7342,39.99761],[-111.77927,39.95725],[-111.75343,39.92249],[-111.76102,39.88365],[-111.7342,39.85401],[-111.76637,39.81057],[-111.24751,39.81327],[-111.24776,39.4672],[-111.30092,39.46724],[-111.30568,38.51017],[-112.51851,38.51042],[-112.51541,38.57285],[-114.04999,38.57298]]]}},{"type":"Feature","properties":{"id":"402","riding_id":"50000","FEDNUM":"50000","name_en":"Congressional District (at Large)","name_fr":"Congressional District (at Large)","state":""},"geometry":{"type":"Polygon","coordinates":[[[-73.43771,44.0461],[-73.39062,44.19107],[-73.31274,44.26541],[-73.33495,44.36444],[-73.29363,44.4389],[-73.30671,44.50033],[-73.37495,44.57582],[-73.39023,44.61835],[-73.36131,44.69452],[-73.36556,44.74179],[-73.33315,44.78876],[-73.38159,44.84935],[-73.33898,44.91768],[-73.33824,44.96475],[-73.35463,44.98735],[-73.34318,45.01071],[-71.46505,45.01364],[-71.53701,44.99348],[-71.5163,44.9644],[-71.52284,44.93991],[-71.49491,44.9043],[-71.54945,44.86208],[-71.55111,44.83696],[-71.57686,44.8152],[-71.57282,44.79087],[-71.63202,44.75206],[-71.59386,44.69642],[-71.59661,44.67809],[-71.58146,44.6732],[-71.58737,44.65971],[-71.54682,44.62976],[-71.56213,44.60118],[-71.53491,44.5879],[-71.55972,44.56397],[-71.59697,44.55947],[-71.57187,44.53792],[-71.59411,44.52155],[-71.57702,44.50206],[-71.6262,44.47447],[-71.63278,44.4838],[-71.66088,44.43994],[-71.70258,44.41354],[-71.79448,44.399],[-71.81443,44.38192],[-71.81585,44.35401],[-72.0328,44.32049],[-72.03288,44.30217],[-72.06848,44.2708],[-72.04766,44.23896],[-72.06616,44.19013],[-72.03326,44.13168],[-72.05534,44.1106],[-72.03131,44.10043],[-72.04528,44.08731],[-72.03184,44.07854],[-72.05287,44.07631],[-72.08267,44.0218],[-72.09543,44.02176],[-72.09053,44.00992],[-72.10277,44.01458],[-72.11687,43.99447],[-72.11438,43.96805],[-72.09094,43.96578],[-72.18462,43.86414],[-72.18405,43.8064],[-72.20523,43.77093],[-72.29956,43.70628],[-72.30315,43.66862],[-72.33483,43.61795],[-72.32833,43.60111],[-72.38024,43.57344],[-72.39887,43.51265],[-72.38147,43.48003],[-72.41602,43.37716],[-72.38987,43.35657],[-72.41056,43.33112],[-72.39531,43.3127],[-72.4386,43.25242],[-72.4574,43.14754],[-72.4325,43.1189],[-72.43526,43.08149],[-72.46784,43.05275],[-72.44326,43.00758],[-72.47372,42.97212],[-72.53202,42.95494],[-72.5245,42.91515],[-72.55541,42.87467],[-72.54151,42.80709],[-72.50874,42.77952],[-72.51547,42.76563],[-72.49055,42.77275],[-72.45841,42.72693],[-73.27642,42.74602],[-73.29094,42.80192],[-73.27831,42.83756],[-73.24158,43.53496],[-73.25863,43.56495],[-73.29732,43.57937],[-73.30644,43.62833],[-73.37189,43.62449],[-73.39577,43.56809],[-73.43095,43.58704],[-73.41767,43.62169],[-73.42646,43.6426],[-73.35076,43.77139],[-73.39252,43.82134],[-73.37259,43.84535],[-73.37416,43.87624],[-73.40855,43.93189],[-73.40765,44.02111],[-73.43771,44.0461]]]}},{"type":"Feature","properties":{"id":"405","riding_id":"51001","FEDNUM":"51001","name_en":"Congressional District 1","name_fr":"Congressional District 1","state":""},"geometry":{"type":"Polygon","coordinates":[[[-77.87842,37.38274],[-77.87485,37.41739],[-77.80919,37.42611],[-77.79784,37.45896],[-77.65537,37.56401],[-77.61649,37.57743],[-77.65216,37.61725],[-77.63067,37.70567],[-77.64046,37.72579],[-77.62055,37.72586],[-77.64467,37.7287],[-77.65402,37.74793],[-77.63134,37.75227],[-77.64117,37.76482],[-77.59711,37.76788],[-77.574,37.80496],[-77.53975,37.79171],[-77.55363,37.77562],[-77.49963,37.77219],[-77.46106,37.79902],[-77.40204,37.80573],[-77.39085,37.78675],[-77.40506,37.78018],[-77.3747,37.77636],[-77.25117,37.87145],[-77.24142,37.90971],[-77.21149,37.90116],[-77.20883,37.88571],[-77.18036,37.8922],[-77.18397,37.94152],[-77.16567,37.96501],[-77.07012,37.96477],[-77.07662,38.00077],[-77.12966,38.01622],[-77.12199,38.03433],[-77.1701,38.07954],[-77.14379,38.09551],[-77.14239,38.12308],[-77.10535,38.12727],[-77.116,38.14993],[-77.0897,38.16163],[-77.06839,38.14473],[-77.04848,38.18244],[-77.04454,38.26045],[-76.99767,38.27805],[-76.96204,38.25689],[-76.94902,38.20842],[-76.87412,38.1721],[-76.60543,38.14893],[-76.59616,38.10668],[-76.53646,38.0749],[-76.51661,38.02678],[-76.46501,38.01322],[-76.41293,37.96633],[-76.33862,37.94529],[-76.23657,37.89015],[-76.14084,37.54259],[-76.13494,37.1176],[-76.27533,37.12123],[-76.30156,37.10324],[-76.34467,37.09684],[-76.3824,37.11216],[-76.4077,37.09207],[-76.4448,37.09467],[-76.56519,37.22054],[-76.5913,37.21321],[-76.58122,37.18251],[-76.64158,37.15383],[-76.64368,37.19034],[-76.67309,37.20968],[-76.70563,37.20643],[-76.74355,37.17117],[-76.80893,37.22235],[-76.88316,37.22306],[-76.87351,37.36342],[-76.91586,37.35262],[-76.89779,37.3738],[-76.91885,37.38552],[-76.90492,37.40491],[-76.94252,37.38324],[-76.94083,37.40988],[-77.01693,37.41416],[-77.02651,37.42898],[-77.09604,37.44029],[-77.12687,37.47158],[-77.17015,37.48101],[-77.23149,37.53947],[-77.39108,37.59806],[-77.42706,37.64469],[-77.4596,37.63798],[-77.50484,37.66553],[-77.50731,37.64785],[-77.53144,37.64923],[-77.54072,37.63284],[-77.50994,37.58371],[-77.53239,37.59248],[-77.54747,37.57254],[-77.5297,37.55919],[-77.60117,37.54516],[-77.57955,37.53218],[-77.55452,37.54303],[-77.52847,37.52548],[-77.58428,37.46771],[-77.62188,37.46261],[-77.59384,37.43966],[-77.63033,37.42378],[-77.59128,37.41144],[-77.59692,37.39558],[-77.57481,37.3873],[-77.59711,37.37135],[-77.61304,37.37767],[-77.63065,37.33722],[-77.57628,37.31589],[-77.55296,37.32444],[-77.56894,37.28089],[-77.55702,37.25015],[-77.5725,37.23678],[-77.61255,37.27061],[-77.65132,37.26525],[-77.66747,37.29247],[-77.69256,37.28145],[-77.70734,37.29997],[-77.74119,37.2679],[-77.76211,37.26998],[-77.80675,37.30453],[-77.79746,37.33371],[-77.84994,37.34472],[-77.87842,37.38274]]]}},{"type":"Feature","properties":{"id":"411","riding_id":"51002","FEDNUM":"51002","name_en":"Congressional District 2","name_fr":"Congressional District 2","state":""},"geometry":{"type":"Polygon","coordinates":[[[-77.10714,36.56395],[-77.08897,36.56714],[-77.07189,36.54588],[-77.03843,36.57179],[-77.06505,36.56898],[-77.09988,36.60232],[-77.07695,36.59529],[-77.07855,36.61271],[-77.04552,36.61825],[-77.05289,36.64142],[-77.08269,36.63501],[-77.0707,36.65722],[-77.10227,36.6988],[-77.06719,36.69367],[-77.08112,36.72287],[-77.04592,36.77432],[-77.00824,36.78158],[-77.0115,36.79512],[-76.96462,36.78121],[-76.95237,36.80388],[-76.94558,36.83133],[-76.97152,36.83311],[-76.97753,36.85763],[-77.0158,36.8618],[-77.00961,36.8856],[-76.97005,36.88597],[-77.0021,36.92075],[-76.69931,37.05842],[-76.67542,37.13904],[-76.64158,37.15383],[-76.64582,37.12515],[-76.62457,37.08906],[-76.47148,36.97794],[-76.44245,36.93932],[-76.39957,36.93095],[-76.40495,36.88154],[-76.45069,36.82671],[-76.46178,36.78257],[-76.39981,36.78742],[-76.33965,36.77244],[-76.34485,36.75852],[-76.28867,36.76288],[-76.25343,36.74256],[-76.2447,36.76026],[-76.21959,36.7533],[-76.21621,36.78086],[-76.20645,36.77705],[-76.22606,36.83995],[-76.19726,36.82815],[-76.17857,36.85145],[-76.19846,36.88664],[-76.18201,36.90667],[-76.19258,36.91818],[-76.17677,36.92103],[-76.17727,36.94957],[-76.13375,37.04114],[-76.13716,37.37514],[-76.14084,37.54259],[-76.23646,37.88661],[-76.05202,37.95358],[-75.94369,37.94613],[-75.95267,37.90683],[-75.80124,37.91217],[-75.76164,37.94137],[-75.70463,37.9547],[-75.6477,37.94696],[-75.62445,37.99419],[-75.16644,38.02783],[-75.30313,37.83817],[-75.36012,37.81019],[-75.41707,37.82105],[-75.46093,37.77136],[-75.54178,37.60614],[-75.5299,37.55672],[-75.58911,37.47786],[-75.60403,37.42202],[-75.64346,37.37286],[-75.64439,37.34227],[-75.71551,37.27569],[-75.72927,37.2169],[-75.76605,37.15493],[-75.88968,37.05452],[-75.92831,36.93818],[-75.87465,36.7443],[-75.7975,36.55092],[-77.10303,36.54459],[-77.10714,36.56395]]]}},{"type":"Feature","properties":{"id":"403","riding_id":"51003","FEDNUM":"51003","name_en":"Congressional District 3","name_fr":"Congressional District 3","state":""},"geometry":{"type":"Polygon","coordinates":[[[-76.64609,37.12741],[-76.64109,37.15461],[-76.57799,37.18686],[-76.5913,37.21321],[-76.56519,37.22054],[-76.4448,37.09467],[-76.4077,37.09207],[-76.3824,37.11216],[-76.34467,37.09684],[-76.30156,37.10324],[-76.27533,37.12123],[-76.13494,37.1176],[-76.13375,37.04114],[-76.19846,36.88664],[-76.17811,36.8525],[-76.19726,36.82815],[-76.22806,36.83287],[-76.20645,36.77705],[-76.21621,36.78086],[-76.22583,36.74526],[-76.24216,36.75999],[-76.25343,36.74256],[-76.28867,36.76288],[-76.34485,36.75852],[-76.33965,36.77244],[-76.39981,36.78742],[-76.46178,36.78257],[-76.45069,36.82671],[-76.40495,36.88154],[-76.39957,36.93095],[-76.44245,36.93932],[-76.47148,36.97794],[-76.62457,37.08906],[-76.64609,37.12741]]]}},{"type":"Feature","properties":{"id":"409","riding_id":"51004","FEDNUM":"51004","name_en":"Congressional District 4","name_fr":"Congressional District 4","state":""},"geometry":{"type":"Polygon","coordinates":[[[-78.04626,36.54369],[-78.00364,37.02276],[-77.96811,36.98729],[-77.89028,36.98856],[-77.90034,37.14388],[-77.81597,37.16853],[-77.7931,37.19579],[-77.74769,37.19273],[-77.66133,37.24074],[-77.65061,37.26511],[-77.61255,37.27061],[-77.57547,37.23643],[-77.55702,37.25015],[-77.56894,37.28089],[-77.553,37.32457],[-77.57628,37.31589],[-77.63167,37.33957],[-77.61304,37.37767],[-77.59711,37.37135],[-77.57664,37.39214],[-77.63033,37.42378],[-77.59384,37.43966],[-77.62188,37.46261],[-77.58428,37.46771],[-77.52847,37.52548],[-77.55452,37.54303],[-77.57955,37.53218],[-77.60117,37.54516],[-77.5297,37.55919],[-77.54747,37.57254],[-77.53239,37.59248],[-77.50994,37.58371],[-77.54072,37.63284],[-77.53144,37.64923],[-77.50731,37.64785],[-77.50484,37.66553],[-77.4596,37.63798],[-77.42706,37.64469],[-77.39108,37.59806],[-77.23149,37.53947],[-77.17015,37.48101],[-77.12687,37.47158],[-77.09604,37.44029],[-77.02651,37.42898],[-77.01693,37.41416],[-76.94083,37.40988],[-76.94252,37.38324],[-76.90492,37.40491],[-76.91885,37.38552],[-76.89779,37.3738],[-76.91586,37.35262],[-76.87351,37.36342],[-76.88316,37.22306],[-76.80893,37.22235],[-76.74968,37.17159],[-76.69181,37.21087],[-76.64284,37.18879],[-76.64158,37.15383],[-76.67542,37.13904],[-76.69826,37.05914],[-77.0021,36.92075],[-76.97005,36.88597],[-77.00961,36.8856],[-77.01462,36.85907],[-76.97753,36.85763],[-76.97152,36.83311],[-76.94558,36.83133],[-76.96462,36.78121],[-77.0115,36.79512],[-77.00824,36.78158],[-77.04592,36.77432],[-77.08112,36.72287],[-77.06719,36.69367],[-77.10227,36.6988],[-77.0707,36.65722],[-77.08269,36.63501],[-77.05289,36.64142],[-77.04669,36.62668],[-77.07855,36.61271],[-77.07695,36.59529],[-77.09945,36.60661],[-77.06505,36.56898],[-77.03843,36.57179],[-77.07189,36.54588],[-77.09914,36.57216],[-77.10303,36.54459],[-78.04626,36.54369]]]}},{"type":"Feature","properties":{"id":"407","riding_id":"51005","FEDNUM":"51005","name_en":"Congressional District 5","name_fr":"Congressional District 5","state":""},"geometry":{"type":"Polygon","coordinates":[[[-79.71485,36.54196],[-79.59407,37.04221],[-79.56262,37.03502],[-79.54662,37.0528],[-79.48314,37.00645],[-79.46033,37.01555],[-79.49066,37.06127],[-79.44288,37.05583],[-79.33048,37.23842],[-79.40792,37.27832],[-79.39207,37.28843],[-79.3897,37.3359],[-79.35348,37.34054],[-79.31781,37.37455],[-79.34879,37.38542],[-79.35172,37.41707],[-79.40012,37.45624],[-79.37399,37.48044],[-79.33702,37.47489],[-79.29538,37.49852],[-79.34574,37.52073],[-79.38412,37.59433],[-79.43114,37.60182],[-79.43695,37.61706],[-79.34524,37.66063],[-79.26467,37.79469],[-79.23145,37.81321],[-79.20903,37.78892],[-79.17088,37.80039],[-79.14433,37.85637],[-79.15739,37.891],[-79.06245,37.9176],[-79.04455,37.89089],[-79.00513,37.88169],[-78.94186,37.94041],[-78.89909,37.9488],[-78.89261,37.97496],[-78.90705,37.98722],[-78.87434,38.02804],[-78.7792,38.08347],[-78.78804,38.12679],[-78.72483,38.23105],[-78.68635,38.22257],[-78.65437,38.24496],[-78.59779,38.23631],[-78.60654,38.25817],[-78.20938,38.13113],[-78.10175,38.15257],[-78.00216,38.13857],[-77.98032,38.1195],[-77.83822,38.10624],[-77.76851,38.05174],[-77.74521,38.05114],[-77.74691,38.02364],[-77.73231,38.03164],[-77.64288,37.99262],[-77.61618,37.94902],[-77.57047,37.95492],[-77.54617,37.92822],[-77.55672,37.9221],[-77.52888,37.9208],[-77.48402,37.8833],[-77.44515,37.8947],[-77.4188,37.86082],[-77.42827,37.82957],[-77.40956,37.82129],[-77.42297,37.81127],[-77.41254,37.79981],[-77.46106,37.79902],[-77.49963,37.77219],[-77.55363,37.77562],[-77.53975,37.79171],[-77.574,37.80496],[-77.59711,37.76788],[-77.64117,37.76482],[-77.63134,37.75227],[-77.65402,37.74793],[-77.64467,37.7287],[-77.62055,37.72586],[-77.64046,37.72579],[-77.63067,37.70567],[-77.65216,37.61725],[-77.61649,37.57743],[-77.65537,37.56401],[-77.79784,37.45896],[-77.80919,37.42611],[-77.87527,37.4168],[-77.8766,37.36429],[-77.83828,37.33856],[-77.79746,37.33371],[-77.80675,37.30453],[-77.76355,37.27074],[-77.74129,37.26784],[-77.70734,37.29997],[-77.69256,37.28145],[-77.66747,37.29247],[-77.64894,37.25538],[-77.74769,37.19273],[-77.7931,37.19579],[-77.81597,37.16853],[-77.90034,37.14388],[-77.88981,36.98882],[-77.96811,36.98729],[-78.00364,37.02276],[-78.04627,36.54355],[-79.71485,36.54196]]]}},{"type":"Feature","properties":{"id":"408","riding_id":"51006","FEDNUM":"51006","name_en":"Congressional District 6","name_fr":"Congressional District 6","state":""},"geometry":{"type":"Polygon","coordinates":[[[-80.29614,37.69236],[-80.25308,37.7259],[-80.25741,37.75608],[-80.21661,37.77596],[-80.22769,37.79789],[-80.1622,37.87512],[-79.99938,37.99491],[-79.9264,38.10654],[-79.94526,38.13224],[-79.91866,38.15479],[-79.92007,38.18253],[-79.78894,38.2687],[-79.81015,38.30671],[-79.76443,38.35651],[-79.7256,38.36383],[-79.72951,38.38119],[-79.68967,38.43146],[-79.69757,38.48722],[-79.66217,38.51522],[-79.66978,38.55032],[-79.64907,38.59152],[-79.53687,38.55092],[-79.47664,38.45723],[-79.31228,38.41188],[-79.28294,38.4181],[-79.21059,38.49291],[-79.12976,38.65502],[-79.09275,38.65982],[-79.08545,38.72461],[-79.05495,38.78571],[-79.02725,38.79211],[-78.99975,38.84616],[-78.86926,38.76298],[-78.78602,38.88719],[-78.71708,38.93603],[-78.71929,38.90523],[-78.69744,38.91436],[-78.6278,38.98179],[-78.60165,38.9646],[-78.55047,39.01806],[-78.5719,39.032],[-78.4037,39.16745],[-78.43869,39.19809],[-78.39967,39.24387],[-78.41942,39.25748],[-78.33928,39.3486],[-78.36687,39.35929],[-78.34321,39.38881],[-78.35992,39.40903],[-78.34709,39.46601],[-77.8283,39.13243],[-77.86283,39.08098],[-78.06216,38.93028],[-78.07586,38.90858],[-78.0618,38.89195],[-78.15264,38.85438],[-78.20048,38.77694],[-78.27934,38.76221],[-78.31878,38.73787],[-78.33222,38.70564],[-78.31439,38.68251],[-78.32587,38.63072],[-78.38319,38.58832],[-78.38093,38.56131],[-78.44277,38.52777],[-78.44148,38.49027],[-78.46507,38.447],[-78.52279,38.36951],[-78.54393,38.36332],[-78.55158,38.33632],[-78.65121,38.29346],[-78.66219,38.25348],[-78.70657,38.24644],[-78.74517,38.21443],[-78.78804,38.12679],[-78.7792,38.08347],[-78.87434,38.02804],[-78.90705,37.98722],[-78.89261,37.97496],[-78.89909,37.9488],[-78.94186,37.94041],[-79.00513,37.88169],[-79.04455,37.89089],[-79.06245,37.9176],[-79.15739,37.891],[-79.14433,37.85637],[-79.17088,37.80039],[-79.20903,37.78892],[-79.23145,37.81321],[-79.26467,37.79469],[-79.34524,37.66063],[-79.44528,37.61825],[-79.45752,37.59944],[-79.44045,37.56402],[-79.49689,37.5369],[-79.54605,37.48922],[-79.55896,37.49642],[-79.58275,37.45188],[-79.62816,37.4536],[-79.6535,37.48196],[-79.6771,37.4836],[-79.75679,37.42494],[-79.81404,37.40386],[-79.77535,37.37732],[-79.78868,37.34935],[-79.8442,37.31775],[-79.85841,37.26716],[-79.84267,37.22975],[-79.95378,37.13955],[-80.00545,37.15762],[-80.00105,37.19264],[-79.95596,37.21038],[-79.99819,37.25216],[-80.02883,37.24365],[-80.03346,37.26289],[-80.07451,37.25706],[-80.09368,37.2825],[-80.16791,37.25993],[-80.19243,37.23434],[-80.25858,37.3087],[-80.25033,37.35172],[-80.20032,37.37835],[-80.14768,37.38249],[-80.06737,37.4264],[-79.96907,37.54441],[-80.02762,37.62422],[-80.02055,37.64744],[-80.03271,37.66029],[-80.14557,37.59643],[-80.2675,37.64616],[-80.29614,37.69236]]]}},{"type":"Feature","properties":{"id":"412","riding_id":"51007","FEDNUM":"51007","name_en":"Congressional District 7","name_fr":"Congressional District 7","state":""},"geometry":{"type":"Polygon","coordinates":[[[-78.72681,38.23098],[-78.68182,38.25488],[-78.66981,38.24733],[-78.65121,38.29346],[-78.55158,38.33632],[-78.54393,38.36332],[-78.52279,38.36951],[-78.46507,38.447],[-78.44148,38.49027],[-78.44277,38.52777],[-78.38093,38.56131],[-78.38319,38.58832],[-78.33818,38.62731],[-78.2318,38.53254],[-78.17588,38.5208],[-78.09013,38.59679],[-77.93155,38.6983],[-77.90946,38.69732],[-77.89186,38.68108],[-77.90158,38.66591],[-77.88381,38.66653],[-77.8715,38.648],[-77.88051,38.63651],[-77.85995,38.62081],[-77.87708,38.58466],[-77.81365,38.53019],[-77.75528,38.4296],[-77.73471,38.4129],[-77.69036,38.427],[-77.63738,38.40955],[-77.63235,38.46961],[-77.53133,38.55655],[-77.57948,38.62765],[-77.55313,38.61509],[-77.50289,38.64404],[-77.42914,38.63379],[-77.44074,38.65863],[-77.34907,38.67817],[-77.33383,38.7169],[-77.32586,38.70188],[-77.303,38.70798],[-77.25676,38.68409],[-77.22032,38.64566],[-77.22734,38.60457],[-77.31854,38.47444],[-77.32211,38.42894],[-77.2838,38.34286],[-77.24715,38.33152],[-77.17934,38.34191],[-77.13822,38.36792],[-77.08424,38.36874],[-77.04228,38.40094],[-77.01151,38.37456],[-77.03068,38.31162],[-76.99767,38.27805],[-77.04454,38.26045],[-77.04848,38.18244],[-77.06839,38.14473],[-77.0897,38.16163],[-77.116,38.14993],[-77.10535,38.12727],[-77.14239,38.12308],[-77.14379,38.09551],[-77.1701,38.07954],[-77.12199,38.03433],[-77.12966,38.01622],[-77.07662,38.00077],[-77.07012,37.96477],[-77.16567,37.96501],[-77.18397,37.94152],[-77.18036,37.8922],[-77.20883,37.88571],[-77.21149,37.90116],[-77.24142,37.90971],[-77.25117,37.87145],[-77.37597,37.77615],[-77.40475,37.77991],[-77.39085,37.78672],[-77.39549,37.80324],[-77.42284,37.8095],[-77.40947,37.82024],[-77.42827,37.82957],[-77.41871,37.86055],[-77.44493,37.89458],[-77.4839,37.88325],[-77.52888,37.9208],[-77.55672,37.9221],[-77.54617,37.92822],[-77.57627,37.95799],[-77.61823,37.95007],[-77.64266,37.99248],[-77.73231,38.03164],[-77.74691,38.02364],[-77.74521,38.05114],[-77.76851,38.05174],[-77.83822,38.10624],[-77.98032,38.1195],[-78.00216,38.13857],[-78.10175,38.15257],[-78.20938,38.13113],[-78.60654,38.25817],[-78.59779,38.23631],[-78.65437,38.24496],[-78.68635,38.22257],[-78.72681,38.23098]]]}},{"type":"Feature","properties":{"id":"406","riding_id":"51008","FEDNUM":"51008","name_en":"Congressional District 8","name_fr":"Congressional District 8","state":""},"geometry":{"type":"Polygon","coordinates":[[[-77.2395,38.66653],[-77.18004,38.70751],[-77.19117,38.71971],[-77.17391,38.72198],[-77.13607,38.78407],[-77.13539,38.79651],[-77.17999,38.7818],[-77.18887,38.79601],[-77.21878,38.79276],[-77.2221,38.81996],[-77.21738,38.91013],[-77.19624,38.92347],[-77.21023,38.93149],[-77.17962,38.9683],[-77.15038,38.96554],[-77.03285,38.85504],[-77.04802,38.84126],[-77.04325,38.71872],[-77.12263,38.68526],[-77.12968,38.6347],[-77.22734,38.60457],[-77.22042,38.64626],[-77.2395,38.66653]]]}},{"type":"Feature","properties":{"id":"404","riding_id":"51009","FEDNUM":"51009","name_en":"Congressional District 9","name_fr":"Congressional District 9","state":""},"geometry":{"type":"Polygon","coordinates":[[[-83.67529,36.60115],[-83.53015,36.66605],[-83.42471,36.66734],[-83.30971,36.71064],[-83.13512,36.74263],[-83.13323,36.78458],[-83.07284,36.85446],[-83.00658,36.84764],[-82.87868,36.88953],[-82.85766,36.92867],[-82.86747,36.97805],[-82.72243,37.04495],[-82.72141,37.12083],[-82.49876,37.22703],[-82.349,37.26797],[-81.96801,37.53804],[-81.92617,37.51377],[-81.99292,37.48297],[-81.99227,37.46092],[-81.93562,37.4384],[-81.92296,37.41139],[-81.93338,37.36934],[-81.86027,37.31571],[-81.85355,37.28771],[-81.75714,37.27615],[-81.74012,37.23775],[-81.72306,37.24049],[-81.67822,37.20154],[-81.56063,37.20666],[-81.50764,37.23371],[-81.4991,37.25795],[-81.48014,37.25112],[-81.41603,37.27363],[-81.36519,37.33786],[-81.2251,37.23487],[-81.10415,37.28061],[-80.97959,37.30228],[-80.96656,37.29216],[-80.89916,37.31568],[-80.84945,37.34691],[-80.88325,37.38393],[-80.85946,37.42949],[-80.78419,37.39459],[-80.77008,37.37236],[-80.51139,37.48167],[-80.49486,37.43507],[-80.47278,37.42373],[-80.29979,37.50827],[-80.28239,37.53352],[-80.33037,37.53627],[-80.3122,37.54622],[-80.3285,37.56432],[-80.22098,37.62777],[-80.14495,37.59649],[-80.03271,37.66029],[-80.02055,37.64744],[-80.02762,37.62422],[-79.96907,37.54441],[-80.06737,37.4264],[-80.14768,37.38249],[-80.20032,37.37835],[-80.25033,37.35172],[-80.25858,37.3087],[-80.19243,37.23434],[-80.16791,37.25993],[-80.09368,37.2825],[-80.07451,37.25706],[-80.03346,37.26289],[-80.02883,37.24365],[-79.99819,37.25216],[-79.95596,37.21038],[-80.00105,37.19264],[-80.00545,37.15762],[-79.96282,37.13727],[-79.84267,37.22975],[-79.85841,37.26716],[-79.8442,37.31775],[-79.78868,37.34935],[-79.77535,37.37732],[-79.81404,37.40386],[-79.75679,37.42494],[-79.6771,37.4836],[-79.6535,37.48196],[-79.62816,37.4536],[-79.58275,37.45188],[-79.55896,37.49642],[-79.54605,37.48922],[-79.49689,37.5369],[-79.44045,37.56402],[-79.45752,37.59944],[-79.44528,37.61825],[-79.43114,37.60182],[-79.38412,37.59433],[-79.34574,37.52073],[-79.29538,37.49852],[-79.33702,37.47489],[-79.37399,37.48044],[-79.39949,37.45903],[-79.35172,37.41707],[-79.34879,37.38542],[-79.31781,37.37455],[-79.35348,37.34054],[-79.3897,37.3359],[-79.39207,37.28843],[-79.40792,37.27832],[-79.33048,37.23842],[-79.44288,37.05583],[-79.49066,37.06127],[-79.45899,37.01694],[-79.48314,37.00645],[-79.5483,37.05313],[-79.56262,37.03502],[-79.59407,37.04221],[-79.71485,36.54196],[-81.44305,36.57683],[-81.67749,36.58814],[-81.6469,36.61192],[-81.92264,36.61621],[-81.93414,36.59421],[-83.67529,36.60115]]]}},{"type":"Feature","properties":{"id":"410","riding_id":"51010","FEDNUM":"51010","name_en":"Congressional District 10","name_fr":"Congressional District 10","state":""},"geometry":{"type":"Polygon","coordinates":[[[-78.33796,38.62743],[-78.31558,38.65156],[-78.31636,38.69056],[-78.33222,38.70564],[-78.31878,38.73787],[-78.27934,38.76221],[-78.20048,38.77694],[-78.15264,38.85438],[-78.0618,38.89195],[-78.07586,38.90858],[-78.06216,38.93028],[-77.86283,39.08098],[-77.74789,39.29442],[-77.71952,39.32131],[-77.56498,39.30517],[-77.54309,39.26692],[-77.45771,39.22498],[-77.47867,39.18967],[-77.51762,39.16942],[-77.52067,39.12143],[-77.4854,39.10931],[-77.45697,39.0734],[-77.32832,39.05768],[-77.49682,38.88715],[-77.46421,38.86872],[-77.47959,38.86151],[-77.4558,38.8117],[-77.39786,38.81164],[-77.40584,38.83514],[-77.39338,38.84125],[-77.36018,38.78745],[-77.29726,38.77635],[-77.31376,38.76689],[-77.30142,38.75323],[-77.35868,38.72805],[-77.33221,38.71766],[-77.34907,38.67817],[-77.44074,38.65863],[-77.42914,38.63379],[-77.50289,38.64404],[-77.55313,38.61509],[-77.57948,38.62765],[-77.53133,38.55655],[-77.63235,38.46961],[-77.63492,38.41023],[-77.69036,38.427],[-77.73471,38.4129],[-77.75528,38.4296],[-77.81365,38.53019],[-77.87708,38.58466],[-77.85995,38.62081],[-77.88051,38.63651],[-77.8715,38.648],[-77.88381,38.66653],[-77.90158,38.66591],[-77.89186,38.68108],[-77.90946,38.69732],[-77.93155,38.6983],[-78.09013,38.59679],[-78.17588,38.5208],[-78.2318,38.53254],[-78.33796,38.62743]]]}},{"type":"Feature","properties":{"id":"413","riding_id":"51011","FEDNUM":"51011","name_en":"Congressional District 11","name_fr":"Congressional District 11","state":""},"geometry":{"type":"Polygon","coordinates":[[[-77.49682,38.88715],[-77.32832,39.05768],[-77.30591,39.05183],[-77.24657,39.02496],[-77.25575,39.00175],[-77.2352,38.97608],[-77.17962,38.9683],[-77.21023,38.93149],[-77.19624,38.92347],[-77.21738,38.91013],[-77.21878,38.79276],[-77.18887,38.79601],[-77.17999,38.7818],[-77.13539,38.79651],[-77.13607,38.78407],[-77.17391,38.72198],[-77.19117,38.71971],[-77.18004,38.70751],[-77.2395,38.66653],[-77.30219,38.70769],[-77.32538,38.70169],[-77.32103,38.71197],[-77.35912,38.72376],[-77.30961,38.74087],[-77.31724,38.75129],[-77.30142,38.75323],[-77.31376,38.76689],[-77.29726,38.77635],[-77.36018,38.78745],[-77.39338,38.84125],[-77.40584,38.83514],[-77.39786,38.81164],[-77.4558,38.8117],[-77.47959,38.86151],[-77.46421,38.86872],[-77.49682,38.88715]]]}},{"type":"Feature","properties":{"id":"416","riding_id":"53001","FEDNUM":"53001","name_en":"Congressional District 1","name_fr":"Congressional District 1","state":""},"geometry":{"type":"Polygon","coordinates":[[[-122.33339,47.78589],[-122.32987,47.80237],[-122.26187,47.81883],[-122.27459,47.86418],[-122.25284,47.85987],[-122.23409,47.88192],[-122.25291,47.88296],[-122.25184,47.89645],[-122.23358,47.90278],[-122.20686,47.87818],[-122.20566,47.9068],[-122.18946,47.9052],[-122.20457,47.92186],[-122.17416,47.92163],[-122.17081,47.94049],[-122.19151,47.94837],[-122.18708,47.97532],[-122.15213,47.99027],[-122.14478,48.0212],[-122.18412,48.04921],[-122.18432,48.12295],[-122.21568,48.15554],[-122.18831,48.1678],[-122.20418,48.18972],[-122.17423,48.16696],[-122.10908,48.20839],[-122.10239,48.17349],[-122.11858,48.18086],[-122.11885,48.16988],[-122.10851,48.14433],[-122.07732,48.13653],[-122.07572,48.10839],[-122.05401,48.10863],[-122.05863,48.08608],[-122.01289,48.08313],[-122.02961,48.04791],[-122.01048,48.0362],[-122.0002,47.96339],[-121.9467,47.94964],[-121.93221,47.87219],[-121.96454,47.86134],[-121.93776,47.85643],[-122.0379,47.82294],[-122.00493,47.80894],[-122.00037,47.77539],[-122.11294,47.77595],[-122.12915,47.73825],[-122.11523,47.7376],[-122.11055,47.71445],[-122.08857,47.7155],[-122.09274,47.69215],[-122.07918,47.68233],[-122.09815,47.64838],[-122.07973,47.62106],[-122.09653,47.60231],[-122.17499,47.6191],[-122.19648,47.59434],[-122.20537,47.60911],[-122.22023,47.61012],[-122.22043,47.59682],[-122.26365,47.61312],[-122.23058,47.6809],[-122.27192,47.72043],[-122.27066,47.77677],[-122.33339,47.78589]]]}},{"type":"Feature","properties":{"id":"422","riding_id":"53002","FEDNUM":"53002","name_en":"Congressional District 2","name_fr":"Congressional District 2","state":""},"geometry":{"type":"Polygon","coordinates":[[[-123.32224,49.00207],[-120.85153,49.0003],[-120.88075,48.96666],[-120.83178,48.93828],[-120.79824,48.95947],[-120.75623,48.94291],[-120.77205,48.92651],[-120.77022,48.88183],[-120.73072,48.85383],[-120.73543,48.78649],[-120.65586,48.72434],[-120.6782,48.71783],[-120.67997,48.6943],[-120.70343,48.69691],[-120.71733,48.66453],[-120.74978,48.65927],[-120.78831,48.62512],[-120.76046,48.58276],[-120.71921,48.59643],[-120.68851,48.5757],[-120.70356,48.5264],[-120.79186,48.50754],[-120.84466,48.55055],[-120.86321,48.53007],[-120.9505,48.52958],[-120.95195,48.49921],[-121.03623,48.4953],[-121.05276,48.48201],[-121.06323,48.45979],[-121.03713,48.43303],[-121.06643,48.39354],[-121.04051,48.34847],[-121.0695,48.33896],[-121.07159,48.3178],[-121.00166,48.29601],[-122.30399,48.29758],[-122.22198,48.22333],[-122.1883,48.17034],[-122.2154,48.15184],[-122.18432,48.12295],[-122.18412,48.04921],[-122.14498,48.02178],[-122.1507,47.99285],[-122.18708,47.97532],[-122.19151,47.94837],[-122.17135,47.93691],[-122.17416,47.92163],[-122.20467,47.92169],[-122.20704,47.91002],[-122.18948,47.90702],[-122.20566,47.9068],[-122.20146,47.88086],[-122.2423,47.90371],[-122.25841,47.88942],[-122.23409,47.88192],[-122.24607,47.86549],[-122.27459,47.86418],[-122.26187,47.81883],[-122.32987,47.80237],[-122.32723,47.77766],[-122.43809,47.77781],[-122.43268,47.84204],[-122.49487,47.92335],[-122.58288,47.95513],[-122.62627,47.9932],[-122.65244,48.12068],[-122.7033,48.13442],[-122.85209,48.22646],[-122.86308,48.37036],[-123.24792,48.28456],[-123.11514,48.42283],[-123.15987,48.45351],[-123.21893,48.54871],[-123.26788,48.69399],[-123.00849,48.7671],[-123.00848,48.83122],[-123.32224,49.00207]]]}},{"type":"Feature","properties":{"id":"414","riding_id":"53003","FEDNUM":"53003","name_en":"Congressional District 3","name_fr":"Congressional District 3","state":""},"geometry":{"type":"Polygon","coordinates":[[[-124.17513,46.79373],[-123.16059,46.79338],[-123.15158,46.8407],[-123.11772,46.8308],[-123.09213,46.85296],[-123.03942,46.8584],[-123.0486,46.82911],[-122.98905,46.82244],[-122.98944,46.80963],[-122.85259,46.8639],[-122.79337,46.85889],[-122.71073,46.87652],[-122.69111,46.916],[-122.62221,46.93807],[-122.5285,46.9253],[-122.49412,46.90522],[-122.49089,46.86745],[-122.45174,46.85265],[-122.32768,46.84434],[-122.32491,46.83034],[-122.30358,46.82812],[-122.309,46.78959],[-122.26462,46.76522],[-122.24062,46.77593],[-122.17788,46.7552],[-122.0408,46.74236],[-121.95424,46.75502],[-121.84189,46.72845],[-121.75859,46.78379],[-121.45522,46.7838],[-121.44204,46.75829],[-121.42428,46.75663],[-121.42935,46.73935],[-121.35318,46.71227],[-121.41322,46.67587],[-121.41627,46.6514],[-121.39525,46.64612],[-121.38671,46.6212],[-121.42457,46.57028],[-121.41665,46.54824],[-121.45126,46.53389],[-121.45598,46.51673],[-121.4232,46.49269],[-121.43586,46.47591],[-121.38665,46.40994],[-121.39702,46.38808],[-121.52232,46.38822],[-121.52232,46.04401],[-121.61223,46.04409],[-121.60925,45.78252],[-121.51438,45.78211],[-121.53835,45.77013],[-121.52368,45.72493],[-121.7073,45.69484],[-121.81118,45.70672],[-121.86702,45.69339],[-121.90813,45.65456],[-121.98301,45.62289],[-122.2667,45.54384],[-122.3315,45.54824],[-122.3803,45.57594],[-122.43867,45.56359],[-122.68279,45.62113],[-122.76381,45.65714],[-122.77451,45.68044],[-122.76095,45.75038],[-122.7956,45.81],[-122.78503,45.8677],[-122.8115,45.91272],[-122.814,45.96098],[-122.87809,46.03128],[-122.88448,46.06028],[-122.90412,46.08373],[-123.1159,46.18527],[-123.16642,46.18898],[-123.28017,46.14484],[-123.37143,46.14637],[-123.43099,46.18157],[-123.42763,46.22935],[-123.44759,46.24983],[-123.50125,46.27101],[-123.68811,46.2501],[-123.74145,46.26915],[-123.87263,46.23499],[-123.93048,46.2388],[-124.02488,46.2991],[-124.03595,46.26418],[-124.15955,46.26113],[-124.12998,46.43159],[-124.14526,46.67047],[-124.17513,46.79373]]]}},{"type":"Feature","properties":{"id":"420","riding_id":"53004","FEDNUM":"53004","name_en":"Congressional District 4","name_fr":"Congressional District 4","state":""},"geometry":{"type":"Polygon","coordinates":[[[-121.60925,45.78252],[-121.61223,46.04409],[-121.52232,46.04401],[-121.52232,46.38822],[-121.39702,46.38808],[-121.38665,46.40994],[-121.43586,46.47591],[-121.4232,46.49269],[-121.45598,46.51673],[-121.45126,46.53389],[-121.41665,46.54824],[-121.42457,46.57028],[-121.38671,46.6212],[-121.39525,46.64612],[-121.41627,46.6514],[-121.41322,46.67587],[-121.35318,46.71227],[-121.43033,46.74016],[-121.42428,46.75663],[-121.45503,46.7806],[-121.44253,46.79299],[-121.49734,46.86287],[-121.52307,46.87278],[-121.49699,46.90834],[-121.45645,46.92358],[-121.45773,46.96404],[-121.40669,46.99809],[-121.3998,47.03346],[-121.37425,47.05644],[-121.37968,47.08749],[-121.35924,47.07074],[-121.28072,47.08873],[-121.21884,47.06564],[-121.09005,46.99101],[-121.08996,46.9693],[-121.02662,46.91131],[-120.63456,46.91213],[-120.63398,46.82578],[-120.50861,46.82486],[-120.51,46.73795],[-119.97304,46.73713],[-119.92744,46.79845],[-119.96458,46.8572],[-119.9658,46.94328],[-120.00112,46.99364],[-120.00857,47.03625],[-120.04277,47.07155],[-120.00146,47.12755],[-120.00394,47.21604],[-120.0909,47.2401],[-120.08631,47.33894],[-120.12957,47.36625],[-120.28653,47.39311],[-120.31138,47.44205],[-120.31237,47.45893],[-120.29753,47.46339],[-120.31659,47.47127],[-120.29281,47.53817],[-120.2396,47.58419],[-120.23694,47.63178],[-120.19905,47.68228],[-120.22286,47.72331],[-120.2094,47.74836],[-120.13091,47.7766],[-120.08731,47.76321],[-119.99495,47.78135],[-119.96013,47.84581],[-119.91929,47.86232],[-119.91506,47.90137],[-119.8615,47.94703],[-119.87059,47.96046],[-120.06655,47.9664],[-120.09018,48.01801],[-120.14639,48.03734],[-120.14901,48.05223],[-120.13167,48.05459],[-120.14342,48.06522],[-120.21306,48.07904],[-120.29104,48.12958],[-120.31961,48.12442],[-120.34858,48.14428],[-120.36226,48.16475],[-120.34628,48.19999],[-120.35554,48.21842],[-120.46912,48.26898],[-120.51029,48.3113],[-120.58682,48.32032],[-120.56319,48.37085],[-120.64993,48.39814],[-120.64165,48.41112],[-120.66882,48.44973],[-120.63241,48.46877],[-120.65354,48.48078],[-120.62841,48.4969],[-120.6572,48.50731],[-120.65131,48.53621],[-120.70207,48.53159],[-120.68851,48.5757],[-120.71921,48.59643],[-120.75876,48.58195],[-120.78531,48.60516],[-120.77169,48.64263],[-120.71733,48.66453],[-120.70343,48.69691],[-120.67997,48.6943],[-120.6782,48.71783],[-120.65598,48.7249],[-120.73543,48.78649],[-120.73072,48.85383],[-120.77022,48.88183],[-120.77205,48.92651],[-120.75742,48.94432],[-120.79824,48.95947],[-120.83293,48.93852],[-120.88564,48.97521],[-120.85153,49.0003],[-118.83661,49.00008],[-118.83701,48.65387],[-118.86963,48.65383],[-118.86998,48.6262],[-118.86952,48.48163],[-118.84389,48.48174],[-118.84579,47.96348],[-118.9735,47.94341],[-118.98265,46.91134],[-119.13607,46.91222],[-119.14395,46.89969],[-119.12789,46.83271],[-119.13326,46.76153],[-119.0808,46.73776],[-119.36943,46.7377],[-119.36916,46.67818],[-119.45753,46.67393],[-119.41305,46.65263],[-119.40467,46.61494],[-119.36736,46.58266],[-119.26965,46.52036],[-119.25843,46.48947],[-119.26937,46.37029],[-119.22708,46.38754],[-119.11452,46.37256],[-119.11646,46.28543],[-118.98834,46.30012],[-118.98823,46.32929],[-118.95191,46.31423],[-118.95144,46.28274],[-118.85941,46.28409],[-118.84518,46.30545],[-118.77942,46.29312],[-118.82528,46.28433],[-118.86346,46.25139],[-118.97649,46.23755],[-119.03992,46.19626],[-118.96805,46.13083],[-118.94231,46.07442],[-118.94166,46.02698],[-119.02721,45.96911],[-119.12632,45.93278],[-119.25707,45.93987],[-119.48808,45.90636],[-119.5716,45.92548],[-119.62363,45.9056],[-119.66997,45.85691],[-119.96577,45.82438],[-120.1706,45.76198],[-120.21077,45.72592],[-120.48261,45.69441],[-120.55929,45.73832],[-120.63505,45.74571],[-120.68954,45.71573],[-120.85541,45.67173],[-120.89582,45.64292],[-120.94402,45.65639],[-121.06446,45.65249],[-121.13183,45.60975],[-121.16785,45.6061],[-121.19646,45.61661],[-121.21577,45.67123],[-121.33771,45.70484],[-121.42396,45.69407],[-121.52368,45.72493],[-121.53835,45.77013],[-121.51438,45.78211],[-121.60925,45.78252]]]}},{"type":"Feature","properties":{"id":"418","riding_id":"53005","FEDNUM":"53005","name_en":"Congressional District 5","name_fr":"Congressional District 5","state":""},"geometry":{"type":"Polygon","coordinates":[[[-119.45748,46.67475],[-119.36916,46.67818],[-119.36943,46.7377],[-119.0808,46.73776],[-119.13326,46.76153],[-119.12789,46.83271],[-119.14395,46.89969],[-119.13607,46.91222],[-118.98265,46.91134],[-118.9735,47.94341],[-118.84579,47.96348],[-118.84389,48.48174],[-118.86952,48.48163],[-118.86998,48.6262],[-118.86963,48.65383],[-118.83701,48.65387],[-118.83661,49.00008],[-117.03235,48.9992],[-117.03463,46.41784],[-117.06279,46.35361],[-116.98622,46.29595],[-116.9912,46.27696],[-116.95548,46.23098],[-116.96538,46.20312],[-116.92234,46.16877],[-116.95542,46.10186],[-116.98259,46.09007],[-116.94279,46.06112],[-116.91607,45.99536],[-118.98726,45.99985],[-118.94132,46.02753],[-118.94231,46.07442],[-118.97466,46.13952],[-119.0415,46.19267],[-119.03192,46.20746],[-118.97478,46.23818],[-118.86346,46.25139],[-118.82407,46.28488],[-118.77734,46.29015],[-118.84496,46.30546],[-118.85941,46.28409],[-118.95144,46.28274],[-118.95191,46.31423],[-118.98823,46.32929],[-118.98834,46.30012],[-119.11646,46.28543],[-119.11452,46.37256],[-119.22708,46.38754],[-119.26937,46.37029],[-119.25843,46.48947],[-119.26965,46.52036],[-119.36736,46.58266],[-119.40467,46.61494],[-119.41305,46.65263],[-119.45748,46.67475]]]}},{"type":"Feature","properties":{"id":"419","riding_id":"53006","FEDNUM":"53006","name_en":"Congressional District 6","name_fr":"Congressional District 6","state":""},"geometry":{"type":"Polygon","coordinates":[[[-124.84897,48.18137],[-124.82768,48.21383],[-124.7805,48.22858],[-124.78874,48.26637],[-124.76139,48.29569],[-124.81791,48.391],[-124.80118,48.42324],[-124.74584,48.44566],[-124.77226,48.47381],[-124.76303,48.49978],[-124.01206,48.29667],[-123.54122,48.22455],[-122.86308,48.37036],[-122.85209,48.22646],[-122.7033,48.13442],[-122.65651,48.12482],[-122.62627,47.9932],[-122.58288,47.95513],[-122.50181,47.92971],[-122.43268,47.84204],[-122.44292,47.78983],[-122.42715,47.74536],[-122.4597,47.67579],[-122.44485,47.54333],[-122.48002,47.52174],[-122.51889,47.46244],[-122.53893,47.33992],[-122.49408,47.31731],[-122.43725,47.33372],[-122.33491,47.25737],[-122.29457,47.25721],[-122.2939,47.24274],[-122.32646,47.23833],[-122.3204,47.20702],[-122.41916,47.23792],[-122.45227,47.22314],[-122.45258,47.18462],[-122.50498,47.1847],[-122.52151,47.19889],[-122.50523,47.19434],[-122.50495,47.24291],[-122.55838,47.23535],[-122.56544,47.24682],[-122.60054,47.20972],[-122.62214,47.20922],[-122.67534,47.25132],[-122.73254,47.20582],[-122.71104,47.19596],[-122.75951,47.14131],[-122.82058,47.19422],[-122.89554,47.15714],[-122.93816,47.19032],[-123.00683,47.14799],[-123.02136,47.11809],[-123.07365,47.10624],[-123.07503,47.08479],[-123.20189,47.08506],[-123.2031,46.99697],[-123.15836,46.99587],[-123.16059,46.79338],[-124.1812,46.79374],[-124.20683,46.87072],[-124.24664,46.91781],[-124.24413,47.05865],[-124.30637,47.24808],[-124.3513,47.27639],[-124.35964,47.30934],[-124.39135,47.32977],[-124.41939,47.38398],[-124.40654,47.42802],[-124.4614,47.62496],[-124.51492,47.62371],[-124.55463,47.64443],[-124.56655,47.68024],[-124.5403,47.71645],[-124.64184,47.81942],[-124.70418,47.85474],[-124.75379,47.91052],[-124.75818,47.94398],[-124.7952,47.96651],[-124.80115,48.03781],[-124.78519,48.08711],[-124.84897,48.18137]]]}},{"type":"Feature","properties":{"id":"423","riding_id":"53007","FEDNUM":"53007","name_en":"Congressional District 7","name_fr":"Congressional District 7","state":""},"geometry":{"type":"Polygon","coordinates":[[[-122.54166,47.34919],[-122.51889,47.46244],[-122.48002,47.52174],[-122.44485,47.54333],[-122.4597,47.67579],[-122.42715,47.74536],[-122.43809,47.77781],[-122.27103,47.7771],[-122.27192,47.72043],[-122.22973,47.66778],[-122.25818,47.64497],[-122.26515,47.60132],[-122.29677,47.60165],[-122.2962,47.61294],[-122.3303,47.60323],[-122.32137,47.55817],[-122.29137,47.52446],[-122.31846,47.53177],[-122.29225,47.48878],[-122.31158,47.48857],[-122.32343,47.46601],[-122.32167,47.44027],[-122.3358,47.43127],[-122.32685,47.40767],[-122.36504,47.40872],[-122.35103,47.37812],[-122.4677,47.31943],[-122.52042,47.32278],[-122.54166,47.34919]]]}},{"type":"Feature","properties":{"id":"417","riding_id":"53008","FEDNUM":"53008","name_en":"Congressional District 8","name_fr":"Congressional District 8","state":""},"geometry":{"type":"Polygon","coordinates":[[[-122.56623,46.94042],[-122.54793,46.98885],[-122.53371,46.99052],[-122.53892,47.00427],[-122.4351,47.0842],[-122.43259,47.06796],[-122.39824,47.05334],[-122.40036,47.06799],[-122.32628,47.07149],[-122.2938,47.08187],[-122.29356,47.09646],[-122.23145,47.08607],[-122.24432,47.11071],[-122.24162,47.18635],[-122.19494,47.19194],[-122.19249,47.20936],[-122.21883,47.21717],[-122.2187,47.24173],[-122.18689,47.25339],[-122.22949,47.25754],[-122.22889,47.2756],[-122.21341,47.27684],[-122.21338,47.30387],[-122.17861,47.32979],[-122.18679,47.38692],[-122.1586,47.41407],[-122.1758,47.43028],[-122.12448,47.43739],[-122.16415,47.47771],[-122.12162,47.47373],[-122.14863,47.50196],[-122.143,47.52722],[-122.10052,47.54493],[-122.09653,47.60231],[-122.07931,47.62303],[-122.09815,47.64838],[-122.07898,47.66447],[-122.08857,47.7155],[-122.11055,47.71445],[-122.12594,47.74734],[-122.11294,47.77595],[-122.00037,47.77539],[-122.00493,47.80894],[-122.0379,47.82294],[-121.99803,47.82731],[-121.93221,47.87219],[-121.94877,47.95309],[-122.0002,47.96339],[-122.01289,47.99628],[-122.01048,48.0362],[-122.02961,48.04791],[-122.01289,48.08313],[-122.05917,48.08643],[-122.05401,48.10863],[-122.07572,48.10839],[-122.07732,48.13653],[-122.11411,48.15482],[-122.10738,48.20711],[-122.18017,48.16699],[-122.30399,48.29758],[-121.00166,48.29601],[-121.07159,48.3178],[-121.0695,48.33896],[-121.04051,48.34847],[-121.06643,48.39354],[-121.04159,48.41127],[-121.04037,48.4444],[-121.0633,48.46003],[-121.03623,48.4953],[-120.95195,48.49921],[-120.9505,48.52958],[-120.86321,48.53007],[-120.84466,48.55055],[-120.78793,48.5071],[-120.65228,48.53694],[-120.6572,48.50731],[-120.62841,48.4969],[-120.65354,48.48078],[-120.63241,48.46877],[-120.66882,48.44973],[-120.64165,48.41112],[-120.64993,48.39814],[-120.56319,48.37085],[-120.58682,48.32032],[-120.51029,48.3113],[-120.46912,48.26898],[-120.35554,48.21842],[-120.34628,48.19999],[-120.36226,48.16475],[-120.34858,48.14428],[-120.31961,48.12442],[-120.29104,48.12958],[-120.21306,48.07904],[-120.14342,48.06522],[-120.13167,48.05459],[-120.14901,48.05223],[-120.14639,48.03734],[-120.09018,48.01801],[-120.06655,47.9664],[-119.87059,47.96046],[-119.85994,47.94315],[-119.91257,47.90449],[-119.91501,47.86769],[-119.96013,47.84581],[-119.99495,47.78135],[-120.08731,47.76321],[-120.13091,47.7766],[-120.2094,47.74836],[-120.22286,47.72331],[-120.19905,47.68228],[-120.23694,47.63178],[-120.2396,47.58419],[-120.29281,47.53817],[-120.31659,47.47127],[-120.29753,47.46339],[-120.31237,47.45893],[-120.31138,47.44205],[-120.28653,47.39311],[-120.12957,47.36625],[-120.08631,47.33894],[-120.0909,47.2401],[-120.00394,47.21604],[-120.00146,47.12755],[-120.04227,47.06885],[-120.00857,47.03625],[-120.00112,46.99364],[-119.9658,46.94328],[-119.96458,46.8572],[-119.92561,46.81143],[-119.97304,46.73713],[-120.51,46.73795],[-120.50861,46.82486],[-120.63398,46.82578],[-120.63456,46.91213],[-121.02662,46.91131],[-121.08996,46.9693],[-121.09005,46.99101],[-121.28072,47.08873],[-121.35924,47.07074],[-121.3818,47.08615],[-121.37425,47.05644],[-121.3998,47.03346],[-121.40912,46.99519],[-121.45773,46.96404],[-121.45645,46.92358],[-121.51425,46.89099],[-121.52307,46.87278],[-121.49734,46.86287],[-121.44253,46.79299],[-121.45522,46.7838],[-121.75859,46.78379],[-121.84189,46.72845],[-121.95424,46.75502],[-122.0408,46.74236],[-122.17788,46.7552],[-122.24062,46.77593],[-122.26615,46.76554],[-122.309,46.78959],[-122.30358,46.82812],[-122.32491,46.83034],[-122.32768,46.84434],[-122.40833,46.84255],[-122.49004,46.86688],[-122.4978,46.90884],[-122.56623,46.94042]]]}},{"type":"Feature","properties":{"id":"415","riding_id":"53009","FEDNUM":"53009","name_en":"Congressional District 9","name_fr":"Congressional District 9","state":""},"geometry":{"type":"Polygon","coordinates":[[[-122.43725,47.33372],[-122.35103,47.37812],[-122.36504,47.40872],[-122.32951,47.40439],[-122.32343,47.46601],[-122.31158,47.48857],[-122.29225,47.48878],[-122.31846,47.53177],[-122.29137,47.52446],[-122.32178,47.55911],[-122.32449,47.60862],[-122.26515,47.60132],[-122.26365,47.61312],[-122.22043,47.59682],[-122.21773,47.61112],[-122.19648,47.59434],[-122.17499,47.6191],[-122.09653,47.60231],[-122.10052,47.54493],[-122.143,47.52722],[-122.14864,47.50287],[-122.12162,47.47373],[-122.16415,47.47771],[-122.12448,47.43739],[-122.1758,47.43028],[-122.1586,47.41407],[-122.18679,47.38692],[-122.17861,47.32979],[-122.20573,47.31546],[-122.2295,47.25756],[-122.33491,47.25737],[-122.43725,47.33372]]]}},{"type":"Feature","properties":{"id":"421","riding_id":"53010","FEDNUM":"53010","name_en":"Congressional District 10","name_fr":"Congressional District 10","state":""},"geometry":{"type":"Polygon","coordinates":[[[-123.20308,46.99708],[-123.20189,47.08506],[-123.07503,47.08479],[-123.07365,47.10624],[-123.02136,47.11809],[-123.00683,47.14799],[-122.96122,47.16444],[-122.93989,47.18993],[-122.89554,47.15714],[-122.82058,47.19422],[-122.75951,47.14131],[-122.71104,47.19596],[-122.73254,47.20582],[-122.67534,47.25132],[-122.62214,47.20922],[-122.60054,47.20972],[-122.56544,47.24682],[-122.55838,47.23535],[-122.50495,47.24291],[-122.50523,47.19434],[-122.52115,47.19552],[-122.45258,47.18462],[-122.45227,47.22314],[-122.41847,47.23811],[-122.3204,47.20702],[-122.32646,47.23833],[-122.2939,47.24274],[-122.29485,47.25725],[-122.18689,47.25405],[-122.2187,47.24173],[-122.21883,47.21717],[-122.19249,47.20936],[-122.19494,47.19194],[-122.24162,47.18635],[-122.24432,47.11071],[-122.23163,47.08584],[-122.29356,47.09646],[-122.2938,47.08187],[-122.32628,47.07149],[-122.40036,47.06799],[-122.39824,47.05334],[-122.43259,47.06796],[-122.4351,47.0842],[-122.54309,46.99927],[-122.53371,46.99052],[-122.54793,46.98885],[-122.56369,46.92718],[-122.6434,46.93801],[-122.63539,46.92361],[-122.69111,46.916],[-122.71266,46.87595],[-122.79337,46.85889],[-122.85259,46.8639],[-122.98944,46.80963],[-122.98905,46.82244],[-123.0486,46.82911],[-123.03942,46.8584],[-123.08821,46.85423],[-123.13207,46.82925],[-123.13256,46.84143],[-123.16052,46.83748],[-123.15836,46.99587],[-123.20308,46.99708]]]}},{"type":"Feature","properties":{"id":"424","riding_id":"54001","FEDNUM":"54001","name_en":"Congressional District 1","name_fr":"Congressional District 1","state":""},"geometry":{"type":"Polygon","coordinates":[[[-82.64459,38.1659],[-82.6116,38.17134],[-82.59829,38.21736],[-82.61222,38.2363],[-82.57462,38.26394],[-82.58303,38.29681],[-82.57176,38.31719],[-82.59812,38.34593],[-82.59348,38.42182],[-82.54101,38.4038],[-82.33034,38.4445],[-82.30422,38.49631],[-82.29127,38.57898],[-82.26207,38.59818],[-82.20517,38.59172],[-82.17727,38.60378],[-82.18797,38.73308],[-82.22157,38.78719],[-82.14547,38.83968],[-82.14317,38.89808],[-82.03775,39.02387],[-82.0045,39.02889],[-81.97937,38.99319],[-81.93319,38.98766],[-81.89847,38.9296],[-81.928,38.89349],[-81.88923,38.87428],[-81.85597,38.89273],[-81.82735,38.9459],[-81.77411,38.92296],[-81.75613,38.93355],[-81.78159,38.96227],[-81.76425,39.01528],[-81.80805,39.05378],[-81.81065,39.08328],[-81.77555,39.07838],[-81.74725,39.09538],[-81.58145,39.02618],[-81.42491,39.13568],[-81.29802,39.18557],[-81.32913,39.15007],[-81.26336,39.10697],[-81.25723,39.0718],[-81.27394,39.05918],[-81.25368,39.05607],[-81.24899,39.03448],[-81.21074,39.04518],[-81.1629,39.03052],[-81.12963,39.04518],[-81.09213,39.01498],[-81.00723,39.00879],[-80.83502,39.08238],[-80.81297,39.1094],[-80.72833,39.09568],[-80.71681,39.00843],[-80.59709,38.89606],[-80.5864,38.86141],[-80.52377,38.8628],[-80.47381,38.83323],[-80.48553,38.8003],[-80.44209,38.77185],[-80.45261,38.73323],[-80.3533,38.73069],[-80.33126,38.71807],[-80.31973,38.68488],[-80.28006,38.69487],[-80.18393,38.52539],[-80.24552,38.38846],[-80.11692,38.47395],[-80.0284,38.45917],[-79.86325,38.55082],[-79.84668,38.62961],[-79.83044,38.6362],[-79.77748,38.73951],[-79.73078,38.71241],[-79.73898,38.67951],[-79.71018,38.68571],[-79.67898,38.66451],[-79.66098,38.69021],[-79.62708,38.67891],[-79.63548,38.66111],[-79.59556,38.66305],[-79.59767,38.68761],[-79.50857,38.78441],[-79.53907,38.84141],[-79.51267,38.86721],[-79.51967,38.89201],[-79.44447,38.89861],[-79.45457,38.93021],[-79.37487,38.92081],[-79.34987,38.95751],[-79.05725,38.76141],[-79.08725,38.72011],[-79.09275,38.65982],[-79.12976,38.65502],[-79.21059,38.49291],[-79.28294,38.4181],[-79.31228,38.41188],[-79.47664,38.45723],[-79.53687,38.55092],[-79.64917,38.59141],[-79.66978,38.55032],[-79.66217,38.51522],[-79.69757,38.48722],[-79.68967,38.43146],[-79.72951,38.38119],[-79.7256,38.36383],[-79.76443,38.35651],[-79.81015,38.30671],[-79.78894,38.2687],[-79.92007,38.18253],[-79.91866,38.15479],[-79.94526,38.13224],[-79.9264,38.10654],[-79.99938,37.99491],[-80.1622,37.87512],[-80.22769,37.79789],[-80.21661,37.77596],[-80.25741,37.75608],[-80.25308,37.7259],[-80.29592,37.69284],[-80.2675,37.64616],[-80.22098,37.62777],[-80.3285,37.56432],[-80.3122,37.54622],[-80.33037,37.53627],[-80.28239,37.53352],[-80.29979,37.50827],[-80.47546,37.42295],[-80.49486,37.43507],[-80.51139,37.48167],[-80.55204,37.47356],[-80.77008,37.37236],[-80.78419,37.39459],[-80.85946,37.42949],[-80.88325,37.38393],[-80.84945,37.34691],[-80.89916,37.31568],[-80.96656,37.29216],[-80.97959,37.30228],[-81.10415,37.28061],[-81.2251,37.23487],[-81.36282,37.3381],[-81.39429,37.31641],[-81.41603,37.27363],[-81.48014,37.25112],[-81.4991,37.25795],[-81.50764,37.23371],[-81.56063,37.20666],[-81.67822,37.20154],[-81.72306,37.24049],[-81.74012,37.23775],[-81.75714,37.27615],[-81.84995,37.28523],[-81.86049,37.31594],[-81.92846,37.36046],[-81.93674,37.38073],[-81.92296,37.41139],[-81.93562,37.4384],[-81.99565,37.46983],[-81.92646,37.5147],[-81.94426,37.51328],[-81.94385,37.53116],[-81.96772,37.5331],[-81.97009,37.54672],[-82.01081,37.53287],[-82.04298,37.54806],[-82.04615,37.52794],[-82.07518,37.55585],[-82.13325,37.55283],[-82.14491,37.56766],[-82.12734,37.58655],[-82.15685,37.59272],[-82.16425,37.62029],[-82.1812,37.62151],[-82.17508,37.64783],[-82.19112,37.64459],[-82.18723,37.62698],[-82.2145,37.6254],[-82.23607,37.65963],[-82.30431,37.67609],[-82.29637,37.70219],[-82.33417,37.74277],[-82.31154,37.76458],[-82.33338,37.76441],[-82.32389,37.77499],[-82.38672,37.81822],[-82.40146,37.80967],[-82.39935,37.82952],[-82.42462,37.86145],[-82.40751,37.8673],[-82.41993,37.88487],[-82.46299,37.91482],[-82.47441,37.89995],[-82.48066,37.92617],[-82.50243,37.93345],[-82.46457,37.98388],[-82.51919,38.00113],[-82.54985,38.06945],[-82.63657,38.13802],[-82.64459,38.1659]]]}},{"type":"Feature","properties":{"id":"425","riding_id":"54002","FEDNUM":"54002","name_en":"Congressional District 2","name_fr":"Congressional District 2","state":""},"geometry":{"type":"Polygon","coordinates":[[[-81.75638,39.17801],[-81.72562,39.2159],[-81.6924,39.22644],[-81.69638,39.25704],[-81.67759,39.27417],[-81.57025,39.26767],[-81.55755,39.33877],[-81.46774,39.40378],[-81.42058,39.40038],[-81.37596,39.3417],[-81.27029,39.38605],[-81.21939,39.38681],[-81.18515,39.43148],[-81.13253,39.44627],[-81.07103,39.51561],[-80.97348,39.58845],[-80.92835,39.61655],[-80.88036,39.62071],[-80.8637,39.69172],[-80.82976,39.71184],[-80.86909,39.76636],[-80.82608,39.79858],[-80.82612,39.84424],[-80.79076,39.86728],[-80.80678,39.91631],[-80.75611,39.9134],[-80.76427,39.94996],[-80.74014,39.9708],[-80.73818,40.07861],[-80.70955,40.1003],[-80.70561,40.15348],[-80.6521,40.24497],[-80.6193,40.26517],[-80.5999,40.31767],[-80.60969,40.37495],[-80.63273,40.3905],[-80.61232,40.40276],[-80.5954,40.47532],[-80.66781,40.58354],[-80.62717,40.61994],[-80.5767,40.61422],[-80.51899,40.6388],[-80.51934,39.7214],[-79.47666,39.72108],[-79.48687,39.2059],[-79.42571,39.22531],[-79.34601,39.29396],[-79.2904,39.29945],[-79.28213,39.32327],[-79.25385,39.33714],[-79.25631,39.35723],[-79.21428,39.36348],[-79.17918,39.3965],[-79.16227,39.38813],[-79.15947,39.41704],[-79.14375,39.4052],[-79.11082,39.43185],[-79.10238,39.47639],[-79.0569,39.47067],[-79.04703,39.48335],[-78.95657,39.44033],[-78.95891,39.46284],[-78.91672,39.48632],[-78.8931,39.524],[-78.87515,39.52267],[-78.83924,39.56701],[-78.81585,39.56288],[-78.82572,39.58918],[-78.79646,39.6059],[-78.8014,39.62839],[-78.77528,39.64566],[-78.76466,39.64589],[-78.77762,39.622],[-78.73319,39.6153],[-78.7768,39.60413],[-78.76706,39.58751],[-78.73339,39.58646],[-78.72459,39.56392],[-78.68956,39.54582],[-78.47194,39.51594],[-78.44864,39.53996],[-78.46112,39.55083],[-78.43786,39.53852],[-78.43772,39.55337],[-78.41702,39.54856],[-78.45677,39.58761],[-78.39484,39.58515],[-78.43014,39.62342],[-78.37561,39.60831],[-78.38236,39.62779],[-78.35551,39.62611],[-78.35532,39.64066],[-78.26609,39.61906],[-78.22383,39.66054],[-78.23257,39.67358],[-78.17654,39.69598],[-78.08056,39.6705],[-78.01011,39.60304],[-77.95504,39.60808],[-77.9461,39.58479],[-77.94109,39.61903],[-77.89197,39.59776],[-77.88492,39.61583],[-77.83415,39.60337],[-77.83609,39.56666],[-77.88874,39.55541],[-77.86527,39.53841],[-77.86118,39.51429],[-77.82474,39.52848],[-77.84538,39.49811],[-77.76634,39.49624],[-77.7972,39.48014],[-77.7776,39.46225],[-77.79801,39.46077],[-77.78526,39.4454],[-77.80321,39.43711],[-77.75294,39.42304],[-77.73574,39.38946],[-77.75298,39.38168],[-77.74366,39.35919],[-77.76086,39.34003],[-77.71952,39.32131],[-77.7701,39.25637],[-77.8283,39.13243],[-78.34709,39.46601],[-78.35992,39.40903],[-78.34321,39.38881],[-78.36687,39.35929],[-78.33928,39.3486],[-78.41942,39.25748],[-78.39967,39.24387],[-78.43869,39.19809],[-78.4037,39.16745],[-78.5719,39.032],[-78.55047,39.01806],[-78.60165,38.9646],[-78.6278,38.98179],[-78.69744,38.91436],[-78.71929,38.90523],[-78.71708,38.93603],[-78.78602,38.88719],[-78.86897,38.76314],[-78.994,38.8501],[-79.02725,38.79211],[-79.05495,38.78571],[-79.05725,38.76141],[-79.34987,38.95751],[-79.37487,38.92081],[-79.45457,38.93021],[-79.44447,38.89861],[-79.51967,38.89201],[-79.51267,38.86721],[-79.53907,38.84141],[-79.50857,38.78441],[-79.59767,38.68761],[-79.59556,38.66305],[-79.63548,38.66111],[-79.62708,38.67891],[-79.66098,38.69021],[-79.67898,38.66451],[-79.71018,38.68571],[-79.73898,38.67951],[-79.73078,38.71241],[-79.77748,38.73951],[-79.83044,38.6362],[-79.84668,38.62961],[-79.86325,38.55082],[-80.0284,38.45917],[-80.11692,38.47395],[-80.24552,38.38846],[-80.18393,38.52539],[-80.28006,38.69487],[-80.31973,38.68488],[-80.33126,38.71807],[-80.3533,38.73069],[-80.45261,38.73323],[-80.44209,38.77185],[-80.48553,38.8003],[-80.47381,38.83323],[-80.52377,38.8628],[-80.5864,38.86141],[-80.59709,38.89606],[-80.71681,39.00843],[-80.72833,39.09568],[-80.81297,39.1094],[-80.83502,39.08238],[-81.00723,39.00879],[-81.09213,39.01498],[-81.12963,39.04518],[-81.1629,39.03052],[-81.21074,39.04518],[-81.24899,39.03448],[-81.25368,39.05607],[-81.27394,39.05918],[-81.25723,39.0718],[-81.26336,39.10697],[-81.32913,39.15007],[-81.29802,39.18557],[-81.42491,39.13568],[-81.58145,39.02618],[-81.74725,39.09538],[-81.75638,39.17801]]]}},{"type":"Feature","properties":{"id":"427","riding_id":"55001","FEDNUM":"55001","name_en":"Congressional District 1","name_fr":"Congressional District 1","state":""},"geometry":{"type":"Polygon","coordinates":[[[-89.13109,42.75224],[-89.01365,42.76018],[-89.01352,42.84763],[-88.42407,42.84259],[-88.42602,42.75624],[-88.31041,42.75551],[-88.30638,42.8421],[-88.06992,42.84332],[-88.06929,42.95237],[-87.98864,42.95213],[-87.9405,42.9209],[-87.88913,42.92269],[-87.894,42.97328],[-87.85325,42.98646],[-87.88774,43.01933],[-87.87812,43.04232],[-87.09753,43.04232],[-87.01986,42.49376],[-89.06744,42.49625],[-89.08085,42.52559],[-89.07078,42.55469],[-89.04507,42.54715],[-89.0558,42.52637],[-89.01162,42.54671],[-89.01124,42.56853],[-89.00263,42.53933],[-88.94779,42.53847],[-88.97477,42.54668],[-88.9952,42.63423],[-89.02616,42.63094],[-89.02584,42.60614],[-89.05254,42.60761],[-89.06555,42.63893],[-89.08039,42.62806],[-89.05999,42.66056],[-89.08072,42.67595],[-89.07222,42.72044],[-89.06194,42.7188],[-89.10446,42.73032],[-89.10403,42.71575],[-89.12166,42.71589],[-89.13109,42.75224]]]}},{"type":"Feature","properties":{"id":"432","riding_id":"55002","FEDNUM":"55002","name_en":"Congressional District 2","name_fr":"Congressional District 2","state":""},"geometry":{"type":"Polygon","coordinates":[[[-90.42638,42.50708],[-90.42982,43.20094],[-90.2978,43.20821],[-90.19381,43.16446],[-90.19178,43.46738],[-90.14754,43.46037],[-90.10998,43.50397],[-90.11132,43.4822],[-90.07317,43.48216],[-90.07239,43.64173],[-89.78581,43.64105],[-89.76746,43.60631],[-89.71765,43.59761],[-89.73055,43.57044],[-89.59936,43.55804],[-89.60073,43.38067],[-89.67927,43.36019],[-89.72363,43.31445],[-89.72046,43.29308],[-89.00914,43.28483],[-89.01365,42.76018],[-89.13108,42.75955],[-89.13099,42.72544],[-89.10403,42.71575],[-89.10446,42.73032],[-89.08,42.73022],[-89.06194,42.7188],[-89.07222,42.72044],[-89.08072,42.67595],[-89.05999,42.66056],[-89.08039,42.62806],[-89.06555,42.63893],[-89.05254,42.60761],[-89.02584,42.60614],[-89.02616,42.63094],[-88.9952,42.63423],[-88.97477,42.54668],[-88.9478,42.53837],[-89.00263,42.53933],[-89.01124,42.56853],[-89.01162,42.54671],[-89.0558,42.52637],[-89.04507,42.54715],[-89.07078,42.55469],[-89.08085,42.52559],[-89.06744,42.49625],[-90.42638,42.50708]]]}},{"type":"Feature","properties":{"id":"426","riding_id":"55003","FEDNUM":"55003","name_en":"Congressional District 3","name_fr":"Congressional District 3","state":""},"geometry":{"type":"Polygon","coordinates":[[[-92.80841,44.75186],[-92.76593,44.83563],[-92.7695,44.862],[-92.13635,44.85785],[-92.13611,45.12139],[-92.15707,45.12161],[-92.15646,45.20955],[-91.66565,45.20799],[-91.65139,45.02978],[-91.52898,45.03091],[-91.52873,44.94446],[-91.42045,44.94438],[-91.4039,44.9517],[-91.40755,44.96613],[-91.38742,44.95176],[-91.35789,44.96602],[-91.34621,44.95566],[-91.36295,44.94596],[-91.33676,44.93696],[-91.30447,44.96665],[-91.27058,44.94634],[-91.22771,44.949],[-91.22683,44.85693],[-91.14083,44.85691],[-91.10512,44.85707],[-91.10577,44.94431],[-90.92267,44.94443],[-90.92235,44.59629],[-91.04381,44.59664],[-91.04407,44.42257],[-90.92308,44.42262],[-90.92301,44.4443],[-90.84239,44.4331],[-90.85507,44.47297],[-90.84276,44.47307],[-90.83135,44.4405],[-90.81206,44.43696],[-90.84194,44.42804],[-90.82246,44.40625],[-90.80217,44.40679],[-90.80185,44.42245],[-90.55875,44.42221],[-90.55279,43.98586],[-90.50484,43.99363],[-90.525,44.00421],[-90.50478,44.02635],[-90.44025,43.98673],[-90.19183,43.98127],[-90.19174,43.90044],[-90.15169,43.88582],[-90.11265,43.92301],[-90.03445,43.93085],[-90.02683,43.90729],[-89.98068,43.90562],[-89.98096,43.91769],[-89.9521,43.9242],[-89.9663,43.98925],[-90.00589,44.00839],[-89.99847,44.02255],[-90.02595,44.09175],[-90.00404,44.10335],[-90.00706,44.12161],[-89.97573,44.12391],[-89.97048,44.16711],[-89.92868,44.1503],[-89.92404,44.17747],[-89.90281,44.17868],[-89.90359,44.19143],[-89.92702,44.19367],[-89.90501,44.2016],[-89.92483,44.21353],[-89.89764,44.22811],[-89.90278,44.24947],[-90.08082,44.24904],[-90.07953,44.42429],[-89.9636,44.42356],[-89.96397,44.47087],[-89.97919,44.48892],[-89.96428,44.48912],[-89.96401,44.68483],[-89.22374,44.68136],[-89.22481,44.24339],[-89.59798,44.24573],[-89.59955,43.64264],[-90.07239,43.64173],[-90.07317,43.48216],[-90.11132,43.4822],[-90.10998,43.50397],[-90.14754,43.46037],[-90.19178,43.46738],[-90.19381,43.16446],[-90.2978,43.20821],[-90.42982,43.20094],[-90.42638,42.50717],[-90.64284,42.50848],[-90.64469,42.54132],[-90.7092,42.63608],[-90.94921,42.68557],[-91.05373,42.73824],[-91.10057,42.88308],[-91.14479,42.906],[-91.14593,42.96077],[-91.17946,43.06743],[-91.17793,43.12888],[-91.05792,43.25537],[-91.10724,43.31365],[-91.21477,43.36587],[-91.19767,43.39533],[-91.23337,43.45517],[-91.21735,43.51247],[-91.24318,43.54031],[-91.23186,43.58182],[-91.26875,43.61535],[-91.27325,43.66662],[-91.24413,43.77467],[-91.28414,43.84707],[-91.36664,43.93746],[-91.43927,44.00099],[-91.59207,44.03137],[-91.70749,44.10391],[-91.72155,44.13034],[-91.87516,44.20058],[-91.89639,44.27469],[-91.92461,44.29181],[-91.91863,44.32267],[-91.96681,44.36399],[-92.05649,44.40273],[-92.23086,44.4445],[-92.291,44.48546],[-92.33611,44.554],[-92.54889,44.56825],[-92.56895,44.60337],[-92.62164,44.61493],[-92.63202,44.64919],[-92.80841,44.75186]]]}},{"type":"Feature","properties":{"id":"431","riding_id":"55004","FEDNUM":"55004","name_en":"Congressional District 4","name_fr":"Congressional District 4","state":""},"geometry":{"type":"Polygon","coordinates":[[[-88.06699,43.03091],[-88.06335,43.19212],[-87.11901,43.19082],[-87.09753,43.04232],[-87.87812,43.04232],[-87.88774,43.01933],[-87.85325,42.98646],[-87.894,42.97328],[-87.88913,42.92269],[-87.9306,42.92082],[-87.96468,42.93836],[-87.94909,42.94368],[-87.95326,42.9807],[-87.96825,42.9727],[-87.97403,42.98532],[-87.97769,42.96665],[-87.98826,42.96663],[-87.98225,42.98095],[-87.98827,42.96959],[-88.03768,42.97363],[-88.0358,43.00261],[-88.01714,43.01067],[-88.06699,43.03091]]]}},{"type":"Feature","properties":{"id":"429","riding_id":"55005","FEDNUM":"55005","name_en":"Congressional District 5","name_fr":"Congressional District 5","state":""},"geometry":{"type":"Polygon","coordinates":[[[-89.01358,42.84942],[-89.00612,43.45876],[-88.88853,43.45911],[-88.86755,43.49162],[-88.85625,43.42942],[-88.80466,43.45891],[-88.80521,43.50267],[-88.76538,43.50241],[-88.76477,43.45883],[-88.45029,43.45689],[-88.44548,43.52555],[-88.48992,43.50044],[-88.48993,43.53661],[-88.52124,43.52947],[-88.52129,43.54394],[-88.44248,43.54378],[-88.42986,43.55742],[-88.41147,43.54358],[-88.04053,43.54236],[-88.03999,43.36771],[-88.06243,43.36729],[-88.06699,43.03088],[-88.01714,43.01067],[-88.0358,43.00261],[-88.03768,42.97363],[-87.98827,42.96959],[-87.98225,42.98095],[-87.98826,42.96663],[-87.97769,42.96665],[-87.97403,42.98532],[-87.96825,42.9727],[-87.95326,42.9807],[-87.94909,42.94368],[-87.96468,42.93836],[-87.94938,42.93037],[-87.96925,42.93039],[-87.98864,42.95213],[-88.06929,42.95237],[-88.06992,42.84332],[-88.30638,42.8421],[-88.31041,42.75551],[-88.4259,42.75624],[-88.42407,42.84259],[-89.01358,42.84942]]]}},{"type":"Feature","properties":{"id":"430","riding_id":"55006","FEDNUM":"55006","name_en":"Congressional District 6","name_fr":"Congressional District 6","state":""},"geometry":{"type":"Polygon","coordinates":[[[-89.78555,43.64105],[-89.59955,43.64264],[-89.59798,44.24573],[-88.7662,44.24337],[-88.76522,44.16946],[-88.72502,44.18781],[-88.70467,44.16962],[-88.66533,44.16964],[-88.66526,44.15515],[-88.60455,44.17003],[-88.60525,44.19914],[-88.56468,44.19964],[-88.56498,44.24371],[-88.40407,44.2441],[-88.40351,44.00129],[-88.15117,44.00024],[-88.15081,43.97888],[-88.04214,43.97918],[-88.04324,44.24102],[-87.88809,44.24046],[-87.88753,44.32759],[-86.9234,44.32883],[-87.01323,44.13191],[-87.12508,43.67045],[-87.14717,43.37986],[-87.11901,43.19082],[-88.06335,43.19212],[-88.06243,43.36729],[-88.03999,43.36776],[-88.04053,43.54236],[-88.41147,43.54358],[-88.42986,43.55742],[-88.44248,43.54378],[-88.52129,43.54394],[-88.52124,43.52947],[-88.48993,43.53661],[-88.48992,43.50044],[-88.44548,43.52555],[-88.45029,43.45689],[-88.76477,43.45883],[-88.76538,43.50241],[-88.80521,43.50267],[-88.80466,43.45891],[-88.85625,43.42942],[-88.86755,43.49162],[-88.88853,43.45911],[-89.00612,43.45876],[-89.00914,43.28483],[-89.72046,43.29308],[-89.72363,43.31445],[-89.67927,43.36019],[-89.60073,43.38067],[-89.59936,43.55804],[-89.73055,43.57044],[-89.71765,43.59761],[-89.76746,43.60631],[-89.78555,43.64105]]]}},{"type":"Feature","properties":{"id":"433","riding_id":"55007","FEDNUM":"55007","name_en":"Congressional District 7","name_fr":"Congressional District 7","state":""},"geometry":{"type":"Polygon","coordinates":[[[-92.88943,45.6412],[-92.86919,45.71757],[-92.78462,45.7642],[-92.75781,45.80657],[-92.76515,45.83018],[-92.7125,45.89171],[-92.63882,45.93417],[-92.55193,45.95165],[-92.52705,45.98324],[-92.46976,45.97357],[-92.42856,46.02424],[-92.35176,46.01568],[-92.33291,46.0627],[-92.29403,46.07438],[-92.29129,46.66814],[-92.27059,46.65074],[-92.20709,46.65194],[-92.17588,46.68647],[-92.20469,46.70404],[-92.18909,46.71754],[-92.14673,46.71579],[-92.14329,46.73464],[-92.11659,46.74864],[-92.08949,46.74924],[-92.02029,46.70404],[-91.50018,46.91332],[-90.65466,47.30982],[-89.9571,47.2911],[-90.41839,46.5661],[-90.39326,46.53243],[-90.33223,46.55343],[-90.30944,46.53728],[-90.31655,46.5169],[-90.27694,46.52445],[-90.27255,46.50451],[-90.21664,46.50164],[-90.1187,46.35934],[-90.12143,46.33743],[-89.09164,46.13845],[-88.81603,46.02059],[-88.79618,46.03371],[-88.77874,46.03169],[-88.78016,46.01539],[-88.73898,46.02746],[-88.67887,46.0136],[-88.67083,45.98855],[-88.61596,45.9879],[-88.60118,46.01777],[-88.58827,46.0051],[-88.51469,46.02002],[-88.4921,45.9921],[-88.45867,45.99951],[-88.41638,45.97509],[-88.3805,45.99177],[-88.32728,45.95496],[-88.25008,45.96361],[-88.23345,45.9474],[-88.18985,45.95213],[-88.09519,45.91611],[-88.10126,45.88228],[-88.06976,45.87294],[-88.13621,45.81873],[-88.09475,45.78576],[-88.05825,45.78053],[-88.05925,45.71306],[-88.4253,45.72243],[-88.4281,45.37701],[-88.67799,45.37893],[-88.68007,45.20499],[-88.63817,45.20482],[-88.64116,45.11735],[-88.98246,45.118],[-88.98168,45.02892],[-89.22381,45.02925],[-89.22374,44.68136],[-89.96401,44.68483],[-89.96428,44.48912],[-89.97919,44.48892],[-89.96397,44.47087],[-89.9636,44.42356],[-90.07953,44.42429],[-90.08082,44.24904],[-89.90278,44.24947],[-89.89764,44.22811],[-89.92483,44.21353],[-89.90501,44.2016],[-89.92702,44.19367],[-89.90359,44.19143],[-89.90281,44.17868],[-89.92404,44.17747],[-89.92868,44.1503],[-89.97048,44.16711],[-89.97573,44.12391],[-90.00706,44.12161],[-90.00404,44.10335],[-90.02595,44.09175],[-89.99847,44.02255],[-90.00589,44.00839],[-89.9663,43.98925],[-89.9512,43.92659],[-89.98068,43.90562],[-90.02683,43.90729],[-90.03445,43.93085],[-90.11265,43.92301],[-90.15169,43.88582],[-90.19174,43.90044],[-90.19183,43.98127],[-90.44025,43.98673],[-90.50478,44.02635],[-90.525,44.00421],[-90.50484,43.99363],[-90.55279,43.98586],[-90.55875,44.42221],[-90.80185,44.42245],[-90.80217,44.40679],[-90.82246,44.40625],[-90.84194,44.42804],[-90.81206,44.43696],[-90.83135,44.4405],[-90.84276,44.47307],[-90.85507,44.47297],[-90.84239,44.4331],[-90.92301,44.4443],[-90.92308,44.42262],[-91.04407,44.42257],[-91.04381,44.59664],[-90.92235,44.59629],[-90.92267,44.94443],[-91.10577,44.94431],[-91.10512,44.85707],[-91.22683,44.85693],[-91.22771,44.949],[-91.27058,44.94634],[-91.31301,44.96844],[-91.33676,44.93696],[-91.36295,44.94596],[-91.34621,44.95566],[-91.35789,44.96602],[-91.38742,44.95176],[-91.40755,44.96613],[-91.4039,44.9517],[-91.42045,44.94438],[-91.52873,44.94446],[-91.52898,45.03091],[-91.65139,45.02978],[-91.66565,45.20799],[-92.15646,45.20955],[-92.15707,45.12161],[-92.13611,45.12139],[-92.13635,44.85785],[-92.7695,44.862],[-92.77457,44.89808],[-92.75065,44.9373],[-92.76945,44.97215],[-92.76206,45.02432],[-92.80312,45.06257],[-92.73958,45.1156],[-92.76681,45.18547],[-92.75171,45.21867],[-92.762,45.28821],[-92.70867,45.32252],[-92.70272,45.35847],[-92.65042,45.39851],[-92.6466,45.44163],[-92.72668,45.51446],[-92.72608,45.54111],[-92.77022,45.56694],[-92.88375,45.57548],[-92.88943,45.6412]]]}},{"type":"Feature","properties":{"id":"428","riding_id":"55008","FEDNUM":"55008","name_en":"Congressional District 8","name_fr":"Congressional District 8","state":""},"geometry":{"type":"Polygon","coordinates":[[[-89.22481,44.24384],[-89.22381,45.02925],[-88.98168,45.02892],[-88.98246,45.118],[-88.64116,45.11735],[-88.63817,45.20482],[-88.68007,45.20499],[-88.67799,45.37893],[-88.4281,45.37701],[-88.4253,45.72243],[-88.05925,45.71306],[-88.05825,45.78063],[-87.99335,45.79561],[-87.98966,45.77202],[-87.96345,45.75822],[-87.8769,45.75438],[-87.85459,45.7263],[-87.80714,45.70801],[-87.78101,45.67393],[-87.82419,45.66204],[-87.82439,45.64771],[-87.77468,45.60202],[-87.79237,45.56305],[-87.83369,45.56156],[-87.80339,45.53827],[-87.79277,45.49997],[-87.81298,45.46416],[-87.8617,45.43447],[-87.84932,45.40387],[-87.88805,45.3547],[-87.86917,45.36605],[-87.85013,45.34043],[-87.83261,45.35225],[-87.7541,45.34944],[-87.69396,45.38989],[-87.65735,45.36875],[-87.64813,45.3394],[-87.6875,45.29805],[-87.74181,45.19747],[-87.7361,45.17224],[-87.6839,45.14413],[-87.65995,45.10751],[-87.44251,45.07643],[-87.40569,45.20197],[-87.31542,45.24066],[-87.17117,45.35254],[-87.10113,45.44423],[-86.75424,45.44361],[-86.24955,45.23613],[-86.49993,45.0808],[-86.68629,44.881],[-86.9234,44.32883],[-87.88753,44.32759],[-87.88809,44.24046],[-88.04324,44.24102],[-88.04214,43.97918],[-88.15081,43.97888],[-88.15117,44.00024],[-88.40351,44.00129],[-88.40407,44.2441],[-88.56498,44.24371],[-88.56468,44.19964],[-88.60525,44.19914],[-88.60455,44.17003],[-88.66526,44.15515],[-88.66533,44.16964],[-88.70467,44.16962],[-88.72502,44.18781],[-88.76522,44.16946],[-88.7662,44.24337],[-89.22481,44.24384]]]}},{"type":"Feature","properties":{"id":"434","riding_id":"56000","FEDNUM":"56000","name_en":"Congressional District (at Large)","name_fr":"Congressional District (at Large)","state":""},"geometry":{"type":"Polygon","coordinates":[[[-111.05456,44.99974],[-104.05788,44.99761],[-104.05325,41.00141],[-111.04681,40.99788],[-111.05456,44.99974]]]}}]}
