{"type":"FeatureCollection","features":[{"type":"Feature","properties":{"riding_id":"00101","dept":"001","name":"Ain — 1ère circonscription"},"geometry":{"type":"Polygon","coordinates":[[[4.88821,46.40298],[4.89444,46.44537],[4.91453,46.48011],[4.9356,46.51423],[5.00637,46.5097],[5.05475,46.48428],[5.14104,46.50858],[5.20122,46.50782],[5.21506,46.46836],[5.27368,46.44859],[5.31056,46.44678],[5.30915,46.41026],[5.37788,46.38232],[5.37346,46.35224],[5.42353,46.34773],[5.43715,46.31513],[5.4753,46.31538],[5.45767,46.27685],[5.51137,46.26436],[5.4641,46.20435],[5.46167,46.17742],[5.40527,46.11827],[5.36708,46.04436],[5.32475,46.04179],[5.28697,45.987],[5.25446,46.04853],[5.2245,46.03459],[5.17652,46.06401],[5.19427,46.09137],[5.23549,46.10047],[5.23444,46.14543],[5.30754,46.15335],[5.29446,46.19393],[5.25824,46.21152],[5.23717,46.1953],[5.06812,46.20897],[5.06592,46.23156],[5.0226,46.27065],[5.01135,46.30423],[5.03497,46.33257],[5.00495,46.35621],[4.95872,46.3586],[4.89628,46.38462],[4.88821,46.40298]]]}},{"type":"Feature","properties":{"riding_id":"00102","dept":"001","name":"Ain — 2ème circonscription"},"geometry":{"type":"Polygon","coordinates":[[[5.43563,45.82977],[5.35493,45.88278],[5.30249,45.84813],[5.26689,45.78937],[5.22433,45.76884],[5.19102,45.77195],[5.15785,45.80322],[5.10107,45.81338],[4.97037,45.80738],[4.9238,45.804],[4.90057,45.8576],[4.8807,45.89717],[4.84912,45.91287],[4.76112,45.935],[4.73058,45.95073],[4.75461,45.97381],[4.74899,46.00376],[4.83199,46.00326],[4.83671,45.97318],[4.92773,45.98004],[5.00124,45.92773],[5.03817,45.93108],[5.07251,45.96657],[5.13954,45.97035],[5.20985,45.94511],[5.24854,45.95424],[5.36663,45.93637],[5.39077,45.90567],[5.4684,45.87506],[5.47856,45.83844],[5.43563,45.82977]]]}},{"type":"Feature","properties":{"riding_id":"00103","dept":"001","name":"Ain — 3ème circonscription"},"geometry":{"type":"Polygon","coordinates":[[[5.83123,45.93846],[5.8294,45.91399],[5.78693,45.82322],[5.77637,45.72792],[5.7092,45.68493],[5.6879,45.64396],[5.62375,45.61327],[5.61491,45.62541],[5.57885,45.66464],[5.61967,45.66755],[5.6053,45.70795],[5.57082,45.75338],[5.59065,45.76002],[5.59264,45.79913],[5.70164,45.8116],[5.75594,45.8095],[5.7694,45.86591],[5.7572,45.88145],[5.76729,45.92406],[5.74457,45.99341],[5.72083,46.02551],[5.72631,46.06793],[5.71485,46.09287],[5.74452,46.16087],[5.7008,46.17865],[5.71051,46.20417],[5.76291,46.20102],[5.77174,46.23719],[5.82577,46.24262],[5.82626,46.26172],[5.9092,46.28395],[5.94153,46.30926],[5.98412,46.36266],[6.06401,46.41623],[6.09753,46.40828],[6.16845,46.36746],[6.10237,46.28485],[6.12254,46.25334],[6.03451,46.23724],[5.96368,46.19697],[5.99324,46.18482],[5.95606,46.13209],[5.9204,46.13104],[5.88623,46.10962],[5.88999,46.08715],[5.81142,46.07843],[5.81229,45.98665],[5.83403,45.97203],[5.83123,45.93846]]]}},{"type":"Feature","properties":{"riding_id":"00104","dept":"001","name":"Ain — 4ème circonscription"},"geometry":{"type":"Polygon","coordinates":[[[4.88821,46.40298],[4.89628,46.38462],[4.95872,46.3586],[5.00495,46.35621],[5.03497,46.33257],[5.01135,46.30423],[5.0226,46.27065],[5.06592,46.23156],[5.06812,46.20897],[5.23717,46.1953],[5.25824,46.21152],[5.29446,46.19393],[5.30754,46.15335],[5.23444,46.14543],[5.23549,46.10047],[5.19427,46.09137],[5.17652,46.06401],[5.2245,46.03459],[5.25446,46.04853],[5.28697,45.987],[5.24854,45.95424],[5.20985,45.94511],[5.13954,45.97035],[5.07251,45.96657],[5.03817,45.93108],[5.00124,45.92773],[4.92773,45.98004],[4.83671,45.97318],[4.83199,46.00326],[4.74899,46.00376],[4.73962,46.04749],[4.76175,46.06744],[4.74802,46.09136],[4.79594,46.13916],[4.78021,46.17668],[4.81082,46.25455],[4.85142,46.32608],[4.85853,46.36802],[4.88821,46.40298]]]}},{"type":"Feature","properties":{"riding_id":"00105","dept":"001","name":"Ain — 5ème circonscription"},"geometry":{"type":"Polygon","coordinates":[[[5.51137,46.26436],[5.56467,46.29277],[5.59789,46.2979],[5.63746,46.33644],[5.68458,46.31093],[5.71455,46.30807],[5.72518,46.26069],[5.76605,46.26833],[5.82626,46.26172],[5.82577,46.24262],[5.77174,46.23719],[5.76291,46.20102],[5.71051,46.20417],[5.7008,46.17865],[5.74452,46.16087],[5.71485,46.09287],[5.72631,46.06793],[5.72083,46.02551],[5.74457,45.99341],[5.76729,45.92406],[5.7572,45.88145],[5.7694,45.86591],[5.75594,45.8095],[5.70164,45.8116],[5.59264,45.79913],[5.59065,45.76002],[5.57082,45.75338],[5.6053,45.70795],[5.61967,45.66755],[5.57885,45.66464],[5.55528,45.6716],[5.54554,45.71359],[5.484,45.75328],[5.42251,45.80713],[5.43563,45.82977],[5.47856,45.83844],[5.4684,45.87506],[5.39077,45.90567],[5.36663,45.93637],[5.24854,45.95424],[5.28697,45.987],[5.32475,46.04179],[5.36708,46.04436],[5.40527,46.11827],[5.46167,46.17742],[5.4641,46.20435],[5.51137,46.26436]]]}},{"type":"Feature","properties":{"riding_id":"00201","dept":"002","name":"Aisne — 1ère circonscription"},"geometry":{"type":"Polygon","coordinates":[[[3.32068,49.69935],[3.4285,49.71592],[3.48881,49.73764],[3.55622,49.71521],[3.64737,49.75957],[3.7078,49.71409],[3.68953,49.68273],[3.70618,49.64135],[3.73254,49.61396],[3.81716,49.6613],[3.84745,49.70452],[3.92396,49.67327],[3.97186,49.72541],[3.98687,49.76155],[4.03058,49.78466],[4.0885,49.7636],[4.11509,49.77498],[4.20994,49.78205],[4.24204,49.76547],[4.22541,49.72728],[4.18527,49.69887],[4.12702,49.67792],[4.11569,49.63326],[4.05056,49.63493],[4.02628,49.61992],[4.07677,49.57072],[4.05191,49.54507],[4.0745,49.51859],[4.04071,49.50854],[4.03758,49.43808],[4.04797,49.40564],[4.0355,49.3599],[3.96131,49.37734],[3.92482,49.40772],[3.85984,49.38153],[3.85606,49.36835],[3.74109,49.34759],[3.62135,49.42485],[3.59653,49.42492],[3.53793,49.50102],[3.49497,49.49711],[3.46582,49.47323],[3.41769,49.45818],[3.37647,49.4632],[3.39582,49.51928],[3.3599,49.53538],[3.41541,49.56135],[3.39067,49.58323],[3.33319,49.59275],[3.32066,49.62548],[3.35125,49.63884],[3.34773,49.66873],[3.32068,49.69935]]]}},{"type":"Feature","properties":{"riding_id":"00202","dept":"002","name":"Aisne — 2ème circonscription"},"geometry":{"type":"Polygon","coordinates":[[[3.3371,50.0174],[3.37472,49.98881],[3.33307,49.97693],[3.31565,49.95312],[3.3593,49.94092],[3.36567,49.91085],[3.46415,49.91684],[3.44917,49.85579],[3.42093,49.85275],[3.37992,49.82225],[3.41385,49.78675],[3.39251,49.76361],[3.4297,49.74406],[3.4285,49.71592],[3.32068,49.69935],[3.26789,49.70806],[3.21339,49.69869],[3.20223,49.68046],[3.14384,49.68188],[3.1204,49.70573],[3.08593,49.79175],[3.08784,49.86569],[3.11913,49.88302],[3.11762,49.91396],[3.19272,49.97754],[3.17271,50.01199],[3.22935,50.03019],[3.28036,50.01521],[3.3371,50.0174]]]}},{"type":"Feature","properties":{"riding_id":"00203","dept":"002","name":"Aisne — 3ème circonscription"},"geometry":{"type":"Polygon","coordinates":[[[4.20994,49.78205],[4.11509,49.77498],[4.0885,49.7636],[4.03058,49.78466],[3.98687,49.76155],[3.97186,49.72541],[3.92396,49.67327],[3.84745,49.70452],[3.81716,49.6613],[3.73254,49.61396],[3.70618,49.64135],[3.68953,49.68273],[3.7078,49.71409],[3.64737,49.75957],[3.55622,49.71521],[3.48881,49.73764],[3.4285,49.71592],[3.4297,49.74406],[3.39251,49.76361],[3.41385,49.78675],[3.37992,49.82225],[3.42093,49.85275],[3.44917,49.85579],[3.46415,49.91684],[3.36567,49.91085],[3.3593,49.94092],[3.31565,49.95312],[3.33307,49.97693],[3.37472,49.98881],[3.3371,50.0174],[3.35311,50.03572],[3.49011,50.01896],[3.54176,50.05197],[3.59422,50.04392],[3.61412,50.02506],[3.66396,50.05371],[3.71036,50.06649],[3.74575,50.05357],[3.83706,50.04781],[3.88232,50.03237],[3.94983,50.02689],[3.98231,50.04443],[3.98014,50.00356],[4.08444,49.97066],[4.1409,49.97876],[4.23307,49.95782],[4.21777,49.91626],[4.25573,49.90398],[4.20994,49.78205]]]}},{"type":"Feature","properties":{"riding_id":"00204","dept":"002","name":"Aisne — 4ème circonscription"},"geometry":{"type":"Polygon","coordinates":[[[3.37647,49.4632],[3.34524,49.45569],[3.34765,49.41737],[3.39361,49.36932],[3.3993,49.34767],[3.33575,49.32692],[3.29389,49.3002],[3.27829,49.32608],[3.2373,49.32429],[3.21552,49.29277],[3.17325,49.29897],[3.11002,49.33084],[3.0737,49.3175],[3.03633,49.32574],[3.09437,49.37853],[3.09443,49.43427],[3.12673,49.43182],[3.15521,49.45419],[3.10709,49.46823],[3.12128,49.49368],[3.09633,49.5179],[3.13148,49.54338],[3.12253,49.60203],[3.09938,49.65656],[3.12708,49.66953],[3.11865,49.70583],[3.1204,49.70573],[3.14384,49.68188],[3.20223,49.68046],[3.21339,49.69869],[3.26789,49.70806],[3.32068,49.69935],[3.34773,49.66873],[3.35125,49.63884],[3.32066,49.62548],[3.33319,49.59275],[3.39067,49.58323],[3.41541,49.56135],[3.3599,49.53538],[3.39582,49.51928],[3.37647,49.4632]]]}},{"type":"Feature","properties":{"riding_id":"00205","dept":"002","name":"Aisne — 5ème circonscription"},"geometry":{"type":"Polygon","coordinates":[[[3.37647,49.4632],[3.41769,49.45818],[3.46582,49.47323],[3.49497,49.49711],[3.53793,49.50102],[3.59653,49.42492],[3.62135,49.42485],[3.74109,49.34759],[3.66916,49.32475],[3.64326,49.29588],[3.67702,49.23708],[3.67667,49.20726],[3.74868,49.15853],[3.61982,49.14754],[3.61341,49.1159],[3.63224,49.08609],[3.58771,49.05935],[3.5852,49.03887],[3.65013,49.04136],[3.67772,49.01603],[3.63983,49.004],[3.62121,48.96603],[3.57444,48.93903],[3.56668,48.9135],[3.52858,48.91214],[3.48519,48.85191],[3.38233,48.87363],[3.3617,48.91956],[3.31308,48.92122],[3.26948,48.93745],[3.24952,48.97423],[3.16301,49.01994],[3.19067,49.04997],[3.15581,49.0855],[3.16523,49.09966],[3.07188,49.11755],[3.11095,49.17056],[3.10245,49.19731],[3.0157,49.21632],[2.97181,49.18753],[2.96435,49.23191],[3.03933,49.23046],[3.0346,49.28589],[2.99372,49.28842],[2.96426,49.32138],[3.00179,49.34015],[3.03633,49.32574],[3.0737,49.3175],[3.11002,49.33084],[3.17325,49.29897],[3.21552,49.29277],[3.2373,49.32429],[3.27829,49.32608],[3.29389,49.3002],[3.33575,49.32692],[3.3993,49.34767],[3.39361,49.36932],[3.34765,49.41737],[3.34524,49.45569],[3.37647,49.4632]]]}},{"type":"Feature","properties":{"riding_id":"00301","dept":"003","name":"Allier — 1ère circonscription"},"geometry":{"type":"Polygon","coordinates":[[[2.84573,46.72662],[2.88042,46.77003],[2.95992,46.80388],[3.03207,46.79491],[3.04969,46.75781],[3.12906,46.72749],[3.16741,46.69097],[3.20443,46.67875],[3.26854,46.71592],[3.29805,46.71588],[3.31805,46.68844],[3.36642,46.69068],[3.38071,46.71233],[3.43421,46.71222],[3.4553,46.6524],[3.48683,46.66056],[3.5489,46.70555],[3.62942,46.74946],[3.6228,46.7409],[3.67017,46.67238],[3.69594,46.66141],[3.71344,46.61072],[3.73456,46.60378],[3.75578,46.53615],[3.86383,46.51268],[3.86526,46.48965],[3.91649,46.4961],[3.96515,46.478],[3.92561,46.42925],[3.8874,46.45844],[3.8553,46.41158],[3.67243,46.44148],[3.60435,46.42233],[3.56615,46.44553],[3.53575,46.42449],[3.53925,46.38855],[3.47068,46.38345],[3.47628,46.36509],[3.52518,46.33444],[3.55651,46.27661],[3.51695,46.25013],[3.5418,46.21279],[3.48468,46.19057],[3.38115,46.21367],[3.36708,46.25078],[3.33661,46.26183],[3.27277,46.23078],[3.23137,46.17375],[3.1413,46.17361],[3.09351,46.20418],[3.08701,46.23733],[3.00362,46.28221],[3.02936,46.3134],[3.02932,46.3389],[2.98272,46.38678],[2.97869,46.43923],[2.90475,46.45996],[2.83703,46.49562],[2.89125,46.5223],[2.88036,46.5543],[2.93279,46.58908],[2.8796,46.64028],[2.84522,46.65323],[2.84573,46.72662]]]}},{"type":"Feature","properties":{"riding_id":"00302","dept":"003","name":"Allier — 2ème circonscription"},"geometry":{"type":"Polygon","coordinates":[[[2.84573,46.72662],[2.84522,46.65323],[2.8796,46.64028],[2.93279,46.58908],[2.88036,46.5543],[2.89125,46.5223],[2.83703,46.49562],[2.90475,46.45996],[2.97869,46.43923],[2.98272,46.38678],[3.02932,46.3389],[3.02936,46.3134],[3.00362,46.28221],[3.08701,46.23733],[3.09351,46.20418],[3.1413,46.17361],[3.11607,46.16168],[3.11306,46.08145],[3.09096,46.11173],[3.01692,46.10246],[2.97174,46.12169],[2.94347,46.16866],[2.91569,46.17413],[2.91582,46.21279],[2.93674,46.24313],[2.85976,46.25659],[2.81916,46.24179],[2.81731,46.20502],[2.78678,46.19865],[2.7326,46.22341],[2.7231,46.18152],[2.67657,46.1722],[2.65437,46.12526],[2.6372,46.11939],[2.56538,46.14304],[2.55916,46.17441],[2.5285,46.18494],[2.5152,46.23854],[2.48892,46.25001],[2.47022,46.28635],[2.38608,46.33197],[2.35793,46.32337],[2.31459,46.33464],[2.31248,46.37606],[2.28694,46.38331],[2.28105,46.42041],[2.30546,46.47543],[2.3683,46.51843],[2.44615,46.52104],[2.48293,46.5327],[2.53665,46.51971],[2.61105,46.55151],[2.59846,46.59531],[2.57738,46.60673],[2.5931,46.64658],[2.6778,46.70461],[2.70483,46.73904],[2.77475,46.71895],[2.79342,46.73356],[2.84573,46.72662]]]}},{"type":"Feature","properties":{"riding_id":"00303","dept":"003","name":"Allier — 3ème circonscription"},"geometry":{"type":"Polygon","coordinates":[[[3.96515,46.478],[3.99872,46.4649],[4.00269,46.4405],[3.97757,46.39787],[3.99154,46.37042],[3.98372,46.31799],[3.90197,46.29316],[3.89953,46.27591],[3.80769,46.25722],[3.79163,46.15658],[3.80283,46.11014],[3.82129,46.09024],[3.80561,46.05306],[3.82322,45.98816],[3.74207,45.96669],[3.70961,45.97414],[3.69389,45.93096],[3.67802,45.95595],[3.63916,45.96543],[3.60115,46.01496],[3.47317,46.01074],[3.45359,46.06379],[3.41974,46.07438],[3.36913,46.05448],[3.21451,46.07494],[3.16007,46.06643],[3.11306,46.08145],[3.11607,46.16168],[3.1413,46.17361],[3.23137,46.17375],[3.27277,46.23078],[3.33661,46.26183],[3.36708,46.25078],[3.38115,46.21367],[3.48468,46.19057],[3.5418,46.21279],[3.51695,46.25013],[3.55651,46.27661],[3.52518,46.33444],[3.47628,46.36509],[3.47068,46.38345],[3.53925,46.38855],[3.53575,46.42449],[3.56615,46.44553],[3.60435,46.42233],[3.67243,46.44148],[3.8553,46.41158],[3.8874,46.45844],[3.92561,46.42925],[3.96515,46.478]]]}},{"type":"Feature","properties":{"riding_id":"00401","dept":"004","name":"Alpes-de-Haute-Provence — 1ère circonscription"},"geometry":{"type":"Polygon","coordinates":[[[6.6364,43.78895],[6.58691,43.80532],[6.55407,43.78343],[6.52038,43.80698],[6.48724,43.79229],[6.41585,43.79005],[6.41279,43.76226],[6.38354,43.73444],[6.35451,43.73651],[6.26779,43.77855],[6.24963,43.80158],[6.21068,43.79766],[6.16911,43.75176],[6.11087,43.74575],[6.07041,43.70494],[6.03461,43.69271],[6.02173,43.66829],[5.95186,43.72153],[5.93825,43.74836],[5.905,43.75278],[5.88862,43.72636],[5.85575,43.72319],[5.83182,43.74596],[5.78134,43.75566],[5.80769,43.7747],[5.88695,43.89019],[5.85099,43.9887],[5.88774,43.99798],[5.88529,44.04048],[5.93511,44.07339],[5.89126,44.09361],[5.92306,44.14899],[5.98823,44.17755],[6.02413,44.16736],[6.05774,44.18077],[6.08792,44.17177],[6.10147,44.21326],[6.14746,44.23421],[6.27999,44.23184],[6.3025,44.24865],[6.33884,44.23888],[6.3945,44.25085],[6.46702,44.30109],[6.49581,44.28476],[6.53256,44.28807],[6.54528,44.32329],[6.60252,44.28863],[6.67716,44.2941],[6.72828,44.25256],[6.71737,44.20864],[6.68724,44.1683],[6.70796,44.12439],[6.75648,44.07959],[6.74569,44.04283],[6.79556,44.00811],[6.83873,43.9897],[6.84891,43.95507],[6.91299,43.92706],[6.94227,43.89726],[6.89259,43.88998],[6.83229,43.91846],[6.80138,43.91035],[6.78162,43.88356],[6.74808,43.87186],[6.69595,43.8749],[6.66791,43.83061],[6.70983,43.81066],[6.6364,43.78895]]]}},{"type":"Feature","properties":{"riding_id":"00402","dept":"004","name":"Alpes-de-Haute-Provence — 2ème circonscription"},"geometry":{"type":"Polygon","coordinates":[[[5.67604,44.19143],[5.69239,44.18627],[5.75454,44.20983],[5.83074,44.20043],[5.8802,44.21194],[5.82301,44.27647],[5.84904,44.30066],[5.9135,44.28825],[5.89708,44.31825],[5.93746,44.3599],[5.95354,44.39502],[6.01929,44.41915],[6.08192,44.46421],[6.13177,44.46814],[6.15562,44.46197],[6.22724,44.38174],[6.2625,44.41226],[6.23353,44.46375],[6.29349,44.48093],[6.33766,44.47081],[6.362,44.52207],[6.39881,44.49416],[6.48165,44.45402],[6.55748,44.446],[6.6323,44.44691],[6.64167,44.48555],[6.6685,44.5003],[6.68302,44.53166],[6.73855,44.55425],[6.76922,44.5861],[6.84511,44.61018],[6.91527,44.6598],[6.94834,44.65482],[6.954,44.61954],[6.93058,44.57462],[6.85521,44.5303],[6.86134,44.50247],[6.9413,44.42924],[6.89539,44.41851],[6.88743,44.36106],[6.84089,44.34569],[6.79683,44.3167],[6.79034,44.27235],[6.72828,44.25256],[6.67716,44.2941],[6.60252,44.28863],[6.54528,44.32329],[6.53256,44.28807],[6.49581,44.28476],[6.46702,44.30109],[6.3945,44.25085],[6.33884,44.23888],[6.3025,44.24865],[6.27999,44.23184],[6.14746,44.23421],[6.10147,44.21326],[6.08792,44.17177],[6.05774,44.18077],[6.02413,44.16736],[5.98823,44.17755],[5.92306,44.14899],[5.89126,44.09361],[5.93511,44.07339],[5.88529,44.04048],[5.88774,43.99798],[5.85099,43.9887],[5.88695,43.89019],[5.80769,43.7747],[5.78134,43.75566],[5.75733,43.72941],[5.71627,43.75693],[5.65444,43.82511],[5.57172,43.82929],[5.57274,43.86351],[5.60656,43.91608],[5.56763,43.94264],[5.51267,43.9454],[5.51957,43.99401],[5.54287,44.02445],[5.5446,44.06989],[5.50264,44.06345],[5.49879,44.11572],[5.54215,44.13326],[5.57582,44.18619],[5.60933,44.19071],[5.67861,44.1461],[5.67604,44.19143]]]}},{"type":"Feature","properties":{"riding_id":"00501","dept":"005","name":"Hautes-Alpes — 1ère circonscription"},"geometry":{"type":"Polygon","coordinates":[[[5.80147,44.70678],[5.82936,44.74244],[5.95112,44.75962],[5.9516,44.73448],[5.99182,44.70243],[5.98952,44.66365],[6.03327,44.66293],[6.05606,44.62645],[6.15609,44.61451],[6.19166,44.59019],[6.25419,44.59831],[6.26076,44.5427],[6.21924,44.50861],[6.13177,44.46814],[6.08192,44.46421],[6.01929,44.41915],[5.95354,44.39502],[5.93746,44.3599],[5.89708,44.31825],[5.9135,44.28825],[5.84904,44.30066],[5.82301,44.27647],[5.8802,44.21194],[5.83074,44.20043],[5.75454,44.20983],[5.69239,44.18627],[5.67604,44.19143],[5.68665,44.26607],[5.64678,44.26709],[5.61575,44.3324],[5.49294,44.33714],[5.44262,44.38127],[5.43858,44.43356],[5.47272,44.42093],[5.45784,44.49815],[5.51103,44.49151],[5.60364,44.4655],[5.63319,44.5021],[5.60715,44.56835],[5.64946,44.61938],[5.64171,44.65108],[5.72551,44.64009],[5.75377,44.66053],[5.79062,44.6533],[5.82996,44.69124],[5.80147,44.70678]]]}},{"type":"Feature","properties":{"riding_id":"00502","dept":"005","name":"Hautes-Alpes — 2ème circonscription"},"geometry":{"type":"Polygon","coordinates":[[[6.94834,44.65482],[6.91527,44.6598],[6.84511,44.61018],[6.76922,44.5861],[6.73855,44.55425],[6.68302,44.53166],[6.6685,44.5003],[6.64167,44.48555],[6.6323,44.44691],[6.55748,44.446],[6.48165,44.45402],[6.39881,44.49416],[6.362,44.52207],[6.33766,44.47081],[6.29349,44.48093],[6.23353,44.46375],[6.2625,44.41226],[6.22724,44.38174],[6.15562,44.46197],[6.13177,44.46814],[6.21924,44.50861],[6.26076,44.5427],[6.25419,44.59831],[6.19166,44.59019],[6.15609,44.61451],[6.05606,44.62645],[6.03327,44.66293],[5.98952,44.66365],[5.99182,44.70243],[5.9516,44.73448],[5.95112,44.75962],[6.00342,44.82035],[6.03021,44.8381],[6.0565,44.81581],[6.13045,44.86252],[6.24887,44.85256],[6.30435,44.87279],[6.35536,44.85482],[6.35817,44.94158],[6.33008,44.94776],[6.29886,45.00371],[6.25617,44.99622],[6.20314,45.01245],[6.22926,45.10681],[6.26057,45.12685],[6.29334,45.10864],[6.33423,45.12294],[6.39689,45.06199],[6.48708,45.05641],[6.48172,45.09045],[6.53519,45.09897],[6.57653,45.1231],[6.62999,45.10933],[6.66051,45.07023],[6.67574,45.02093],[6.72559,45.02087],[6.76423,44.96648],[6.75102,44.90551],[6.86482,44.85065],[6.91183,44.84537],[6.93083,44.86122],[7.00333,44.84031],[7.01928,44.81397],[6.9994,44.78968],[7.02342,44.76821],[7.0426,44.71929],[7.02878,44.69113],[6.98623,44.68833],[6.94834,44.65482]]]}},{"type":"Feature","properties":{"riding_id":"00601","dept":"006","name":"Alpes-Maritimes — 1ère circonscription"},"geometry":{"type":"Polygon","coordinates":[[[7.24778,43.69069],[7.24693,43.71324],[7.32085,43.72345],[7.30875,43.69237],[7.24778,43.69069]]]}},{"type":"Feature","properties":{"riding_id":"00602","dept":"006","name":"Alpes-Maritimes — 2ème circonscription"},"geometry":{"type":"Polygon","coordinates":[[[6.96709,43.65648],[6.89356,43.6463],[6.89447,43.61102],[6.85316,43.6064],[6.79987,43.62835],[6.76113,43.66589],[6.7747,43.69385],[6.75416,43.73786],[6.65742,43.74872],[6.6364,43.78895],[6.70983,43.81066],[6.66791,43.83061],[6.69595,43.8749],[6.74808,43.87186],[6.78162,43.88356],[6.80138,43.91035],[6.83229,43.91846],[6.89259,43.88998],[6.94227,43.89726],[6.91299,43.92706],[6.84891,43.95507],[6.83873,43.9897],[6.79556,44.00811],[6.74569,44.04283],[6.75648,44.07959],[6.70796,44.12439],[6.68724,44.1683],[6.71737,44.20864],[6.72828,44.25256],[6.79034,44.27235],[6.81426,44.21794],[6.87104,44.18521],[6.9505,44.19605],[6.96243,44.1624],[7.02691,44.10726],[7.02764,44.06751],[7.05398,44.05557],[7.05267,44.02221],[7.07977,43.99395],[7.13101,44.01375],[7.15146,43.9639],[7.20614,44.0018],[7.22968,43.99788],[7.23845,43.95646],[7.18484,43.91171],[7.19732,43.86963],[7.18426,43.81474],[7.21551,43.78485],[7.18516,43.74669],[7.18438,43.71867],[7.16397,43.69299],[7.11123,43.71188],[7.07958,43.70527],[7.05555,43.75125],[7.01821,43.7718],[6.97814,43.74258],[6.85776,43.76459],[6.87194,43.73422],[6.90951,43.6981],[6.96017,43.68634],[6.96709,43.65648]]]}},{"type":"Feature","properties":{"riding_id":"00603","dept":"006","name":"Alpes-Maritimes — 3ème circonscription"},"geometry":{"type":"Polygon","coordinates":[[[7.29624,43.75871],[7.36923,43.73972],[7.32085,43.72345],[7.24693,43.71324],[7.23638,43.71876],[7.2287,43.73135],[7.25642,43.75559],[7.29624,43.75871]]]}},{"type":"Feature","properties":{"riding_id":"00604","dept":"006","name":"Alpes-Maritimes — 4ème circonscription"},"geometry":{"type":"Polygon","coordinates":[[[7.30875,43.69237],[7.32085,43.72345],[7.36923,43.73972],[7.29624,43.75871],[7.27243,43.81597],[7.27267,43.87141],[7.30472,43.88686],[7.33491,43.94845],[7.36981,43.93961],[7.38,43.96711],[7.41181,43.99471],[7.43013,44.08596],[7.42695,44.11288],[7.50102,44.14222],[7.56709,44.15282],[7.61604,44.14977],[7.64099,44.17744],[7.67992,44.17597],[7.66764,44.13055],[7.71613,44.08003],[7.70163,44.04303],[7.66327,44.0286],[7.66885,43.99761],[7.65275,43.97601],[7.57166,43.94719],[7.56135,43.89957],[7.4989,43.87237],[7.52983,43.78402],[7.45817,43.75924],[7.40498,43.718],[7.35775,43.7213],[7.30875,43.69237]]]}},{"type":"Feature","properties":{"riding_id":"00605","dept":"006","name":"Alpes-Maritimes — 5ème circonscription"},"geometry":{"type":"Polygon","coordinates":[[[7.24693,43.71324],[7.24778,43.69069],[7.22599,43.66118],[7.19925,43.65484],[7.18438,43.71867],[7.18516,43.74669],[7.21551,43.78485],[7.18426,43.81474],[7.19732,43.86963],[7.18484,43.91171],[7.23845,43.95646],[7.22968,43.99788],[7.20614,44.0018],[7.15146,43.9639],[7.13101,44.01375],[7.07977,43.99395],[7.05267,44.02221],[7.05398,44.05557],[7.02764,44.06751],[7.02691,44.10726],[6.96243,44.1624],[6.9505,44.19605],[6.87104,44.18521],[6.81426,44.21794],[6.79034,44.27235],[6.79683,44.3167],[6.84089,44.34569],[6.88743,44.36106],[6.91881,44.35191],[6.99589,44.27499],[7.00701,44.23783],[7.03889,44.22488],[7.07644,44.23176],[7.1419,44.20177],[7.18703,44.20026],[7.22124,44.16914],[7.26278,44.14803],[7.34094,44.14511],[7.35898,44.11706],[7.42695,44.11288],[7.43013,44.08596],[7.41181,43.99471],[7.38,43.96711],[7.36981,43.93961],[7.33491,43.94845],[7.30472,43.88686],[7.27267,43.87141],[7.27243,43.81597],[7.29624,43.75871],[7.25642,43.75559],[7.2287,43.73135],[7.23638,43.71876],[7.24693,43.71324]]]}},{"type":"Feature","properties":{"riding_id":"00606","dept":"006","name":"Alpes-Maritimes — 6ème circonscription"},"geometry":{"type":"Polygon","coordinates":[[[7.18438,43.71867],[7.19925,43.65484],[7.16026,43.65483],[7.13009,43.6178],[7.09892,43.64567],[7.07958,43.70527],[7.11123,43.71188],[7.16397,43.69299],[7.18438,43.71867]]]}},{"type":"Feature","properties":{"riding_id":"00607","dept":"006","name":"Alpes-Maritimes — 7ème circonscription"},"geometry":{"type":"Polygon","coordinates":[[[7.0578,43.55033],[7.07407,43.58371],[7.05437,43.6011],[7.00293,43.61752],[6.96709,43.65648],[6.96017,43.68634],[6.90951,43.6981],[6.87194,43.73422],[6.85776,43.76459],[6.97814,43.74258],[7.01821,43.7718],[7.05555,43.75125],[7.07958,43.70527],[7.09892,43.64567],[7.13009,43.6178],[7.12708,43.57186],[7.0578,43.55033]]]}},{"type":"Feature","properties":{"riding_id":"00608","dept":"006","name":"Alpes-Maritimes — 8ème circonscription"},"geometry":{"type":"Polygon","coordinates":[[[7.05437,43.6011],[7.07407,43.58371],[7.0578,43.55033],[6.98418,43.54777],[6.93837,43.51639],[6.93373,43.48007],[6.88423,43.50254],[6.87913,43.53245],[6.90664,43.56415],[6.96318,43.57371],[7.01728,43.56497],[7.05437,43.6011]]]}},{"type":"Feature","properties":{"riding_id":"00609","dept":"006","name":"Alpes-Maritimes — 9ème circonscription"},"geometry":{"type":"Polygon","coordinates":[[[6.89447,43.61102],[6.89356,43.6463],[6.96709,43.65648],[7.00293,43.61752],[7.05437,43.6011],[7.01728,43.56497],[6.96318,43.57371],[6.90664,43.56415],[6.91199,43.59833],[6.89447,43.61102]]]}},{"type":"Feature","properties":{"riding_id":"00701","dept":"007","name":"Ardèche — 1ère circonscription"},"geometry":{"type":"Polygon","coordinates":[[[4.46476,44.34168],[4.45354,44.38736],[4.50127,44.4169],[4.47197,44.4349],[4.50481,44.46996],[4.51678,44.51214],[4.54984,44.50477],[4.5831,44.57079],[4.60008,44.65768],[4.58513,44.67787],[4.5298,44.67414],[4.49274,44.71812],[4.43957,44.7105],[4.44059,44.75338],[4.37884,44.78135],[4.3555,44.82553],[4.33246,44.83559],[4.28942,44.81303],[4.24684,44.81643],[4.2061,44.84882],[4.17948,44.88651],[4.21657,44.93358],[4.22385,44.96288],[4.25659,44.95988],[4.30732,44.98588],[4.31411,45.00075],[4.43115,44.97831],[4.44397,44.95972],[4.49988,44.92741],[4.54915,44.92856],[4.65069,44.9539],[4.71833,44.93659],[4.76408,44.88115],[4.83082,44.88452],[4.84998,44.8648],[4.82149,44.81738],[4.76104,44.77122],[4.76422,44.71503],[4.77907,44.6547],[4.7404,44.60239],[4.71087,44.582],[4.69245,44.54652],[4.70659,44.53407],[4.68942,44.49235],[4.69529,44.4458],[4.66711,44.42991],[4.64906,44.37307],[4.65062,44.32981],[4.64922,44.27036],[4.63268,44.28499],[4.55717,44.30417],[4.5061,44.34025],[4.46476,44.34168]]]}},{"type":"Feature","properties":{"riding_id":"00702","dept":"007","name":"Ardèche — 2ème circonscription"},"geometry":{"type":"Polygon","coordinates":[[[4.756,45.36568],[4.76221,45.32355],[4.80049,45.29836],[4.81184,45.16526],[4.82871,45.15613],[4.80404,45.12247],[4.8296,45.09801],[4.82916,45.07285],[4.86075,45.05543],[4.83671,45.00751],[4.88659,44.93665],[4.85432,44.89652],[4.84998,44.8648],[4.83082,44.88452],[4.76408,44.88115],[4.71833,44.93659],[4.65069,44.9539],[4.54915,44.92856],[4.49988,44.92741],[4.44397,44.95972],[4.43115,44.97831],[4.31411,45.00075],[4.30732,44.98588],[4.29111,44.99733],[4.31809,45.02993],[4.37907,45.03618],[4.34774,45.06525],[4.37257,45.12807],[4.41116,45.14083],[4.47258,45.1799],[4.48313,45.23645],[4.53626,45.23682],[4.60532,45.2534],[4.59135,45.27288],[4.6158,45.31026],[4.68013,45.34627],[4.756,45.36568]]]}},{"type":"Feature","properties":{"riding_id":"00703","dept":"007","name":"Ardèche — 3ème circonscription"},"geometry":{"type":"Polygon","coordinates":[[[4.46476,44.34168],[4.44876,44.29671],[4.40357,44.28818],[4.40235,44.33501],[4.32577,44.33832],[4.28838,44.31502],[4.27377,44.27175],[4.24514,44.26808],[4.18658,44.29973],[4.14287,44.31335],[4.12675,44.33773],[4.07384,44.32903],[4.04239,44.39407],[4.04542,44.4335],[3.99816,44.4598],[3.98686,44.50217],[3.94877,44.57289],[3.92357,44.57189],[3.89414,44.61529],[3.89478,44.64996],[3.87165,44.67934],[3.86253,44.74387],[3.92492,44.76962],[3.94554,44.82435],[3.9986,44.82357],[4.02005,44.84586],[4.03891,44.87276],[4.15664,44.87398],[4.17948,44.88651],[4.2061,44.84882],[4.24684,44.81643],[4.28942,44.81303],[4.33246,44.83559],[4.3555,44.82553],[4.37884,44.78135],[4.44059,44.75338],[4.43957,44.7105],[4.49274,44.71812],[4.5298,44.67414],[4.58513,44.67787],[4.60008,44.65768],[4.5831,44.57079],[4.54984,44.50477],[4.51678,44.51214],[4.50481,44.46996],[4.47197,44.4349],[4.50127,44.4169],[4.45354,44.38736],[4.46476,44.34168]]]}},{"type":"Feature","properties":{"riding_id":"00801","dept":"008","name":"Ardennes — 1ère circonscription"},"geometry":{"type":"Polygon","coordinates":[[[4.20994,49.78205],[4.25573,49.90398],[4.21777,49.91626],[4.23307,49.95782],[4.31062,49.96857],[4.34936,49.95223],[4.39917,49.9484],[4.38115,49.93558],[4.40749,49.87057],[4.44152,49.83979],[4.43637,49.81573],[4.50662,49.81804],[4.53251,49.76502],[4.55686,49.76125],[4.6071,49.72237],[4.67503,49.71487],[4.72098,49.75553],[4.73297,49.80401],[4.76774,49.81185],[4.81955,49.80229],[4.84227,49.78224],[4.83894,49.73132],[4.85195,49.70557],[4.83317,49.65341],[4.85041,49.61441],[4.82252,49.56363],[4.66892,49.55913],[4.62324,49.59391],[4.59382,49.58617],[4.55608,49.52578],[4.52805,49.5219],[4.51015,49.47973],[4.46901,49.44325],[4.45567,49.39905],[4.42399,49.36459],[4.44818,49.331],[4.37562,49.32381],[4.30829,49.3266],[4.24796,49.3808],[4.189,49.3987],[4.04797,49.40564],[4.03758,49.43808],[4.04071,49.50854],[4.0745,49.51859],[4.05191,49.54507],[4.07677,49.57072],[4.02628,49.61992],[4.05056,49.63493],[4.11569,49.63326],[4.12702,49.67792],[4.18527,49.69887],[4.22541,49.72728],[4.24204,49.76547],[4.20994,49.78205]]]}},{"type":"Feature","properties":{"riding_id":"00802","dept":"008","name":"Ardennes — 2ème circonscription"},"geometry":{"type":"Polygon","coordinates":[[[4.86174,49.78928],[4.84227,49.78224],[4.81955,49.80229],[4.76774,49.81185],[4.73297,49.80401],[4.72098,49.75553],[4.67503,49.71487],[4.6071,49.72237],[4.55686,49.76125],[4.53251,49.76502],[4.50662,49.81804],[4.43637,49.81573],[4.44152,49.83979],[4.40749,49.87057],[4.38115,49.93558],[4.39917,49.9484],[4.4458,49.93717],[4.51132,49.94681],[4.54083,49.96823],[4.68614,50.00494],[4.70278,50.09565],[4.75135,50.11174],[4.76517,50.1374],[4.80254,50.15106],[4.87488,50.15339],[4.87244,50.09217],[4.84023,50.09293],[4.84027,50.03996],[4.79092,49.9584],[4.8452,49.94893],[4.87869,49.92192],[4.88288,49.89845],[4.85154,49.86271],[4.87364,49.81897],[4.86174,49.78928]]]}},{"type":"Feature","properties":{"riding_id":"00803","dept":"008","name":"Ardennes — 3ème circonscription"},"geometry":{"type":"Polygon","coordinates":[[[4.84227,49.78224],[4.86174,49.78928],[4.93144,49.78671],[4.99147,49.80022],[5.01491,49.77951],[5.08972,49.76479],[5.16621,49.69292],[5.24623,49.68694],[5.26838,49.69595],[5.33262,49.6535],[5.34686,49.63085],[5.39354,49.61709],[5.37724,49.59262],[5.33998,49.59419],[5.30817,49.56285],[5.26271,49.54182],[5.23434,49.56909],[5.15989,49.56669],[5.11972,49.59268],[5.09772,49.53365],[5.05987,49.50471],[5.10986,49.45625],[5.11503,49.42058],[5.08862,49.36963],[5.0271,49.33561],[5.05118,49.27405],[5.01103,49.26929],[4.95099,49.23687],[4.91338,49.26472],[4.86184,49.23885],[4.74423,49.24147],[4.6901,49.25749],[4.62218,49.23658],[4.57748,49.29552],[4.45454,49.27601],[4.39082,49.2988],[4.37562,49.32381],[4.44818,49.331],[4.42399,49.36459],[4.45567,49.39905],[4.46901,49.44325],[4.51015,49.47973],[4.52805,49.5219],[4.55608,49.52578],[4.59382,49.58617],[4.62324,49.59391],[4.66892,49.55913],[4.82252,49.56363],[4.85041,49.61441],[4.83317,49.65341],[4.85195,49.70557],[4.83894,49.73132],[4.84227,49.78224]]]}},{"type":"Feature","properties":{"riding_id":"00901","dept":"009","name":"Ariège — 1ère circonscription"},"geometry":{"type":"Polygon","coordinates":[[[2.16605,42.66392],[2.12789,42.67204],[2.02705,42.65262],[1.99796,42.6609],[1.96906,42.61674],[1.91077,42.60806],[1.86533,42.57989],[1.78612,42.57362],[1.72825,42.58958],[1.73657,42.61783],[1.63517,42.62927],[1.60265,42.62642],[1.54921,42.6557],[1.47974,42.65085],[1.47398,42.61115],[1.43895,42.60433],[1.38792,42.68731],[1.35738,42.71942],[1.25635,42.71523],[1.22929,42.72772],[1.16502,42.70953],[1.1355,42.72733],[1.1287,42.75462],[1.07295,42.78284],[1.00558,42.7908],[0.95977,42.80564],[0.93049,42.78896],[0.85831,42.82572],[0.84288,42.88958],[0.82668,42.9155],[0.87798,42.92782],[0.87491,42.95778],[0.9791,42.97443],[0.9951,42.99083],[1.05231,42.96973],[1.08536,42.92545],[1.08233,42.89918],[1.13234,42.86861],[1.17072,42.90814],[1.22901,42.94064],[1.28814,42.92879],[1.38841,42.93059],[1.37042,43.00606],[1.33491,43.00429],[1.29212,43.02826],[1.36056,43.05219],[1.4112,43.04537],[1.45655,43.07436],[1.53022,43.10065],[1.6256,43.06903],[1.63762,43.09216],[1.6793,43.09095],[1.71069,43.07359],[1.71003,43.05121],[1.75074,43.0355],[1.74355,43.00204],[1.77977,43.00145],[1.86145,42.95705],[1.93373,42.93914],[1.98057,42.92958],[1.98504,42.87086],[1.94713,42.85669],[1.8759,42.85233],[1.86018,42.82743],[1.89557,42.80893],[1.95026,42.73766],[2.00378,42.73353],[2.05812,42.75549],[2.16149,42.70052],[2.16605,42.66392]]]}},{"type":"Feature","properties":{"riding_id":"00902","dept":"009","name":"Ariège — 2ème circonscription"},"geometry":{"type":"Polygon","coordinates":[[[1.57883,43.27512],[1.63714,43.25401],[1.68842,43.27355],[1.72463,43.2125],[1.71178,43.18684],[1.82619,43.14569],[1.87449,43.14265],[1.94507,43.12236],[1.96118,43.0667],[1.98547,43.02348],[1.97938,42.96051],[1.93373,42.93914],[1.86145,42.95705],[1.77977,43.00145],[1.74355,43.00204],[1.75074,43.0355],[1.71003,43.05121],[1.71069,43.07359],[1.6793,43.09095],[1.63762,43.09216],[1.6256,43.06903],[1.53022,43.10065],[1.45655,43.07436],[1.4112,43.04537],[1.36056,43.05219],[1.29212,43.02826],[1.33491,43.00429],[1.37042,43.00606],[1.38841,42.93059],[1.28814,42.92879],[1.22901,42.94064],[1.17072,42.90814],[1.13234,42.86861],[1.08233,42.89918],[1.08536,42.92545],[1.05231,42.96973],[0.9951,42.99083],[0.99167,43.09117],[1.03823,43.10031],[1.06294,43.13867],[1.08798,43.13383],[1.12408,43.15691],[1.17498,43.14097],[1.21075,43.1151],[1.22357,43.08593],[1.26185,43.09165],[1.29017,43.12344],[1.27387,43.14839],[1.22374,43.15207],[1.23032,43.18739],[1.3702,43.21067],[1.3749,43.23864],[1.29411,43.26493],[1.30156,43.28756],[1.34549,43.31549],[1.42605,43.25579],[1.41714,43.22647],[1.46874,43.20957],[1.50452,43.24953],[1.48867,43.26861],[1.57883,43.27512]]]}},{"type":"Feature","properties":{"riding_id":"01001","dept":"010","name":"Aube — 1ère circonscription"},"geometry":{"type":"Polygon","coordinates":[[[4.67018,48.53189],[4.65347,48.47056],[4.71652,48.39435],[4.75458,48.36655],[4.84147,48.33946],[4.81422,48.32301],[4.84294,48.28352],[4.86234,48.19818],[4.83885,48.16886],[4.85009,48.14158],[4.83335,48.11751],[4.81498,48.10357],[4.73187,48.11945],[4.69116,48.07195],[4.72316,48.04576],[4.70424,48.02024],[4.67296,48.01502],[4.61681,48.03138],[4.57858,48.02834],[4.53577,48.00657],[4.49273,48.04056],[4.43762,48.05294],[4.44878,48.08549],[4.48378,48.10603],[4.42823,48.14432],[4.39441,48.15616],[4.41764,48.21827],[4.38288,48.22054],[4.38061,48.25808],[4.30936,48.29127],[4.20392,48.31821],[4.16338,48.3196],[4.15545,48.27445],[4.07521,48.29718],[4.07804,48.2986],[4.0785,48.31642],[3.97408,48.40225],[3.92286,48.37962],[3.86962,48.3956],[3.84339,48.42159],[3.85302,48.46254],[3.80728,48.47868],[3.8259,48.51517],[3.85218,48.52502],[3.86383,48.57005],[3.89848,48.57565],[3.90842,48.60175],[3.94924,48.60343],[4.0017,48.66388],[4.04429,48.66096],[4.07979,48.70113],[4.13109,48.68615],[4.17752,48.70807],[4.23304,48.70231],[4.2968,48.71317],[4.33354,48.67408],[4.31492,48.61622],[4.39244,48.56742],[4.49528,48.53872],[4.59293,48.55234],[4.67018,48.53189]]]}},{"type":"Feature","properties":{"riding_id":"01002","dept":"010","name":"Aube — 2ème circonscription"},"geometry":{"type":"Polygon","coordinates":[[[3.62377,48.25929],[3.68022,48.26226],[3.78991,48.2969],[3.81535,48.28003],[3.87987,48.30173],[3.89908,48.28079],[3.94192,48.27852],[3.96262,48.25606],[4.03015,48.27319],[4.06892,48.29434],[4.07521,48.29718],[4.15545,48.27445],[4.16338,48.3196],[4.20392,48.31821],[4.30936,48.29127],[4.38061,48.25808],[4.38288,48.22054],[4.41764,48.21827],[4.39441,48.15616],[4.42823,48.14432],[4.48378,48.10603],[4.44878,48.08549],[4.43762,48.05294],[4.49273,48.04056],[4.53577,48.00657],[4.55997,47.97142],[4.44696,47.9562],[4.41641,47.9682],[4.35255,47.95663],[4.3128,47.9625],[4.29342,47.92568],[4.24621,47.93041],[4.2239,47.9485],[4.16734,47.96001],[4.1137,47.92816],[4.0898,47.94397],[4.05489,47.93008],[3.90239,47.93829],[3.91417,47.97559],[3.85003,47.98366],[3.87024,48.01631],[3.82198,48.04392],[3.80166,48.10673],[3.7398,48.13869],[3.66787,48.13921],[3.64051,48.18462],[3.57519,48.18874],[3.6216,48.22561],[3.62377,48.25929]]]}},{"type":"Feature","properties":{"riding_id":"01003","dept":"010","name":"Aube — 3ème circonscription"},"geometry":{"type":"Polygon","coordinates":[[[3.41479,48.39027],[3.39291,48.42522],[3.40571,48.45329],[3.38409,48.47803],[3.43491,48.49685],[3.45071,48.52867],[3.48236,48.54981],[3.46552,48.57049],[3.50851,48.60551],[3.55561,48.62029],[3.60425,48.57245],[3.6314,48.57156],[3.64364,48.53626],[3.73176,48.53754],[3.8259,48.51517],[3.80728,48.47868],[3.85302,48.46254],[3.84339,48.42159],[3.86962,48.3956],[3.92286,48.37962],[3.97408,48.40225],[4.0785,48.31642],[4.07804,48.2986],[4.07521,48.29718],[4.06892,48.29434],[4.03015,48.27319],[3.96262,48.25606],[3.94192,48.27852],[3.89908,48.28079],[3.87987,48.30173],[3.81535,48.28003],[3.78991,48.2969],[3.68022,48.26226],[3.62377,48.25929],[3.58754,48.29848],[3.50441,48.36549],[3.45011,48.37285],[3.41479,48.39027]]]}},{"type":"Feature","properties":{"riding_id":"01101","dept":"011","name":"Aude — 1ère circonscription"},"geometry":{"type":"Polygon","coordinates":[[[2.28201,43.44123],[2.30412,43.44793],[2.39873,43.41705],[2.42759,43.43449],[2.49438,43.43694],[2.51899,43.42372],[2.56579,43.42296],[2.54008,43.34523],[2.58354,43.33391],[2.60118,43.29826],[2.7003,43.28281],[2.75252,43.25459],[2.83739,43.32243],[2.88512,43.33325],[2.94608,43.31196],[3.00442,43.31971],[3.0121,43.28094],[2.9641,43.24992],[2.91733,43.23206],[2.82269,43.24387],[2.79716,43.22319],[2.86293,43.19122],[2.83152,43.13505],[2.85545,43.12839],[2.87271,43.07396],[2.86798,43.04064],[2.89812,43.02106],[2.88458,42.98868],[2.90262,42.95871],[2.86527,42.91834],[2.81013,42.89842],[2.73469,42.93764],[2.68274,42.94936],[2.69127,43.00907],[2.70685,43.02703],[2.69588,43.05925],[2.67112,43.06693],[2.68586,43.09923],[2.61606,43.14619],[2.5541,43.16293],[2.49502,43.15947],[2.4848,43.1338],[2.36382,43.15171],[2.35274,43.12254],[2.30587,43.13923],[2.29637,43.17817],[2.3412,43.20786],[2.32209,43.22776],[2.27594,43.24405],[2.29895,43.277],[2.33358,43.27584],[2.33443,43.31139],[2.30379,43.31688],[2.2977,43.38664],[2.27587,43.41146],[2.28201,43.44123]]]}},{"type":"Feature","properties":{"riding_id":"01102","dept":"011","name":"Aude — 2ème circonscription"},"geometry":{"type":"Polygon","coordinates":[[[3.14163,43.25951],[3.20153,43.24776],[3.24056,43.21281],[3.14874,43.13933],[3.08448,43.05616],[3.04284,42.96016],[3.05993,42.91799],[3.04351,42.83815],[2.9766,42.87015],[2.91711,42.88486],[2.86527,42.91834],[2.90262,42.95871],[2.88458,42.98868],[2.89812,43.02106],[2.86798,43.04064],[2.87271,43.07396],[2.85545,43.12839],[2.83152,43.13505],[2.86293,43.19122],[2.79716,43.22319],[2.82269,43.24387],[2.91733,43.23206],[2.9641,43.24992],[3.0121,43.28094],[3.05435,43.28004],[3.11017,43.2539],[3.14163,43.25951]]]}},{"type":"Feature","properties":{"riding_id":"01103","dept":"011","name":"Aude — 3ème circonscription"},"geometry":{"type":"Polygon","coordinates":[[[1.68842,43.27355],[1.73595,43.31602],[1.80504,43.35928],[1.80453,43.39161],[1.85645,43.44346],[1.90212,43.4087],[1.95817,43.42561],[1.99086,43.40939],[2.02913,43.4369],[2.05307,43.43031],[2.0728,43.3957],[2.10879,43.39446],[2.17041,43.41581],[2.21502,43.38262],[2.2225,43.42828],[2.25669,43.45364],[2.28201,43.44123],[2.27587,43.41146],[2.2977,43.38664],[2.30379,43.31688],[2.33443,43.31139],[2.33358,43.27584],[2.29895,43.277],[2.27594,43.24405],[2.32209,43.22776],[2.3412,43.20786],[2.29637,43.17817],[2.30587,43.13923],[2.35274,43.12254],[2.36382,43.15171],[2.4848,43.1338],[2.49502,43.15947],[2.5541,43.16293],[2.61606,43.14619],[2.68586,43.09923],[2.67112,43.06693],[2.69588,43.05925],[2.70685,43.02703],[2.69127,43.00907],[2.68274,42.94936],[2.73469,42.93764],[2.81013,42.89842],[2.76191,42.87333],[2.72743,42.8344],[2.60008,42.8366],[2.50045,42.85043],[2.45682,42.83748],[2.38217,42.84847],[2.3361,42.84071],[2.35535,42.72805],[2.32249,42.70811],[2.25668,42.69827],[2.24445,42.67983],[2.17609,42.65301],[2.16605,42.66392],[2.16149,42.70052],[2.05812,42.75549],[2.00378,42.73353],[1.95026,42.73766],[1.89557,42.80893],[1.86018,42.82743],[1.8759,42.85233],[1.94713,42.85669],[1.98504,42.87086],[1.98057,42.92958],[1.93373,42.93914],[1.97938,42.96051],[1.98547,43.02348],[1.96118,43.0667],[1.94507,43.12236],[1.87449,43.14265],[1.82619,43.14569],[1.71178,43.18684],[1.72463,43.2125],[1.68842,43.27355]]]}},{"type":"Feature","properties":{"riding_id":"01201","dept":"012","name":"Aveyron — 1ère circonscription"},"geometry":{"type":"Polygon","coordinates":[[[2.49588,44.30667],[2.49593,44.33016],[2.39086,44.37575],[2.41264,44.44928],[2.37997,44.46192],[2.35008,44.49541],[2.39417,44.51723],[2.41089,44.54024],[2.46249,44.55322],[2.55701,44.55245],[2.50652,44.59043],[2.50663,44.6157],[2.46804,44.6429],[2.5005,44.68881],[2.55623,44.72223],[2.56449,44.77809],[2.60012,44.79367],[2.60416,44.84309],[2.62908,44.87226],[2.65305,44.86977],[2.68187,44.90735],[2.71677,44.92883],[2.73769,44.94037],[2.80478,44.87379],[2.8514,44.87195],[2.88964,44.78833],[2.93377,44.78065],[2.92326,44.72865],[2.93935,44.67758],[2.98168,44.64468],[3.08347,44.56032],[3.06893,44.50271],[3.09956,44.48043],[3.0874,44.46172],[3.0223,44.46854],[2.99593,44.45822],[2.98922,44.42674],[2.92831,44.33601],[2.88538,44.3419],[2.81758,44.33279],[2.7341,44.35432],[2.70323,44.37555],[2.64688,44.34911],[2.67329,44.32888],[2.66008,44.30189],[2.61065,44.3254],[2.56773,44.31622],[2.57804,44.2886],[2.51047,44.29038],[2.49588,44.30667]]]}},{"type":"Feature","properties":{"riding_id":"01202","dept":"012","name":"Aveyron — 2ème circonscription"},"geometry":{"type":"Polygon","coordinates":[[[2.20748,44.61553],[2.20841,44.64384],[2.28624,44.66644],[2.32413,44.66915],[2.35098,44.64123],[2.38088,44.64967],[2.46804,44.6429],[2.50663,44.6157],[2.50652,44.59043],[2.55701,44.55245],[2.46249,44.55322],[2.41089,44.54024],[2.39417,44.51723],[2.35008,44.49541],[2.37997,44.46192],[2.41264,44.44928],[2.39086,44.37575],[2.49593,44.33016],[2.49588,44.30667],[2.50882,44.25902],[2.47345,44.23432],[2.48229,44.15164],[2.46028,44.15393],[2.44226,44.11339],[2.40796,44.11763],[2.38922,44.09457],[2.35774,44.10155],[2.30729,44.11854],[2.28488,44.14534],[2.18079,44.17828],[2.14921,44.20054],[2.11406,44.1958],[2.03025,44.15757],[1.99017,44.14945],[1.97398,44.18139],[1.91299,44.18841],[1.90835,44.21245],[1.93216,44.24265],[1.96202,44.24234],[1.97063,44.27635],[1.90139,44.27912],[1.86048,44.32194],[1.88208,44.34007],[1.90824,44.36342],[1.86888,44.39721],[1.84076,44.47949],[1.92082,44.49192],[1.98424,44.54726],[2.05484,44.58019],[2.15256,44.57159],[2.1984,44.59318],[2.20748,44.61553]]]}},{"type":"Feature","properties":{"riding_id":"01203","dept":"012","name":"Aveyron — 3ème circonscription"},"geometry":{"type":"Polygon","coordinates":[[[2.38922,44.09457],[2.40796,44.11763],[2.44226,44.11339],[2.46028,44.15393],[2.48229,44.15164],[2.47345,44.23432],[2.50882,44.25902],[2.49588,44.30667],[2.51047,44.29038],[2.57804,44.2886],[2.56773,44.31622],[2.61065,44.3254],[2.66008,44.30189],[2.67329,44.32888],[2.64688,44.34911],[2.70323,44.37555],[2.7341,44.35432],[2.81758,44.33279],[2.88538,44.3419],[2.92831,44.33601],[2.98922,44.42674],[2.99593,44.45822],[3.0223,44.46854],[3.0874,44.46172],[3.09956,44.48043],[3.13549,44.45552],[3.13705,44.39162],[3.12022,44.36331],[3.15427,44.30922],[3.16053,44.24628],[3.23054,44.23034],[3.23926,44.19066],[3.30104,44.20647],[3.36041,44.20149],[3.37365,44.17077],[3.33668,44.15813],[3.32385,44.10892],[3.2633,44.09255],[3.29595,44.06945],[3.38665,44.05496],[3.45098,44.02254],[3.40562,43.96968],[3.37751,43.9669],[3.35158,43.93761],[3.35836,43.91383],[3.34257,43.89419],[3.26644,43.8961],[3.23686,43.85408],[3.24904,43.82958],[3.20531,43.81296],[3.12771,43.81741],[3.06491,43.83557],[3.04857,43.8015],[3.0743,43.76761],[3.05627,43.75495],[3.06068,43.69281],[2.98209,43.70803],[2.93546,43.69467],[2.91914,43.73247],[2.87045,43.73916],[2.81452,43.76158],[2.7815,43.73696],[2.74054,43.72896],[2.68173,43.74352],[2.62921,43.78025],[2.5618,43.84597],[2.57627,43.88176],[2.55201,43.89157],[2.55384,43.92109],[2.5085,43.94527],[2.5018,43.98663],[2.46087,44.05032],[2.41021,44.05586],[2.38922,44.09457]]]}},{"type":"Feature","properties":{"riding_id":"01301","dept":"013","name":"Bouches-du-Rhône — 1ère circonscription"},"geometry":{"type":"Polygon","coordinates":[[[5.40778,43.2854],[5.40635,43.28933],[5.40595,43.29051],[5.41053,43.31498],[5.46664,43.32301],[5.52281,43.32076],[5.53029,43.29867],[5.51305,43.26344],[5.40778,43.2854]]]}},{"type":"Feature","properties":{"riding_id":"01302","dept":"013","name":"Bouches-du-Rhône — 2ème circonscription"},"geometry":{"type":"Polygon","coordinates":[[[5.37101,43.29359],[5.38874,43.28315],[5.39984,43.27462],[5.38154,43.20958],[5.34053,43.21441],[5.37412,43.25831],[5.34854,43.28288],[5.35704,43.29365],[5.37101,43.29359]]]}},{"type":"Feature","properties":{"riding_id":"01303","dept":"013","name":"Bouches-du-Rhône — 3ème circonscription"},"geometry":{"type":"Polygon","coordinates":[[[5.39164,43.37208],[5.42457,43.38341],[5.46369,43.36105],[5.46664,43.32301],[5.41053,43.31498],[5.39318,43.31641],[5.38262,43.31821],[5.39164,43.37208]]]}},{"type":"Feature","properties":{"riding_id":"01304","dept":"013","name":"Bouches-du-Rhône — 4ème circonscription"},"geometry":{"type":"Polygon","coordinates":[[[5.37362,43.29499],[5.36154,43.2952],[5.36174,43.31511],[5.34552,43.33627],[5.38262,43.31821],[5.39318,43.31641],[5.3911,43.29095],[5.38165,43.29351],[5.37362,43.29499]]]}},{"type":"Feature","properties":{"riding_id":"01305","dept":"013","name":"Bouches-du-Rhône — 5ème circonscription"},"geometry":{"type":"Polygon","coordinates":[[[5.39318,43.31641],[5.41053,43.31498],[5.40595,43.29051],[5.40635,43.28933],[5.38874,43.28315],[5.37101,43.29359],[5.37362,43.29499],[5.38165,43.29351],[5.3911,43.29095],[5.39318,43.31641]]]}},{"type":"Feature","properties":{"riding_id":"01306","dept":"013","name":"Bouches-du-Rhône — 6ème circonscription"},"geometry":{"type":"Polygon","coordinates":[[[5.38154,43.20958],[5.39984,43.27462],[5.38874,43.28315],[5.40635,43.28933],[5.40778,43.2854],[5.51305,43.26344],[5.52221,43.23551],[5.51019,43.1979],[5.45858,43.21019],[5.38154,43.20958]]]}},{"type":"Feature","properties":{"riding_id":"01307","dept":"013","name":"Bouches-du-Rhône — 7ème circonscription"},"geometry":{"type":"Polygon","coordinates":[[[5.28225,43.35366],[5.2788,43.38047],[5.33228,43.37145],[5.37148,43.3886],[5.39164,43.37208],[5.38262,43.31821],[5.34552,43.33627],[5.31349,43.35956],[5.28225,43.35366]]]}},{"type":"Feature","properties":{"riding_id":"01308","dept":"013","name":"Bouches-du-Rhône — 8ème circonscription"},"geometry":{"type":"Polygon","coordinates":[[[5.022,43.55616],[5.05739,43.5716],[5.03884,43.59207],[4.95575,43.63929],[4.9688,43.65832],[5.00004,43.64827],[5.07276,43.68382],[5.13822,43.69365],[5.17617,43.67037],[5.1827,43.64144],[5.21447,43.64433],[5.25421,43.59208],[5.3274,43.55378],[5.33429,43.51929],[5.2918,43.51282],[5.27166,43.48568],[5.22342,43.47913],[5.20279,43.49118],[5.14758,43.45799],[5.1047,43.52567],[5.04741,43.52356],[5.022,43.55616]]]}},{"type":"Feature","properties":{"riding_id":"01309","dept":"013","name":"Bouches-du-Rhône — 9ème circonscription"},"geometry":{"type":"Polygon","coordinates":[[[5.51305,43.26344],[5.53029,43.29867],[5.52281,43.32076],[5.54846,43.33582],[5.66916,43.31941],[5.7266,43.31736],[5.76093,43.26735],[5.68242,43.23546],[5.67188,43.17927],[5.6226,43.18556],[5.60478,43.16237],[5.57042,43.17457],[5.53912,43.21113],[5.51019,43.1979],[5.52221,43.23551],[5.51305,43.26344]]]}},{"type":"Feature","properties":{"riding_id":"01310","dept":"013","name":"Bouches-du-Rhône — 10ème circonscription"},"geometry":{"type":"Polygon","coordinates":[[[5.46745,43.50682],[5.53693,43.50441],[5.5327,43.48292],[5.49614,43.46325],[5.52948,43.44015],[5.58747,43.44271],[5.61046,43.4119],[5.68279,43.39917],[5.70363,43.35401],[5.66916,43.31941],[5.54846,43.33582],[5.52281,43.32076],[5.46664,43.32301],[5.46369,43.36105],[5.42457,43.38341],[5.39809,43.40059],[5.38754,43.4619],[5.44179,43.47152],[5.46745,43.50682]]]}},{"type":"Feature","properties":{"riding_id":"01311","dept":"013","name":"Bouches-du-Rhône — 11ème circonscription"},"geometry":{"type":"Polygon","coordinates":[[[5.25421,43.59208],[5.34794,43.60024],[5.37134,43.57474],[5.47061,43.57434],[5.43901,43.52341],[5.45057,43.51627],[5.4554,43.51069],[5.46745,43.50682],[5.44179,43.47152],[5.38754,43.4619],[5.39809,43.40059],[5.42457,43.38341],[5.39164,43.37208],[5.37148,43.3886],[5.33228,43.37145],[5.2788,43.38047],[5.26509,43.40108],[5.301,43.44611],[5.27166,43.48568],[5.2918,43.51282],[5.33429,43.51929],[5.3274,43.55378],[5.25421,43.59208]]]}},{"type":"Feature","properties":{"riding_id":"01312","dept":"013","name":"Bouches-du-Rhône — 12ème circonscription"},"geometry":{"type":"Polygon","coordinates":[[[5.22342,43.47913],[5.27166,43.48568],[5.301,43.44611],[5.26509,43.40108],[5.2788,43.38047],[5.28225,43.35366],[5.22413,43.32828],[5.08847,43.33254],[5.10209,43.34581],[5.09638,43.40141],[5.13713,43.40051],[5.22672,43.45392],[5.22342,43.47913]]]}},{"type":"Feature","properties":{"riding_id":"01313","dept":"013","name":"Bouches-du-Rhône — 13ème circonscription"},"geometry":{"type":"Polygon","coordinates":[[[4.84729,43.32686],[4.83224,43.36687],[4.75432,43.40939],[4.73485,43.42972],[4.77266,43.47739],[4.85572,43.46746],[4.87639,43.49453],[4.92867,43.51065],[4.95612,43.48563],[4.98782,43.51517],[4.98049,43.52975],[5.01445,43.55555],[4.99885,43.50299],[5.00601,43.46967],[5.05318,43.46054],[5.05995,43.40492],[5.09638,43.40141],[5.10209,43.34581],[5.08847,43.33254],[5.05459,43.32667],[4.97562,43.40153],[4.97222,43.42186],[4.93171,43.43344],[4.85911,43.40128],[4.85061,43.37913],[4.88248,43.35714],[4.84729,43.32686]]]}},{"type":"Feature","properties":{"riding_id":"01314","dept":"013","name":"Bouches-du-Rhône — 14ème circonscription"},"geometry":{"type":"Polygon","coordinates":[[[5.34794,43.60024],[5.39356,43.64968],[5.41271,43.69291],[5.44529,43.6801],[5.53051,43.65923],[5.60694,43.65869],[5.67311,43.69351],[5.71203,43.69064],[5.75365,43.72462],[5.81325,43.68905],[5.79921,43.65993],[5.7006,43.64253],[5.68088,43.61088],[5.68758,43.58421],[5.72507,43.55127],[5.71428,43.50122],[5.72721,43.46708],[5.77891,43.41007],[5.68279,43.39917],[5.61046,43.4119],[5.58747,43.44271],[5.52948,43.44015],[5.49614,43.46325],[5.5327,43.48292],[5.53693,43.50441],[5.46745,43.50682],[5.4554,43.51069],[5.45057,43.51627],[5.43901,43.52341],[5.47061,43.57434],[5.37134,43.57474],[5.34794,43.60024]]]}},{"type":"Feature","properties":{"riding_id":"01315","dept":"013","name":"Bouches-du-Rhône — 15ème circonscription"},"geometry":{"type":"Polygon","coordinates":[[[4.70932,43.89802],[4.73906,43.92407],[4.8548,43.9108],[4.92201,43.88676],[4.96965,43.86974],[5.02772,43.82858],[5.04814,43.78973],[5.18626,43.73551],[5.23638,43.74747],[5.3153,43.73657],[5.41271,43.69291],[5.39356,43.64968],[5.34794,43.60024],[5.25421,43.59208],[5.21447,43.64433],[5.1827,43.64144],[5.17617,43.67037],[5.13822,43.69365],[5.07276,43.68382],[5.00004,43.64827],[4.9688,43.65832],[4.9318,43.67314],[4.80063,43.67879],[4.75954,43.69268],[4.75183,43.71616],[4.77347,43.74614],[4.77286,43.78237],[4.75016,43.81747],[4.7288,43.87932],[4.70932,43.89802]]]}},{"type":"Feature","properties":{"riding_id":"01316","dept":"013","name":"Bouches-du-Rhône — 16ème circonscription"},"geometry":{"type":"Polygon","coordinates":[[[4.23028,43.46019],[4.24423,43.50146],[4.29326,43.51436],[4.37217,43.54946],[4.4254,43.58477],[4.42692,43.62584],[4.48642,43.69885],[4.5378,43.70704],[4.59822,43.68669],[4.62695,43.69168],[4.61228,43.72476],[4.6518,43.78436],[4.64191,43.86748],[4.70932,43.89802],[4.7288,43.87932],[4.75016,43.81747],[4.77286,43.78237],[4.77347,43.74614],[4.75183,43.71616],[4.75954,43.69268],[4.80063,43.67879],[4.9318,43.67314],[4.9688,43.65832],[4.95575,43.63929],[5.03884,43.59207],[5.05739,43.5716],[5.022,43.55616],[5.01445,43.55555],[4.98049,43.52975],[4.98782,43.51517],[4.95612,43.48563],[4.92867,43.51065],[4.87639,43.49453],[4.85572,43.46746],[4.77266,43.47739],[4.73485,43.42972],[4.75432,43.40939],[4.83224,43.36687],[4.84729,43.32686],[4.77132,43.34915],[4.66382,43.34644],[4.59203,43.35717],[4.56189,43.38729],[4.59724,43.40591],[4.58725,43.42607],[4.52126,43.45394],[4.37737,43.45258],[4.23028,43.46019]]]}},{"type":"Feature","properties":{"riding_id":"01401","dept":"014","name":"Calvados — 1ère circonscription"},"geometry":{"type":"Polygon","coordinates":[[[-0.65041,49.12592],[-0.62162,49.15123],[-0.63342,49.25163],[-0.58328,49.23465],[-0.43444,49.2126],[-0.37613,49.21889],[-0.34554,49.17574],[-0.36548,49.13074],[-0.44851,49.17721],[-0.47126,49.14642],[-0.52289,49.12251],[-0.58073,49.14315],[-0.65041,49.12592]]]}},{"type":"Feature","properties":{"riding_id":"01402","dept":"014","name":"Calvados — 2ème circonscription"},"geometry":{"type":"Polygon","coordinates":[[[-0.36548,49.13074],[-0.34554,49.17574],[-0.37613,49.21889],[-0.36876,49.22613],[-0.32132,49.22396],[-0.31544,49.18598],[-0.24679,49.19213],[-0.21656,49.21428],[-0.17924,49.20918],[-0.13905,49.18205],[-0.11515,49.17874],[-0.07865,49.14286],[-0.11637,49.1218],[-0.20458,49.11906],[-0.31274,49.15627],[-0.32794,49.12657],[-0.36548,49.13074]]]}},{"type":"Feature","properties":{"riding_id":"01403","dept":"014","name":"Calvados — 3ème circonscription"},"geometry":{"type":"Polygon","coordinates":[[[-0.11637,49.1218],[-0.07865,49.14286],[-0.11515,49.17874],[-0.13905,49.18205],[-0.10453,49.20262],[-0.01894,49.20738],[0.01218,49.22319],[0.09101,49.2426],[0.15173,49.20764],[0.09621,49.1633],[0.16398,49.17122],[0.27756,49.14717],[0.23058,49.12338],[0.27373,49.09386],[0.39978,49.10081],[0.37925,49.07092],[0.38496,49.03701],[0.44605,49.01901],[0.41281,48.95063],[0.37745,48.97256],[0.35662,48.94962],[0.30872,48.95423],[0.18732,48.94107],[0.13629,48.9504],[0.08072,48.93798],[0.06374,48.91677],[0.05645,48.90255],[-0.08334,48.84434],[-0.14483,48.83246],[-0.26802,48.85318],[-0.34542,48.82183],[-0.41085,48.86996],[-0.46476,48.87099],[-0.40143,48.90118],[-0.38973,48.92945],[-0.30283,48.95168],[-0.31625,48.98274],[-0.35477,48.97855],[-0.40265,49.00738],[-0.46537,49.02575],[-0.4578,49.06382],[-0.41366,49.07837],[-0.30949,49.07891],[-0.24683,49.0685],[-0.1753,49.07976],[-0.10278,49.06747],[-0.09698,49.1013],[-0.11637,49.1218]]]}},{"type":"Feature","properties":{"riding_id":"01404","dept":"014","name":"Calvados — 4ème circonscription"},"geometry":{"type":"Polygon","coordinates":[[[0.39978,49.10081],[0.27373,49.09386],[0.23058,49.12338],[0.27756,49.14717],[0.16398,49.17122],[0.09621,49.1633],[0.15173,49.20764],[0.09101,49.2426],[0.01218,49.22319],[-0.01894,49.20738],[-0.10453,49.20262],[-0.13905,49.18205],[-0.17924,49.20918],[-0.21656,49.21428],[-0.24679,49.19213],[-0.31544,49.18598],[-0.32132,49.22396],[-0.36876,49.22613],[-0.33381,49.26564],[-0.2875,49.29455],[-0.22569,49.28183],[-0.09245,49.29821],[-0.0135,49.32106],[0.07541,49.36585],[0.13234,49.40357],[0.22282,49.42724],[0.29722,49.42986],[0.30171,49.3713],[0.32366,49.34012],[0.32244,49.29633],[0.36566,49.29512],[0.38279,49.26402],[0.32177,49.24859],[0.39343,49.20694],[0.38736,49.15318],[0.43237,49.1422],[0.39978,49.10081]]]}},{"type":"Feature","properties":{"riding_id":"01405","dept":"014","name":"Calvados — 5ème circonscription"},"geometry":{"type":"Polygon","coordinates":[[[-1.11962,49.35557],[-1.07385,49.38946],[-1.00448,49.39632],[-0.92535,49.39251],[-0.88165,49.37159],[-0.75513,49.34766],[-0.5935,49.34085],[-0.55325,49.3461],[-0.39752,49.33307],[-0.2875,49.29455],[-0.33381,49.26564],[-0.36876,49.22613],[-0.37613,49.21889],[-0.43444,49.2126],[-0.58328,49.23465],[-0.63342,49.25163],[-0.62162,49.15123],[-0.65041,49.12592],[-0.69876,49.08376],[-0.72514,49.09758],[-0.78725,49.08318],[-0.8456,49.04552],[-0.87606,49.05484],[-0.88671,49.12836],[-0.93761,49.15006],[-0.90158,49.20482],[-0.92092,49.22158],[-0.97222,49.19345],[-1.02356,49.20336],[-1.13336,49.2715],[-1.13945,49.3096],[-1.11331,49.32669],[-1.11962,49.35557]]]}},{"type":"Feature","properties":{"riding_id":"01406","dept":"014","name":"Calvados — 6ème circonscription"},"geometry":{"type":"Polygon","coordinates":[[[-0.65041,49.12592],[-0.58073,49.14315],[-0.52289,49.12251],[-0.47126,49.14642],[-0.44851,49.17721],[-0.36548,49.13074],[-0.32794,49.12657],[-0.31274,49.15627],[-0.20458,49.11906],[-0.11637,49.1218],[-0.09698,49.1013],[-0.10278,49.06747],[-0.1753,49.07976],[-0.24683,49.0685],[-0.30949,49.07891],[-0.41366,49.07837],[-0.4578,49.06382],[-0.46537,49.02575],[-0.40265,49.00738],[-0.35477,48.97855],[-0.31625,48.98274],[-0.30283,48.95168],[-0.38973,48.92945],[-0.40143,48.90118],[-0.46476,48.87099],[-0.50998,48.84597],[-0.54965,48.84627],[-0.6245,48.82697],[-0.68217,48.82183],[-0.74394,48.79192],[-0.78063,48.78665],[-0.84094,48.75223],[-0.92233,48.77136],[-1.05873,48.77335],[-1.08411,48.77931],[-1.1023,48.81427],[-1.15691,48.83489],[-1.102,48.86636],[-1.05917,48.87726],[-1.02189,48.90513],[-1.02122,48.92628],[-1.06554,48.93191],[-1.05654,48.95862],[-0.99047,48.95085],[-0.94426,48.96699],[-0.90511,49.0114],[-0.86256,49.02641],[-0.87606,49.05484],[-0.8456,49.04552],[-0.78725,49.08318],[-0.72514,49.09758],[-0.69876,49.08376],[-0.65041,49.12592]]]}},{"type":"Feature","properties":{"riding_id":"01501","dept":"015","name":"Cantal — 1ère circonscription"},"geometry":{"type":"Polygon","coordinates":[[[2.71677,44.92883],[2.68187,44.90735],[2.65305,44.86977],[2.62908,44.87226],[2.60416,44.84309],[2.60012,44.79367],[2.56449,44.77809],[2.55623,44.72223],[2.5005,44.68881],[2.46804,44.6429],[2.38088,44.64967],[2.35098,44.64123],[2.32413,44.66915],[2.28624,44.66644],[2.20841,44.64384],[2.20748,44.61553],[2.16942,44.63799],[2.17915,44.67445],[2.15467,44.69937],[2.15349,44.75311],[2.17163,44.79026],[2.08556,44.88496],[2.10811,44.9106],[2.07635,44.93478],[2.06291,44.97651],[2.13329,44.98575],[2.1409,45.00541],[2.09516,45.05604],[2.1434,45.08631],[2.17278,45.08128],[2.25638,45.07134],[2.31734,45.07442],[2.36838,45.10186],[2.41587,45.08203],[2.48853,45.08422],[2.48589,45.0626],[2.59088,45.0664],[2.6421,45.08404],[2.6538,45.10355],[2.71101,45.10896],[2.71672,45.08834],[2.76584,45.06634],[2.71957,44.99493],[2.71677,44.92883]]]}},{"type":"Feature","properties":{"riding_id":"01502","dept":"015","name":"Cantal — 2ème circonscription"},"geometry":{"type":"Polygon","coordinates":[[[3.1035,45.35437],[3.1122,45.28475],[3.16134,45.28909],[3.22685,45.27195],[3.23801,45.21836],[3.27223,45.20946],[3.26123,45.17375],[3.28803,45.12042],[3.35186,45.10484],[3.31203,45.08086],[3.29844,45.03573],[3.33717,45.02535],[3.36134,44.97141],[3.28564,44.92631],[3.24457,44.93172],[3.23499,44.88877],[3.19028,44.86252],[3.14285,44.90228],[3.10313,44.88463],[3.09484,44.85548],[3.04827,44.80426],[3.04824,44.76432],[3.03134,44.74964],[2.98168,44.64468],[2.93935,44.67758],[2.92326,44.72865],[2.93377,44.78065],[2.88964,44.78833],[2.8514,44.87195],[2.80478,44.87379],[2.73769,44.94037],[2.71677,44.92883],[2.71957,44.99493],[2.76584,45.06634],[2.71672,45.08834],[2.71101,45.10896],[2.6538,45.10355],[2.6421,45.08404],[2.59088,45.0664],[2.48589,45.0626],[2.48853,45.08422],[2.41587,45.08203],[2.36838,45.10186],[2.31734,45.07442],[2.25638,45.07134],[2.17278,45.08128],[2.21042,45.14716],[2.19116,45.22306],[2.23987,45.2488],[2.2697,45.28989],[2.31608,45.32203],[2.35342,45.32979],[2.38099,45.41354],[2.44155,45.38453],[2.52337,45.38155],[2.48754,45.41817],[2.50841,45.47851],[2.54396,45.47898],[2.58269,45.45268],[2.66043,45.4348],[2.71453,45.38147],[2.74128,45.39296],[2.78515,45.38458],[2.81535,45.4004],[2.89297,45.37924],[2.92039,45.36218],[2.94862,45.30913],[3.0183,45.28707],[3.0594,45.30683],[3.06318,45.33137],[3.1035,45.35437]]]}},{"type":"Feature","properties":{"riding_id":"01601","dept":"016","name":"Charente — 1ère circonscription"},"geometry":{"type":"Polygon","coordinates":[[[-0.00148,45.60378],[0.03724,45.61035],[0.04435,45.63273],[0.09302,45.64458],[0.05781,45.67543],[0.18405,45.75513],[0.26821,45.7016],[0.32313,45.71358],[0.30737,45.67972],[0.31369,45.64314],[0.39737,45.61373],[0.37005,45.57889],[0.34226,45.57583],[0.32881,45.60774],[0.27709,45.57522],[0.24036,45.5763],[0.18831,45.60256],[0.02901,45.56291],[0.01888,45.54363],[-0.02899,45.55905],[-0.00148,45.60378]]]}},{"type":"Feature","properties":{"riding_id":"01602","dept":"016","name":"Charente — 2ème circonscription"},"geometry":{"type":"Polygon","coordinates":[[[0.00433,45.19163],[0.00371,45.22841],[-0.04974,45.24882],[-0.11539,45.24807],[-0.10881,45.28967],[-0.22875,45.32166],[-0.28317,45.30832],[-0.27109,45.35782],[-0.31064,45.37658],[-0.25123,45.41881],[-0.26835,45.45588],[-0.25472,45.5194],[-0.31991,45.53489],[-0.29657,45.5645],[-0.37631,45.60943],[-0.42292,45.68559],[-0.41584,45.74167],[-0.44933,45.766],[-0.31217,45.78629],[-0.29179,45.80566],[-0.24803,45.80548],[-0.22108,45.77522],[-0.1906,45.75449],[-0.13293,45.75865],[-0.12535,45.73609],[-0.03728,45.7028],[-0.07192,45.66771],[-0.04885,45.64657],[-0.01459,45.65255],[-0.00148,45.60378],[-0.02899,45.55905],[0.01888,45.54363],[0.02901,45.56291],[0.18831,45.60256],[0.24036,45.5763],[0.27709,45.57522],[0.32881,45.60774],[0.34226,45.57583],[0.41356,45.53377],[0.44931,45.52392],[0.43276,45.50165],[0.35671,45.46622],[0.31078,45.45876],[0.27086,45.41893],[0.24943,45.36359],[0.27063,45.31461],[0.25262,45.28941],[0.22091,45.29022],[0.20442,45.2636],[0.14549,45.21449],[0.05558,45.22716],[0.00433,45.19163]]]}},{"type":"Feature","properties":{"riding_id":"01603","dept":"016","name":"Charente — 3ème circonscription"},"geometry":{"type":"Polygon","coordinates":[[[-0.10294,45.96966],[-0.05886,45.98605],[-0.02621,46.05635],[0.01914,46.05284],[0.07297,46.0939],[0.13582,46.10405],[0.16752,46.08456],[0.19735,46.09556],[0.21985,46.09425],[0.29133,46.05955],[0.4661,46.06097],[0.44743,46.08705],[0.4723,46.13014],[0.50869,46.13194],[0.53997,46.08556],[0.68745,46.09725],[0.67645,46.11253],[0.74788,46.13872],[0.82343,46.12859],[0.83231,46.10434],[0.81791,46.04789],[0.92451,46.01023],[0.93468,45.99221],[0.94149,45.96059],[0.88458,45.92381],[0.82194,45.93156],[0.82737,45.88275],[0.78378,45.79348],[0.71052,45.8022],[0.69538,45.76212],[0.62974,45.71457],[0.57545,45.64093],[0.50144,45.61535],[0.51632,45.58806],[0.50655,45.55434],[0.44931,45.52392],[0.41356,45.53377],[0.34226,45.57583],[0.37005,45.57889],[0.39737,45.61373],[0.31369,45.64314],[0.30737,45.67972],[0.32313,45.71358],[0.26821,45.7016],[0.18405,45.75513],[0.05781,45.67543],[0.09302,45.64458],[0.04435,45.63273],[0.03724,45.61035],[-0.00148,45.60378],[-0.01459,45.65255],[-0.04885,45.64657],[-0.07192,45.66771],[-0.03728,45.7028],[-0.12535,45.73609],[-0.13293,45.75865],[-0.1906,45.75449],[-0.22108,45.77522],[-0.16158,45.79077],[-0.1361,45.82064],[-0.13851,45.84565],[-0.11474,45.87238],[-0.14745,45.90085],[-0.15113,45.92662],[-0.09579,45.93089],[-0.10294,45.96966]]]}},{"type":"Feature","properties":{"riding_id":"01701","dept":"017","name":"Charente-Maritime — 1ère circonscription"},"geometry":{"type":"MultiPolygon","coordinates":[[[[-1.50701,46.19471],[-1.55848,46.23325],[-1.51189,46.25789],[-1.47764,46.23288],[-1.41673,46.22883],[-1.42478,46.20524],[-1.36515,46.20716],[-1.29573,46.18822],[-1.27655,46.16164],[-1.30798,46.14303],[-1.46006,46.20164],[-1.50701,46.19471]]],[[[-1.11135,46.26116],[-1.10507,46.23181],[-1.04534,46.21375],[-1.03803,46.1612],[-1.12976,46.14889],[-1.14921,46.13303],[-1.23066,46.15194],[-1.19972,46.21255],[-1.13893,46.25388],[-1.11135,46.26116]]]]}},{"type":"Feature","properties":{"riding_id":"01702","dept":"017","name":"Charente-Maritime — 2ème circonscription"},"geometry":{"type":"Polygon","coordinates":[[[-1.06456,45.95312],[-1.09141,45.99321],[-1.05308,46.00384],[-1.06275,46.04647],[-1.08903,46.0547],[-1.10319,46.09498],[-1.14921,46.13303],[-1.12976,46.14889],[-1.03803,46.1612],[-1.04534,46.21375],[-1.10507,46.23181],[-1.11135,46.26116],[-1.1294,46.31028],[-1.0781,46.31935],[-1.01764,46.35301],[-0.93423,46.36011],[-0.95868,46.32335],[-0.93391,46.31263],[-0.84074,46.33969],[-0.75048,46.30426],[-0.73599,46.26782],[-0.75146,46.24507],[-0.69095,46.21933],[-0.68241,46.19769],[-0.61585,46.13845],[-0.58308,46.13956],[-0.59704,46.11162],[-0.64622,46.09826],[-0.67616,46.04647],[-0.72333,46.05342],[-0.7344,46.033],[-0.79292,46.05863],[-0.86677,46.04615],[-0.90769,46.00582],[-0.90525,45.98883],[-0.97827,45.91452],[-1.00875,45.93308],[-0.99228,45.9662],[-1.06456,45.95312]]]}},{"type":"Feature","properties":{"riding_id":"01703","dept":"017","name":"Charente-Maritime — 3ème circonscription"},"geometry":{"type":"Polygon","coordinates":[[[-0.22108,45.77522],[-0.24803,45.80548],[-0.29179,45.80566],[-0.31217,45.78629],[-0.44933,45.766],[-0.41584,45.74167],[-0.42292,45.68559],[-0.45222,45.68284],[-0.52499,45.70694],[-0.54486,45.67528],[-0.58441,45.68897],[-0.63829,45.64993],[-0.67047,45.64614],[-0.7093,45.69913],[-0.76736,45.68769],[-0.7324,45.72684],[-0.78379,45.7445],[-0.77823,45.76784],[-0.703,45.81035],[-0.64747,45.78905],[-0.63926,45.82228],[-0.68544,45.85201],[-0.80727,45.88184],[-0.82621,45.90837],[-0.76767,45.94547],[-0.76815,46.00089],[-0.7344,46.033],[-0.72333,46.05342],[-0.67616,46.04647],[-0.64622,46.09826],[-0.59704,46.11162],[-0.58308,46.13956],[-0.52679,46.13556],[-0.50363,46.10727],[-0.45034,46.10206],[-0.40145,46.08425],[-0.28002,46.0769],[-0.27303,46.05732],[-0.21066,46.04543],[-0.1448,46.00467],[-0.13561,45.97854],[-0.10294,45.96966],[-0.09579,45.93089],[-0.15113,45.92662],[-0.14745,45.90085],[-0.11474,45.87238],[-0.13851,45.84565],[-0.1361,45.82064],[-0.16158,45.79077],[-0.22108,45.77522]]]}},{"type":"Feature","properties":{"riding_id":"01704","dept":"017","name":"Charente-Maritime — 4ème circonscription"},"geometry":{"type":"Polygon","coordinates":[[[0.00433,45.19163],[-0.03675,45.14075],[-0.0402,45.10238],[-0.08757,45.12158],[-0.14354,45.09034],[-0.19144,45.09475],[-0.25708,45.11462],[-0.27536,45.14141],[-0.3627,45.17036],[-0.37842,45.15686],[-0.41917,45.21039],[-0.40595,45.24208],[-0.41612,45.26739],[-0.47299,45.29363],[-0.51343,45.28639],[-0.56766,45.29742],[-0.56897,45.33152],[-0.60764,45.32401],[-0.70822,45.32748],[-0.75317,45.42249],[-0.773,45.44833],[-0.85598,45.51355],[-0.89747,45.52849],[-0.91978,45.55147],[-0.95652,45.55476],[-1.03221,45.61923],[-1.04442,45.65663],[-0.99414,45.65],[-0.98513,45.62847],[-0.9476,45.61589],[-0.92001,45.62754],[-0.88628,45.60764],[-0.82575,45.63096],[-0.86058,45.65335],[-0.83388,45.67844],[-0.79204,45.65671],[-0.76736,45.68769],[-0.7093,45.69913],[-0.67047,45.64614],[-0.63829,45.64993],[-0.58441,45.68897],[-0.54486,45.67528],[-0.52499,45.70694],[-0.45222,45.68284],[-0.42292,45.68559],[-0.37631,45.60943],[-0.29657,45.5645],[-0.31991,45.53489],[-0.25472,45.5194],[-0.26835,45.45588],[-0.25123,45.41881],[-0.31064,45.37658],[-0.27109,45.35782],[-0.28317,45.30832],[-0.22875,45.32166],[-0.10881,45.28967],[-0.11539,45.24807],[-0.04974,45.24882],[0.00371,45.22841],[0.00433,45.19163]]]}},{"type":"Feature","properties":{"riding_id":"01705","dept":"017","name":"Charente-Maritime — 5ème circonscription"},"geometry":{"type":"MultiPolygon","coordinates":[[[[-1.23342,45.92729],[-1.18898,45.88602],[-1.20771,45.85034],[-1.19756,45.83046],[-1.24567,45.81024],[-1.26026,45.86759],[-1.29189,45.89869],[-1.34203,45.91987],[-1.38645,45.95327],[-1.38709,45.99716],[-1.41081,46.0465],[-1.29649,45.98922],[-1.24699,45.98966],[-1.23342,45.92729]]],[[[-1.06456,45.95312],[-0.99228,45.9662],[-1.00875,45.93308],[-0.97827,45.91452],[-0.90525,45.98883],[-0.90769,46.00582],[-0.86677,46.04615],[-0.79292,46.05863],[-0.7344,46.033],[-0.76815,46.00089],[-0.76767,45.94547],[-0.82621,45.90837],[-0.80727,45.88184],[-0.68544,45.85201],[-0.63926,45.82228],[-0.64747,45.78905],[-0.703,45.81035],[-0.77823,45.76784],[-0.78379,45.7445],[-0.7324,45.72684],[-0.76736,45.68769],[-0.79204,45.65671],[-0.83388,45.67844],[-0.86058,45.65335],[-0.82575,45.63096],[-0.88628,45.60764],[-0.92001,45.62754],[-0.9476,45.61589],[-0.98513,45.62847],[-0.99414,45.65],[-1.04442,45.65663],[-1.03221,45.61923],[-1.11317,45.64675],[-1.20974,45.69559],[-1.23561,45.69289],[-1.24102,45.78555],[-1.18823,45.7901],[-1.13279,45.8072],[-1.15432,45.86275],[-1.10604,45.86706],[-1.07438,45.91218],[-1.06456,45.95312]]]]}},{"type":"Feature","properties":{"riding_id":"01801","dept":"018","name":"Cher — 1ère circonscription"},"geometry":{"type":"Polygon","coordinates":[[[2.33399,47.07339],[2.41309,47.09876],[2.45396,47.1216],[2.33244,47.13825],[2.2859,47.16842],[2.29574,47.19213],[2.25573,47.21275],[2.25674,47.2378],[2.28782,47.27794],[2.32636,47.29304],[2.32315,47.35684],[2.27354,47.36237],[2.23039,47.40753],[2.2467,47.4424],[2.19378,47.54857],[2.13138,47.5507],[2.11958,47.58295],[2.15629,47.60105],[2.23921,47.62098],[2.28963,47.62906],[2.37269,47.58544],[2.43808,47.60977],[2.4903,47.57177],[2.55007,47.5747],[2.59298,47.55814],[2.61202,47.52639],[2.65587,47.5104],[2.68636,47.48319],[2.76256,47.52496],[2.79752,47.49734],[2.87462,47.52042],[2.93156,47.44067],[2.91977,47.41047],[2.87025,47.34234],[2.97355,47.26994],[2.90083,47.25467],[2.88216,47.19264],[2.80638,47.21844],[2.73646,47.1746],[2.6606,47.17351],[2.68335,47.14898],[2.63853,47.09219],[2.57599,47.11898],[2.53014,47.1223],[2.45177,47.05012],[2.40703,47.07577],[2.3761,47.07662],[2.33399,47.07339]]]}},{"type":"Feature","properties":{"riding_id":"01802","dept":"018","name":"Cher — 2ème circonscription"},"geometry":{"type":"Polygon","coordinates":[[[1.83908,47.21931],[1.87533,47.20708],[1.91564,47.23418],[1.94137,47.29006],[1.99661,47.26575],[2.07333,47.28466],[2.13289,47.28119],[2.15715,47.30021],[2.10274,47.39162],[2.18824,47.4357],[2.23039,47.40753],[2.27354,47.36237],[2.32315,47.35684],[2.32636,47.29304],[2.28782,47.27794],[2.25674,47.2378],[2.25573,47.21275],[2.29574,47.19213],[2.2859,47.16842],[2.33244,47.13825],[2.45396,47.1216],[2.41309,47.09876],[2.33399,47.07339],[2.33982,47.03062],[2.3239,46.99385],[2.28045,46.96777],[2.3088,46.94223],[2.26148,46.91276],[2.24378,46.87359],[2.195,46.8878],[2.18111,46.85973],[2.14039,46.84519],[2.1262,46.87987],[2.11032,46.91317],[2.07069,46.93402],[2.09084,46.96669],[2.09689,47.01241],[2.02938,47.04553],[2.05565,47.07672],[1.99666,47.127],[1.88307,47.10051],[1.82845,47.1213],[1.77445,47.13076],[1.84224,47.17758],[1.83908,47.21931]]]}},{"type":"Feature","properties":{"riding_id":"01803","dept":"018","name":"Cher — 3ème circonscription"},"geometry":{"type":"Polygon","coordinates":[[[2.97355,47.26994],[2.97903,47.22906],[3.02828,47.12844],[3.02224,47.06365],[3.07478,47.02999],[3.06397,46.97694],[3.07828,46.95343],[3.05023,46.90915],[3.0636,46.88995],[3.0694,46.85226],[3.03207,46.79491],[2.95992,46.80388],[2.88042,46.77003],[2.84573,46.72662],[2.79342,46.73356],[2.77475,46.71895],[2.70483,46.73904],[2.6778,46.70461],[2.5931,46.64658],[2.57738,46.60673],[2.59846,46.59531],[2.61105,46.55151],[2.53665,46.51971],[2.48293,46.5327],[2.44615,46.52104],[2.3683,46.51843],[2.30546,46.47543],[2.28105,46.42041],[2.16779,46.42408],[2.1514,46.4577],[2.20379,46.48949],[2.1587,46.55735],[2.18461,46.60257],[2.18945,46.64214],[2.13727,46.67231],[2.15545,46.69216],[2.06575,46.74249],[2.11401,46.77537],[2.07782,46.83801],[2.08796,46.86588],[2.1262,46.87987],[2.14039,46.84519],[2.18111,46.85973],[2.195,46.8878],[2.24378,46.87359],[2.26148,46.91276],[2.3088,46.94223],[2.28045,46.96777],[2.3239,46.99385],[2.33982,47.03062],[2.33399,47.07339],[2.3761,47.07662],[2.40703,47.07577],[2.45177,47.05012],[2.53014,47.1223],[2.57599,47.11898],[2.63853,47.09219],[2.68335,47.14898],[2.6606,47.17351],[2.73646,47.1746],[2.80638,47.21844],[2.88216,47.19264],[2.90083,47.25467],[2.97355,47.26994]]]}},{"type":"Feature","properties":{"riding_id":"01901","dept":"019","name":"Corrèze — 1ère circonscription"},"geometry":{"type":"Polygon","coordinates":[[[1.49247,45.54939],[1.51739,45.56428],[1.55878,45.55094],[1.5929,45.57503],[1.62519,45.57869],[1.71073,45.64134],[1.75021,45.64571],[1.78583,45.68266],[1.82644,45.66505],[1.87482,45.66467],[1.89873,45.69828],[1.95639,45.724],[1.99089,45.72302],[2.0141,45.75448],[2.06048,45.7539],[2.11322,45.72657],[2.2034,45.71713],[2.21092,45.70256],[2.27107,45.69165],[2.27164,45.66424],[2.3201,45.67054],[2.36781,45.71312],[2.43586,45.69928],[2.49213,45.73767],[2.52151,45.71134],[2.52868,45.6822],[2.51398,45.63944],[2.48629,45.64082],[2.46347,45.59468],[2.51588,45.55388],[2.50841,45.47851],[2.48754,45.41817],[2.52337,45.38155],[2.44155,45.38453],[2.38099,45.41354],[2.35342,45.32979],[2.31608,45.32203],[2.2697,45.28989],[2.23987,45.2488],[2.19116,45.22306],[2.11218,45.23077],[2.02782,45.20121],[2.03178,45.18819],[1.99394,45.12623],[1.95962,45.10885],[1.96246,45.08123],[1.91335,45.04035],[1.87239,45.04467],[1.81126,45.09093],[1.77674,45.10171],[1.77321,45.14341],[1.72149,45.18719],[1.67011,45.20715],[1.65316,45.17736],[1.56465,45.19332],[1.5026,45.21596],[1.46477,45.18474],[1.41207,45.24161],[1.45382,45.26147],[1.47073,45.29622],[1.4394,45.33442],[1.4579,45.40762],[1.49495,45.42408],[1.50261,45.44712],[1.47474,45.487],[1.49986,45.52224],[1.49247,45.54939]]]}},{"type":"Feature","properties":{"riding_id":"01902","dept":"019","name":"Corrèze — 2ème circonscription"},"geometry":{"type":"Polygon","coordinates":[[[1.22706,45.27184],[1.28516,45.35205],[1.31596,45.36118],[1.26022,45.40025],[1.28827,45.43353],[1.25315,45.44422],[1.28532,45.49028],[1.35008,45.4669],[1.3896,45.49616],[1.40894,45.52634],[1.49247,45.54939],[1.49986,45.52224],[1.47474,45.487],[1.50261,45.44712],[1.49495,45.42408],[1.4579,45.40762],[1.4394,45.33442],[1.47073,45.29622],[1.45382,45.26147],[1.41207,45.24161],[1.46477,45.18474],[1.5026,45.21596],[1.56465,45.19332],[1.65316,45.17736],[1.67011,45.20715],[1.72149,45.18719],[1.77321,45.14341],[1.77674,45.10171],[1.81126,45.09093],[1.87239,45.04467],[1.91335,45.04035],[1.96246,45.08123],[1.95962,45.10885],[1.99394,45.12623],[2.03178,45.18819],[2.02782,45.20121],[2.11218,45.23077],[2.19116,45.22306],[2.21042,45.14716],[2.17278,45.08128],[2.1434,45.08631],[2.09516,45.05604],[2.1409,45.00541],[2.13329,44.98575],[2.06291,44.97651],[2.04512,44.98367],[1.94015,44.97184],[1.90778,44.97824],[1.88709,44.95634],[1.83157,44.94342],[1.82445,44.9281],[1.75398,44.94085],[1.65189,45.02529],[1.54032,45.04467],[1.44826,45.01931],[1.39956,45.06119],[1.39245,45.10588],[1.41309,45.12491],[1.25444,45.15851],[1.2914,45.18565],[1.23361,45.22219],[1.27628,45.2557],[1.22706,45.27184]]]}},{"type":"Feature","properties":{"riding_id":"02101","dept":"021","name":"Côte-d'Or — 1ère circonscription"},"geometry":{"type":"Polygon","coordinates":[[[4.93858,47.27838],[4.87573,47.26913],[4.84155,47.27914],[4.81698,47.29413],[4.84005,47.3248],[4.81254,47.36543],[4.84206,47.39876],[4.89754,47.40755],[4.95794,47.43176],[5.0448,47.44541],[5.09903,47.41709],[5.02456,47.31611],[5.00544,47.31191],[4.97049,47.29736],[4.93858,47.27838]]]}},{"type":"Feature","properties":{"riding_id":"02102","dept":"021","name":"Côte-d'Or — 2ème circonscription"},"geometry":{"type":"Polygon","coordinates":[[[5.40059,47.10756],[5.38843,47.12532],[5.33508,47.12268],[5.25461,47.17618],[5.29074,47.21728],[5.32779,47.22879],[5.32055,47.26739],[5.2514,47.30632],[5.23522,47.35111],[5.20329,47.36121],[5.16029,47.35306],[5.07293,47.30877],[5.02456,47.31611],[5.09903,47.41709],[5.20707,47.43824],[5.25565,47.48967],[5.27265,47.53807],[5.3064,47.53315],[5.34724,47.56341],[5.35572,47.59169],[5.37408,47.60454],[5.3998,47.59716],[5.4256,47.63207],[5.47856,47.60539],[5.49664,47.54713],[5.44746,47.4962],[5.39922,47.49901],[5.37953,47.46614],[5.44102,47.44656],[5.43042,47.42136],[5.45139,47.38397],[5.49692,47.38855],[5.495,47.34143],[5.47429,47.3153],[5.51854,47.30419],[5.48845,47.28815],[5.47914,47.21851],[5.43898,47.14299],[5.40059,47.10756]]]}},{"type":"Feature","properties":{"riding_id":"02103","dept":"021","name":"Côte-d'Or — 3ème circonscription"},"geometry":{"type":"Polygon","coordinates":[[[5.25461,47.17618],[5.19415,47.169],[5.1736,47.14237],[5.13705,47.12645],[5.09506,47.14786],[5.1161,47.19477],[5.10835,47.22128],[5.04837,47.2682],[4.99951,47.26304],[4.93858,47.27838],[4.97049,47.29736],[5.00544,47.31191],[5.02456,47.31611],[5.07293,47.30877],[5.16029,47.35306],[5.20329,47.36121],[5.23522,47.35111],[5.2514,47.30632],[5.32055,47.26739],[5.32779,47.22879],[5.29074,47.21728],[5.25461,47.17618]]]}},{"type":"Feature","properties":{"riding_id":"02104","dept":"021","name":"Côte-d'Or — 4ème circonscription"},"geometry":{"type":"Polygon","coordinates":[[[4.53577,48.00657],[4.57858,48.02834],[4.61681,48.03138],[4.67296,48.01502],[4.70424,48.02024],[4.74953,48.00431],[4.78942,48.00787],[4.78778,47.96525],[4.84503,47.96043],[4.87459,47.91952],[4.90596,47.91647],[4.95409,47.86677],[4.9861,47.8036],[4.91796,47.77709],[4.95899,47.76188],[4.97137,47.69023],[5.05624,47.69481],[5.0468,47.67557],[5.12756,47.64847],[5.17341,47.65354],[5.21139,47.64166],[5.25623,47.57655],[5.30636,47.60728],[5.35572,47.59169],[5.34724,47.56341],[5.3064,47.53315],[5.27265,47.53807],[5.25565,47.48967],[5.20707,47.43824],[5.09903,47.41709],[5.0448,47.44541],[4.95794,47.43176],[4.89754,47.40755],[4.84206,47.39876],[4.81254,47.36543],[4.84005,47.3248],[4.81698,47.29413],[4.84155,47.27914],[4.83163,47.23697],[4.7775,47.19466],[4.71531,47.22647],[4.69588,47.26249],[4.64663,47.26403],[4.61929,47.30183],[4.54183,47.3187],[4.47764,47.30283],[4.40331,47.30968],[4.35977,47.2866],[4.38331,47.26782],[4.36978,47.23531],[4.30492,47.23615],[4.2908,47.25316],[4.20275,47.25918],[4.18675,47.24514],[4.12536,47.24951],[4.10609,47.33926],[4.10567,47.36602],[4.07805,47.38175],[4.07298,47.41365],[4.11943,47.44355],[4.12883,47.47046],[4.11463,47.51476],[4.17258,47.55082],[4.21258,47.62785],[4.2478,47.65878],[4.26589,47.70395],[4.33103,47.75609],[4.31998,47.81143],[4.32486,47.8472],[4.26269,47.84401],[4.26444,47.8715],[4.29342,47.92568],[4.3128,47.9625],[4.35255,47.95663],[4.41641,47.9682],[4.44696,47.9562],[4.55997,47.97142],[4.53577,48.00657]]]}},{"type":"Feature","properties":{"riding_id":"02105","dept":"021","name":"Côte-d'Or — 5ème circonscription"},"geometry":{"type":"MultiPolygon","coordinates":[[[[4.20983,47.15541],[4.23088,47.19702],[4.18675,47.24514],[4.20275,47.25918],[4.2908,47.25316],[4.30492,47.23615],[4.36978,47.23531],[4.38331,47.26782],[4.35977,47.2866],[4.40331,47.30968],[4.47764,47.30283],[4.54183,47.3187],[4.61929,47.30183],[4.64663,47.26403],[4.69588,47.26249],[4.71531,47.22647],[4.7775,47.19466],[4.83163,47.23697],[4.84155,47.27914],[4.87573,47.26913],[4.93858,47.27838],[4.99951,47.26304],[5.04837,47.2682],[5.10835,47.22128],[5.1161,47.19477],[5.09506,47.14786],[5.13705,47.12645],[5.1736,47.14237],[5.19415,47.169],[5.25461,47.17618],[5.33508,47.12268],[5.38843,47.12532],[5.40059,47.10756],[5.38565,47.08175],[5.32397,47.07379],[5.27533,47.02693],[5.3172,47.01581],[5.25524,46.97989],[5.2122,46.98015],[5.16463,46.96423],[5.07494,46.96116],[5.0493,46.98159],[4.99722,46.96113],[4.91475,46.96776],[4.89308,46.9515],[4.74432,46.92444],[4.68522,46.90095],[4.67844,46.93043],[4.59581,46.95216],[4.55481,47.02005],[4.51214,47.012],[4.48964,47.03201],[4.40628,47.05],[4.40287,47.08228],[4.34425,47.07243],[4.34938,47.09695],[4.27662,47.10799],[4.20983,47.15541]]],[[[4.11597,47.12334],[4.11507,47.14616],[4.1819,47.15051],[4.15001,47.11404],[4.11597,47.12334]]]]}},{"type":"Feature","properties":{"riding_id":"02201","dept":"022","name":"Côtes-d'Armor — 1ère circonscription"},"geometry":{"type":"Polygon","coordinates":[[[-3.02192,48.4477],[-3.02223,48.47246],[-2.94906,48.52068],[-2.97586,48.5527],[-2.92611,48.58647],[-2.89674,48.58207],[-2.80879,48.59208],[-2.77232,48.57034],[-2.71585,48.55445],[-2.71796,48.52662],[-2.68814,48.49607],[-2.65779,48.52552],[-2.63016,48.52632],[-2.60757,48.49033],[-2.64462,48.47468],[-2.70483,48.42345],[-2.76206,48.42041],[-2.84209,48.4723],[-2.88666,48.4429],[-2.94241,48.42886],[-2.99292,48.43252],[-3.02192,48.4477]]]}},{"type":"Feature","properties":{"riding_id":"02202","dept":"022","name":"Côtes-d'Armor — 2ème circonscription"},"geometry":{"type":"Polygon","coordinates":[[[-2.62806,48.53989],[-2.54872,48.59712],[-2.49881,48.60743],[-2.43826,48.65232],[-2.41594,48.6413],[-2.33081,48.67267],[-2.2847,48.66865],[-2.33747,48.61973],[-2.31142,48.61216],[-2.26123,48.64508],[-2.22393,48.59329],[-2.12371,48.60441],[-2.09432,48.57175],[-2.03397,48.55111],[-2.0069,48.56611],[-1.94804,48.53881],[-1.9248,48.54517],[-1.909,48.48155],[-1.94863,48.44646],[-1.93807,48.41985],[-1.94647,48.36712],[-1.9669,48.34282],[-1.96457,48.30144],[-2.0141,48.27953],[-2.07762,48.29176],[-2.1086,48.2548],[-2.15005,48.25875],[-2.18717,48.244],[-2.19193,48.20822],[-2.22798,48.21092],[-2.24843,48.20521],[-2.31179,48.22243],[-2.3801,48.2648],[-2.39183,48.31634],[-2.37081,48.34874],[-2.30241,48.37777],[-2.3138,48.39823],[-2.27452,48.41211],[-2.31307,48.46418],[-2.3493,48.48295],[-2.34896,48.50993],[-2.39744,48.50629],[-2.4175,48.5283],[-2.45276,48.50549],[-2.50204,48.52853],[-2.52151,48.50707],[-2.5888,48.50591],[-2.62806,48.53989]]]}},{"type":"Feature","properties":{"riding_id":"02203","dept":"022","name":"Côtes-d'Armor — 3ème circonscription"},"geometry":{"type":"Polygon","coordinates":[[[-2.87795,48.15092],[-2.94387,48.1717],[-2.99975,48.16071],[-3.01838,48.19109],[-3.07697,48.2099],[-3.0569,48.24374],[-3.0905,48.25096],[-3.09201,48.28625],[-3.07025,48.31431],[-3.07096,48.34267],[-3.03608,48.36197],[-3.056,48.38416],[-3.02192,48.4477],[-2.99292,48.43252],[-2.94241,48.42886],[-2.88666,48.4429],[-2.84209,48.4723],[-2.76206,48.42041],[-2.70483,48.42345],[-2.64462,48.47468],[-2.60757,48.49033],[-2.63016,48.52632],[-2.62806,48.53989],[-2.5888,48.50591],[-2.52151,48.50707],[-2.50204,48.52853],[-2.45276,48.50549],[-2.4175,48.5283],[-2.39744,48.50629],[-2.34896,48.50993],[-2.3493,48.48295],[-2.31307,48.46418],[-2.27452,48.41211],[-2.3138,48.39823],[-2.30241,48.37777],[-2.37081,48.34874],[-2.39183,48.31634],[-2.3801,48.2648],[-2.31179,48.22243],[-2.24843,48.20521],[-2.22798,48.21092],[-2.22474,48.17061],[-2.28728,48.13375],[-2.33012,48.12036],[-2.42091,48.17325],[-2.4884,48.15792],[-2.57922,48.06974],[-2.62332,48.0369],[-2.65576,48.03254],[-2.67133,48.06291],[-2.65199,48.11997],[-2.74817,48.11387],[-2.78496,48.12262],[-2.8104,48.14655],[-2.87795,48.15092]]]}},{"type":"Feature","properties":{"riding_id":"02204","dept":"022","name":"Côtes-d'Armor — 4ème circonscription"},"geometry":{"type":"Polygon","coordinates":[[[-2.92611,48.58647],[-2.97586,48.5527],[-2.94906,48.52068],[-3.02223,48.47246],[-3.02192,48.4477],[-3.056,48.38416],[-3.03608,48.36197],[-3.07096,48.34267],[-3.07025,48.31431],[-3.09201,48.28625],[-3.0905,48.25096],[-3.0569,48.24374],[-3.07697,48.2099],[-3.12993,48.19868],[-3.14788,48.1611],[-3.28469,48.14377],[-3.33693,48.17157],[-3.4176,48.14564],[-3.42208,48.17335],[-3.48045,48.18586],[-3.56484,48.18575],[-3.54126,48.20919],[-3.55381,48.24086],[-3.52296,48.28172],[-3.55303,48.29302],[-3.56281,48.34702],[-3.55516,48.37691],[-3.60768,48.38833],[-3.59877,48.42264],[-3.5505,48.44783],[-3.59959,48.4708],[-3.60417,48.49405],[-3.55382,48.54128],[-3.59458,48.58575],[-3.6293,48.58837],[-3.65418,48.6173],[-3.65914,48.65921],[-3.61508,48.68457],[-3.57991,48.67072],[-3.58218,48.72081],[-3.55366,48.72919],[-3.42419,48.65019],[-3.38896,48.68916],[-3.35778,48.65392],[-3.27814,48.66357],[-3.24169,48.65393],[-3.07629,48.65658],[-3.09594,48.68343],[-3.0581,48.69355],[-3.01601,48.66615],[-2.9212,48.648],[-2.92611,48.58647]]]}},{"type":"Feature","properties":{"riding_id":"02205","dept":"022","name":"Côtes-d'Armor — 5ème circonscription"},"geometry":{"type":"Polygon","coordinates":[[[-2.92611,48.58647],[-2.9212,48.648],[-3.01601,48.66615],[-3.0581,48.69355],[-3.09594,48.68343],[-3.07629,48.65658],[-3.24169,48.65393],[-3.27814,48.66357],[-3.35778,48.65392],[-3.38896,48.68916],[-3.42419,48.65019],[-3.55366,48.72919],[-3.58533,48.77143],[-3.53215,48.80497],[-3.53944,48.82407],[-3.47923,48.83752],[-3.44056,48.79831],[-3.38901,48.80353],[-3.32015,48.83716],[-3.26432,48.83429],[-3.22028,48.86616],[-3.19914,48.82457],[-3.16829,48.8517],[-3.08484,48.86722],[-3.08394,48.84792],[-3.04709,48.81709],[-3.04566,48.78754],[-3.01638,48.76752],[-2.92979,48.7563],[-2.9479,48.72722],[-2.82938,48.65579],[-2.80879,48.59208],[-2.89674,48.58207],[-2.92611,48.58647]]]}},{"type":"Feature","properties":{"riding_id":"02301","dept":"023","name":"Creuse — 1ère circonscription"},"geometry":{"type":"Polygon","coordinates":[[[2.49213,45.73767],[2.43586,45.69928],[2.36781,45.71312],[2.3201,45.67054],[2.27164,45.66424],[2.27107,45.69165],[2.21092,45.70256],[2.2034,45.71713],[2.11322,45.72657],[2.06048,45.7539],[2.0141,45.75448],[1.99089,45.72302],[1.95639,45.724],[1.89873,45.69828],[1.87347,45.72772],[1.89635,45.76007],[1.8838,45.79471],[1.8156,45.8144],[1.75584,45.85567],[1.72967,45.84349],[1.65283,45.84563],[1.6024,45.85746],[1.60208,45.88968],[1.64157,45.89622],[1.60493,45.93306],[1.57338,45.91582],[1.51382,45.93107],[1.51866,45.9505],[1.56624,45.96368],[1.56839,45.99684],[1.5379,45.99734],[1.54772,46.03606],[1.54119,46.07567],[1.48849,46.10816],[1.50485,46.1232],[1.47009,46.1496],[1.45257,46.18115],[1.3985,46.18588],[1.37904,46.21941],[1.4077,46.25444],[1.44027,46.33535],[1.41519,46.34722],[1.52535,46.42665],[1.54619,46.39593],[1.60077,46.41962],[1.64109,46.38559],[1.6836,46.41818],[1.70938,46.39343],[1.75055,46.40559],[1.74759,46.45002],[1.79824,46.45491],[1.81845,46.43142],[1.99308,46.43092],[2.07245,46.42011],[2.16779,46.42408],[2.28105,46.42041],[2.28694,46.38331],[2.31248,46.37606],[2.31459,46.33464],[2.35793,46.32337],[2.38608,46.33197],[2.47022,46.28635],[2.48892,46.25001],[2.5152,46.23854],[2.5285,46.18494],[2.55916,46.17441],[2.56538,46.14304],[2.55061,46.08645],[2.57334,46.04693],[2.6027,46.03287],[2.59314,45.99607],[2.60683,45.96642],[2.56871,45.95787],[2.49222,45.86403],[2.38802,45.82738],[2.43086,45.78862],[2.43412,45.76986],[2.49213,45.73767]]]}},{"type":"Feature","properties":{"riding_id":"02401","dept":"024","name":"Dordogne — 1ère circonscription"},"geometry":{"type":"Polygon","coordinates":[[[0.81184,45.2052],[0.72055,45.17372],[0.71089,45.1421],[0.67568,45.11428],[0.61227,45.08658],[0.6201,45.07116],[0.58278,45.04599],[0.49572,45.05329],[0.47369,45.03503],[0.438,45.04182],[0.40936,45.00397],[0.37298,45.01977],[0.26532,44.95837],[0.17559,44.97717],[0.14302,44.97147],[0.06946,44.99683],[0.04069,45.02214],[0.07235,45.0747],[0.12976,45.12018],[0.18287,45.10657],[0.19369,45.16386],[0.22358,45.14346],[0.2754,45.13256],[0.3086,45.16155],[0.36675,45.16665],[0.4086,45.193],[0.50665,45.20614],[0.54636,45.24802],[0.62058,45.24609],[0.64938,45.27796],[0.708,45.2893],[0.7491,45.2418],[0.81388,45.22987],[0.81184,45.2052]]]}},{"type":"Feature","properties":{"riding_id":"02402","dept":"024","name":"Dordogne — 2ème circonscription"},"geometry":{"type":"Polygon","coordinates":[[[0.49563,44.66981],[0.41695,44.64521],[0.36656,44.66131],[0.33666,44.73557],[0.29733,44.76229],[0.28023,44.7744],[0.28196,44.82385],[0.31506,44.84538],[0.25645,44.86752],[0.19284,44.8208],[0.14883,44.82909],[0.0393,44.82764],[-0.01004,44.85979],[0.03391,44.91496],[0.00513,44.94624],[0.04011,44.99355],[0.03914,45.02431],[0.04069,45.02214],[0.06946,44.99683],[0.14302,44.97147],[0.17559,44.97717],[0.26532,44.95837],[0.37298,45.01977],[0.40936,45.00397],[0.438,45.04182],[0.47369,45.03503],[0.49572,45.05329],[0.58278,45.04599],[0.61902,45.02944],[0.65997,44.99235],[0.65113,44.96767],[0.72582,44.93496],[0.72698,44.91854],[0.82225,44.88193],[0.82312,44.8606],[0.89058,44.85679],[0.93907,44.84411],[0.97264,44.79649],[0.93507,44.75483],[0.95043,44.71066],[0.99353,44.68972],[0.97995,44.64598],[0.94418,44.64035],[0.87,44.59732],[0.83515,44.6022],[0.817,44.62701],[0.84456,44.66584],[0.79946,44.70078],[0.7786,44.68429],[0.72913,44.67599],[0.65743,44.67786],[0.6481,44.70217],[0.57647,44.69306],[0.54656,44.66515],[0.49563,44.66981]]]}},{"type":"Feature","properties":{"riding_id":"02403","dept":"024","name":"Dordogne — 3ème circonscription"},"geometry":{"type":"Polygon","coordinates":[[[0.07235,45.0747],[0.04579,45.11346],[-0.00224,45.11936],[-0.0402,45.10238],[-0.03675,45.14075],[0.00433,45.19163],[0.05558,45.22716],[0.14549,45.21449],[0.20442,45.2636],[0.22091,45.29022],[0.25262,45.28941],[0.27063,45.31461],[0.24943,45.36359],[0.27086,45.41893],[0.31078,45.45876],[0.35671,45.46622],[0.43276,45.50165],[0.44931,45.52392],[0.50655,45.55434],[0.51632,45.58806],[0.50144,45.61535],[0.57545,45.64093],[0.62974,45.71457],[0.66209,45.68748],[0.74414,45.68826],[0.77564,45.66775],[0.75061,45.61687],[0.77719,45.59217],[0.84,45.5813],[0.86935,45.62353],[0.89374,45.60103],[0.94615,45.61255],[1.02359,45.60722],[1.04775,45.55783],[1.08602,45.53474],[1.11931,45.54596],[1.16536,45.5264],[1.11844,45.4879],[1.21212,45.46237],[1.25315,45.44422],[1.28827,45.43353],[1.26022,45.40025],[1.31596,45.36118],[1.28516,45.35205],[1.22706,45.27184],[1.16289,45.30512],[1.09414,45.29205],[1.04772,45.30257],[0.99635,45.26582],[1.01573,45.22922],[0.91386,45.18853],[0.86419,45.18368],[0.81184,45.2052],[0.81388,45.22987],[0.7491,45.2418],[0.708,45.2893],[0.64938,45.27796],[0.62058,45.24609],[0.54636,45.24802],[0.50665,45.20614],[0.4086,45.193],[0.36675,45.16665],[0.3086,45.16155],[0.2754,45.13256],[0.22358,45.14346],[0.19369,45.16386],[0.18287,45.10657],[0.12976,45.12018],[0.07235,45.0747]]]}},{"type":"Feature","properties":{"riding_id":"02404","dept":"024","name":"Dordogne — 4ème circonscription"},"geometry":{"type":"Polygon","coordinates":[[[0.58278,45.04599],[0.6201,45.07116],[0.61227,45.08658],[0.67568,45.11428],[0.71089,45.1421],[0.72055,45.17372],[0.81184,45.2052],[0.86419,45.18368],[0.91386,45.18853],[1.01573,45.22922],[0.99635,45.26582],[1.04772,45.30257],[1.09414,45.29205],[1.16289,45.30512],[1.22706,45.27184],[1.27628,45.2557],[1.23361,45.22219],[1.2914,45.18565],[1.25444,45.15851],[1.41309,45.12491],[1.39245,45.10588],[1.39956,45.06119],[1.44826,45.01931],[1.40913,45.00673],[1.41426,44.97391],[1.44156,44.91878],[1.42184,44.89641],[1.44218,44.87835],[1.36546,44.84497],[1.3641,44.81157],[1.30117,44.79774],[1.32153,44.7611],[1.31605,44.74038],[1.27004,44.72209],[1.22455,44.68427],[1.14673,44.6708],[1.15089,44.63286],[1.07514,44.57733],[1.07113,44.59623],[1.0125,44.61583],[0.9773,44.64299],[0.94418,44.64035],[0.97995,44.64598],[0.99353,44.68972],[0.95043,44.71066],[0.93507,44.75483],[0.97264,44.79649],[0.93907,44.84411],[0.89058,44.85679],[0.82312,44.8606],[0.82225,44.88193],[0.72698,44.91854],[0.72582,44.93496],[0.65113,44.96767],[0.65997,44.99235],[0.61902,45.02944],[0.58278,45.04599]]]}},{"type":"Feature","properties":{"riding_id":"02501","dept":"025","name":"Doubs — 1ère circonscription"},"geometry":{"type":"Polygon","coordinates":[[[6.0371,47.09966],[5.96913,47.05027],[5.94511,46.98885],[5.84066,47.00851],[5.75093,47.04067],[5.78472,47.05491],[5.76899,47.09004],[5.8166,47.13479],[5.81147,47.16905],[5.72045,47.22004],[5.69873,47.26501],[5.7352,47.26344],[5.7953,47.2897],[5.84507,47.30089],[5.90431,47.33302],[5.92644,47.32707],[5.9853,47.30767],[6.02542,47.2415],[5.98914,47.20093],[6.07246,47.13761],[6.0371,47.09966]]]}},{"type":"Feature","properties":{"riding_id":"02502","dept":"025","name":"Doubs — 2ème circonscription"},"geometry":{"type":"Polygon","coordinates":[[[5.92644,47.32707],[5.9267,47.34476],[6.02355,47.33235],[6.07954,47.35465],[6.11982,47.3955],[6.1727,47.39778],[6.17762,47.41604],[6.25055,47.42466],[6.27601,47.41723],[6.29208,47.37179],[6.28495,47.31574],[6.32046,47.24319],[6.31091,47.19934],[6.27438,47.20245],[6.21433,47.1648],[6.2542,47.14521],[6.25922,47.11337],[6.30025,47.03302],[6.26007,47.01305],[6.18459,47.01072],[6.1575,47.02628],[6.0872,47.09603],[6.0371,47.09966],[6.07246,47.13761],[5.98914,47.20093],[6.02542,47.2415],[5.9853,47.30767],[5.92644,47.32707]]]}},{"type":"Feature","properties":{"riding_id":"02503","dept":"025","name":"Doubs — 3ème circonscription"},"geometry":{"type":"Polygon","coordinates":[[[6.32046,47.24319],[6.28495,47.31574],[6.29208,47.37179],[6.27601,47.41723],[6.25055,47.42466],[6.28018,47.44397],[6.33448,47.506],[6.41115,47.5219],[6.50057,47.51025],[6.51772,47.49667],[6.57351,47.49549],[6.58156,47.54098],[6.627,47.52985],[6.67018,47.5579],[6.74011,47.5568],[6.7811,47.53637],[6.80701,47.5628],[6.81666,47.54792],[6.82198,47.49119],[6.72529,47.48007],[6.68201,47.45432],[6.67295,47.41407],[6.63552,47.37063],[6.63224,47.3024],[6.67328,47.30226],[6.70508,47.33002],[6.79783,47.36558],[6.8798,47.35243],[6.99934,47.36487],[7.04819,47.36053],[7.04393,47.32696],[7.00841,47.30273],[6.94092,47.28663],[6.95512,47.24316],[6.84437,47.17207],[6.82648,47.14417],[6.78823,47.16859],[6.75002,47.23195],[6.66659,47.22149],[6.66008,47.24091],[6.60487,47.23922],[6.59526,47.26801],[6.52484,47.2654],[6.49475,47.28505],[6.44781,47.27123],[6.36099,47.26677],[6.32046,47.24319]]]}},{"type":"Feature","properties":{"riding_id":"02504","dept":"025","name":"Doubs — 4ème circonscription"},"geometry":{"type":"Polygon","coordinates":[[[6.81666,47.54792],[6.88347,47.55533],[6.92532,47.51953],[6.90761,47.49455],[6.93918,47.4337],[6.94,47.40971],[6.88379,47.37134],[6.8798,47.35243],[6.79783,47.36558],[6.70508,47.33002],[6.67328,47.30226],[6.63224,47.3024],[6.63552,47.37063],[6.67295,47.41407],[6.68201,47.45432],[6.72529,47.48007],[6.82198,47.49119],[6.81666,47.54792]]]}},{"type":"Feature","properties":{"riding_id":"02505","dept":"025","name":"Doubs — 5ème circonscription"},"geometry":{"type":"Polygon","coordinates":[[[6.0371,47.09966],[6.0872,47.09603],[6.1575,47.02628],[6.18459,47.01072],[6.26007,47.01305],[6.30025,47.03302],[6.25922,47.11337],[6.2542,47.14521],[6.21433,47.1648],[6.27438,47.20245],[6.31091,47.19934],[6.32046,47.24319],[6.36099,47.26677],[6.44781,47.27123],[6.49475,47.28505],[6.52484,47.2654],[6.59526,47.26801],[6.60487,47.23922],[6.66008,47.24091],[6.66659,47.22149],[6.75002,47.23195],[6.78823,47.16859],[6.82648,47.14417],[6.74055,47.10704],[6.69634,47.06651],[6.71597,47.05103],[6.65419,47.02237],[6.63391,46.99857],[6.50596,46.96613],[6.43301,46.92782],[6.46454,46.88991],[6.45976,46.85159],[6.43449,46.80239],[6.45725,46.78857],[6.42408,46.75451],[6.2678,46.67675],[6.11295,46.57512],[6.13811,46.55766],[6.04857,46.60772],[6.10327,46.65249],[6.07121,46.68757],[6.1802,46.74144],[6.20657,46.76634],[6.15224,46.81953],[6.10555,46.8453],[6.02881,46.86032],[5.99722,46.9335],[5.94511,46.98885],[5.96913,47.05027],[6.0371,47.09966]]]}},{"type":"Feature","properties":{"riding_id":"02601","dept":"026","name":"Drôme — 1ère circonscription"},"geometry":{"type":"Polygon","coordinates":[[[4.97197,44.95932],[4.93367,44.91389],[4.9372,44.89996],[4.88213,44.88758],[4.85432,44.89652],[4.88659,44.93665],[4.83671,45.00751],[4.86075,45.05543],[4.82916,45.07285],[4.8296,45.09801],[4.80404,45.12247],[4.82871,45.15613],[4.86687,45.13694],[4.907,45.14425],[4.91386,45.09625],[4.93652,45.09143],[4.94341,45.02045],[4.88658,45.00503],[4.88881,44.97765],[4.96351,44.99221],[4.97197,44.95932]]]}},{"type":"Feature","properties":{"riding_id":"02602","dept":"026","name":"Drôme — 2ème circonscription"},"geometry":{"type":"Polygon","coordinates":[[[4.72166,44.32659],[4.65062,44.32981],[4.64906,44.37307],[4.66711,44.42991],[4.69529,44.4458],[4.68942,44.49235],[4.70659,44.53407],[4.69245,44.54652],[4.71087,44.582],[4.7404,44.60239],[4.77907,44.6547],[4.76422,44.71503],[4.76104,44.77122],[4.82149,44.81738],[4.84998,44.8648],[4.85432,44.89652],[4.88213,44.88758],[4.9372,44.89996],[4.97706,44.87702],[4.94736,44.82508],[4.89081,44.80245],[4.87729,44.75842],[4.84878,44.73198],[4.87409,44.7154],[4.87814,44.67957],[4.97374,44.64848],[4.94852,44.62334],[4.97273,44.58263],[4.8896,44.55985],[4.92531,44.53963],[4.93969,44.50419],[4.83974,44.47269],[4.75758,44.45478],[4.76977,44.41522],[4.79143,44.40605],[4.778,44.37254],[4.72822,44.36923],[4.72166,44.32659]]]}},{"type":"Feature","properties":{"riding_id":"02603","dept":"026","name":"Drôme — 3ème circonscription"},"geometry":{"type":"Polygon","coordinates":[[[4.98959,44.28577],[4.97169,44.27943],[4.93291,44.26215],[4.88025,44.26177],[4.82534,44.22845],[4.804,44.26921],[4.80456,44.3039],[4.763,44.3251],[4.72166,44.32659],[4.72822,44.36923],[4.778,44.37254],[4.79143,44.40605],[4.76977,44.41522],[4.75758,44.45478],[4.83974,44.47269],[4.93969,44.50419],[4.92531,44.53963],[4.8896,44.55985],[4.97273,44.58263],[4.94852,44.62334],[4.97374,44.64848],[4.87814,44.67957],[4.87409,44.7154],[4.84878,44.73198],[4.87729,44.75842],[4.89081,44.80245],[4.94736,44.82508],[4.97706,44.87702],[4.9372,44.89996],[4.93367,44.91389],[4.97197,44.95932],[5.00023,44.96656],[5.05371,44.95347],[5.06863,44.92612],[5.14868,44.90921],[5.18288,44.91814],[5.22208,45.00104],[5.23696,45.04985],[5.22749,45.07722],[5.24654,45.06073],[5.304,45.06086],[5.3841,45.03598],[5.43598,45.05687],[5.46395,45.08693],[5.4942,45.07167],[5.46523,45.04354],[5.49306,44.99542],[5.47767,44.96676],[5.48356,44.92301],[5.46023,44.79995],[5.48203,44.78659],[5.62631,44.75329],[5.6471,44.7241],[5.73636,44.71267],[5.75531,44.69696],[5.80147,44.70678],[5.82996,44.69124],[5.79062,44.6533],[5.75377,44.66053],[5.72551,44.64009],[5.64171,44.65108],[5.64946,44.61938],[5.60715,44.56835],[5.63319,44.5021],[5.60364,44.4655],[5.51103,44.49151],[5.45784,44.49815],[5.47272,44.42093],[5.43858,44.43356],[5.44262,44.38127],[5.49294,44.33714],[5.61575,44.3324],[5.64678,44.26709],[5.68665,44.26607],[5.67604,44.19143],[5.67861,44.1461],[5.60933,44.19071],[5.57582,44.18619],[5.54215,44.13326],[5.49879,44.11572],[5.45472,44.11923],[5.41583,44.15465],[5.38324,44.15528],[5.38453,44.20119],[5.35579,44.2136],[5.30362,44.2088],[5.25651,44.23006],[5.23815,44.21323],[5.17561,44.22087],[5.14953,44.30068],[5.10955,44.28055],[5.07651,44.28409],[5.06057,44.30814],[4.98959,44.28577]],[[4.88946,44.30402],[4.92184,44.3088],[4.97997,44.29725],[4.98702,44.29272],[5.02506,44.361],[5.01862,44.39259],[4.97055,44.42985],[4.91852,44.40778],[4.90709,44.37463],[4.86953,44.34508],[4.88946,44.30402]]]}},{"type":"Feature","properties":{"riding_id":"02604","dept":"026","name":"Drôme — 4ème circonscription"},"geometry":{"type":"Polygon","coordinates":[[[4.97197,44.95932],[4.96351,44.99221],[4.88881,44.97765],[4.88658,45.00503],[4.94341,45.02045],[4.93652,45.09143],[4.91386,45.09625],[4.907,45.14425],[4.86687,45.13694],[4.82871,45.15613],[4.81184,45.16526],[4.80049,45.29836],[4.8588,45.30895],[4.87878,45.29771],[4.99015,45.34399],[5.02065,45.31929],[5.0528,45.31899],[5.07357,45.28323],[5.13063,45.28368],[5.12219,45.24544],[5.17654,45.2484],[5.20171,45.2174],[5.16558,45.20027],[5.18845,45.17074],[5.18689,45.12013],[5.15607,45.08279],[5.22749,45.07722],[5.23696,45.04985],[5.22208,45.00104],[5.18288,44.91814],[5.14868,44.90921],[5.06863,44.92612],[5.05371,44.95347],[5.00023,44.96656],[4.97197,44.95932]]]}},{"type":"Feature","properties":{"riding_id":"02701","dept":"027","name":"Eure — 1ère circonscription"},"geometry":{"type":"Polygon","coordinates":[[[1.24775,49.08295],[1.29125,49.0816],[1.35318,49.04315],[1.39987,49.04683],[1.45776,49.0263],[1.4771,49.0148],[1.47089,48.97482],[1.50152,48.94105],[1.44796,48.92464],[1.47064,48.898],[1.45763,48.87152],[1.40482,48.86071],[1.35978,48.8312],[1.37681,48.79194],[1.32739,48.76044],[1.29693,48.76801],[1.16298,48.76931],[1.11869,48.78296],[1.11374,48.7463],[1.06303,48.75897],[1.01592,48.72905],[0.96396,48.72634],[0.9212,48.70918],[0.8767,48.71559],[0.86259,48.68808],[0.81482,48.67017],[0.76845,48.67072],[0.75117,48.70398],[0.77503,48.73736],[0.80196,48.80126],[0.76565,48.85401],[0.79151,48.90514],[0.85162,48.93907],[0.88586,48.9163],[0.98976,48.90316],[1.02975,48.91564],[1.07024,48.97819],[1.14423,48.99535],[1.15721,49.0379],[1.24909,49.06237],[1.24775,49.08295]]]}},{"type":"Feature","properties":{"riding_id":"02702","dept":"027","name":"Eure — 2ème circonscription"},"geometry":{"type":"Polygon","coordinates":[[[0.77543,49.24753],[0.82527,49.23961],[0.84748,49.18458],[0.9429,49.20056],[0.9852,49.22123],[1.03696,49.2028],[1.05288,49.18423],[1.13268,49.15825],[1.08834,49.1416],[1.13741,49.10451],[1.19933,49.10767],[1.24775,49.08295],[1.24909,49.06237],[1.15721,49.0379],[1.14423,48.99535],[1.07024,48.97819],[1.02975,48.91564],[0.98976,48.90316],[0.88586,48.9163],[0.85162,48.93907],[0.79151,48.90514],[0.76565,48.85401],[0.80196,48.80126],[0.77503,48.73736],[0.73052,48.78559],[0.69017,48.79406],[0.60787,48.83249],[0.61944,48.85275],[0.57804,48.89366],[0.55454,48.92144],[0.65475,48.91649],[0.69362,48.94232],[0.73252,48.94417],[0.78861,48.98076],[0.79147,49.00772],[0.73723,49.03149],[0.70553,49.08844],[0.73588,49.10097],[0.7292,49.12956],[0.64488,49.14468],[0.57854,49.17813],[0.58144,49.22562],[0.6109,49.21728],[0.6565,49.2379],[0.70539,49.24233],[0.72945,49.25882],[0.77543,49.24753]]]}},{"type":"Feature","properties":{"riding_id":"02703","dept":"027","name":"Eure — 3ème circonscription"},"geometry":{"type":"Polygon","coordinates":[[[0.57804,48.89366],[0.54987,48.87471],[0.44311,48.88128],[0.38611,48.91055],[0.41281,48.95063],[0.44605,49.01901],[0.38496,49.03701],[0.37925,49.07092],[0.39978,49.10081],[0.43237,49.1422],[0.38736,49.15318],[0.39343,49.20694],[0.32177,49.24859],[0.38279,49.26402],[0.36566,49.29512],[0.32244,49.29633],[0.32366,49.34012],[0.30171,49.3713],[0.29722,49.42986],[0.33898,49.44093],[0.43534,49.46041],[0.47989,49.47991],[0.52211,49.47963],[0.58125,49.43397],[0.63469,49.43386],[0.66092,49.40308],[0.73829,49.40807],[0.76765,49.41899],[0.81888,49.39819],[0.91812,49.38546],[0.92009,49.33861],[0.85937,49.34539],[0.84848,49.33167],[0.79873,49.32837],[0.77215,49.34614],[0.73249,49.32688],[0.76678,49.30772],[0.73883,49.28426],[0.77543,49.24753],[0.72945,49.25882],[0.70539,49.24233],[0.6565,49.2379],[0.6109,49.21728],[0.58144,49.22562],[0.57854,49.17813],[0.64488,49.14468],[0.7292,49.12956],[0.73588,49.10097],[0.70553,49.08844],[0.73723,49.03149],[0.79147,49.00772],[0.78861,48.98076],[0.73252,48.94417],[0.69362,48.94232],[0.65475,48.91649],[0.55454,48.92144],[0.57804,48.89366]]]}},{"type":"Feature","properties":{"riding_id":"02704","dept":"027","name":"Eure — 4ème circonscription"},"geometry":{"type":"Polygon","coordinates":[[[0.77543,49.24753],[0.73883,49.28426],[0.76678,49.30772],[0.73249,49.32688],[0.77215,49.34614],[0.79873,49.32837],[0.84848,49.33167],[0.90795,49.30678],[0.93732,49.32001],[0.99911,49.25197],[1.05125,49.26162],[1.04815,49.29788],[1.1369,49.32584],[1.21222,49.34972],[1.2461,49.34752],[1.23693,49.31634],[1.28838,49.26701],[1.26617,49.20405],[1.3584,49.25095],[1.38745,49.21936],[1.33855,49.19784],[1.3444,49.1824],[1.4183,49.14834],[1.41445,49.10473],[1.3531,49.1068],[1.29125,49.0816],[1.24775,49.08295],[1.19933,49.10767],[1.13741,49.10451],[1.08834,49.1416],[1.13268,49.15825],[1.05288,49.18423],[1.03696,49.2028],[0.9852,49.22123],[0.9429,49.20056],[0.84748,49.18458],[0.82527,49.23961],[0.77543,49.24753]]]}},{"type":"Feature","properties":{"riding_id":"02705","dept":"027","name":"Eure — 5ème circonscription"},"geometry":{"type":"Polygon","coordinates":[[[1.2461,49.34752],[1.27215,49.34738],[1.30963,49.42873],[1.34409,49.44627],[1.412,49.45563],[1.50187,49.43954],[1.5762,49.44005],[1.60696,49.41085],[1.69428,49.39487],[1.71394,49.40922],[1.75934,49.36824],[1.774,49.33569],[1.77239,49.29366],[1.80266,49.27343],[1.71165,49.26452],[1.70436,49.2322],[1.67629,49.21219],[1.65599,49.13039],[1.6088,49.07789],[1.52135,49.06835],[1.45776,49.0263],[1.39987,49.04683],[1.35318,49.04315],[1.29125,49.0816],[1.3531,49.1068],[1.41445,49.10473],[1.4183,49.14834],[1.3444,49.1824],[1.33855,49.19784],[1.38745,49.21936],[1.3584,49.25095],[1.26617,49.20405],[1.28838,49.26701],[1.23693,49.31634],[1.2461,49.34752]]]}},{"type":"Feature","properties":{"riding_id":"02801","dept":"028","name":"Eure-et-Loir — 1ère circonscription"},"geometry":{"type":"Polygon","coordinates":[[[1.58293,48.76756],[1.62496,48.74903],[1.58249,48.7043],[1.61129,48.68846],[1.60271,48.6631],[1.64084,48.64489],[1.66635,48.61371],[1.71514,48.61315],[1.70925,48.57802],[1.76145,48.57169],[1.78724,48.55374],[1.7763,48.52681],[1.78664,48.49147],[1.75617,48.50507],[1.70074,48.49699],[1.63499,48.50996],[1.60557,48.44828],[1.64515,48.42397],[1.62027,48.39477],[1.68817,48.37013],[1.67009,48.34426],[1.54796,48.34732],[1.55696,48.3277],[1.49015,48.31861],[1.46036,48.29612],[1.45969,48.32214],[1.39926,48.36473],[1.41983,48.38025],[1.3853,48.40575],[1.47804,48.43595],[1.49504,48.47372],[1.39565,48.50646],[1.35503,48.54484],[1.36855,48.57312],[1.4742,48.56497],[1.47244,48.60444],[1.42066,48.60682],[1.41028,48.63592],[1.37982,48.65165],[1.43426,48.69002],[1.52671,48.70448],[1.50785,48.72558],[1.58293,48.76756]]]}},{"type":"Feature","properties":{"riding_id":"02802","dept":"028","name":"Eure-et-Loir — 2ème circonscription"},"geometry":{"type":"Polygon","coordinates":[[[1.50152,48.94105],[1.53825,48.92169],[1.58296,48.8575],[1.59048,48.81733],[1.58293,48.76756],[1.50785,48.72558],[1.52671,48.70448],[1.43426,48.69002],[1.37982,48.65165],[1.41028,48.63592],[1.42066,48.60682],[1.47244,48.60444],[1.4742,48.56497],[1.36855,48.57312],[1.35503,48.54484],[1.32795,48.5463],[1.29683,48.51973],[1.2101,48.52071],[1.19625,48.50209],[1.1287,48.50493],[1.06509,48.5238],[1.04123,48.51701],[0.96736,48.55422],[0.92571,48.55965],[0.86728,48.57395],[0.8224,48.60887],[0.81482,48.67017],[0.86259,48.68808],[0.8767,48.71559],[0.9212,48.70918],[0.96396,48.72634],[1.01592,48.72905],[1.06303,48.75897],[1.11374,48.7463],[1.11869,48.78296],[1.16298,48.76931],[1.29693,48.76801],[1.32739,48.76044],[1.37681,48.79194],[1.35978,48.8312],[1.40482,48.86071],[1.45763,48.87152],[1.47064,48.898],[1.44796,48.92464],[1.50152,48.94105]]]}},{"type":"Feature","properties":{"riding_id":"02803","dept":"028","name":"Eure-et-Loir — 3ème circonscription"},"geometry":{"type":"Polygon","coordinates":[[[1.0296,48.13284],[0.8889,48.10227],[0.84122,48.10306],[0.85037,48.13308],[0.91434,48.13585],[0.88447,48.16184],[0.84057,48.16553],[0.79766,48.19446],[0.82945,48.21137],[0.78732,48.26145],[0.79749,48.29145],[0.75684,48.30047],[0.78543,48.34044],[0.82787,48.34231],[0.90735,48.3701],[0.94838,48.40165],[0.95305,48.48016],[0.96774,48.52388],[0.92419,48.53804],[0.92571,48.55965],[0.96736,48.55422],[1.04123,48.51701],[1.06509,48.5238],[1.1287,48.50493],[1.19625,48.50209],[1.2101,48.52071],[1.29683,48.51973],[1.32795,48.5463],[1.35503,48.54484],[1.39565,48.50646],[1.49504,48.47372],[1.47804,48.43595],[1.3853,48.40575],[1.41983,48.38025],[1.39926,48.36473],[1.45969,48.32214],[1.46036,48.29612],[1.41816,48.29618],[1.38658,48.27528],[1.24069,48.27365],[1.18273,48.28364],[1.17587,48.26603],[1.11831,48.23625],[1.04656,48.24083],[1.05581,48.20135],[1.02734,48.18861],[1.06863,48.14216],[1.0296,48.13284]]]}},{"type":"Feature","properties":{"riding_id":"02804","dept":"028","name":"Eure-et-Loir — 4ème circonscription"},"geometry":{"type":"Polygon","coordinates":[[[1.92215,48.4576],[1.93902,48.42216],[1.97724,48.39917],[1.98736,48.36381],[1.95923,48.30869],[1.99409,48.28659],[1.9659,48.25444],[1.97125,48.17813],[1.9204,48.14639],[1.88971,48.10559],[1.8287,48.08008],[1.74859,48.06615],[1.62169,48.06388],[1.59187,48.03075],[1.54531,48.04459],[1.51466,48.02857],[1.52012,47.98228],[1.4414,48.01163],[1.43724,47.9765],[1.37002,47.95375],[1.30863,47.95376],[1.24801,47.97857],[1.20521,47.96864],[1.16361,48.02854],[1.12489,48.03529],[1.11223,48.08073],[1.00941,48.08416],[1.04449,48.11856],[1.0296,48.13284],[1.06863,48.14216],[1.02734,48.18861],[1.05581,48.20135],[1.04656,48.24083],[1.11831,48.23625],[1.17587,48.26603],[1.18273,48.28364],[1.24069,48.27365],[1.38658,48.27528],[1.41816,48.29618],[1.46036,48.29612],[1.49015,48.31861],[1.55696,48.3277],[1.54796,48.34732],[1.67009,48.34426],[1.68817,48.37013],[1.62027,48.39477],[1.64515,48.42397],[1.60557,48.44828],[1.63499,48.50996],[1.70074,48.49699],[1.75617,48.50507],[1.78664,48.49147],[1.80213,48.46809],[1.84722,48.44667],[1.90451,48.44026],[1.92215,48.4576]]]}},{"type":"Feature","properties":{"riding_id":"02901","dept":"029","name":"Finistère — 1ère circonscription"},"geometry":{"type":"Polygon","coordinates":[[[-3.91554,48.05496],[-3.95155,48.04272],[-3.96716,47.98322],[-3.9876,47.96799],[-3.95458,47.9379],[-3.94601,47.90451],[-3.98994,47.88274],[-3.97458,47.85471],[-4.04065,47.84709],[-4.10115,47.86206],[-4.14146,47.89979],[-4.17613,47.90714],[-4.23393,47.99373],[-4.18158,48.0037],[-4.12916,48.04303],[-4.09758,48.07982],[-4.102,48.1056],[-4.05998,48.13719],[-3.95059,48.15239],[-3.89773,48.11872],[-3.89566,48.08256],[-3.91554,48.05496]]]}},{"type":"Feature","properties":{"riding_id":"02902","dept":"029","name":"Finistère — 2ème circonscription"},"geometry":{"type":"Polygon","coordinates":[[[-4.43098,48.45873],[-4.45742,48.41305],[-4.43365,48.39635],[-4.49517,48.37864],[-4.56841,48.39284],[-4.59909,48.4283],[-4.54482,48.43516],[-4.47835,48.46761],[-4.43098,48.45873]]]}},{"type":"Feature","properties":{"riding_id":"02903","dept":"029","name":"Finistère — 3ème circonscription"},"geometry":{"type":"Polygon","coordinates":[[[-4.50706,48.55288],[-4.48101,48.55089],[-4.42203,48.58403],[-4.37543,48.57774],[-4.37089,48.54149],[-4.34779,48.50105],[-4.3446,48.46305],[-4.43098,48.45873],[-4.47835,48.46761],[-4.54482,48.43516],[-4.59909,48.4283],[-4.56841,48.39284],[-4.49517,48.37864],[-4.6267,48.33753],[-4.67891,48.35545],[-4.71245,48.33127],[-4.76451,48.32823],[-4.76153,48.37117],[-4.79346,48.41594],[-4.77203,48.47833],[-4.7717,48.51411],[-4.74868,48.54344],[-4.70164,48.57088],[-4.60018,48.57196],[-4.57968,48.55528],[-4.53071,48.54879],[-4.50706,48.55288]]]}},{"type":"Feature","properties":{"riding_id":"02904","dept":"029","name":"Finistère — 4ème circonscription"},"geometry":{"type":"Polygon","coordinates":[[[-3.65914,48.65921],[-3.65418,48.6173],[-3.6293,48.58837],[-3.59458,48.58575],[-3.55382,48.54128],[-3.60417,48.49405],[-3.59959,48.4708],[-3.64086,48.47502],[-3.69024,48.4528],[-3.7537,48.44685],[-3.9195,48.40183],[-3.96135,48.36057],[-4.04818,48.35781],[-4.08976,48.37991],[-4.13478,48.37025],[-4.21235,48.42376],[-4.19933,48.43758],[-4.22229,48.48604],[-4.18388,48.47936],[-4.09883,48.49861],[-4.02838,48.45495],[-3.96978,48.47074],[-3.9787,48.49894],[-4.02916,48.50648],[-4.02361,48.53363],[-4.05877,48.54147],[-4.0484,48.57508],[-4.09586,48.5667],[-4.1189,48.5787],[-4.16909,48.56717],[-4.14728,48.62167],[-4.16241,48.68977],[-4.09695,48.69426],[-4.06575,48.68496],[-4.03534,48.71153],[-3.97363,48.70389],[-3.95071,48.65139],[-3.89754,48.64667],[-3.86286,48.67198],[-3.82378,48.71984],[-3.79235,48.70279],[-3.72187,48.70559],[-3.65484,48.68153],[-3.65914,48.65921]]]}},{"type":"Feature","properties":{"riding_id":"02905","dept":"029","name":"Finistère — 5ème circonscription"},"geometry":{"type":"Polygon","coordinates":[[[-4.30217,48.35564],[-4.28277,48.38327],[-4.31387,48.41567],[-4.40638,48.39045],[-4.43365,48.39635],[-4.45742,48.41305],[-4.43098,48.45873],[-4.3446,48.46305],[-4.34779,48.50105],[-4.37089,48.54149],[-4.37543,48.57774],[-4.42203,48.58403],[-4.48101,48.55089],[-4.50706,48.55288],[-4.585,48.5628],[-4.60578,48.60455],[-4.56449,48.62453],[-4.46276,48.62706],[-4.42901,48.64762],[-4.34914,48.67648],[-4.21958,48.64891],[-4.18724,48.68478],[-4.16241,48.68977],[-4.14728,48.62167],[-4.16909,48.56717],[-4.1189,48.5787],[-4.09586,48.5667],[-4.0484,48.57508],[-4.05877,48.54147],[-4.02361,48.53363],[-4.02916,48.50648],[-3.9787,48.49894],[-3.96978,48.47074],[-4.02838,48.45495],[-4.09883,48.49861],[-4.18388,48.47936],[-4.22229,48.48604],[-4.19933,48.43758],[-4.21235,48.42376],[-4.26865,48.35766],[-4.30217,48.35564]]]}},{"type":"Feature","properties":{"riding_id":"02906","dept":"029","name":"Finistère — 6ème circonscription"},"geometry":{"type":"MultiPolygon","coordinates":[[[[-3.56484,48.18575],[-3.67156,48.15148],[-3.69602,48.15202],[-3.73297,48.09627],[-3.8098,48.06656],[-3.84996,48.03838],[-3.91554,48.05496],[-3.89566,48.08256],[-3.89773,48.11872],[-3.95059,48.15239],[-4.05998,48.13719],[-4.102,48.1056],[-4.1799,48.09881],[-4.25567,48.07147],[-4.29694,48.09219],[-4.27519,48.15557],[-4.30424,48.19533],[-4.46103,48.23678],[-4.49229,48.23455],[-4.52267,48.19024],[-4.55117,48.19899],[-4.56302,48.23059],[-4.61236,48.26117],[-4.55307,48.29463],[-4.5026,48.28086],[-4.45993,48.29286],[-4.41033,48.27663],[-4.36719,48.27772],[-4.25861,48.30938],[-4.30989,48.31676],[-4.31757,48.33409],[-4.26865,48.35766],[-4.21235,48.42376],[-4.13478,48.37025],[-4.08976,48.37991],[-4.04818,48.35781],[-3.96135,48.36057],[-3.9195,48.40183],[-3.7537,48.44685],[-3.69024,48.4528],[-3.64086,48.47502],[-3.59959,48.4708],[-3.5505,48.44783],[-3.59877,48.42264],[-3.60768,48.38833],[-3.55516,48.37691],[-3.56281,48.34702],[-3.55303,48.29302],[-3.52296,48.28172],[-3.55381,48.24086],[-3.54126,48.20919],[-3.56484,48.18575]]],[[[-4.31387,48.41567],[-4.28277,48.38327],[-4.30217,48.35564],[-4.37338,48.32594],[-4.45395,48.3265],[-4.43506,48.36192],[-4.40396,48.38204],[-4.31387,48.41567]]],[[[-5.1151,48.43767],[-5.10491,48.47157],[-5.06505,48.48112],[-5.05978,48.45019],[-5.1151,48.43767]]]]}},{"type":"Feature","properties":{"riding_id":"02907","dept":"029","name":"Finistère — 7ème circonscription"},"geometry":{"type":"Polygon","coordinates":[[[-4.29694,48.09219],[-4.25567,48.07147],[-4.1799,48.09881],[-4.102,48.1056],[-4.09758,48.07982],[-4.12916,48.04303],[-4.18158,48.0037],[-4.23393,47.99373],[-4.17613,47.90714],[-4.11423,47.87252],[-4.16243,47.8496],[-4.16545,47.81401],[-4.19202,47.79562],[-4.26607,47.79038],[-4.30065,47.80066],[-4.3714,47.79808],[-4.37996,47.81983],[-4.34769,47.84901],[-4.37381,47.90522],[-4.42075,47.96057],[-4.49964,48.00155],[-4.54934,48.01208],[-4.69709,48.02676],[-4.71318,48.06511],[-4.62151,48.06842],[-4.53479,48.08832],[-4.36285,48.11046],[-4.29694,48.09219]]]}},{"type":"Feature","properties":{"riding_id":"02908","dept":"029","name":"Finistère — 8ème circonscription"},"geometry":{"type":"Polygon","coordinates":[[[-3.523,47.84915],[-3.54291,47.82217],[-3.52224,47.80269],[-3.53756,47.7633],[-3.677,47.77575],[-3.73281,47.80162],[-3.76056,47.78954],[-3.8361,47.79648],[-3.89831,47.83452],[-3.94601,47.90451],[-3.95458,47.9379],[-3.9876,47.96799],[-3.96716,47.98322],[-3.95155,48.04272],[-3.91554,48.05496],[-3.84996,48.03838],[-3.8098,48.06656],[-3.73297,48.09627],[-3.6746,48.05492],[-3.64104,47.98579],[-3.55412,47.99188],[-3.49745,47.97673],[-3.47992,47.9508],[-3.41773,47.97217],[-3.38802,47.92704],[-3.41136,47.90481],[-3.40389,47.86838],[-3.44985,47.86133],[-3.48588,47.82529],[-3.523,47.84915]]]}},{"type":"Feature","properties":{"riding_id":"03001","dept":"030","name":"Gard — 1ère circonscription"},"geometry":{"type":"Polygon","coordinates":[[[4.53575,43.8554],[4.62166,43.83736],[4.64191,43.86748],[4.6518,43.78436],[4.61228,43.72476],[4.62695,43.69168],[4.59822,43.68669],[4.5378,43.70704],[4.48642,43.69885],[4.45338,43.71463],[4.41743,43.77419],[4.39432,43.74189],[4.3099,43.76666],[4.27582,43.79844],[4.28413,43.81672],[4.27655,43.85221],[4.23909,43.85718],[4.24874,43.89402],[4.28389,43.90509],[4.3594,43.8335],[4.32834,43.81351],[4.35502,43.7839],[4.39778,43.8131],[4.37366,43.84109],[4.41845,43.8586],[4.45496,43.8301],[4.47104,43.77698],[4.52715,43.78758],[4.52283,43.82707],[4.53575,43.8554]]]}},{"type":"Feature","properties":{"riding_id":"03002","dept":"030","name":"Gard — 2ème circonscription"},"geometry":{"type":"Polygon","coordinates":[[[4.15388,43.71501],[4.08386,43.76771],[4.00134,43.81305],[4.05006,43.85776],[4.15414,43.83649],[4.15764,43.82002],[4.20843,43.80758],[4.28413,43.81672],[4.27582,43.79844],[4.3099,43.76666],[4.39432,43.74189],[4.41743,43.77419],[4.45338,43.71463],[4.48642,43.69885],[4.42692,43.62584],[4.4254,43.58477],[4.37217,43.54946],[4.29326,43.51436],[4.24423,43.50146],[4.23028,43.46019],[4.16383,43.47247],[4.11807,43.50611],[4.13692,43.53183],[4.10104,43.55437],[4.09989,43.58527],[4.15022,43.58556],[4.19382,43.65175],[4.15388,43.71501]]]}},{"type":"Feature","properties":{"riding_id":"03003","dept":"030","name":"Gard — 3ème circonscription"},"geometry":{"type":"Polygon","coordinates":[[[4.53575,43.8554],[4.54848,43.88934],[4.52251,43.92271],[4.44387,43.92952],[4.4567,43.9761],[4.51478,43.99639],[4.55926,44.0601],[4.5188,44.07717],[4.52658,44.10341],[4.48436,44.11866],[4.5243,44.16402],[4.49904,44.18331],[4.50952,44.2079],[4.54776,44.21964],[4.60315,44.20775],[4.67366,44.21471],[4.69994,44.21611],[4.71813,44.14068],[4.70508,44.10818],[4.72321,44.07935],[4.75772,44.08793],[4.79587,44.04791],[4.84534,43.99559],[4.81437,43.96468],[4.73906,43.92407],[4.70932,43.89802],[4.64191,43.86748],[4.62166,43.83736],[4.53575,43.8554]]]}},{"type":"Feature","properties":{"riding_id":"03004","dept":"030","name":"Gard — 4ème circonscription"},"geometry":{"type":"Polygon","coordinates":[[[4.14287,44.31335],[4.18658,44.29973],[4.24514,44.26808],[4.27377,44.27175],[4.28838,44.31502],[4.32577,44.33832],[4.40235,44.33501],[4.40357,44.28818],[4.44876,44.29671],[4.46476,44.34168],[4.5061,44.34025],[4.55717,44.30417],[4.63268,44.28499],[4.64922,44.27036],[4.67736,44.23497],[4.67366,44.21471],[4.60315,44.20775],[4.54776,44.21964],[4.50952,44.2079],[4.49904,44.18331],[4.5243,44.16402],[4.48436,44.11866],[4.52658,44.10341],[4.5188,44.07717],[4.41006,44.07677],[4.34701,44.06655],[4.31485,44.09245],[4.27485,44.10328],[4.30587,44.03126],[4.33908,44.02006],[4.34109,43.99287],[4.3804,43.95264],[4.38729,43.9034],[4.33182,43.89619],[4.28389,43.90509],[4.24874,43.89402],[4.22216,43.92558],[4.1765,43.9314],[4.18767,43.96409],[4.21236,43.97228],[4.16419,44.02306],[4.11607,44.03758],[4.09151,44.12118],[4.07171,44.12443],[4.04974,44.17129],[4.08561,44.18762],[4.06611,44.25485],[4.0791,44.27381],[4.12475,44.25594],[4.14287,44.31335]]]}},{"type":"Feature","properties":{"riding_id":"03005","dept":"030","name":"Gard — 5ème circonscription"},"geometry":{"type":"Polygon","coordinates":[[[4.24874,43.89402],[4.23909,43.85718],[4.27655,43.85221],[4.28413,43.81672],[4.20843,43.80758],[4.15764,43.82002],[4.15414,43.83649],[4.05006,43.85776],[4.00134,43.81305],[3.97435,43.80147],[3.95899,43.85351],[3.92311,43.85879],[3.91955,43.88197],[3.83081,43.86642],[3.79954,43.89082],[3.82829,43.92406],[3.79552,43.94228],[3.78734,43.96687],[3.73114,43.97068],[3.68449,43.95166],[3.67159,43.91018],[3.62359,43.91698],[3.58296,43.87743],[3.57891,43.84356],[3.52164,43.86495],[3.51168,43.89564],[3.43518,43.86296],[3.42392,43.91131],[3.35836,43.91383],[3.35158,43.93761],[3.37751,43.9669],[3.40562,43.96968],[3.45098,44.02254],[3.38665,44.05496],[3.29595,44.06945],[3.2633,44.09255],[3.32385,44.10892],[3.33668,44.15813],[3.37365,44.17077],[3.42847,44.14867],[3.43863,44.13037],[3.63284,44.12122],[3.64717,44.14429],[3.63771,44.17543],[3.67105,44.1842],[3.75962,44.15119],[3.79699,44.12739],[3.83212,44.13734],[3.87273,44.12867],[3.92727,44.1613],[3.95092,44.21687],[3.94643,44.24104],[3.9747,44.25962],[3.92286,44.30523],[3.9437,44.31789],[3.91131,44.37033],[3.99816,44.4598],[4.04542,44.4335],[4.04239,44.39407],[4.07384,44.32903],[4.12675,44.33773],[4.14287,44.31335],[4.12475,44.25594],[4.0791,44.27381],[4.06611,44.25485],[4.08561,44.18762],[4.04974,44.17129],[4.07171,44.12443],[4.09151,44.12118],[4.11607,44.03758],[4.16419,44.02306],[4.21236,43.97228],[4.18767,43.96409],[4.1765,43.9314],[4.22216,43.92558],[4.24874,43.89402]]]}},{"type":"Feature","properties":{"riding_id":"03006","dept":"030","name":"Gard — 6ème circonscription"},"geometry":{"type":"Polygon","coordinates":[[[4.53575,43.8554],[4.52283,43.82707],[4.52715,43.78758],[4.47104,43.77698],[4.45496,43.8301],[4.41845,43.8586],[4.37366,43.84109],[4.39778,43.8131],[4.35502,43.7839],[4.32834,43.81351],[4.3594,43.8335],[4.28389,43.90509],[4.33182,43.89619],[4.38729,43.9034],[4.3804,43.95264],[4.34109,43.99287],[4.33908,44.02006],[4.30587,44.03126],[4.27485,44.10328],[4.31485,44.09245],[4.34701,44.06655],[4.41006,44.07677],[4.5188,44.07717],[4.55926,44.0601],[4.51478,43.99639],[4.4567,43.9761],[4.44387,43.92952],[4.52251,43.92271],[4.54848,43.88934],[4.53575,43.8554]]]}},{"type":"Feature","properties":{"riding_id":"03101","dept":"031","name":"Haute-Garonne — 1ère circonscription"},"geometry":{"type":"Polygon","coordinates":[[[1.44284,43.6513],[1.43707,43.61619],[1.45713,43.60497],[1.43616,43.60471],[1.38333,43.59687],[1.35188,43.60446],[1.27165,43.65008],[1.23655,43.65031],[1.29954,43.68197],[1.34577,43.66223],[1.38306,43.67887],[1.44284,43.6513]]]}},{"type":"Feature","properties":{"riding_id":"03102","dept":"031","name":"Haute-Garonne — 2ème circonscription"},"geometry":{"type":"Polygon","coordinates":[[[1.66357,43.69406],[1.60938,43.68514],[1.57035,43.70866],[1.55483,43.66068],[1.48088,43.62607],[1.48569,43.60569],[1.45713,43.60497],[1.43707,43.61619],[1.44284,43.6513],[1.47607,43.67674],[1.43784,43.70778],[1.45507,43.72873],[1.50194,43.73732],[1.49692,43.78208],[1.52221,43.80673],[1.54933,43.80128],[1.58859,43.81718],[1.64479,43.80026],[1.65153,43.77586],[1.65009,43.7516],[1.70645,43.71622],[1.66357,43.69406]]]}},{"type":"Feature","properties":{"riding_id":"03103","dept":"031","name":"Haute-Garonne — 3ème circonscription"},"geometry":{"type":"Polygon","coordinates":[[[1.66357,43.69406],[1.7207,43.68835],[1.72884,43.65756],[1.68777,43.63071],[1.66207,43.60605],[1.63181,43.60318],[1.61058,43.57481],[1.56026,43.56741],[1.53662,43.57872],[1.49445,43.55353],[1.46103,43.58771],[1.42876,43.58498],[1.48569,43.60569],[1.48088,43.62607],[1.55483,43.66068],[1.57035,43.70866],[1.60938,43.68514],[1.66357,43.69406]]]}},{"type":"Feature","properties":{"riding_id":"03104","dept":"031","name":"Haute-Garonne — 4ème circonscription"},"geometry":{"type":"Polygon","coordinates":[[[1.36793,43.54989],[1.35932,43.5602],[1.37408,43.58731],[1.35188,43.60446],[1.38333,43.59687],[1.43616,43.60471],[1.45713,43.60497],[1.48569,43.60569],[1.42876,43.58498],[1.38557,43.53838],[1.36793,43.54989]]]}},{"type":"Feature","properties":{"riding_id":"03105","dept":"031","name":"Haute-Garonne — 5ème circonscription"},"geometry":{"type":"Polygon","coordinates":[[[1.46987,43.89748],[1.49666,43.88858],[1.55562,43.91832],[1.55509,43.86849],[1.59317,43.84314],[1.58859,43.81718],[1.54933,43.80128],[1.52221,43.80673],[1.49692,43.78208],[1.50194,43.73732],[1.45507,43.72873],[1.43784,43.70778],[1.47607,43.67674],[1.44284,43.6513],[1.38306,43.67887],[1.34577,43.66223],[1.29954,43.68197],[1.23655,43.65031],[1.21793,43.67886],[1.1838,43.66616],[1.14866,43.69214],[1.11283,43.69962],[1.13908,43.75492],[1.11575,43.76474],[1.11508,43.79778],[1.15737,43.81833],[1.21278,43.76824],[1.36003,43.81721],[1.31941,43.85807],[1.36518,43.88957],[1.41812,43.87188],[1.44774,43.87351],[1.46987,43.89748]]]}},{"type":"Feature","properties":{"riding_id":"03106","dept":"031","name":"Haute-Garonne — 6ème circonscription"},"geometry":{"type":"Polygon","coordinates":[[[0.95398,43.78737],[1.08331,43.81633],[1.11508,43.79778],[1.11575,43.76474],[1.13908,43.75492],[1.11283,43.69962],[1.14866,43.69214],[1.1838,43.66616],[1.21793,43.67886],[1.23655,43.65031],[1.27165,43.65008],[1.35188,43.60446],[1.37408,43.58731],[1.35932,43.5602],[1.31627,43.55453],[1.28455,43.51906],[1.20213,43.49346],[1.18931,43.44427],[1.13633,43.44336],[1.12779,43.46328],[1.03749,43.48556],[1.05931,43.50414],[1.05055,43.54104],[1.09708,43.53323],[1.2003,43.59588],[1.15865,43.60518],[1.14671,43.63558],[1.09019,43.64419],[1.04902,43.67602],[1.0657,43.70023],[1.02739,43.71043],[0.9591,43.77181],[0.95398,43.78737]]]}},{"type":"Feature","properties":{"riding_id":"03107","dept":"031","name":"Haute-Garonne — 7ème circonscription"},"geometry":{"type":"Polygon","coordinates":[[[1.57883,43.27512],[1.48867,43.26861],[1.50452,43.24953],[1.46874,43.20957],[1.41714,43.22647],[1.42605,43.25579],[1.34549,43.31549],[1.30156,43.28756],[1.29411,43.26493],[1.3749,43.23864],[1.3702,43.21067],[1.23032,43.18739],[1.22374,43.15207],[1.27387,43.14839],[1.29017,43.12344],[1.26185,43.09165],[1.22357,43.08593],[1.21075,43.1151],[1.17498,43.14097],[1.18305,43.15694],[1.15879,43.19],[1.10517,43.17624],[1.10196,43.2042],[1.13405,43.22701],[1.08488,43.2528],[1.1122,43.27845],[1.15254,43.26352],[1.18823,43.30247],[1.13457,43.34567],[1.2101,43.37817],[1.19176,43.40328],[1.18931,43.44427],[1.20213,43.49346],[1.28455,43.51906],[1.31627,43.55453],[1.35932,43.5602],[1.36793,43.54989],[1.37701,43.52405],[1.34019,43.51668],[1.32958,43.48953],[1.37228,43.45944],[1.32879,43.42056],[1.3881,43.38927],[1.41491,43.4134],[1.42068,43.44638],[1.49371,43.44056],[1.47576,43.3968],[1.51923,43.37165],[1.54454,43.34159],[1.57551,43.3675],[1.62555,43.32939],[1.58794,43.2994],[1.57883,43.27512]]]}},{"type":"Feature","properties":{"riding_id":"03108","dept":"031","name":"Haute-Garonne — 8ème circonscription"},"geometry":{"type":"Polygon","coordinates":[[[0.85831,42.82572],[0.77928,42.83615],[0.70838,42.8614],[0.66257,42.84112],[0.66999,42.80363],[0.65987,42.75216],[0.6805,42.7076],[0.67321,42.69135],[0.52961,42.70268],[0.47775,42.69999],[0.45519,42.77092],[0.45617,42.8176],[0.47736,42.87824],[0.56234,42.86076],[0.60019,42.92802],[0.64596,42.96134],[0.62012,42.97244],[0.6274,42.99973],[0.59183,43.02237],[0.53512,43.03705],[0.56385,43.07425],[0.50459,43.09536],[0.48929,43.11518],[0.44171,43.13097],[0.52065,43.19326],[0.55188,43.20915],[0.55096,43.23601],[0.63572,43.29914],[0.60681,43.31089],[0.67472,43.32951],[0.71534,43.37889],[0.73154,43.37219],[0.77042,43.41681],[0.91725,43.40633],[0.96651,43.37118],[0.99366,43.36653],[1.02279,43.4117],[1.04167,43.46081],[1.03749,43.48556],[1.12779,43.46328],[1.13633,43.44336],[1.18931,43.44427],[1.19176,43.40328],[1.2101,43.37817],[1.13457,43.34567],[1.18823,43.30247],[1.15254,43.26352],[1.1122,43.27845],[1.08488,43.2528],[1.13405,43.22701],[1.10196,43.2042],[1.10517,43.17624],[1.15879,43.19],[1.18305,43.15694],[1.17498,43.14097],[1.12408,43.15691],[1.08798,43.13383],[1.06294,43.13867],[1.03823,43.10031],[0.99167,43.09117],[0.9951,42.99083],[0.9791,42.97443],[0.87491,42.95778],[0.87798,42.92782],[0.82668,42.9155],[0.84288,42.88958],[0.85831,42.82572]]]}},{"type":"Feature","properties":{"riding_id":"03109","dept":"031","name":"Haute-Garonne — 9ème circonscription"},"geometry":{"type":"Polygon","coordinates":[[[1.42068,43.44638],[1.41491,43.4134],[1.3881,43.38927],[1.32879,43.42056],[1.37228,43.45944],[1.32958,43.48953],[1.34019,43.51668],[1.37701,43.52405],[1.36793,43.54989],[1.38557,43.53838],[1.42876,43.58498],[1.46103,43.58771],[1.49445,43.55353],[1.46879,43.53133],[1.42888,43.54606],[1.41279,43.49108],[1.42068,43.44638]]]}},{"type":"Feature","properties":{"riding_id":"03110","dept":"031","name":"Haute-Garonne — 10ème circonscription"},"geometry":{"type":"Polygon","coordinates":[[[2.02913,43.4369],[1.99086,43.40939],[1.95817,43.42561],[1.90212,43.4087],[1.85645,43.44346],[1.80453,43.39161],[1.80504,43.35928],[1.73595,43.31602],[1.68842,43.27355],[1.63714,43.25401],[1.57883,43.27512],[1.58794,43.2994],[1.62555,43.32939],[1.57551,43.3675],[1.54454,43.34159],[1.51923,43.37165],[1.47576,43.3968],[1.49371,43.44056],[1.42068,43.44638],[1.41279,43.49108],[1.42888,43.54606],[1.46879,43.53133],[1.49445,43.55353],[1.53662,43.57872],[1.56026,43.56741],[1.61058,43.57481],[1.63181,43.60318],[1.66207,43.60605],[1.68777,43.63071],[1.80615,43.57937],[1.83915,43.57787],[1.85071,43.54919],[1.88772,43.51694],[2.01933,43.47006],[2.02913,43.4369]]]}},{"type":"Feature","properties":{"riding_id":"03201","dept":"032","name":"Gers — 1ère circonscription"},"geometry":{"type":"Polygon","coordinates":[[[1.05055,43.54104],[1.05931,43.50414],[1.03749,43.48556],[1.04167,43.46081],[1.02279,43.4117],[0.99366,43.36653],[0.96651,43.37118],[0.91725,43.40633],[0.77042,43.41681],[0.73154,43.37219],[0.71534,43.37889],[0.67472,43.32951],[0.60681,43.31089],[0.54707,43.32981],[0.49354,43.32548],[0.39582,43.33424],[0.37855,43.35537],[0.33135,43.34265],[0.32541,43.37478],[0.29876,43.38858],[0.24414,43.37272],[0.18203,43.37118],[0.13455,43.42249],[0.16606,43.44238],[0.13074,43.47407],[0.11225,43.51737],[0.05362,43.51877],[-0.00167,43.56532],[-0.01501,43.60553],[-0.07421,43.60618],[-0.09678,43.58241],[-0.16211,43.58167],[-0.17656,43.59683],[-0.24284,43.58499],[-0.27435,43.61604],[-0.23973,43.67124],[-0.24738,43.70924],[-0.19414,43.73702],[-0.21865,43.79659],[-0.19471,43.80921],[-0.18572,43.86689],[-0.08718,43.80862],[0.02743,43.85497],[0.06967,43.83863],[0.11532,43.80035],[0.14341,43.73811],[0.20263,43.71102],[0.23267,43.68397],[0.24628,43.63023],[0.29705,43.63512],[0.32918,43.60761],[0.39594,43.61332],[0.39827,43.67598],[0.43872,43.65041],[0.4756,43.6441],[0.52202,43.65968],[0.51344,43.70629],[0.61676,43.75108],[0.61739,43.7749],[0.68539,43.76462],[0.74425,43.76982],[0.79806,43.73824],[0.75374,43.69749],[0.70341,43.66696],[0.71104,43.61629],[0.78198,43.58812],[0.86339,43.56808],[0.87862,43.58827],[1.00186,43.52602],[1.05055,43.54104]]]}},{"type":"Feature","properties":{"riding_id":"03202","dept":"032","name":"Gers — 2ème circonscription"},"geometry":{"type":"Polygon","coordinates":[[[-0.18572,43.86689],[-0.22355,43.89243],[-0.20967,43.91173],[-0.17708,43.93568],[-0.1254,43.94351],[-0.10256,43.92728],[-0.04419,43.96367],[0.0056,43.95559],[-0.02039,43.92929],[0.03318,43.89998],[0.07508,43.91468],[0.05543,43.95714],[0.07605,43.98314],[0.13862,43.9766],[0.18981,44.01501],[0.303,43.99124],[0.35701,44.01541],[0.38234,44.00824],[0.44245,44.02876],[0.45976,44.05538],[0.51158,44.06274],[0.53843,44.05295],[0.59267,44.07926],[0.65221,44.04291],[0.74189,44.0652],[0.76405,44.02964],[0.81455,44.02282],[0.82687,43.99749],[0.76011,43.9453],[0.77,43.92214],[0.8093,43.9323],[0.88923,43.90425],[0.89524,43.8399],[0.92516,43.83203],[0.89729,43.78854],[0.95398,43.78737],[0.9591,43.77181],[1.02739,43.71043],[1.0657,43.70023],[1.04902,43.67602],[1.09019,43.64419],[1.14671,43.63558],[1.15865,43.60518],[1.2003,43.59588],[1.09708,43.53323],[1.05055,43.54104],[1.00186,43.52602],[0.87862,43.58827],[0.86339,43.56808],[0.78198,43.58812],[0.71104,43.61629],[0.70341,43.66696],[0.75374,43.69749],[0.79806,43.73824],[0.74425,43.76982],[0.68539,43.76462],[0.61739,43.7749],[0.61676,43.75108],[0.51344,43.70629],[0.52202,43.65968],[0.4756,43.6441],[0.43872,43.65041],[0.39827,43.67598],[0.39594,43.61332],[0.32918,43.60761],[0.29705,43.63512],[0.24628,43.63023],[0.23267,43.68397],[0.20263,43.71102],[0.14341,43.73811],[0.11532,43.80035],[0.06967,43.83863],[0.02743,43.85497],[-0.08718,43.80862],[-0.18572,43.86689]]]}},{"type":"Feature","properties":{"riding_id":"03301","dept":"033","name":"Gironde — 1ère circonscription"},"geometry":{"type":"Polygon","coordinates":[[[-0.63834,44.86067],[-0.60385,44.9081],[-0.54774,44.91667],[-0.54141,44.86914],[-0.61079,44.83518],[-0.63834,44.86067]]]}},{"type":"Feature","properties":{"riding_id":"03302","dept":"033","name":"Gironde — 2ème circonscription"},"geometry":{"type":"Polygon","coordinates":[[[-0.61065,44.82247],[-0.61079,44.83518],[-0.54141,44.86914],[-0.54666,44.83629],[-0.60305,44.81848],[-0.61065,44.82247]]]}},{"type":"Feature","properties":{"riding_id":"03303","dept":"033","name":"Gironde — 3ème circonscription"},"geometry":{"type":"Polygon","coordinates":[[[-0.60305,44.81848],[-0.54666,44.83629],[-0.52656,44.80615],[-0.51089,44.7691],[-0.56582,44.75201],[-0.59014,44.7627],[-0.60305,44.81848]]]}},{"type":"Feature","properties":{"riding_id":"03304","dept":"033","name":"Gironde — 4ème circonscription"},"geometry":{"type":"Polygon","coordinates":[[[-0.45495,44.95342],[-0.40932,44.94761],[-0.3647,44.9113],[-0.3315,44.87008],[-0.36068,44.85208],[-0.42447,44.87256],[-0.4595,44.86454],[-0.4529,44.82571],[-0.52656,44.80615],[-0.54666,44.83629],[-0.54141,44.86914],[-0.54774,44.91667],[-0.54269,44.98441],[-0.59523,45.02434],[-0.55488,45.03353],[-0.47447,44.99443],[-0.45495,44.95342]]]}},{"type":"Feature","properties":{"riding_id":"03305","dept":"033","name":"Gironde — 5ème circonscription"},"geometry":{"type":"Polygon","coordinates":[[[-0.8847,44.84974],[-0.95779,44.83052],[-1.05054,44.82317],[-1.14377,44.82422],[-1.23299,44.80894],[-1.21452,44.92079],[-1.16454,45.28507],[-1.15438,45.48119],[-1.09078,45.56338],[-1.04356,45.54507],[-1.06835,45.51503],[-0.97901,45.45851],[-0.93249,45.43964],[-0.80332,45.34397],[-0.73797,45.22904],[-0.70046,45.167],[-0.68369,45.08928],[-0.61209,45.0207],[-0.59523,45.02434],[-0.54269,44.98441],[-0.54774,44.91667],[-0.60385,44.9081],[-0.63834,44.86067],[-0.64211,44.89496],[-0.67052,44.92998],[-0.69714,44.92762],[-0.75454,44.96666],[-0.83147,44.92494],[-0.84418,44.89496],[-0.88395,44.88543],[-0.8847,44.84974]]]}},{"type":"Feature","properties":{"riding_id":"03306","dept":"033","name":"Gironde — 6ème circonscription"},"geometry":{"type":"Polygon","coordinates":[[[-0.83708,44.73677],[-0.88136,44.76],[-0.90415,44.8064],[-0.8847,44.84974],[-0.88395,44.88543],[-0.84418,44.89496],[-0.83147,44.92494],[-0.75454,44.96666],[-0.69714,44.92762],[-0.67052,44.92998],[-0.64211,44.89496],[-0.63834,44.86067],[-0.61079,44.83518],[-0.61065,44.82247],[-0.72925,44.80155],[-0.75855,44.75529],[-0.83708,44.73677]]]}},{"type":"Feature","properties":{"riding_id":"03307","dept":"033","name":"Gironde — 7ème circonscription"},"geometry":{"type":"Polygon","coordinates":[[[-0.61065,44.82247],[-0.60305,44.81848],[-0.59014,44.7627],[-0.64513,44.7317],[-0.67208,44.69482],[-0.72997,44.67258],[-0.77144,44.69303],[-0.83708,44.73677],[-0.75855,44.75529],[-0.72925,44.80155],[-0.61065,44.82247]]]}},{"type":"Feature","properties":{"riding_id":"03308","dept":"033","name":"Gironde — 8ème circonscription"},"geometry":{"type":"Polygon","coordinates":[[[-1.23299,44.80894],[-1.14377,44.82422],[-1.05054,44.82317],[-0.95779,44.83052],[-0.8847,44.84974],[-0.90415,44.8064],[-0.88136,44.76],[-0.83708,44.73677],[-0.77144,44.69303],[-0.82472,44.64922],[-0.80767,44.6242],[-0.87596,44.59336],[-0.90735,44.56592],[-1.01114,44.51038],[-1.08517,44.5322],[-1.10699,44.50264],[-1.25389,44.4676],[-1.25982,44.54443],[-1.23235,44.56878],[-1.20507,44.61407],[-1.19384,44.65816],[-1.08431,44.64121],[-1.00627,44.65477],[-1.03691,44.69407],[-1.16193,44.77491],[-1.17724,44.74482],[-1.21918,44.70996],[-1.26052,44.65666],[-1.23299,44.80894]]]}},{"type":"Feature","properties":{"riding_id":"03309","dept":"033","name":"Gironde — 9ème circonscription"},"geometry":{"type":"Polygon","coordinates":[[[0.00479,44.44501],[-0.0118,44.42033],[0.01855,44.38933],[-0.02882,44.36019],[-0.07882,44.3537],[-0.08575,44.33761],[-0.03481,44.29673],[-0.03361,44.27401],[-0.08848,44.23847],[-0.14069,44.22641],[-0.19467,44.27039],[-0.226,44.26478],[-0.22345,44.2059],[-0.27362,44.19402],[-0.38962,44.20949],[-0.39631,44.23747],[-0.38339,44.28632],[-0.42962,44.30154],[-0.43184,44.32258],[-0.51763,44.33911],[-0.5281,44.36465],[-0.62581,44.40825],[-0.62806,44.44286],[-0.67195,44.45638],[-0.72697,44.44754],[-0.78028,44.42811],[-0.84475,44.41863],[-0.91917,44.44334],[-0.97142,44.42918],[-1.00774,44.43651],[-0.98103,44.48479],[-1.01114,44.51038],[-0.90735,44.56592],[-0.87596,44.59336],[-0.80767,44.6242],[-0.82472,44.64922],[-0.77144,44.69303],[-0.72997,44.67258],[-0.67208,44.69482],[-0.64513,44.7317],[-0.59014,44.7627],[-0.56582,44.75201],[-0.51089,44.7691],[-0.51158,44.74584],[-0.41271,44.70739],[-0.37459,44.68485],[-0.30243,44.61576],[-0.2945,44.59083],[-0.24502,44.55712],[-0.20722,44.56593],[-0.11822,44.56185],[-0.13439,44.52854],[-0.20061,44.53737],[-0.23754,44.49937],[-0.16011,44.46563],[-0.07977,44.44937],[-0.04378,44.42421],[0.00479,44.44501]]]}},{"type":"Feature","properties":{"riding_id":"03310","dept":"033","name":"Gironde — 10ème circonscription"},"geometry":{"type":"Polygon","coordinates":[[[-0.36068,44.85208],[-0.3315,44.87008],[-0.3647,44.9113],[-0.40932,44.94761],[-0.45495,44.95342],[-0.41224,44.9702],[-0.39298,44.99901],[-0.36176,44.99629],[-0.35059,45.04592],[-0.31967,45.04984],[-0.24348,44.97069],[-0.17552,44.96279],[-0.12804,44.99437],[-0.0433,45.00563],[0.01949,45.00434],[0.03914,45.02431],[0.04011,44.99355],[0.00513,44.94624],[0.03391,44.91496],[-0.01004,44.85979],[0.0393,44.82764],[0.14883,44.82909],[0.19284,44.8208],[0.25645,44.86752],[0.31506,44.84538],[0.28196,44.82385],[0.28023,44.7744],[0.29733,44.76229],[0.25365,44.75039],[0.23594,44.76419],[0.18043,44.7455],[0.15369,44.75034],[0.10499,44.78409],[0.02396,44.77678],[-0.0925,44.80526],[-0.1179,44.76237],[-0.16655,44.77887],[-0.22265,44.78521],[-0.2739,44.77674],[-0.31154,44.78824],[-0.36068,44.85208]]]}},{"type":"Feature","properties":{"riding_id":"03311","dept":"033","name":"Gironde — 11ème circonscription"},"geometry":{"type":"Polygon","coordinates":[[[-0.73797,45.22904],[-0.69012,45.23637],[-0.70822,45.32748],[-0.60764,45.32401],[-0.56897,45.33152],[-0.56766,45.29742],[-0.51343,45.28639],[-0.47299,45.29363],[-0.41612,45.26739],[-0.40595,45.24208],[-0.41917,45.21039],[-0.37842,45.15686],[-0.3627,45.17036],[-0.27536,45.14141],[-0.25708,45.11462],[-0.19144,45.09475],[-0.14354,45.09034],[-0.08757,45.12158],[-0.0402,45.10238],[-0.00224,45.11936],[0.04579,45.11346],[0.07235,45.0747],[0.04069,45.02214],[0.03914,45.02431],[0.01949,45.00434],[-0.0433,45.00563],[-0.12804,44.99437],[-0.17552,44.96279],[-0.24348,44.97069],[-0.31967,45.04984],[-0.35059,45.04592],[-0.36176,44.99629],[-0.39298,44.99901],[-0.41224,44.9702],[-0.45495,44.95342],[-0.47447,44.99443],[-0.55488,45.03353],[-0.59523,45.02434],[-0.61209,45.0207],[-0.68369,45.08928],[-0.70046,45.167],[-0.73797,45.22904]]]}},{"type":"Feature","properties":{"riding_id":"03312","dept":"033","name":"Gironde — 12ème circonscription"},"geometry":{"type":"Polygon","coordinates":[[[-0.51089,44.7691],[-0.52656,44.80615],[-0.4529,44.82571],[-0.4595,44.86454],[-0.42447,44.87256],[-0.36068,44.85208],[-0.31154,44.78824],[-0.2739,44.77674],[-0.22265,44.78521],[-0.16655,44.77887],[-0.1179,44.76237],[-0.0925,44.80526],[0.02396,44.77678],[0.10499,44.78409],[0.15369,44.75034],[0.18043,44.7455],[0.13604,44.71121],[0.10035,44.70098],[0.18275,44.66136],[0.15436,44.61491],[0.08224,44.58391],[0.06869,44.54822],[0.03774,44.55415],[-0.01557,44.50479],[-0.0117,44.45986],[0.00479,44.44501],[-0.04378,44.42421],[-0.07977,44.44937],[-0.16011,44.46563],[-0.23754,44.49937],[-0.20061,44.53737],[-0.13439,44.52854],[-0.11822,44.56185],[-0.20722,44.56593],[-0.24502,44.55712],[-0.2945,44.59083],[-0.30243,44.61576],[-0.37459,44.68485],[-0.41271,44.70739],[-0.51158,44.74584],[-0.51089,44.7691]]]}},{"type":"Feature","properties":{"riding_id":"03401","dept":"034","name":"Hérault — 1ère circonscription"},"geometry":{"type":"Polygon","coordinates":[[[3.85621,43.61615],[3.87848,43.60351],[3.93241,43.58796],[3.967,43.56667],[3.96939,43.54023],[3.90796,43.5172],[3.82622,43.46649],[3.85795,43.4944],[3.8102,43.53193],[3.82239,43.55126],[3.78514,43.57776],[3.81666,43.61459],[3.85621,43.61615]]]}},{"type":"Feature","properties":{"riding_id":"03402","dept":"034","name":"Hérault — 2ème circonscription"},"geometry":{"type":"Polygon","coordinates":[[[3.85621,43.61615],[3.8664,43.61769],[3.89625,43.62732],[3.87848,43.60351],[3.85621,43.61615]]]}},{"type":"Feature","properties":{"riding_id":"03403","dept":"034","name":"Hérault — 3ème circonscription"},"geometry":{"type":"Polygon","coordinates":[[[3.97435,43.80147],[4.00134,43.81305],[4.08386,43.76771],[4.15388,43.71501],[4.12573,43.70031],[4.07007,43.70277],[4.04706,43.65159],[3.94983,43.64401],[3.92018,43.61899],[3.89625,43.62732],[3.8664,43.61769],[3.84151,43.64793],[3.84282,43.67043],[3.88327,43.68747],[3.87506,43.7375],[3.98521,43.7672],[3.97435,43.80147]]]}},{"type":"Feature","properties":{"riding_id":"03404","dept":"034","name":"Hérault — 4ème circonscription"},"geometry":{"type":"Polygon","coordinates":[[[3.67238,43.43002],[3.59396,43.38946],[3.55005,43.40628],[3.52564,43.43008],[3.56764,43.47523],[3.55121,43.50362],[3.49583,43.52893],[3.48236,43.55079],[3.50001,43.6112],[3.49232,43.63857],[3.45076,43.66526],[3.41495,43.67343],[3.326,43.66835],[3.25319,43.71553],[3.23772,43.76326],[3.24904,43.82958],[3.23686,43.85408],[3.26644,43.8961],[3.34257,43.89419],[3.35836,43.91383],[3.42392,43.91131],[3.43518,43.86296],[3.51168,43.89564],[3.52164,43.86495],[3.57891,43.84356],[3.58296,43.87743],[3.62359,43.91698],[3.67159,43.91018],[3.68449,43.95166],[3.73114,43.97068],[3.78734,43.96687],[3.79552,43.94228],[3.82829,43.92406],[3.79954,43.89082],[3.83081,43.86642],[3.91955,43.88197],[3.92311,43.85879],[3.95899,43.85351],[3.97435,43.80147],[3.98521,43.7672],[3.87506,43.7375],[3.88327,43.68747],[3.84282,43.67043],[3.84151,43.64793],[3.82797,43.66624],[3.7842,43.66509],[3.74218,43.64427],[3.72999,43.61848],[3.66996,43.59628],[3.65685,43.56916],[3.67792,43.5413],[3.75349,43.49353],[3.72812,43.47103],[3.69845,43.4794],[3.66625,43.45727],[3.67238,43.43002]]]}},{"type":"Feature","properties":{"riding_id":"03405","dept":"034","name":"Hérault — 5ème circonscription"},"geometry":{"type":"Polygon","coordinates":[[[3.24904,43.82958],[3.23772,43.76326],[3.25319,43.71553],[3.326,43.66835],[3.41495,43.67343],[3.45076,43.66526],[3.49232,43.63857],[3.50001,43.6112],[3.48236,43.55079],[3.49583,43.52893],[3.55121,43.50362],[3.56764,43.47523],[3.52564,43.43008],[3.49353,43.45323],[3.46828,43.44742],[3.36988,43.53035],[3.33049,43.51659],[3.33347,43.48456],[3.25156,43.47926],[3.20782,43.4513],[3.2297,43.43123],[3.17979,43.4136],[3.16219,43.38976],[3.09777,43.42406],[3.05086,43.41609],[3.08483,43.369],[3.13089,43.36135],[3.1523,43.30255],[3.14163,43.25951],[3.11017,43.2539],[3.05435,43.28004],[3.0121,43.28094],[3.00442,43.31971],[2.94608,43.31196],[2.88512,43.33325],[2.83739,43.32243],[2.75252,43.25459],[2.7003,43.28281],[2.60118,43.29826],[2.58354,43.33391],[2.54008,43.34523],[2.56579,43.42296],[2.60637,43.43199],[2.66463,43.46389],[2.65885,43.51692],[2.61664,43.56538],[2.61691,43.60145],[2.65364,43.65002],[2.72267,43.64264],[2.75452,43.61414],[2.81475,43.63931],[2.91809,43.66099],[2.93546,43.69467],[2.98209,43.70803],[3.06068,43.69281],[3.05627,43.75495],[3.0743,43.76761],[3.04857,43.8015],[3.06491,43.83557],[3.12771,43.81741],[3.20531,43.81296],[3.24904,43.82958]]]}},{"type":"Feature","properties":{"riding_id":"03406","dept":"034","name":"Hérault — 6ème circonscription"},"geometry":{"type":"Polygon","coordinates":[[[3.2297,43.43123],[3.26266,43.3973],[3.3316,43.37839],[3.33117,43.3414],[3.37258,43.30967],[3.36479,43.27737],[3.27134,43.2334],[3.24056,43.21281],[3.20153,43.24776],[3.14163,43.25951],[3.1523,43.30255],[3.13089,43.36135],[3.08483,43.369],[3.05086,43.41609],[3.09777,43.42406],[3.16219,43.38976],[3.17979,43.4136],[3.2297,43.43123]]]}},{"type":"Feature","properties":{"riding_id":"03407","dept":"034","name":"Hérault — 7ème circonscription"},"geometry":{"type":"Polygon","coordinates":[[[3.36479,43.27737],[3.37258,43.30967],[3.33117,43.3414],[3.3316,43.37839],[3.26266,43.3973],[3.2297,43.43123],[3.20782,43.4513],[3.25156,43.47926],[3.33347,43.48456],[3.33049,43.51659],[3.36988,43.53035],[3.46828,43.44742],[3.49353,43.45323],[3.52564,43.43008],[3.55005,43.40628],[3.59396,43.38946],[3.67238,43.43002],[3.72492,43.4158],[3.72537,43.40164],[3.66574,43.39295],[3.61948,43.36763],[3.50781,43.27243],[3.42896,43.29022],[3.36479,43.27737]]]}},{"type":"Feature","properties":{"riding_id":"03408","dept":"034","name":"Hérault — 8ème circonscription"},"geometry":{"type":"Polygon","coordinates":[[[3.84151,43.64793],[3.8664,43.61769],[3.85621,43.61615],[3.81666,43.61459],[3.78514,43.57776],[3.82239,43.55126],[3.8102,43.53193],[3.85795,43.4944],[3.82622,43.46649],[3.79453,43.44004],[3.72492,43.4158],[3.67238,43.43002],[3.66625,43.45727],[3.69845,43.4794],[3.72812,43.47103],[3.75349,43.49353],[3.67792,43.5413],[3.65685,43.56916],[3.66996,43.59628],[3.72999,43.61848],[3.74218,43.64427],[3.7842,43.66509],[3.82797,43.66624],[3.84151,43.64793]]]}},{"type":"Feature","properties":{"riding_id":"03409","dept":"034","name":"Hérault — 9ème circonscription"},"geometry":{"type":"Polygon","coordinates":[[[4.15388,43.71501],[4.19382,43.65175],[4.15022,43.58556],[4.09989,43.58527],[4.10104,43.55437],[4.03766,43.55634],[3.96939,43.54023],[3.967,43.56667],[3.93241,43.58796],[3.87848,43.60351],[3.89625,43.62732],[3.92018,43.61899],[3.94983,43.64401],[4.04706,43.65159],[4.07007,43.70277],[4.12573,43.70031],[4.15388,43.71501]]]}},{"type":"Feature","properties":{"riding_id":"03501","dept":"035","name":"Ille-et-Vilaine — 1ère circonscription"},"geometry":{"type":"Polygon","coordinates":[[[-1.66167,48.10674],[-1.56838,48.09244],[-1.60076,48.02474],[-1.60139,47.98122],[-1.61952,47.97539],[-1.69142,47.96265],[-1.69075,47.99236],[-1.72665,48.01175],[-1.78383,48.00321],[-1.77627,48.03113],[-1.75231,48.06762],[-1.7123,48.06546],[-1.68655,48.09984],[-1.66167,48.10674]]]}},{"type":"Feature","properties":{"riding_id":"03502","dept":"035","name":"Ille-et-Vilaine — 2ème circonscription"},"geometry":{"type":"Polygon","coordinates":[[[-1.65107,48.37364],[-1.64999,48.35818],[-1.70071,48.29859],[-1.68791,48.28273],[-1.74708,48.24054],[-1.69714,48.18109],[-1.65698,48.20984],[-1.59843,48.19871],[-1.59162,48.24694],[-1.56037,48.24728],[-1.52717,48.27216],[-1.45364,48.22726],[-1.33064,48.25208],[-1.31895,48.22034],[-1.35144,48.20096],[-1.35483,48.16996],[-1.49977,48.11965],[-1.53384,48.13093],[-1.56838,48.09244],[-1.66167,48.10674],[-1.69043,48.13336],[-1.69796,48.13972],[-1.70249,48.14381],[-1.72497,48.14402],[-1.77843,48.1967],[-1.76468,48.21153],[-1.79375,48.24585],[-1.83141,48.24379],[-1.84277,48.26916],[-1.77766,48.33639],[-1.83053,48.33544],[-1.84829,48.35959],[-1.82878,48.38116],[-1.75975,48.36386],[-1.69026,48.38378],[-1.65107,48.37364]]]}},{"type":"Feature","properties":{"riding_id":"03503","dept":"035","name":"Ille-et-Vilaine — 3ème circonscription"},"geometry":{"type":"Polygon","coordinates":[[[-1.70249,48.14381],[-1.69796,48.13972],[-1.79083,48.12048],[-1.82194,48.13846],[-1.82515,48.17397],[-1.88047,48.17046],[-1.89178,48.13339],[-1.91703,48.11322],[-1.87567,48.07113],[-1.95328,48.05228],[-2.15618,48.08502],[-2.16848,48.07621],[-2.24916,48.08412],[-2.25633,48.11032],[-2.28728,48.13375],[-2.22474,48.17061],[-2.22798,48.21092],[-2.19193,48.20822],[-2.18717,48.244],[-2.15005,48.25875],[-2.1086,48.2548],[-2.07762,48.29176],[-2.0141,48.27953],[-1.96457,48.30144],[-1.9669,48.34282],[-1.94647,48.36712],[-1.93807,48.41985],[-1.94863,48.44646],[-1.909,48.48155],[-1.85118,48.47632],[-1.80665,48.49466],[-1.78666,48.47701],[-1.73558,48.49242],[-1.69411,48.46357],[-1.61673,48.46624],[-1.6499,48.41846],[-1.65107,48.37364],[-1.69026,48.38378],[-1.75975,48.36386],[-1.82878,48.38116],[-1.84829,48.35959],[-1.83053,48.33544],[-1.77766,48.33639],[-1.84277,48.26916],[-1.83141,48.24379],[-1.79375,48.24585],[-1.76468,48.21153],[-1.77843,48.1967],[-1.72497,48.14402],[-1.70249,48.14381]]]}},{"type":"Feature","properties":{"riding_id":"03504","dept":"035","name":"Ille-et-Vilaine — 4ème circonscription"},"geometry":{"type":"Polygon","coordinates":[[[-1.48187,47.8318],[-1.46845,47.8059],[-1.53042,47.78478],[-1.59414,47.77603],[-1.62713,47.75983],[-1.63813,47.72221],[-1.72971,47.69934],[-1.86279,47.70733],[-1.9353,47.68681],[-1.9734,47.69415],[-2.01228,47.66645],[-2.04741,47.66379],[-2.09704,47.63136],[-2.12266,47.68267],[-2.10946,47.73588],[-2.05986,47.73831],[-2.1101,47.7786],[-2.07289,47.79183],[-2.03605,47.83346],[-2.05393,47.85095],[-2.09519,47.84326],[-2.11418,47.87883],[-2.07895,47.91949],[-2.1466,47.98394],[-2.17673,47.98005],[-2.2382,47.99934],[-2.28754,47.9915],[-2.27329,48.03107],[-2.24243,48.0526],[-2.19135,48.05245],[-2.16848,48.07621],[-2.15618,48.08502],[-1.95328,48.05228],[-1.87567,48.07113],[-1.82462,48.0662],[-1.82131,48.04714],[-1.77627,48.03113],[-1.78383,48.00321],[-1.72665,48.01175],[-1.69075,47.99236],[-1.69142,47.96265],[-1.61952,47.97539],[-1.55685,47.92951],[-1.54211,47.90825],[-1.4872,47.90723],[-1.46368,47.88381],[-1.49712,47.86249],[-1.48187,47.8318]]]}},{"type":"Feature","properties":{"riding_id":"03505","dept":"035","name":"Ille-et-Vilaine — 5ème circonscription"},"geometry":{"type":"Polygon","coordinates":[[[-1.23825,47.80999],[-1.24588,47.77672],[-1.36408,47.8007],[-1.39153,47.82832],[-1.48187,47.8318],[-1.49712,47.86249],[-1.46368,47.88381],[-1.4872,47.90723],[-1.54211,47.90825],[-1.55685,47.92951],[-1.61952,47.97539],[-1.60139,47.98122],[-1.60076,48.02474],[-1.56838,48.09244],[-1.53384,48.13093],[-1.49977,48.11965],[-1.35483,48.16996],[-1.35144,48.20096],[-1.31895,48.22034],[-1.33064,48.25208],[-1.29898,48.25938],[-1.19905,48.25024],[-1.12383,48.25013],[-1.09993,48.26837],[-1.07436,48.20047],[-1.04913,48.0896],[-1.0215,48.0684],[-1.03042,47.99247],[-1.10752,47.98888],[-1.1562,47.96445],[-1.18916,47.86771],[-1.23825,47.80999]]]}},{"type":"Feature","properties":{"riding_id":"03506","dept":"035","name":"Ille-et-Vilaine — 6ème circonscription"},"geometry":{"type":"Polygon","coordinates":[[[-1.07017,48.50849],[-1.06465,48.46691],[-1.07973,48.41738],[-1.05279,48.38093],[-1.04583,48.32966],[-1.09993,48.26837],[-1.12383,48.25013],[-1.19905,48.25024],[-1.29898,48.25938],[-1.33064,48.25208],[-1.45364,48.22726],[-1.52717,48.27216],[-1.56037,48.24728],[-1.59162,48.24694],[-1.59843,48.19871],[-1.65698,48.20984],[-1.69714,48.18109],[-1.74708,48.24054],[-1.68791,48.28273],[-1.70071,48.29859],[-1.64999,48.35818],[-1.65107,48.37364],[-1.6499,48.41846],[-1.61673,48.46624],[-1.69411,48.46357],[-1.66073,48.54952],[-1.69688,48.58893],[-1.66789,48.61042],[-1.57109,48.62645],[-1.521,48.56706],[-1.53311,48.54944],[-1.48995,48.48938],[-1.45409,48.48773],[-1.42775,48.46235],[-1.38297,48.45687],[-1.34142,48.48921],[-1.279,48.50918],[-1.24949,48.5437],[-1.11728,48.52165],[-1.07017,48.50849]]]}},{"type":"Feature","properties":{"riding_id":"03507","dept":"035","name":"Ille-et-Vilaine — 7ème circonscription"},"geometry":{"type":"MultiPolygon","coordinates":[[[[-1.66789,48.61042],[-1.69688,48.58893],[-1.66073,48.54952],[-1.69411,48.46357],[-1.73558,48.49242],[-1.78666,48.47701],[-1.80665,48.49466],[-1.85118,48.47632],[-1.909,48.48155],[-1.9248,48.54517],[-1.94804,48.53881],[-2.0117,48.59822],[-2.02889,48.64695],[-1.99316,48.66072],[-1.95589,48.69273],[-1.84732,48.69425],[-1.8706,48.6437],[-1.84528,48.61641],[-1.76771,48.60239],[-1.66789,48.61042]]],[[[-2.0069,48.56611],[-2.03397,48.55111],[-2.09432,48.57175],[-2.12371,48.60441],[-2.14921,48.62904],[-2.11315,48.64142],[-2.05018,48.63594],[-2.0069,48.56611]]]]}},{"type":"Feature","properties":{"riding_id":"03508","dept":"035","name":"Ille-et-Vilaine — 8ème circonscription"},"geometry":{"type":"Polygon","coordinates":[[[-1.87567,48.07113],[-1.91703,48.11322],[-1.89178,48.13339],[-1.88047,48.17046],[-1.82515,48.17397],[-1.82194,48.13846],[-1.79083,48.12048],[-1.69796,48.13972],[-1.69043,48.13336],[-1.66167,48.10674],[-1.68655,48.09984],[-1.7123,48.06546],[-1.75231,48.06762],[-1.77627,48.03113],[-1.82131,48.04714],[-1.82462,48.0662],[-1.87567,48.07113]]]}},{"type":"Feature","properties":{"riding_id":"03601","dept":"036","name":"Indre — 1ère circonscription"},"geometry":{"type":"Polygon","coordinates":[[[0.90283,46.7304],[0.86747,46.74822],[0.90724,46.75814],[0.96102,46.74],[0.98256,46.76255],[0.98533,46.80165],[1.00893,46.81445],[1.03744,46.94206],[1.05804,46.94968],[1.05638,46.99644],[1.07761,47.01584],[1.16098,47.03936],[1.24899,47.02083],[1.28685,47.01247],[1.34714,46.95391],[1.3953,46.95254],[1.48722,46.98856],[1.49698,46.96502],[1.54966,46.92225],[1.61498,46.88074],[1.70298,46.87158],[1.73074,46.84943],[1.76351,46.90022],[1.82532,46.89917],[1.81483,46.86909],[1.77036,46.81919],[1.66025,46.74673],[1.5813,46.73805],[1.56518,46.75121],[1.49607,46.74544],[1.48928,46.68773],[1.44069,46.63709],[1.48049,46.61932],[1.44604,46.59076],[1.4998,46.55279],[1.48434,46.52552],[1.50643,46.50262],[1.50707,46.46013],[1.52535,46.42665],[1.41519,46.34722],[1.407,46.36264],[1.34468,46.4016],[1.31051,46.37438],[1.21797,46.36826],[1.17728,46.38395],[1.21307,46.43308],[1.15092,46.4503],[1.13551,46.47089],[1.14914,46.50221],[1.09009,46.53758],[1.02041,46.53715],[0.99025,46.5659],[0.91587,46.59663],[0.89406,46.62862],[0.91564,46.65067],[0.90226,46.67767],[0.92481,46.70022],[0.90283,46.7304]]]}},{"type":"Feature","properties":{"riding_id":"03602","dept":"036","name":"Indre — 2ème circonscription"},"geometry":{"type":"Polygon","coordinates":[[[1.52535,46.42665],[1.50707,46.46013],[1.50643,46.50262],[1.48434,46.52552],[1.4998,46.55279],[1.44604,46.59076],[1.48049,46.61932],[1.44069,46.63709],[1.48928,46.68773],[1.49607,46.74544],[1.56518,46.75121],[1.5813,46.73805],[1.66025,46.74673],[1.77036,46.81919],[1.81483,46.86909],[1.82532,46.89917],[1.76351,46.90022],[1.73074,46.84943],[1.70298,46.87158],[1.61498,46.88074],[1.54966,46.92225],[1.49698,46.96502],[1.48722,46.98856],[1.3953,46.95254],[1.34714,46.95391],[1.28685,47.01247],[1.24899,47.02083],[1.2761,47.04081],[1.3175,47.10295],[1.35567,47.10848],[1.36375,47.13509],[1.32667,47.18623],[1.39284,47.20869],[1.42121,47.22916],[1.48294,47.23868],[1.59314,47.27442],[1.6657,47.25889],[1.71582,47.27682],[1.77611,47.23138],[1.83908,47.21931],[1.84224,47.17758],[1.77445,47.13076],[1.82845,47.1213],[1.88307,47.10051],[1.99666,47.127],[2.05565,47.07672],[2.02938,47.04553],[2.09689,47.01241],[2.09084,46.96669],[2.07069,46.93402],[2.11032,46.91317],[2.1262,46.87987],[2.08796,46.86588],[2.07782,46.83801],[2.11401,46.77537],[2.06575,46.74249],[2.15545,46.69216],[2.13727,46.67231],[2.18945,46.64214],[2.18461,46.60257],[2.1587,46.55735],[2.20379,46.48949],[2.1514,46.4577],[2.16779,46.42408],[2.07245,46.42011],[1.99308,46.43092],[1.81845,46.43142],[1.79824,46.45491],[1.74759,46.45002],[1.75055,46.40559],[1.70938,46.39343],[1.6836,46.41818],[1.64109,46.38559],[1.60077,46.41962],[1.54619,46.39593],[1.52535,46.42665]]]}},{"type":"Feature","properties":{"riding_id":"03701","dept":"037","name":"Indre-et-Loire — 1ère circonscription"},"geometry":{"type":"Polygon","coordinates":[[[0.6645,47.39495],[0.68209,47.40956],[0.70446,47.43019],[0.7104,47.43875],[0.72953,47.40033],[0.71413,47.37801],[0.73174,47.38177],[0.69922,47.35393],[0.65667,47.36653],[0.6645,47.39495]]]}},{"type":"Feature","properties":{"riding_id":"03702","dept":"037","name":"Indre-et-Loire — 2ème circonscription"},"geometry":{"type":"Polygon","coordinates":[[[1.11288,47.46592],[1.13337,47.44895],[1.11052,47.40863],[1.12241,47.35507],[1.09485,47.32854],[1.10813,47.29841],[1.16206,47.2722],[1.22334,47.29418],[1.24364,47.28366],[1.24215,47.27573],[1.20196,47.22267],[1.14373,47.2197],[1.1071,47.245],[1.07307,47.22619],[1.02062,47.25326],[0.9492,47.23867],[0.91023,47.25056],[0.88767,47.21053],[0.84959,47.23013],[0.88911,47.29142],[0.84794,47.30038],[0.80034,47.32725],[0.76636,47.33065],[0.75644,47.39625],[0.72953,47.40033],[0.7104,47.43875],[0.66336,47.48239],[0.7083,47.49605],[0.68563,47.52589],[0.70915,47.55341],[0.73847,47.61652],[0.73821,47.64372],[0.71215,47.68181],[0.73565,47.69554],[0.85935,47.66672],[0.84471,47.64511],[0.86428,47.59983],[0.89916,47.60372],[0.91961,47.63276],[1.03335,47.60701],[1.07656,47.5619],[1.04503,47.53157],[1.09375,47.47049],[1.11288,47.46592]]]}},{"type":"Feature","properties":{"riding_id":"03703","dept":"037","name":"Indre-et-Loire — 3ème circonscription"},"geometry":{"type":"Polygon","coordinates":[[[0.59056,47.00673],[0.60429,47.07437],[0.71394,47.13086],[0.70866,47.16151],[0.66844,47.1819],[0.61207,47.18481],[0.64859,47.2258],[0.54093,47.26862],[0.57925,47.30614],[0.66431,47.30054],[0.67569,47.337],[0.69922,47.35393],[0.73174,47.38177],[0.71413,47.37801],[0.72953,47.40033],[0.75644,47.39625],[0.76636,47.33065],[0.80034,47.32725],[0.84794,47.30038],[0.88911,47.29142],[0.84959,47.23013],[0.88767,47.21053],[0.91023,47.25056],[0.9492,47.23867],[1.02062,47.25326],[1.07307,47.22619],[1.1071,47.245],[1.14373,47.2197],[1.20196,47.22267],[1.24215,47.27573],[1.29476,47.23599],[1.32667,47.18623],[1.36375,47.13509],[1.35567,47.10848],[1.3175,47.10295],[1.2761,47.04081],[1.24899,47.02083],[1.16098,47.03936],[1.07761,47.01584],[1.05638,46.99644],[1.05804,46.94968],[1.03744,46.94206],[1.00893,46.81445],[0.98533,46.80165],[0.98256,46.76255],[0.96102,46.74],[0.90724,46.75814],[0.86747,46.74822],[0.81335,46.79168],[0.808,46.82914],[0.75342,46.86059],[0.70467,46.90289],[0.69017,46.97498],[0.59056,47.00673]]]}},{"type":"Feature","properties":{"riding_id":"03704","dept":"037","name":"Indre-et-Loire — 4ème circonscription"},"geometry":{"type":"Polygon","coordinates":[[[0.6645,47.39495],[0.65667,47.36653],[0.69922,47.35393],[0.67569,47.337],[0.66431,47.30054],[0.57925,47.30614],[0.54093,47.26862],[0.64859,47.2258],[0.61207,47.18481],[0.66844,47.1819],[0.70866,47.16151],[0.71394,47.13086],[0.60429,47.07437],[0.59056,47.00673],[0.57368,46.98339],[0.5982,46.95643],[0.50519,46.95991],[0.43871,46.92958],[0.36463,46.94857],[0.32535,46.93094],[0.29821,46.97126],[0.30994,47.02803],[0.26422,47.04643],[0.24387,47.07095],[0.2082,47.05324],[0.1321,47.12139],[0.07807,47.12374],[0.05374,47.16461],[0.07288,47.21449],[0.13339,47.23519],[0.19121,47.23221],[0.25648,47.24867],[0.35097,47.29797],[0.44229,47.32432],[0.49437,47.35871],[0.6645,47.39495]]]}},{"type":"Feature","properties":{"riding_id":"03705","dept":"037","name":"Indre-et-Loire — 5ème circonscription"},"geometry":{"type":"Polygon","coordinates":[[[0.23,47.6084],[0.3221,47.59524],[0.37848,47.56853],[0.40258,47.57851],[0.36456,47.62207],[0.38279,47.6431],[0.4222,47.61957],[0.46118,47.64381],[0.49842,47.64476],[0.59334,47.67184],[0.61443,47.69421],[0.62878,47.70803],[0.71215,47.68181],[0.73821,47.64372],[0.73847,47.61652],[0.70915,47.55341],[0.68563,47.52589],[0.7083,47.49605],[0.66336,47.48239],[0.7104,47.43875],[0.70446,47.43019],[0.68209,47.40956],[0.6645,47.39495],[0.49437,47.35871],[0.44229,47.32432],[0.35097,47.29797],[0.25648,47.24867],[0.19121,47.23221],[0.13339,47.23519],[0.07288,47.21449],[0.07245,47.21988],[0.08238,47.28687],[0.11746,47.33234],[0.1473,47.34538],[0.18214,47.38194],[0.18087,47.45323],[0.22011,47.50195],[0.20009,47.54317],[0.23457,47.57861],[0.23,47.6084]]]}},{"type":"Feature","properties":{"riding_id":"03801","dept":"038","name":"Isère — 1ère circonscription"},"geometry":{"type":"Polygon","coordinates":[[[5.80529,45.2062],[5.75468,45.19679],[5.7428,45.16573],[5.71463,45.1744],[5.71404,45.20175],[5.72014,45.19963],[5.76121,45.26654],[5.78789,45.28758],[5.87042,45.27246],[5.88976,45.25746],[5.82052,45.20314],[5.80529,45.2062]]]}},{"type":"Feature","properties":{"riding_id":"03802","dept":"038","name":"Isère — 2ème circonscription"},"geometry":{"type":"Polygon","coordinates":[[[5.69965,45.16045],[5.7428,45.16573],[5.75468,45.19679],[5.80529,45.2062],[5.80142,45.16062],[5.86602,45.1194],[5.88032,45.09449],[5.84117,45.05342],[5.8231,45.01344],[5.79443,45.01891],[5.74403,44.99626],[5.70959,44.99685],[5.69751,45.024],[5.70265,45.06149],[5.72578,45.08999],[5.70302,45.10304],[5.71414,45.13486],[5.69965,45.16045]]]}},{"type":"Feature","properties":{"riding_id":"03803","dept":"038","name":"Isère — 3ème circonscription"},"geometry":{"type":"Polygon","coordinates":[[[5.57722,45.2429],[5.57304,45.26184],[5.61566,45.29418],[5.63976,45.2546],[5.68106,45.2134],[5.71404,45.20175],[5.71463,45.1744],[5.7428,45.16573],[5.69965,45.16045],[5.70136,45.18796],[5.63748,45.19573],[5.57722,45.2429]]]}},{"type":"Feature","properties":{"riding_id":"03804","dept":"038","name":"Isère — 4ème circonscription"},"geometry":{"type":"Polygon","coordinates":[[[6.1257,45.24427],[6.13968,45.21306],[6.18099,45.16486],[6.26057,45.12685],[6.22926,45.10681],[6.20314,45.01245],[6.25617,44.99622],[6.29886,45.00371],[6.33008,44.94776],[6.35817,44.94158],[6.35536,44.85482],[6.30435,44.87279],[6.24887,44.85256],[6.13045,44.86252],[6.0565,44.81581],[6.03021,44.8381],[6.00342,44.82035],[5.95112,44.75962],[5.82936,44.74244],[5.80147,44.70678],[5.75531,44.69696],[5.73636,44.71267],[5.6471,44.7241],[5.62631,44.75329],[5.48203,44.78659],[5.46023,44.79995],[5.48356,44.92301],[5.47767,44.96676],[5.49306,44.99542],[5.46523,45.04354],[5.4942,45.07167],[5.49429,45.14086],[5.54494,45.23528],[5.57722,45.2429],[5.63748,45.19573],[5.70136,45.18796],[5.69965,45.16045],[5.71414,45.13486],[5.70302,45.10304],[5.72578,45.08999],[5.70265,45.06149],[5.69751,45.024],[5.70959,44.99685],[5.74403,44.99626],[5.79443,45.01891],[5.8231,45.01344],[5.84117,45.05342],[5.88032,45.09449],[5.95923,45.1569],[5.99113,45.17047],[6.00199,45.20721],[6.04043,45.23872],[6.09591,45.22167],[6.1257,45.24427]]]}},{"type":"Feature","properties":{"riding_id":"03805","dept":"038","name":"Isère — 5ème circonscription"},"geometry":{"type":"Polygon","coordinates":[[[6.1257,45.24427],[6.09591,45.22167],[6.04043,45.23872],[6.00199,45.20721],[5.99113,45.17047],[5.95923,45.1569],[5.88032,45.09449],[5.86602,45.1194],[5.80142,45.16062],[5.80529,45.2062],[5.82052,45.20314],[5.88976,45.25746],[5.87042,45.27246],[5.78789,45.28758],[5.76121,45.26654],[5.72014,45.19963],[5.71404,45.20175],[5.68106,45.2134],[5.63976,45.2546],[5.70787,45.31208],[5.71499,45.33588],[5.66418,45.35596],[5.68193,45.39954],[5.67632,45.42856],[5.61875,45.41513],[5.57345,45.44168],[5.52316,45.45581],[5.57122,45.53259],[5.60588,45.53172],[5.62873,45.50665],[5.69839,45.48441],[5.71396,45.49748],[5.73653,45.47186],[5.73999,45.43758],[5.78246,45.44111],[5.91089,45.39415],[5.90445,45.43231],[5.91537,45.47645],[5.97102,45.4914],[6.00779,45.45411],[6.04924,45.43781],[6.09002,45.44401],[6.13014,45.43503],[6.17546,45.3941],[6.19476,45.35225],[6.18445,45.31796],[6.13082,45.28453],[6.1257,45.24427]]]}},{"type":"Feature","properties":{"riding_id":"03806","dept":"038","name":"Isère — 6ème circonscription"},"geometry":{"type":"Polygon","coordinates":[[[5.43563,45.82977],[5.42251,45.80713],[5.484,45.75328],[5.54554,45.71359],[5.55528,45.6716],[5.57885,45.66464],[5.61491,45.62541],[5.59216,45.60956],[5.52014,45.61753],[5.43928,45.61827],[5.44669,45.64043],[5.40621,45.64875],[5.41101,45.6118],[5.39211,45.58089],[5.35271,45.58546],[5.31638,45.56988],[5.24689,45.61028],[5.25452,45.62778],[5.18704,45.63415],[5.14422,45.6565],[5.154,45.69972],[5.12668,45.73755],[5.09453,45.73945],[5.09073,45.78716],[5.10107,45.81338],[5.15785,45.80322],[5.19102,45.77195],[5.22433,45.76884],[5.26689,45.78937],[5.30249,45.84813],[5.35493,45.88278],[5.43563,45.82977]]]}},{"type":"Feature","properties":{"riding_id":"03807","dept":"038","name":"Isère — 7ème circonscription"},"geometry":{"type":"Polygon","coordinates":[[[4.80049,45.29836],[4.76221,45.32355],[4.756,45.36568],[4.75702,45.37146],[4.78523,45.37314],[4.81163,45.40761],[4.84748,45.3967],[4.92822,45.41465],[4.91861,45.45218],[4.94007,45.46189],[5.03718,45.45256],[5.05242,45.49212],[5.04544,45.52582],[5.13713,45.55106],[5.19805,45.54736],[5.21455,45.53588],[5.26831,45.55297],[5.28448,45.50785],[5.33274,45.49224],[5.3714,45.51785],[5.46844,45.51641],[5.51423,45.53767],[5.57122,45.53259],[5.52316,45.45581],[5.57345,45.44168],[5.52562,45.42127],[5.53499,45.39813],[5.41524,45.36697],[5.40307,45.32653],[5.43206,45.2861],[5.37754,45.28874],[5.3326,45.27794],[5.30641,45.23171],[5.24565,45.21065],[5.20171,45.2174],[5.17654,45.2484],[5.12219,45.24544],[5.13063,45.28368],[5.07357,45.28323],[5.0528,45.31899],[5.02065,45.31929],[4.99015,45.34399],[4.87878,45.29771],[4.8588,45.30895],[4.80049,45.29836]]]}},{"type":"Feature","properties":{"riding_id":"03808","dept":"038","name":"Isère — 8ème circonscription"},"geometry":{"type":"Polygon","coordinates":[[[4.75702,45.37146],[4.74315,45.42042],[4.75694,45.45571],[4.84146,45.5006],[4.87181,45.52764],[4.80844,45.57235],[4.90827,45.6067],[5.00282,45.62247],[5.03414,45.61399],[5.05403,45.66005],[5.08916,45.6772],[5.07837,45.6154],[5.11919,45.58886],[5.13713,45.55106],[5.04544,45.52582],[5.05242,45.49212],[5.03718,45.45256],[4.94007,45.46189],[4.91861,45.45218],[4.92822,45.41465],[4.84748,45.3967],[4.81163,45.40761],[4.78523,45.37314],[4.75702,45.37146]]]}},{"type":"Feature","properties":{"riding_id":"03809","dept":"038","name":"Isère — 9ème circonscription"},"geometry":{"type":"Polygon","coordinates":[[[5.22749,45.07722],[5.15607,45.08279],[5.18689,45.12013],[5.18845,45.17074],[5.16558,45.20027],[5.20171,45.2174],[5.24565,45.21065],[5.30641,45.23171],[5.3326,45.27794],[5.37754,45.28874],[5.43206,45.2861],[5.40307,45.32653],[5.41524,45.36697],[5.53499,45.39813],[5.52562,45.42127],[5.57345,45.44168],[5.61875,45.41513],[5.67632,45.42856],[5.68193,45.39954],[5.66418,45.35596],[5.71499,45.33588],[5.70787,45.31208],[5.63976,45.2546],[5.61566,45.29418],[5.57304,45.26184],[5.57722,45.2429],[5.54494,45.23528],[5.49429,45.14086],[5.4942,45.07167],[5.46395,45.08693],[5.43598,45.05687],[5.3841,45.03598],[5.304,45.06086],[5.24654,45.06073],[5.22749,45.07722]]]}},{"type":"Feature","properties":{"riding_id":"03810","dept":"038","name":"Isère — 10ème circonscription"},"geometry":{"type":"Polygon","coordinates":[[[5.13713,45.55106],[5.11919,45.58886],[5.07837,45.6154],[5.08916,45.6772],[5.10428,45.69829],[5.154,45.69972],[5.14422,45.6565],[5.18704,45.63415],[5.25452,45.62778],[5.24689,45.61028],[5.31638,45.56988],[5.35271,45.58546],[5.39211,45.58089],[5.41101,45.6118],[5.40621,45.64875],[5.44669,45.64043],[5.43928,45.61827],[5.52014,45.61753],[5.59216,45.60956],[5.61491,45.62541],[5.62375,45.61327],[5.67115,45.56133],[5.67134,45.53665],[5.71396,45.49748],[5.69839,45.48441],[5.62873,45.50665],[5.60588,45.53172],[5.57122,45.53259],[5.51423,45.53767],[5.46844,45.51641],[5.3714,45.51785],[5.33274,45.49224],[5.28448,45.50785],[5.26831,45.55297],[5.21455,45.53588],[5.19805,45.54736],[5.13713,45.55106]]]}},{"type":"Feature","properties":{"riding_id":"03901","dept":"039","name":"Jura — 1ère circonscription"},"geometry":{"type":"Polygon","coordinates":[[[5.31056,46.44678],[5.32335,46.46251],[5.37379,46.46045],[5.42004,46.48018],[5.42106,46.50044],[5.35918,46.52015],[5.36788,46.56695],[5.40569,46.58167],[5.41379,46.61464],[5.4406,46.63791],[5.39079,46.72636],[5.36173,46.73311],[5.39025,46.77059],[5.3325,46.79771],[5.37527,46.82699],[5.45949,46.83081],[5.45929,46.85524],[5.41524,46.86181],[5.40384,46.88952],[5.46137,46.91173],[5.52438,46.90955],[5.55711,46.94046],[5.59611,46.9388],[5.65996,46.90714],[5.73224,46.88449],[5.74304,46.86531],[5.79736,46.83504],[5.84522,46.83543],[5.81245,46.81362],[5.81119,46.77672],[5.75591,46.72341],[5.76846,46.6867],[5.74249,46.67654],[5.70569,46.61562],[5.66122,46.6009],[5.64664,46.54847],[5.68165,46.53055],[5.67553,46.46644],[5.6981,46.43995],[5.64818,46.38312],[5.63746,46.33644],[5.59789,46.2979],[5.56467,46.29277],[5.51137,46.26436],[5.45767,46.27685],[5.4753,46.31538],[5.43715,46.31513],[5.42353,46.34773],[5.37346,46.35224],[5.37788,46.38232],[5.30915,46.41026],[5.31056,46.44678]]]}},{"type":"Feature","properties":{"riding_id":"03902","dept":"039","name":"Jura — 2ème circonscription"},"geometry":{"type":"Polygon","coordinates":[[[5.82626,46.26172],[5.76605,46.26833],[5.72518,46.26069],[5.71455,46.30807],[5.68458,46.31093],[5.63746,46.33644],[5.64818,46.38312],[5.6981,46.43995],[5.67553,46.46644],[5.68165,46.53055],[5.64664,46.54847],[5.66122,46.6009],[5.70569,46.61562],[5.74249,46.67654],[5.76846,46.6867],[5.75591,46.72341],[5.81119,46.77672],[5.81245,46.81362],[5.84522,46.83543],[5.90393,46.85768],[5.9264,46.88109],[5.96359,46.86584],[6.02881,46.86032],[6.10555,46.8453],[6.15224,46.81953],[6.20657,46.76634],[6.1802,46.74144],[6.07121,46.68757],[6.10327,46.65249],[6.04857,46.60772],[6.13811,46.55766],[6.15549,46.54556],[6.07378,46.46441],[6.08625,46.44315],[6.06401,46.41623],[5.98412,46.36266],[5.94153,46.30926],[5.9092,46.28395],[5.82626,46.26172]]]}},{"type":"Feature","properties":{"riding_id":"03903","dept":"039","name":"Jura — 3ème circonscription"},"geometry":{"type":"Polygon","coordinates":[[[5.40384,46.88952],[5.32872,46.88932],[5.30737,46.93646],[5.26313,46.95352],[5.25524,46.97989],[5.3172,47.01581],[5.27533,47.02693],[5.32397,47.07379],[5.38565,47.08175],[5.40059,47.10756],[5.43898,47.14299],[5.47914,47.21851],[5.48845,47.28815],[5.51854,47.30419],[5.53324,47.28653],[5.60131,47.26021],[5.69873,47.26501],[5.72045,47.22004],[5.81147,47.16905],[5.8166,47.13479],[5.76899,47.09004],[5.78472,47.05491],[5.75093,47.04067],[5.84066,47.00851],[5.94511,46.98885],[5.99722,46.9335],[6.02881,46.86032],[5.96359,46.86584],[5.9264,46.88109],[5.90393,46.85768],[5.84522,46.83543],[5.79736,46.83504],[5.74304,46.86531],[5.73224,46.88449],[5.65996,46.90714],[5.59611,46.9388],[5.55711,46.94046],[5.52438,46.90955],[5.46137,46.91173],[5.40384,46.88952]]]}},{"type":"Feature","properties":{"riding_id":"04001","dept":"040","name":"Landes — 1ère circonscription"},"geometry":{"type":"Polygon","coordinates":[[[-1.38367,43.88438],[-1.31638,44.12884],[-1.27475,44.33589],[-1.25389,44.4676],[-1.10699,44.50264],[-1.08517,44.5322],[-1.01114,44.51038],[-0.98103,44.48479],[-1.00774,44.43651],[-0.97142,44.42918],[-0.91917,44.44334],[-0.84475,44.41863],[-0.78028,44.42811],[-0.72697,44.44754],[-0.67195,44.45638],[-0.62806,44.44286],[-0.62581,44.40825],[-0.5281,44.36465],[-0.51763,44.33911],[-0.43184,44.32258],[-0.42962,44.30154],[-0.38339,44.28632],[-0.39631,44.23747],[-0.38962,44.20949],[-0.27362,44.19402],[-0.22345,44.2059],[-0.226,44.26478],[-0.19467,44.27039],[-0.14069,44.22641],[-0.12915,44.15241],[-0.00354,44.1499],[0.03459,44.13065],[0.1358,44.12419],[0.10082,44.08677],[0.07622,44.03074],[0.07605,43.98314],[0.05543,43.95714],[0.07508,43.91468],[0.03318,43.89998],[-0.02039,43.92929],[0.0056,43.95559],[-0.04419,43.96367],[-0.10256,43.92728],[-0.1254,43.94351],[-0.17708,43.93568],[-0.20967,43.91173],[-0.20819,43.92839],[-0.2628,43.96877],[-0.29621,43.98267],[-0.3739,43.90499],[-0.36316,43.87402],[-0.4101,43.84948],[-0.44336,43.85827],[-0.45617,43.81549],[-0.50779,43.78458],[-0.54303,43.81529],[-0.58839,43.82908],[-0.63038,43.82584],[-0.65759,43.85435],[-0.68542,43.85814],[-0.66126,43.90784],[-0.71556,43.92686],[-0.68846,43.94884],[-0.67741,44.00279],[-0.70662,44.04324],[-0.78576,44.08654],[-0.84953,44.07705],[-0.92211,44.08318],[-0.94089,44.04328],[-0.96237,44.04677],[-0.93001,44.09968],[-0.9455,44.11301],[-1.07667,44.1352],[-1.09276,44.09429],[-1.0775,44.02967],[-1.17172,43.95917],[-1.11021,43.9241],[-1.01965,43.91118],[-1.04646,43.83692],[-1.1737,43.83338],[-1.25029,43.80787],[-1.32109,43.82777],[-1.35669,43.88927],[-1.38367,43.88438]]]}},{"type":"Feature","properties":{"riding_id":"04002","dept":"040","name":"Landes — 2ème circonscription"},"geometry":{"type":"Polygon","coordinates":[[[-1.04646,43.83692],[-1.00358,43.82256],[-0.98565,43.77088],[-0.93394,43.74135],[-0.97258,43.71627],[-0.95334,43.6729],[-1.02344,43.6495],[-1.05369,43.624],[-1.10349,43.64093],[-1.19514,43.65364],[-1.23425,43.60536],[-1.19923,43.58206],[-1.19562,43.5461],[-1.29138,43.49839],[-1.32241,43.50495],[-1.41766,43.49691],[-1.47961,43.53918],[-1.52487,43.5297],[-1.4487,43.64134],[-1.42761,43.74136],[-1.38367,43.88438],[-1.35669,43.88927],[-1.32109,43.82777],[-1.25029,43.80787],[-1.1737,43.83338],[-1.04646,43.83692]]]}},{"type":"Feature","properties":{"riding_id":"04003","dept":"040","name":"Landes — 3ème circonscription"},"geometry":{"type":"Polygon","coordinates":[[[-0.24284,43.58499],[-0.28332,43.58416],[-0.30599,43.55948],[-0.40604,43.56823],[-0.44971,43.54987],[-0.44923,43.59627],[-0.55276,43.54316],[-0.60004,43.53865],[-0.65789,43.55975],[-0.70761,43.55788],[-0.77031,43.57917],[-0.80335,43.55619],[-0.85571,43.5419],[-0.89369,43.55027],[-0.92368,43.53462],[-0.9882,43.5402],[-0.99238,43.50403],[-1.069,43.50845],[-1.13403,43.52018],[-1.19562,43.5461],[-1.19923,43.58206],[-1.23425,43.60536],[-1.19514,43.65364],[-1.10349,43.64093],[-1.05369,43.624],[-1.02344,43.6495],[-0.95334,43.6729],[-0.97258,43.71627],[-0.93394,43.74135],[-0.98565,43.77088],[-1.00358,43.82256],[-1.04646,43.83692],[-1.01965,43.91118],[-1.11021,43.9241],[-1.17172,43.95917],[-1.0775,44.02967],[-1.09276,44.09429],[-1.07667,44.1352],[-0.9455,44.11301],[-0.93001,44.09968],[-0.96237,44.04677],[-0.94089,44.04328],[-0.92211,44.08318],[-0.84953,44.07705],[-0.78576,44.08654],[-0.70662,44.04324],[-0.67741,44.00279],[-0.68846,43.94884],[-0.71556,43.92686],[-0.66126,43.90784],[-0.68542,43.85814],[-0.65759,43.85435],[-0.63038,43.82584],[-0.58839,43.82908],[-0.54303,43.81529],[-0.50779,43.78458],[-0.45617,43.81549],[-0.44336,43.85827],[-0.4101,43.84948],[-0.36316,43.87402],[-0.3739,43.90499],[-0.29621,43.98267],[-0.2628,43.96877],[-0.20819,43.92839],[-0.20967,43.91173],[-0.22355,43.89243],[-0.18572,43.86689],[-0.19471,43.80921],[-0.21865,43.79659],[-0.19414,43.73702],[-0.24738,43.70924],[-0.23973,43.67124],[-0.27435,43.61604],[-0.24284,43.58499]]]}},{"type":"Feature","properties":{"riding_id":"04101","dept":"041","name":"Loir-et-Cher — 1ère circonscription"},"geometry":{"type":"Polygon","coordinates":[[[1.46083,47.65307],[1.46904,47.62668],[1.41074,47.59802],[1.42051,47.53245],[1.52689,47.51358],[1.50028,47.46237],[1.51561,47.44586],[1.48226,47.39088],[1.44409,47.37323],[1.39595,47.3845],[1.31864,47.37598],[1.33609,47.34923],[1.25874,47.32531],[1.24364,47.28366],[1.22334,47.29418],[1.16206,47.2722],[1.10813,47.29841],[1.09485,47.32854],[1.12241,47.35507],[1.11052,47.40863],[1.13337,47.44895],[1.11288,47.46592],[1.24606,47.50052],[1.27867,47.53511],[1.25008,47.58867],[1.17713,47.60732],[1.17823,47.63324],[1.21724,47.65164],[1.27138,47.65319],[1.35472,47.68901],[1.39598,47.66839],[1.41098,47.63348],[1.46083,47.65307]]]}},{"type":"Feature","properties":{"riding_id":"04102","dept":"041","name":"Loir-et-Cher — 2ème circonscription"},"geometry":{"type":"Polygon","coordinates":[[[1.46083,47.65307],[1.49764,47.66107],[1.58051,47.70385],[1.58287,47.72644],[1.62926,47.75941],[1.71226,47.73262],[1.72806,47.69956],[1.74673,47.65675],[1.81141,47.65251],[1.86586,47.67595],[1.93719,47.67758],[1.99523,47.66426],[2.00892,47.67746],[2.07455,47.68215],[2.1492,47.67075],[2.20369,47.67855],[2.24071,47.64126],[2.23921,47.62098],[2.15629,47.60105],[2.11958,47.58295],[2.13138,47.5507],[2.19378,47.54857],[2.2467,47.4424],[2.23039,47.40753],[2.18824,47.4357],[2.10274,47.39162],[2.15715,47.30021],[2.13289,47.28119],[2.07333,47.28466],[1.99661,47.26575],[1.94137,47.29006],[1.91564,47.23418],[1.87533,47.20708],[1.83908,47.21931],[1.77611,47.23138],[1.71582,47.27682],[1.6657,47.25889],[1.59314,47.27442],[1.48294,47.23868],[1.42121,47.22916],[1.39284,47.20869],[1.32667,47.18623],[1.29476,47.23599],[1.24215,47.27573],[1.24364,47.28366],[1.25874,47.32531],[1.33609,47.34923],[1.31864,47.37598],[1.39595,47.3845],[1.44409,47.37323],[1.48226,47.39088],[1.51561,47.44586],[1.50028,47.46237],[1.52689,47.51358],[1.42051,47.53245],[1.41074,47.59802],[1.46904,47.62668],[1.46083,47.65307]]]}},{"type":"Feature","properties":{"riding_id":"04103","dept":"041","name":"Loir-et-Cher — 3ème circonscription"},"geometry":{"type":"Polygon","coordinates":[[[1.52012,47.98228],[1.56482,47.98977],[1.55596,47.95532],[1.52542,47.92911],[1.57918,47.90353],[1.58363,47.86849],[1.53584,47.83852],[1.57024,47.79672],[1.54782,47.76954],[1.5964,47.74309],[1.58287,47.72644],[1.58051,47.70385],[1.49764,47.66107],[1.46083,47.65307],[1.41098,47.63348],[1.39598,47.66839],[1.35472,47.68901],[1.27138,47.65319],[1.21724,47.65164],[1.17823,47.63324],[1.17713,47.60732],[1.25008,47.58867],[1.27867,47.53511],[1.24606,47.50052],[1.11288,47.46592],[1.09375,47.47049],[1.04503,47.53157],[1.07656,47.5619],[1.03335,47.60701],[0.91961,47.63276],[0.89916,47.60372],[0.86428,47.59983],[0.84471,47.64511],[0.85935,47.66672],[0.73565,47.69554],[0.71215,47.68181],[0.62878,47.70803],[0.61443,47.69421],[0.60873,47.7253],[0.71282,47.79049],[0.76841,47.83111],[0.75981,47.89809],[0.81635,47.93428],[0.84519,47.94119],[0.82436,47.98174],[0.84056,48.01903],[0.79488,48.04693],[0.80356,48.0716],[0.84302,48.07264],[0.84122,48.10306],[0.8889,48.10227],[1.0296,48.13284],[1.04449,48.11856],[1.00941,48.08416],[1.11223,48.08073],[1.12489,48.03529],[1.16361,48.02854],[1.20521,47.96864],[1.24801,47.97857],[1.30863,47.95376],[1.37002,47.95375],[1.43724,47.9765],[1.4414,48.01163],[1.52012,47.98228]]]}},{"type":"Feature","properties":{"riding_id":"04201","dept":"042","name":"Loire — 1ère circonscription"},"geometry":{"type":"Polygon","coordinates":[[[4.35884,45.42048],[4.30026,45.41351],[4.25141,45.4216],[4.25492,45.46392],[4.30455,45.47868],[4.36725,45.48319],[4.42996,45.46679],[4.46595,45.47144],[4.46999,45.4239],[4.42532,45.43886],[4.37941,45.43792],[4.35884,45.42048]]]}},{"type":"Feature","properties":{"riding_id":"04202","dept":"042","name":"Loire — 2ème circonscription"},"geometry":{"type":"Polygon","coordinates":[[[4.35884,45.42048],[4.37941,45.43792],[4.42532,45.43886],[4.46999,45.4239],[4.48324,45.38912],[4.43565,45.40618],[4.40649,45.39684],[4.35884,45.42048]]]}},{"type":"Feature","properties":{"riding_id":"04203","dept":"042","name":"Loire — 3ème circonscription"},"geometry":{"type":"Polygon","coordinates":[[[4.68193,45.47981],[4.67192,45.45468],[4.63899,45.45028],[4.61238,45.39251],[4.54866,45.37205],[4.48324,45.38912],[4.46999,45.4239],[4.46595,45.47144],[4.42996,45.46679],[4.36725,45.48319],[4.30455,45.47868],[4.28042,45.51978],[4.34491,45.51535],[4.35992,45.56251],[4.40547,45.54942],[4.4438,45.55421],[4.46781,45.58575],[4.54726,45.58016],[4.61486,45.57548],[4.65079,45.52999],[4.65416,45.48769],[4.68193,45.47981]]]}},{"type":"Feature","properties":{"riding_id":"04204","dept":"042","name":"Loire — 4ème circonscription"},"geometry":{"type":"Polygon","coordinates":[[[4.48313,45.23645],[4.41965,45.2754],[4.37119,45.25989],[4.35018,45.2777],[4.36626,45.30128],[4.33165,45.31848],[4.36338,45.33749],[4.3484,45.36046],[4.3082,45.37099],[4.27163,45.35976],[4.24434,45.38528],[4.14444,45.38411],[4.08017,45.35552],[4.02343,45.34497],[3.97827,45.3757],[3.93875,45.3714],[3.91933,45.3418],[3.89741,45.35708],[3.89854,45.40982],[3.97511,45.44827],[3.95447,45.55583],[4.06549,45.53815],[4.10976,45.58511],[4.20532,45.56078],[4.21846,45.59103],[4.1984,45.63568],[4.22499,45.64272],[4.2295,45.59561],[4.27513,45.55893],[4.24462,45.54726],[4.28042,45.51978],[4.30455,45.47868],[4.25492,45.46392],[4.25141,45.4216],[4.30026,45.41351],[4.35884,45.42048],[4.40649,45.39684],[4.43565,45.40618],[4.48324,45.38912],[4.54866,45.37205],[4.61238,45.39251],[4.63899,45.45028],[4.67192,45.45468],[4.68193,45.47981],[4.72183,45.49439],[4.75694,45.45571],[4.74315,45.42042],[4.75702,45.37146],[4.756,45.36568],[4.68013,45.34627],[4.6158,45.31026],[4.59135,45.27288],[4.60532,45.2534],[4.53626,45.23682],[4.48313,45.23645]]]}},{"type":"Feature","properties":{"riding_id":"04205","dept":"042","name":"Loire — 5ème circonscription"},"geometry":{"type":"Polygon","coordinates":[[[4.32322,45.90389],[4.24676,45.86965],[4.2072,45.89053],[4.16965,45.86784],[4.12558,45.90324],[4.10599,45.89131],[4.00622,45.94412],[3.94604,45.93462],[3.9777,45.89776],[3.93064,45.86175],[3.86906,45.83455],[3.75437,45.88603],[3.72135,45.92274],[3.69389,45.93096],[3.70961,45.97414],[3.74207,45.96669],[3.82322,45.98816],[3.80561,46.05306],[3.82129,46.09024],[3.80283,46.11014],[3.79163,46.15658],[3.80769,46.25722],[3.89953,46.27591],[3.90876,46.26062],[3.89013,46.21449],[3.96517,46.20287],[3.98853,46.16986],[4.02749,46.16959],[4.10383,46.19844],[4.13339,46.17732],[4.17813,46.17369],[4.20622,46.19449],[4.24537,46.18823],[4.28243,46.15682],[4.36335,46.19856],[4.38808,46.21979],[4.42296,46.20314],[4.43859,46.16788],[4.41736,46.13592],[4.38181,46.14966],[4.32212,46.12998],[4.31041,46.08172],[4.26127,46.03686],[4.31201,46.00513],[4.28882,45.97317],[4.31199,45.94201],[4.34602,45.92994],[4.32322,45.90389]]]}},{"type":"Feature","properties":{"riding_id":"04206","dept":"042","name":"Loire — 6ème circonscription"},"geometry":{"type":"Polygon","coordinates":[[[4.46781,45.58575],[4.4438,45.55421],[4.40547,45.54942],[4.35992,45.56251],[4.34491,45.51535],[4.28042,45.51978],[4.24462,45.54726],[4.27513,45.55893],[4.2295,45.59561],[4.22499,45.64272],[4.1984,45.63568],[4.21846,45.59103],[4.20532,45.56078],[4.10976,45.58511],[4.06549,45.53815],[3.95447,45.55583],[3.90809,45.59669],[3.82392,45.63214],[3.77759,45.69057],[3.78238,45.71165],[3.75584,45.74661],[3.70039,45.78356],[3.72689,45.83027],[3.71912,45.85007],[3.75437,45.88603],[3.86906,45.83455],[3.93064,45.86175],[3.9777,45.89776],[3.94604,45.93462],[4.00622,45.94412],[4.10599,45.89131],[4.12558,45.90324],[4.16965,45.86784],[4.2072,45.89053],[4.24676,45.86965],[4.32322,45.90389],[4.3906,45.83748],[4.37645,45.78411],[4.39068,45.75508],[4.36552,45.69852],[4.41028,45.63205],[4.44149,45.62305],[4.46781,45.58575]]]}},{"type":"Feature","properties":{"riding_id":"04301","dept":"043","name":"Haute-Loire — 1ère circonscription"},"geometry":{"type":"Polygon","coordinates":[[[4.48313,45.23645],[4.47258,45.1799],[4.41116,45.14083],[4.37257,45.12807],[4.34774,45.06525],[4.37907,45.03618],[4.31809,45.02993],[4.29111,44.99733],[4.30732,44.98588],[4.25659,44.95988],[4.22385,44.96288],[4.21657,44.93358],[4.17948,44.88651],[4.15664,44.87398],[4.03891,44.87276],[4.02005,44.84586],[3.92269,44.86811],[3.90877,44.90825],[3.92585,44.95827],[3.87916,45.00859],[3.89525,45.05061],[3.90222,45.05733],[3.97545,45.07232],[3.98222,45.11406],[3.94316,45.10882],[3.92071,45.12784],[3.93359,45.1687],[3.86021,45.16771],[3.87095,45.21786],[3.85457,45.26913],[3.94079,45.29367],[3.91933,45.3418],[3.93875,45.3714],[3.97827,45.3757],[4.02343,45.34497],[4.08017,45.35552],[4.14444,45.38411],[4.24434,45.38528],[4.27163,45.35976],[4.3082,45.37099],[4.3484,45.36046],[4.36338,45.33749],[4.33165,45.31848],[4.36626,45.30128],[4.35018,45.2777],[4.37119,45.25989],[4.41965,45.2754],[4.48313,45.23645]]]}},{"type":"Feature","properties":{"riding_id":"04302","dept":"043","name":"Haute-Loire — 2ème circonscription"},"geometry":{"type":"Polygon","coordinates":[[[4.02005,44.84586],[3.9986,44.82357],[3.94554,44.82435],[3.92492,44.76962],[3.86253,44.74387],[3.80699,44.76758],[3.74387,44.8378],[3.66636,44.82878],[3.67364,44.85412],[3.6443,44.87713],[3.59783,44.85871],[3.56877,44.83418],[3.50738,44.82424],[3.45617,44.83123],[3.41038,44.91779],[3.40322,44.95686],[3.36134,44.97141],[3.33717,45.02535],[3.29844,45.03573],[3.31203,45.08086],[3.35186,45.10484],[3.28803,45.12042],[3.26123,45.17375],[3.27223,45.20946],[3.23801,45.21836],[3.22685,45.27195],[3.16134,45.28909],[3.1122,45.28475],[3.1035,45.35437],[3.18113,45.35231],[3.21586,45.37001],[3.23617,45.39463],[3.38001,45.40116],[3.45585,45.40033],[3.50126,45.42763],[3.50689,45.41103],[3.55582,45.39388],[3.61781,45.33816],[3.66318,45.36297],[3.78919,45.35853],[3.79141,45.38477],[3.8363,45.38309],[3.85279,45.36157],[3.89741,45.35708],[3.91933,45.3418],[3.94079,45.29367],[3.85457,45.26913],[3.87095,45.21786],[3.86021,45.16771],[3.93359,45.1687],[3.92071,45.12784],[3.94316,45.10882],[3.98222,45.11406],[3.97545,45.07232],[3.90222,45.05733],[3.89525,45.05061],[3.87916,45.00859],[3.92585,44.95827],[3.90877,44.90825],[3.92269,44.86811],[4.02005,44.84586]]]}},{"type":"Feature","properties":{"riding_id":"04401","dept":"044","name":"Loire-Atlantique — 1ère circonscription"},"geometry":{"type":"Polygon","coordinates":[[[-1.65526,47.30733],[-1.61537,47.29703],[-1.59346,47.27361],[-1.53933,47.25638],[-1.54857,47.23536],[-1.58357,47.22635],[-1.64824,47.25839],[-1.68887,47.25624],[-1.71914,47.2739],[-1.65526,47.30733]]]}},{"type":"Feature","properties":{"riding_id":"04402","dept":"044","name":"Loire-Atlantique — 2ème circonscription"},"geometry":{"type":"Polygon","coordinates":[[[-1.57922,47.19712],[-1.58357,47.22635],[-1.54857,47.23536],[-1.496,47.25242],[-1.47882,47.22808],[-1.48095,47.22635],[-1.52743,47.20445],[-1.57922,47.19712]]]}},{"type":"Feature","properties":{"riding_id":"04403","dept":"044","name":"Loire-Atlantique — 3ème circonscription"},"geometry":{"type":"Polygon","coordinates":[[[-1.89623,47.27898],[-1.8698,47.30687],[-1.80084,47.33604],[-1.77532,47.34974],[-1.72386,47.34666],[-1.68405,47.35641],[-1.65526,47.30733],[-1.71914,47.2739],[-1.68887,47.25624],[-1.64824,47.25839],[-1.58357,47.22635],[-1.57922,47.19712],[-1.6081,47.18453],[-1.66881,47.18855],[-1.70901,47.20778],[-1.78759,47.20981],[-1.83291,47.22868],[-1.89623,47.27898]]]}},{"type":"Feature","properties":{"riding_id":"04404","dept":"044","name":"Loire-Atlantique — 4ème circonscription"},"geometry":{"type":"Polygon","coordinates":[[[-1.66881,47.18855],[-1.6081,47.18453],[-1.57922,47.19712],[-1.52743,47.20445],[-1.48095,47.22635],[-1.47419,47.18682],[-1.51293,47.18918],[-1.54975,47.14574],[-1.53139,47.10836],[-1.55429,47.09741],[-1.67485,47.13375],[-1.72584,47.12625],[-1.76341,47.18342],[-1.67964,47.17277],[-1.66881,47.18855]]]}},{"type":"Feature","properties":{"riding_id":"04405","dept":"044","name":"Loire-Atlantique — 5ème circonscription"},"geometry":{"type":"Polygon","coordinates":[[[-1.54857,47.23536],[-1.53933,47.25638],[-1.59346,47.27361],[-1.61537,47.29703],[-1.65526,47.30733],[-1.68405,47.35641],[-1.66714,47.37081],[-1.69323,47.42623],[-1.65943,47.45247],[-1.5833,47.45107],[-1.50763,47.50269],[-1.40021,47.47742],[-1.36718,47.45432],[-1.34315,47.46623],[-1.2995,47.4176],[-1.23173,47.39206],[-1.22597,47.37049],[-1.28775,47.37128],[-1.328,47.3556],[-1.30655,47.33448],[-1.3542,47.30416],[-1.40236,47.28169],[-1.47882,47.22808],[-1.496,47.25242],[-1.54857,47.23536]]]}},{"type":"Feature","properties":{"riding_id":"04406","dept":"044","name":"Loire-Atlantique — 6ème circonscription"},"geometry":{"type":"Polygon","coordinates":[[[-1.30655,47.33448],[-1.328,47.3556],[-1.28775,47.37128],[-1.22597,47.37049],[-1.23173,47.39206],[-1.2995,47.4176],[-1.34315,47.46623],[-1.36718,47.45432],[-1.40021,47.47742],[-1.50763,47.50269],[-1.5833,47.45107],[-1.65943,47.45247],[-1.69323,47.42623],[-1.66714,47.37081],[-1.68405,47.35641],[-1.72386,47.34666],[-1.77532,47.34974],[-1.80084,47.33604],[-1.84157,47.38093],[-1.91643,47.38071],[-1.90722,47.46315],[-1.85022,47.48577],[-1.88313,47.51181],[-1.94269,47.5082],[-1.96513,47.54205],[-1.99528,47.54393],[-2.03495,47.56938],[-2.09673,47.57263],[-2.09704,47.63136],[-2.04741,47.66379],[-2.01228,47.66645],[-1.9734,47.69415],[-1.9353,47.68681],[-1.86279,47.70733],[-1.72971,47.69934],[-1.63813,47.72221],[-1.62713,47.75983],[-1.59414,47.77603],[-1.53042,47.78478],[-1.46845,47.8059],[-1.48187,47.8318],[-1.39153,47.82832],[-1.36408,47.8007],[-1.24588,47.77672],[-1.25446,47.73268],[-1.19545,47.71203],[-1.18137,47.66861],[-1.13789,47.61893],[-1.10313,47.62051],[-1.00816,47.58776],[-1.04216,47.56327],[-1.17293,47.57282],[-1.17835,47.54803],[-1.15423,47.50932],[-1.10634,47.5009],[-1.04446,47.5055],[-0.96787,47.46805],[-0.94318,47.41861],[-0.92346,47.39877],[-0.97623,47.37103],[-1.16993,47.36471],[-1.18296,47.35431],[-1.30655,47.33448]]]}},{"type":"Feature","properties":{"riding_id":"04407","dept":"044","name":"Loire-Atlantique — 7ème circonscription"},"geometry":{"type":"Polygon","coordinates":[[[-2.45849,47.44812],[-2.41041,47.45883],[-2.31613,47.46252],[-2.2981,47.51548],[-2.15519,47.49782],[-2.1534,47.52203],[-2.09885,47.53345],[-2.09673,47.57263],[-2.03495,47.56938],[-1.99528,47.54393],[-1.96513,47.54205],[-1.94269,47.5082],[-1.88313,47.51181],[-1.85022,47.48577],[-1.90722,47.46315],[-1.95097,47.48766],[-1.98131,47.47186],[-1.97614,47.4466],[-2.02852,47.41563],[-2.04168,47.36521],[-2.13085,47.38284],[-2.19749,47.36023],[-2.20137,47.33564],[-2.23828,47.31628],[-2.29698,47.30331],[-2.28954,47.27852],[-2.30297,47.23725],[-2.35757,47.27285],[-2.39072,47.28157],[-2.42124,47.25911],[-2.54653,47.29194],[-2.50127,47.31793],[-2.53288,47.38378],[-2.47076,47.41696],[-2.45849,47.44812]]]}},{"type":"Feature","properties":{"riding_id":"04408","dept":"044","name":"Loire-Atlantique — 8ème circonscription"},"geometry":{"type":"Polygon","coordinates":[[[-2.30297,47.23725],[-2.28954,47.27852],[-2.29698,47.30331],[-2.23828,47.31628],[-2.20137,47.33564],[-2.19749,47.36023],[-2.13085,47.38284],[-2.04168,47.36521],[-2.02852,47.41563],[-1.97614,47.4466],[-1.98131,47.47186],[-1.95097,47.48766],[-1.90722,47.46315],[-1.91643,47.38071],[-1.84157,47.38093],[-1.80084,47.33604],[-1.8698,47.30687],[-1.89623,47.27898],[-2.01033,47.29757],[-2.03517,47.31559],[-2.14143,47.30025],[-2.27012,47.23957],[-2.30297,47.23725]]]}},{"type":"Feature","properties":{"riding_id":"04409","dept":"044","name":"Loire-Atlantique — 9ème circonscription"},"geometry":{"type":"Polygon","coordinates":[[[-2.01033,47.29757],[-1.89623,47.27898],[-1.83291,47.22868],[-1.78759,47.20981],[-1.70901,47.20778],[-1.66881,47.18855],[-1.67964,47.17277],[-1.76341,47.18342],[-1.72584,47.12625],[-1.67485,47.13375],[-1.55429,47.09741],[-1.53138,47.0576],[-1.49985,47.04069],[-1.54366,47.00377],[-1.55427,46.97865],[-1.52163,46.94103],[-1.52982,46.9082],[-1.50079,46.88339],[-1.54851,46.86008],[-1.73601,46.89606],[-1.75043,46.93037],[-1.83211,46.93209],[-1.93893,46.99352],[-1.98041,47.02891],[-2.00355,47.06024],[-2.05368,47.09425],[-2.24159,47.13226],[-2.222,47.15372],[-2.1666,47.16739],[-2.15973,47.21107],[-2.16816,47.26812],[-2.05693,47.28296],[-2.01033,47.29757]]]}},{"type":"Feature","properties":{"riding_id":"04410","dept":"044","name":"Loire-Atlantique — 10ème circonscription"},"geometry":{"type":"Polygon","coordinates":[[[-1.55429,47.09741],[-1.53139,47.10836],[-1.54975,47.14574],[-1.51293,47.18918],[-1.47419,47.18682],[-1.48095,47.22635],[-1.47882,47.22808],[-1.40236,47.28169],[-1.3542,47.30416],[-1.29517,47.30457],[-1.2764,47.2696],[-1.23127,47.23958],[-1.20492,47.25304],[-1.16955,47.17052],[-1.23099,47.1313],[-1.22811,47.09977],[-1.17055,47.09295],[-1.11789,47.04028],[-1.14857,47.02955],[-1.19677,47.03977],[-1.26788,47.08427],[-1.31796,47.0343],[-1.37594,47.02966],[-1.35906,46.98114],[-1.37337,46.95208],[-1.45827,46.92584],[-1.47313,47.03112],[-1.49985,47.04069],[-1.53138,47.0576],[-1.55429,47.09741]]]}},{"type":"Feature","properties":{"riding_id":"04501","dept":"045","name":"Loiret — 1ère circonscription"},"geometry":{"type":"Polygon","coordinates":[[[1.9045,47.89586],[1.97289,47.90133],[2.00621,47.88654],[1.99532,47.79408],[1.95938,47.76134],[1.92561,47.7646],[1.90637,47.83399],[1.86074,47.83253],[1.8418,47.75945],[1.86543,47.71381],[1.83474,47.7039],[1.79986,47.72332],[1.72806,47.69956],[1.71226,47.73262],[1.62926,47.75941],[1.58287,47.72644],[1.5964,47.74309],[1.54782,47.76954],[1.57024,47.79672],[1.53584,47.83852],[1.58363,47.86849],[1.658,47.82912],[1.7071,47.81149],[1.72073,47.83758],[1.86229,47.89333],[1.9045,47.89586]]]}},{"type":"Feature","properties":{"riding_id":"04502","dept":"045","name":"Loiret — 2ème circonscription"},"geometry":{"type":"Polygon","coordinates":[[[1.9204,48.14639],[1.99486,48.09407],[1.93169,48.04231],[1.95772,48.0133],[1.93566,47.98976],[1.89864,47.92204],[1.90654,47.92081],[1.9045,47.89586],[1.86229,47.89333],[1.72073,47.83758],[1.7071,47.81149],[1.658,47.82912],[1.58363,47.86849],[1.57918,47.90353],[1.52542,47.92911],[1.55596,47.95532],[1.56482,47.98977],[1.52012,47.98228],[1.51466,48.02857],[1.54531,48.04459],[1.59187,48.03075],[1.62169,48.06388],[1.74859,48.06615],[1.8287,48.08008],[1.88971,48.10559],[1.9204,48.14639]]]}},{"type":"Feature","properties":{"riding_id":"04503","dept":"045","name":"Loiret — 3ème circonscription"},"geometry":{"type":"Polygon","coordinates":[[[2.85648,47.76174],[2.84897,47.71685],[2.92416,47.6825],[2.95423,47.64569],[2.93232,47.62705],[2.94035,47.59821],[2.97654,47.56943],[2.95866,47.55738],[2.9143,47.56597],[2.85663,47.55141],[2.87462,47.52042],[2.79752,47.49734],[2.76256,47.52496],[2.68636,47.48319],[2.65587,47.5104],[2.61202,47.52639],[2.59298,47.55814],[2.55007,47.5747],[2.4903,47.57177],[2.43808,47.60977],[2.37269,47.58544],[2.28963,47.62906],[2.23921,47.62098],[2.24071,47.64126],[2.20369,47.67855],[2.1492,47.67075],[2.07455,47.68215],[2.00892,47.67746],[1.99523,47.66426],[1.93719,47.67758],[1.86586,47.67595],[1.81141,47.65251],[1.74673,47.65675],[1.72806,47.69956],[1.79986,47.72332],[1.83474,47.7039],[1.86543,47.71381],[1.8418,47.75945],[1.86074,47.83253],[1.90637,47.83399],[1.92561,47.7646],[1.95938,47.76134],[1.99532,47.79408],[2.00621,47.88654],[2.06211,47.86742],[2.12453,47.8692],[2.18638,47.84764],[2.22391,47.85855],[2.2529,47.82552],[2.31429,47.83863],[2.33944,47.8296],[2.38131,47.84851],[2.44207,47.84465],[2.54403,47.79673],[2.57463,47.79292],[2.58694,47.82521],[2.64539,47.84735],[2.67797,47.83013],[2.71237,47.80141],[2.73973,47.81135],[2.7692,47.78017],[2.80562,47.78974],[2.85648,47.76174]]]}},{"type":"Feature","properties":{"riding_id":"04504","dept":"045","name":"Loiret — 4ème circonscription"},"geometry":{"type":"Polygon","coordinates":[[[2.85648,47.76174],[2.80562,47.78974],[2.7692,47.78017],[2.73973,47.81135],[2.71237,47.80141],[2.67797,47.83013],[2.7326,47.86637],[2.71022,47.9235],[2.6164,47.93072],[2.57608,47.96735],[2.59406,48.00278],[2.62696,48.01399],[2.58847,48.05234],[2.55932,48.03994],[2.49335,48.0874],[2.56502,48.09596],[2.52221,48.12521],[2.63967,48.13895],[2.66475,48.12054],[2.70655,48.12482],[2.78098,48.16736],[2.82088,48.12966],[2.86682,48.15604],[2.93631,48.16339],[3.01323,48.14348],[3.05047,48.07233],[3.09537,48.05398],[3.12668,47.99127],[3.10527,47.94694],[3.01182,47.90483],[3.01149,47.8751],[3.03382,47.84387],[3.01387,47.83184],[3.0238,47.78637],[2.9889,47.78612],[2.93559,47.76325],[2.85648,47.76174]]]}},{"type":"Feature","properties":{"riding_id":"04505","dept":"045","name":"Loiret — 5ème circonscription"},"geometry":{"type":"Polygon","coordinates":[[[2.52221,48.12521],[2.56502,48.09596],[2.49335,48.0874],[2.55932,48.03994],[2.58847,48.05234],[2.62696,48.01399],[2.59406,48.00278],[2.57608,47.96735],[2.54136,47.97474],[2.48503,47.93375],[2.43328,47.92256],[2.41266,47.97255],[2.3796,47.97084],[2.26007,48.01122],[2.2594,47.98662],[2.22938,47.95002],[2.14926,47.9574],[2.06839,47.92614],[2.02502,47.94272],[1.94796,47.94558],[1.91399,47.91976],[1.90654,47.92081],[1.89864,47.92204],[1.93566,47.98976],[1.95772,48.0133],[1.93169,48.04231],[1.99486,48.09407],[1.9204,48.14639],[1.97125,48.17813],[1.9659,48.25444],[1.99409,48.28659],[2.05271,48.29547],[2.16159,48.29844],[2.20709,48.34494],[2.26912,48.31505],[2.31242,48.33012],[2.36994,48.30867],[2.40266,48.32072],[2.42011,48.2667],[2.50619,48.23854],[2.52301,48.19876],[2.4611,48.13821],[2.52221,48.12521]]]}},{"type":"Feature","properties":{"riding_id":"04506","dept":"045","name":"Loiret — 6ème circonscription"},"geometry":{"type":"Polygon","coordinates":[[[2.00621,47.88654],[1.97289,47.90133],[1.9045,47.89586],[1.90654,47.92081],[1.91399,47.91976],[1.94796,47.94558],[2.02502,47.94272],[2.06839,47.92614],[2.14926,47.9574],[2.22938,47.95002],[2.2594,47.98662],[2.26007,48.01122],[2.3796,47.97084],[2.41266,47.97255],[2.43328,47.92256],[2.48503,47.93375],[2.54136,47.97474],[2.57608,47.96735],[2.6164,47.93072],[2.71022,47.9235],[2.7326,47.86637],[2.67797,47.83013],[2.64539,47.84735],[2.58694,47.82521],[2.57463,47.79292],[2.54403,47.79673],[2.44207,47.84465],[2.38131,47.84851],[2.33944,47.8296],[2.31429,47.83863],[2.2529,47.82552],[2.22391,47.85855],[2.18638,47.84764],[2.12453,47.8692],[2.06211,47.86742],[2.00621,47.88654]]]}},{"type":"Feature","properties":{"riding_id":"04601","dept":"046","name":"Lot — 1ère circonscription"},"geometry":{"type":"Polygon","coordinates":[[[1.28439,44.25252],[1.18441,44.2868],[1.16907,44.30402],[1.10947,44.32469],[1.10342,44.36697],[1.06408,44.37851],[1.05749,44.42768],[1.02168,44.4466],[1.01317,44.53614],[1.07514,44.57733],[1.15089,44.63286],[1.14673,44.6708],[1.22455,44.68427],[1.27004,44.72209],[1.31605,44.74038],[1.32153,44.7611],[1.30117,44.79774],[1.3641,44.81157],[1.36546,44.84497],[1.44218,44.87835],[1.45912,44.84523],[1.53453,44.83157],[1.56388,44.79612],[1.60394,44.78193],[1.56972,44.75776],[1.59323,44.715],[1.66522,44.67211],[1.71239,44.69704],[1.71934,44.66426],[1.69657,44.64273],[1.69102,44.59177],[1.76228,44.59825],[1.74568,44.52809],[1.7268,44.49406],[1.6991,44.48382],[1.71554,44.43903],[1.66401,44.40125],[1.64976,44.42518],[1.60865,44.40962],[1.64697,44.3693],[1.68864,44.37949],[1.70232,44.3145],[1.65005,44.2832],[1.57382,44.30096],[1.58592,44.25094],[1.53746,44.23026],[1.50926,44.27379],[1.47353,44.28422],[1.45211,44.25588],[1.37717,44.22283],[1.28132,44.23534],[1.28439,44.25252]]]}},{"type":"Feature","properties":{"riding_id":"04602","dept":"046","name":"Lot — 2ème circonscription"},"geometry":{"type":"Polygon","coordinates":[[[2.06291,44.97651],[2.07635,44.93478],[2.10811,44.9106],[2.08556,44.88496],[2.17163,44.79026],[2.15349,44.75311],[2.15467,44.69937],[2.17915,44.67445],[2.16942,44.63799],[2.20748,44.61553],[2.1984,44.59318],[2.15256,44.57159],[2.05484,44.58019],[1.98424,44.54726],[1.92082,44.49192],[1.84076,44.47949],[1.86888,44.39721],[1.90824,44.36342],[1.88208,44.34007],[1.78267,44.31625],[1.74095,44.3263],[1.70232,44.3145],[1.68864,44.37949],[1.64697,44.3693],[1.60865,44.40962],[1.64976,44.42518],[1.66401,44.40125],[1.71554,44.43903],[1.6991,44.48382],[1.7268,44.49406],[1.74568,44.52809],[1.76228,44.59825],[1.69102,44.59177],[1.69657,44.64273],[1.71934,44.66426],[1.71239,44.69704],[1.66522,44.67211],[1.59323,44.715],[1.56972,44.75776],[1.60394,44.78193],[1.56388,44.79612],[1.53453,44.83157],[1.45912,44.84523],[1.44218,44.87835],[1.42184,44.89641],[1.44156,44.91878],[1.41426,44.97391],[1.40913,45.00673],[1.44826,45.01931],[1.54032,45.04467],[1.65189,45.02529],[1.75398,44.94085],[1.82445,44.9281],[1.83157,44.94342],[1.88709,44.95634],[1.90778,44.97824],[1.94015,44.97184],[2.04512,44.98367],[2.06291,44.97651]]]}},{"type":"Feature","properties":{"riding_id":"04701","dept":"047","name":"Lot-et-Garonne — 1ère circonscription"},"geometry":{"type":"Polygon","coordinates":[[[0.85969,44.19274],[0.88835,44.14881],[0.86909,44.12652],[0.79657,44.14515],[0.79317,44.11846],[0.75438,44.1048],[0.74189,44.0652],[0.65221,44.04291],[0.59267,44.07926],[0.53843,44.05295],[0.51158,44.06274],[0.45976,44.05538],[0.44245,44.02876],[0.38234,44.00824],[0.35701,44.01541],[0.303,43.99124],[0.18981,44.01501],[0.13862,43.9766],[0.07605,43.98314],[0.07622,44.03074],[0.10082,44.08677],[0.1358,44.12419],[0.18739,44.12722],[0.20643,44.14835],[0.16705,44.19907],[0.21461,44.22342],[0.29804,44.22092],[0.32568,44.23915],[0.40481,44.24731],[0.42306,44.2352],[0.48912,44.23893],[0.49096,44.25859],[0.51159,44.24656],[0.56375,44.26921],[0.61612,44.26125],[0.64504,44.28142],[0.71602,44.27944],[0.71697,44.24305],[0.76732,44.23467],[0.80315,44.19255],[0.85969,44.19274]]]}},{"type":"Feature","properties":{"riding_id":"04702","dept":"047","name":"Lot-et-Garonne — 2ème circonscription"},"geometry":{"type":"Polygon","coordinates":[[[0.00479,44.44501],[-0.0117,44.45986],[-0.01557,44.50479],[0.03774,44.55415],[0.06869,44.54822],[0.08224,44.58391],[0.15436,44.61491],[0.18275,44.66136],[0.10035,44.70098],[0.13604,44.71121],[0.18043,44.7455],[0.23594,44.76419],[0.25365,44.75039],[0.29733,44.76229],[0.33666,44.73557],[0.36656,44.66131],[0.41695,44.64521],[0.49563,44.66981],[0.51551,44.63843],[0.50332,44.60624],[0.56715,44.59652],[0.52462,44.57047],[0.48947,44.56494],[0.40072,44.52394],[0.39654,44.50503],[0.48532,44.4875],[0.50187,44.46019],[0.48495,44.43589],[0.51423,44.41781],[0.4753,44.37609],[0.45124,44.31763],[0.49096,44.25859],[0.48912,44.23893],[0.42306,44.2352],[0.40481,44.24731],[0.32568,44.23915],[0.29804,44.22092],[0.21461,44.22342],[0.16705,44.19907],[0.20643,44.14835],[0.18739,44.12722],[0.1358,44.12419],[0.03459,44.13065],[-0.00354,44.1499],[-0.12915,44.15241],[-0.14069,44.22641],[-0.08848,44.23847],[-0.03361,44.27401],[-0.03481,44.29673],[-0.08575,44.33761],[-0.07882,44.3537],[-0.02882,44.36019],[0.01855,44.38933],[-0.0118,44.42033],[0.00479,44.44501]]]}},{"type":"Feature","properties":{"riding_id":"04703","dept":"047","name":"Lot-et-Garonne — 3ème circonscription"},"geometry":{"type":"Polygon","coordinates":[[[0.85969,44.19274],[0.80315,44.19255],[0.76732,44.23467],[0.71697,44.24305],[0.71602,44.27944],[0.64504,44.28142],[0.61612,44.26125],[0.56375,44.26921],[0.51159,44.24656],[0.49096,44.25859],[0.45124,44.31763],[0.4753,44.37609],[0.51423,44.41781],[0.48495,44.43589],[0.50187,44.46019],[0.48532,44.4875],[0.39654,44.50503],[0.40072,44.52394],[0.48947,44.56494],[0.52462,44.57047],[0.56715,44.59652],[0.50332,44.60624],[0.51551,44.63843],[0.49563,44.66981],[0.54656,44.66515],[0.57647,44.69306],[0.6481,44.70217],[0.65743,44.67786],[0.72913,44.67599],[0.7786,44.68429],[0.79946,44.70078],[0.84456,44.66584],[0.817,44.62701],[0.83515,44.6022],[0.87,44.59732],[0.94418,44.64035],[0.9773,44.64299],[1.0125,44.61583],[1.07113,44.59623],[1.07514,44.57733],[1.01317,44.53614],[1.02168,44.4466],[1.05749,44.42768],[1.06408,44.37851],[1.06023,44.36606],[0.95022,44.35958],[0.91985,44.38442],[0.88732,44.36465],[0.89611,44.34623],[0.86945,44.30926],[0.95079,44.27507],[0.90311,44.19006],[0.85969,44.19274]]]}},{"type":"Feature","properties":{"riding_id":"04801","dept":"048","name":"Lozère — 1ère circonscription"},"geometry":{"type":"Polygon","coordinates":[[[3.37365,44.17077],[3.36041,44.20149],[3.30104,44.20647],[3.23926,44.19066],[3.23054,44.23034],[3.16053,44.24628],[3.15427,44.30922],[3.12022,44.36331],[3.13705,44.39162],[3.13549,44.45552],[3.09956,44.48043],[3.06893,44.50271],[3.08347,44.56032],[2.98168,44.64468],[3.03134,44.74964],[3.04824,44.76432],[3.04827,44.80426],[3.09484,44.85548],[3.10313,44.88463],[3.14285,44.90228],[3.19028,44.86252],[3.23499,44.88877],[3.24457,44.93172],[3.28564,44.92631],[3.36134,44.97141],[3.40322,44.95686],[3.41038,44.91779],[3.45617,44.83123],[3.50738,44.82424],[3.56877,44.83418],[3.59783,44.85871],[3.6443,44.87713],[3.67364,44.85412],[3.66636,44.82878],[3.74387,44.8378],[3.80699,44.76758],[3.86253,44.74387],[3.87165,44.67934],[3.89478,44.64996],[3.89414,44.61529],[3.92357,44.57189],[3.94877,44.57289],[3.98686,44.50217],[3.99816,44.4598],[3.91131,44.37033],[3.9437,44.31789],[3.92286,44.30523],[3.9747,44.25962],[3.94643,44.24104],[3.95092,44.21687],[3.92727,44.1613],[3.87273,44.12867],[3.83212,44.13734],[3.79699,44.12739],[3.75962,44.15119],[3.67105,44.1842],[3.63771,44.17543],[3.64717,44.14429],[3.63284,44.12122],[3.43863,44.13037],[3.42847,44.14867],[3.37365,44.17077]]]}},{"type":"Feature","properties":{"riding_id":"04901","dept":"049","name":"Maine-et-Loire — 1ère circonscription"},"geometry":{"type":"Polygon","coordinates":[[[-0.65379,47.73338],[-0.61082,47.73569],[-0.58465,47.75841],[-0.53292,47.75069],[-0.50713,47.78507],[-0.45393,47.75724],[-0.41003,47.76522],[-0.44293,47.73199],[-0.4393,47.68555],[-0.48117,47.66443],[-0.47815,47.63534],[-0.44185,47.63479],[-0.42261,47.66205],[-0.3818,47.65843],[-0.39858,47.60623],[-0.35962,47.59018],[-0.40153,47.55811],[-0.41126,47.51589],[-0.41856,47.48759],[-0.48338,47.45767],[-0.54464,47.45164],[-0.57119,47.46547],[-0.56419,47.4711],[-0.5268,47.52399],[-0.56815,47.56585],[-0.59381,47.54747],[-0.63867,47.57351],[-0.62748,47.60665],[-0.69455,47.61815],[-0.67405,47.69432],[-0.65379,47.73338]]]}},{"type":"Feature","properties":{"riding_id":"04902","dept":"049","name":"Maine-et-Loire — 2ème circonscription"},"geometry":{"type":"Polygon","coordinates":[[[-0.57119,47.46547],[-0.54464,47.45164],[-0.48338,47.45767],[-0.41856,47.48759],[-0.41126,47.51589],[-0.36586,47.50102],[-0.36647,47.46147],[-0.26979,47.41771],[-0.29131,47.4005],[-0.29419,47.3674],[-0.36884,47.37587],[-0.43891,47.35907],[-0.49163,47.36611],[-0.5065,47.33845],[-0.56838,47.32272],[-0.63084,47.33334],[-0.71024,47.26618],[-0.66925,47.25104],[-0.67746,47.20425],[-0.64568,47.19021],[-0.68891,47.12977],[-0.75548,47.12665],[-0.8025,47.15689],[-0.82507,47.15694],[-0.81271,47.16183],[-0.80231,47.23972],[-0.8596,47.2579],[-0.85148,47.30772],[-0.79941,47.28125],[-0.77714,47.31879],[-0.82409,47.33837],[-0.80944,47.381],[-0.72472,47.36091],[-0.64296,47.37708],[-0.57119,47.46547]]]}},{"type":"Feature","properties":{"riding_id":"04903","dept":"049","name":"Maine-et-Loire — 3ème circonscription"},"geometry":{"type":"Polygon","coordinates":[[[0.23,47.6084],[0.23457,47.57861],[0.20009,47.54317],[0.22011,47.50195],[0.18087,47.45323],[0.18214,47.38194],[0.1473,47.34538],[0.11746,47.33234],[0.08238,47.28687],[0.07245,47.21988],[-0.00787,47.24582],[-0.06069,47.25283],[-0.15067,47.31194],[-0.24347,47.35428],[-0.29131,47.4005],[-0.26979,47.41771],[-0.36647,47.46147],[-0.36586,47.50102],[-0.41126,47.51589],[-0.40153,47.55811],[-0.35962,47.59018],[-0.39858,47.60623],[-0.3818,47.65843],[-0.42261,47.66205],[-0.44185,47.63479],[-0.47815,47.63534],[-0.48117,47.66443],[-0.4393,47.68555],[-0.44293,47.73199],[-0.41003,47.76522],[-0.3817,47.76057],[-0.37378,47.73987],[-0.33366,47.72094],[-0.28763,47.71913],[-0.23677,47.70463],[-0.1967,47.65004],[-0.1141,47.63548],[-0.10548,47.65708],[-0.00451,47.64769],[0.05226,47.60622],[0.11565,47.60563],[0.14849,47.5813],[0.23,47.6084]]]}},{"type":"Feature","properties":{"riding_id":"04904","dept":"049","name":"Maine-et-Loire — 4ème circonscription"},"geometry":{"type":"Polygon","coordinates":[[[-0.29131,47.4005],[-0.24347,47.35428],[-0.15067,47.31194],[-0.06069,47.25283],[-0.00787,47.24582],[0.07245,47.21988],[0.07288,47.21449],[0.05374,47.16461],[0.01902,47.17576],[-0.03374,47.12756],[-0.04424,47.09315],[-0.08554,47.10043],[-0.10212,47.06481],[-0.1289,47.05424],[-0.16674,47.08099],[-0.24041,47.10514],[-0.34014,47.08727],[-0.39603,47.09024],[-0.40078,47.07077],[-0.48375,47.06659],[-0.49178,47.08285],[-0.55972,47.0617],[-0.56155,47.02951],[-0.58725,47.00613],[-0.65201,47.02391],[-0.66649,47.05392],[-0.63773,47.09176],[-0.675,47.10364],[-0.68891,47.12977],[-0.64568,47.19021],[-0.67746,47.20425],[-0.66925,47.25104],[-0.71024,47.26618],[-0.63084,47.33334],[-0.56838,47.32272],[-0.5065,47.33845],[-0.49163,47.36611],[-0.43891,47.35907],[-0.36884,47.37587],[-0.29419,47.3674],[-0.29131,47.4005]]]}},{"type":"Feature","properties":{"riding_id":"04905","dept":"049","name":"Maine-et-Loire — 5ème circonscription"},"geometry":{"type":"Polygon","coordinates":[[[-0.89196,46.97583],[-0.93488,47.00756],[-0.95913,46.99812],[-1.11012,47.01601],[-1.14857,47.02955],[-1.11789,47.04028],[-1.17055,47.09295],[-1.22811,47.09977],[-1.23099,47.1313],[-1.16955,47.17052],[-1.11062,47.14636],[-1.00474,47.15196],[-0.9569,47.14474],[-0.91832,47.11784],[-0.86425,47.10176],[-0.82507,47.15694],[-0.8025,47.15689],[-0.75548,47.12665],[-0.68891,47.12977],[-0.675,47.10364],[-0.63773,47.09176],[-0.66649,47.05392],[-0.65201,47.02391],[-0.58725,47.00613],[-0.62018,46.99336],[-0.67104,47.00098],[-0.71454,46.98598],[-0.78758,47.00514],[-0.89196,46.97583]]]}},{"type":"Feature","properties":{"riding_id":"04906","dept":"049","name":"Maine-et-Loire — 6ème circonscription"},"geometry":{"type":"Polygon","coordinates":[[[-1.16955,47.17052],[-1.20492,47.25304],[-1.23127,47.23958],[-1.2764,47.2696],[-1.29517,47.30457],[-1.3542,47.30416],[-1.30655,47.33448],[-1.18296,47.35431],[-1.16993,47.36471],[-0.97623,47.37103],[-0.92346,47.39877],[-0.94318,47.41861],[-0.92336,47.46216],[-0.83011,47.4481],[-0.79637,47.43172],[-0.74643,47.44202],[-0.76048,47.46802],[-0.73502,47.4835],[-0.69365,47.47033],[-0.62771,47.49854],[-0.56716,47.47407],[-0.56419,47.4711],[-0.57119,47.46547],[-0.64296,47.37708],[-0.72472,47.36091],[-0.80944,47.381],[-0.82409,47.33837],[-0.77714,47.31879],[-0.79941,47.28125],[-0.85148,47.30772],[-0.8596,47.2579],[-0.80231,47.23972],[-0.81271,47.16183],[-0.82507,47.15694],[-0.86425,47.10176],[-0.91832,47.11784],[-0.9569,47.14474],[-1.00474,47.15196],[-1.11062,47.14636],[-1.16955,47.17052]]]}},{"type":"Feature","properties":{"riding_id":"04907","dept":"049","name":"Maine-et-Loire — 7ème circonscription"},"geometry":{"type":"Polygon","coordinates":[[[-1.24588,47.77672],[-1.23825,47.80999],[-1.19304,47.78621],[-1.07504,47.77419],[-1.0209,47.77479],[-0.97846,47.762],[-0.95976,47.79633],[-0.8393,47.75228],[-0.81607,47.77123],[-0.7497,47.74161],[-0.65379,47.73338],[-0.67405,47.69432],[-0.69455,47.61815],[-0.62748,47.60665],[-0.63867,47.57351],[-0.59381,47.54747],[-0.56815,47.56585],[-0.5268,47.52399],[-0.56419,47.4711],[-0.56716,47.47407],[-0.62771,47.49854],[-0.69365,47.47033],[-0.73502,47.4835],[-0.76048,47.46802],[-0.74643,47.44202],[-0.79637,47.43172],[-0.83011,47.4481],[-0.92336,47.46216],[-0.94318,47.41861],[-0.96787,47.46805],[-1.04446,47.5055],[-1.10634,47.5009],[-1.15423,47.50932],[-1.17835,47.54803],[-1.17293,47.57282],[-1.04216,47.56327],[-1.00816,47.58776],[-1.10313,47.62051],[-1.13789,47.61893],[-1.18137,47.66861],[-1.19545,47.71203],[-1.25446,47.73268],[-1.24588,47.77672]]]}},{"type":"Feature","properties":{"riding_id":"05001","dept":"050","name":"Manche — 1ère circonscription"},"geometry":{"type":"Polygon","coordinates":[[[-1.3923,49.55019],[-1.38133,49.5361],[-1.30262,49.53509],[-1.25404,49.48187],[-1.17092,49.4121],[-1.1792,49.37525],[-1.11962,49.35557],[-1.11331,49.32669],[-1.13945,49.3096],[-1.13336,49.2715],[-1.02356,49.20336],[-0.97222,49.19345],[-0.92092,49.22158],[-0.90158,49.20482],[-0.93761,49.15006],[-0.88671,49.12836],[-0.87606,49.05484],[-0.86256,49.02641],[-0.90511,49.0114],[-0.94426,48.96699],[-0.99047,48.95085],[-1.05654,48.95862],[-1.06554,48.93191],[-1.02122,48.92628],[-1.02189,48.90513],[-1.05917,48.87726],[-1.102,48.86636],[-1.15691,48.83489],[-1.22272,48.78459],[-1.27309,48.77194],[-1.31653,48.79014],[-1.35166,48.83771],[-1.28813,48.85406],[-1.2469,48.88687],[-1.25828,48.91296],[-1.21183,48.94031],[-1.21606,49.01563],[-1.27256,49.07035],[-1.26165,49.10453],[-1.29728,49.15731],[-1.279,49.17472],[-1.30445,49.20186],[-1.35385,49.19502],[-1.35765,49.3047],[-1.31813,49.32192],[-1.34122,49.35642],[-1.37563,49.34083],[-1.42646,49.37252],[-1.42467,49.42783],[-1.47032,49.46607],[-1.4215,49.50552],[-1.4302,49.52654],[-1.3923,49.55019]]]}},{"type":"Feature","properties":{"riding_id":"05002","dept":"050","name":"Manche — 2ème circonscription"},"geometry":{"type":"Polygon","coordinates":[[[-1.57796,48.86204],[-1.53971,48.83999],[-1.46388,48.85586],[-1.41562,48.83291],[-1.39325,48.85315],[-1.35166,48.83771],[-1.31653,48.79014],[-1.27309,48.77194],[-1.22272,48.78459],[-1.15691,48.83489],[-1.1023,48.81427],[-1.08411,48.77931],[-1.05873,48.77335],[-0.92233,48.77136],[-0.84094,48.75223],[-0.79692,48.70907],[-0.73627,48.6795],[-0.77329,48.65671],[-0.753,48.61964],[-0.77571,48.56184],[-0.84752,48.52085],[-0.86036,48.50146],[-0.89603,48.49487],[-0.95388,48.51679],[-1.00297,48.48907],[-1.07017,48.50849],[-1.11728,48.52165],[-1.24949,48.5437],[-1.279,48.50918],[-1.34142,48.48921],[-1.38297,48.45687],[-1.42775,48.46235],[-1.45409,48.48773],[-1.48995,48.48938],[-1.53311,48.54944],[-1.521,48.56706],[-1.57109,48.62645],[-1.51565,48.61826],[-1.44869,48.62348],[-1.41319,48.64197],[-1.42449,48.66715],[-1.50694,48.69054],[-1.53324,48.73138],[-1.57465,48.75367],[-1.57557,48.82239],[-1.60251,48.83568],[-1.57796,48.86204]]]}},{"type":"Feature","properties":{"riding_id":"05003","dept":"050","name":"Manche — 3ème circonscription"},"geometry":{"type":"Polygon","coordinates":[[[-1.84184,49.58282],[-1.78362,49.58945],[-1.7617,49.56786],[-1.69344,49.54603],[-1.63282,49.54939],[-1.5753,49.58282],[-1.54631,49.57579],[-1.50452,49.59325],[-1.4172,49.57942],[-1.3923,49.55019],[-1.4302,49.52654],[-1.4215,49.50552],[-1.47032,49.46607],[-1.42467,49.42783],[-1.42646,49.37252],[-1.37563,49.34083],[-1.34122,49.35642],[-1.31813,49.32192],[-1.35765,49.3047],[-1.35385,49.19502],[-1.30445,49.20186],[-1.279,49.17472],[-1.29728,49.15731],[-1.26165,49.10453],[-1.27256,49.07035],[-1.21606,49.01563],[-1.21183,48.94031],[-1.25828,48.91296],[-1.2469,48.88687],[-1.28813,48.85406],[-1.35166,48.83771],[-1.39325,48.85315],[-1.41562,48.83291],[-1.46388,48.85586],[-1.53971,48.83999],[-1.57796,48.86204],[-1.56357,48.92544],[-1.55697,49.01128],[-1.59376,49.0212],[-1.61051,49.10384],[-1.59613,49.14413],[-1.60076,49.21735],[-1.64223,49.22241],[-1.67533,49.28766],[-1.77564,49.37009],[-1.80883,49.37211],[-1.82343,49.43863],[-1.85164,49.50963],[-1.88657,49.53733],[-1.85792,49.55139],[-1.84184,49.58282]]]}},{"type":"Feature","properties":{"riding_id":"05004","dept":"050","name":"Manche — 4ème circonscription"},"geometry":{"type":"Polygon","coordinates":[[[-1.30262,49.53509],[-1.38133,49.5361],[-1.3923,49.55019],[-1.4172,49.57942],[-1.50452,49.59325],[-1.54631,49.57579],[-1.5753,49.58282],[-1.63282,49.54939],[-1.69344,49.54603],[-1.7617,49.56786],[-1.78362,49.58945],[-1.84184,49.58282],[-1.85393,49.64073],[-1.87356,49.65768],[-1.94309,49.67441],[-1.94389,49.72244],[-1.89033,49.70724],[-1.85679,49.7163],[-1.8271,49.69277],[-1.76267,49.67868],[-1.71986,49.67966],[-1.62378,49.64387],[-1.50223,49.66464],[-1.43717,49.70061],[-1.33256,49.70266],[-1.27075,49.68157],[-1.24066,49.65403],[-1.22889,49.60526],[-1.30038,49.57863],[-1.30262,49.53509]]]}},{"type":"Feature","properties":{"riding_id":"05101","dept":"051","name":"Marne — 1ère circonscription"},"geometry":{"type":"Polygon","coordinates":[[[4.04797,49.40564],[4.189,49.3987],[4.24796,49.3808],[4.30829,49.3266],[4.24032,49.31969],[4.20349,49.28431],[4.1757,49.29203],[4.12009,49.27124],[4.09172,49.24863],[4.09085,49.23027],[4.04979,49.24436],[4.04068,49.25178],[4.03227,49.25185],[4.00863,49.25619],[4.00989,49.26215],[3.9931,49.28223],[3.94062,49.27998],[3.93127,49.31336],[3.94765,49.34753],[3.88813,49.35137],[3.85606,49.36835],[3.85984,49.38153],[3.92482,49.40772],[3.96131,49.37734],[4.0355,49.3599],[4.04797,49.40564]]]}},{"type":"Feature","properties":{"riding_id":"05102","dept":"051","name":"Marne — 2ème circonscription"},"geometry":{"type":"Polygon","coordinates":[[[3.74109,49.34759],[3.85606,49.36835],[3.88813,49.35137],[3.94765,49.34753],[3.93127,49.31336],[3.94062,49.27998],[3.9931,49.28223],[4.00989,49.26215],[4.00863,49.25619],[4.03227,49.25185],[4.04068,49.25178],[4.04979,49.24436],[4.03518,49.23077],[3.97151,49.18287],[3.91976,49.17137],[3.81804,49.0734],[3.77091,49.08117],[3.66111,49.11785],[3.61982,49.14754],[3.74868,49.15853],[3.67667,49.20726],[3.67702,49.23708],[3.64326,49.29588],[3.66916,49.32475],[3.74109,49.34759]]]}},{"type":"Feature","properties":{"riding_id":"05103","dept":"051","name":"Marne — 3ème circonscription"},"geometry":{"type":"Polygon","coordinates":[[[4.16077,49.02967],[4.10203,49.02435],[4.0332,49.03379],[4.0245,48.99832],[3.97999,49.015],[3.86478,49.00349],[3.82235,48.96359],[3.86179,48.95759],[3.85175,48.91389],[3.88649,48.88693],[3.8572,48.85149],[3.89943,48.82622],[3.8178,48.81303],[3.75318,48.81786],[3.73699,48.785],[3.66278,48.77659],[3.68058,48.75123],[3.63473,48.74386],[3.68131,48.71103],[3.63564,48.66411],[3.62658,48.63701],[3.66577,48.61718],[3.67737,48.58964],[3.6314,48.57156],[3.60425,48.57245],[3.55561,48.62029],[3.4427,48.67251],[3.47086,48.68727],[3.4674,48.73863],[3.39713,48.7614],[3.44215,48.78486],[3.44448,48.8118],[3.48524,48.8255],[3.48519,48.85191],[3.52858,48.91214],[3.56668,48.9135],[3.57444,48.93903],[3.62121,48.96603],[3.63983,49.004],[3.67772,49.01603],[3.65013,49.04136],[3.5852,49.03887],[3.58771,49.05935],[3.63224,49.08609],[3.61341,49.1159],[3.61982,49.14754],[3.66111,49.11785],[3.77091,49.08117],[3.81804,49.0734],[3.91976,49.17137],[3.97151,49.18287],[4.03518,49.23077],[4.02705,49.2041],[4.08806,49.18664],[4.1344,49.21623],[4.17579,49.1913],[4.26049,49.22388],[4.26245,49.18312],[4.31509,49.16893],[4.35638,49.19219],[4.37547,49.15577],[4.32797,49.13777],[4.29957,49.15259],[4.25003,49.11808],[4.20916,49.11389],[4.16077,49.02967]]]}},{"type":"Feature","properties":{"riding_id":"05104","dept":"051","name":"Marne — 4ème circonscription"},"geometry":{"type":"Polygon","coordinates":[[[4.03518,49.23077],[4.04979,49.24436],[4.09085,49.23027],[4.09172,49.24863],[4.12009,49.27124],[4.1757,49.29203],[4.20349,49.28431],[4.24032,49.31969],[4.30829,49.3266],[4.37562,49.32381],[4.39082,49.2988],[4.45454,49.27601],[4.57748,49.29552],[4.62218,49.23658],[4.6901,49.25749],[4.74423,49.24147],[4.86184,49.23885],[4.91338,49.26472],[4.95099,49.23687],[4.99186,49.21084],[4.94238,49.18677],[4.99634,49.1065],[5.00574,49.05987],[5.03527,49.02256],[5.03094,48.95432],[4.93621,48.92214],[4.85526,48.90901],[4.7754,48.91094],[4.71352,48.92065],[4.6684,49.00611],[4.61866,49.00489],[4.59108,49.02772],[4.48867,49.0278],[4.41127,49.00978],[4.40885,48.98276],[4.45272,48.94822],[4.36483,48.92499],[4.32948,48.89947],[4.2859,48.9085],[4.27365,48.9358],[4.30073,48.96373],[4.2844,48.98703],[4.18746,49.02654],[4.16077,49.02967],[4.20916,49.11389],[4.25003,49.11808],[4.29957,49.15259],[4.32797,49.13777],[4.37547,49.15577],[4.35638,49.19219],[4.31509,49.16893],[4.26245,49.18312],[4.26049,49.22388],[4.17579,49.1913],[4.1344,49.21623],[4.08806,49.18664],[4.02705,49.2041],[4.03518,49.23077]]]}},{"type":"Feature","properties":{"riding_id":"05105","dept":"051","name":"Marne — 5ème circonscription"},"geometry":{"type":"Polygon","coordinates":[[[3.8259,48.51517],[3.73176,48.53754],[3.64364,48.53626],[3.6314,48.57156],[3.67737,48.58964],[3.66577,48.61718],[3.62658,48.63701],[3.63564,48.66411],[3.68131,48.71103],[3.63473,48.74386],[3.68058,48.75123],[3.66278,48.77659],[3.73699,48.785],[3.75318,48.81786],[3.8178,48.81303],[3.89943,48.82622],[3.8572,48.85149],[3.88649,48.88693],[3.85175,48.91389],[3.86179,48.95759],[3.82235,48.96359],[3.86478,49.00349],[3.97999,49.015],[4.0245,48.99832],[4.0332,49.03379],[4.10203,49.02435],[4.16077,49.02967],[4.18746,49.02654],[4.2844,48.98703],[4.30073,48.96373],[4.27365,48.9358],[4.2859,48.9085],[4.32948,48.89947],[4.36483,48.92499],[4.45272,48.94822],[4.40885,48.98276],[4.41127,49.00978],[4.48867,49.0278],[4.59108,49.02772],[4.61866,49.00489],[4.6684,49.00611],[4.71352,48.92065],[4.7754,48.91094],[4.85526,48.90901],[4.93621,48.92214],[4.91226,48.86946],[4.93549,48.8405],[4.88876,48.81721],[4.93438,48.79059],[4.98958,48.74204],[4.98843,48.68443],[4.911,48.68885],[4.86778,48.66721],[4.79833,48.6775],[4.77262,48.65182],[4.84196,48.64967],[4.85438,48.61271],[4.76814,48.59344],[4.79918,48.52979],[4.72484,48.54141],[4.67018,48.53189],[4.59293,48.55234],[4.49528,48.53872],[4.39244,48.56742],[4.31492,48.61622],[4.33354,48.67408],[4.2968,48.71317],[4.23304,48.70231],[4.17752,48.70807],[4.13109,48.68615],[4.07979,48.70113],[4.04429,48.66096],[4.0017,48.66388],[3.94924,48.60343],[3.90842,48.60175],[3.89848,48.57565],[3.86383,48.57005],[3.85218,48.52502],[3.8259,48.51517]]]}},{"type":"Feature","properties":{"riding_id":"05201","dept":"052","name":"Haute-Marne — 1ère circonscription"},"geometry":{"type":"Polygon","coordinates":[[[4.70424,48.02024],[4.72316,48.04576],[4.69116,48.07195],[4.73187,48.11945],[4.81498,48.10357],[4.83335,48.11751],[4.94054,48.12647],[4.96509,48.09313],[5.02243,48.10534],[5.03779,48.14263],[5.02554,48.17755],[5.11977,48.16511],[5.14645,48.18337],[5.26459,48.13053],[5.34507,48.14636],[5.42675,48.15334],[5.41176,48.1834],[5.45442,48.21482],[5.51592,48.20662],[5.58842,48.27376],[5.61165,48.29181],[5.65381,48.26852],[5.6409,48.24235],[5.71084,48.21994],[5.73098,48.1897],[5.68017,48.17867],[5.68536,48.15062],[5.63314,48.0843],[5.6921,48.07553],[5.77642,48.02241],[5.79479,47.99679],[5.78841,47.9527],[5.83377,47.95962],[5.88473,47.92605],[5.85133,47.90593],[5.82186,47.86911],[5.76119,47.85934],[5.73143,47.81763],[5.69827,47.82335],[5.67661,47.77916],[5.70729,47.76772],[5.68965,47.7339],[5.68878,47.68478],[5.59681,47.67165],[5.56739,47.70712],[5.53059,47.67401],[5.40649,47.67362],[5.37408,47.60454],[5.35572,47.59169],[5.30636,47.60728],[5.25623,47.57655],[5.21139,47.64166],[5.17341,47.65354],[5.12756,47.64847],[5.0468,47.67557],[5.05624,47.69481],[4.97137,47.69023],[4.95899,47.76188],[4.91796,47.77709],[4.9861,47.8036],[4.95409,47.86677],[4.90596,47.91647],[4.87459,47.91952],[4.84503,47.96043],[4.78778,47.96525],[4.78942,48.00787],[4.74953,48.00431],[4.70424,48.02024]]]}},{"type":"Feature","properties":{"riding_id":"05202","dept":"052","name":"Haute-Marne — 2ème circonscription"},"geometry":{"type":"Polygon","coordinates":[[[4.83335,48.11751],[4.85009,48.14158],[4.83885,48.16886],[4.86234,48.19818],[4.84294,48.28352],[4.81422,48.32301],[4.84147,48.33946],[4.75458,48.36655],[4.71652,48.39435],[4.65347,48.47056],[4.67018,48.53189],[4.72484,48.54141],[4.79918,48.52979],[4.76814,48.59344],[4.85438,48.61271],[4.84196,48.64967],[4.77262,48.65182],[4.79833,48.6775],[4.86778,48.66721],[4.911,48.68885],[4.98843,48.68443],[5.0064,48.61139],[5.11787,48.58689],[5.22912,48.53077],[5.27264,48.51432],[5.32737,48.50932],[5.34947,48.48199],[5.39807,48.47319],[5.4095,48.44554],[5.47006,48.42093],[5.40978,48.39262],[5.42605,48.33106],[5.4745,48.35457],[5.52653,48.34686],[5.53351,48.3251],[5.58842,48.27376],[5.51592,48.20662],[5.45442,48.21482],[5.41176,48.1834],[5.42675,48.15334],[5.34507,48.14636],[5.26459,48.13053],[5.14645,48.18337],[5.11977,48.16511],[5.02554,48.17755],[5.03779,48.14263],[5.02243,48.10534],[4.96509,48.09313],[4.94054,48.12647],[4.83335,48.11751]]]}},{"type":"Feature","properties":{"riding_id":"05301","dept":"053","name":"Mayenne — 1ère circonscription"},"geometry":{"type":"Polygon","coordinates":[[[-0.85973,48.11075],[-0.84294,48.1531],[-0.77738,48.14986],[-0.74063,48.18413],[-0.57407,48.16106],[-0.58827,48.22044],[-0.5326,48.24775],[-0.52999,48.27675],[-0.4837,48.26604],[-0.42008,48.29416],[-0.37865,48.32449],[-0.37116,48.35377],[-0.30974,48.36413],[-0.29715,48.44613],[-0.20972,48.49918],[-0.17209,48.50214],[-0.14895,48.45879],[-0.10826,48.44802],[-0.0507,48.45059],[-0.05453,48.382],[-0.11216,48.37425],[-0.158,48.33452],[-0.13861,48.29495],[-0.16458,48.25916],[-0.14684,48.20501],[-0.23143,48.16859],[-0.25381,48.13653],[-0.34373,48.13253],[-0.40445,48.10225],[-0.49284,48.0966],[-0.52084,48.07117],[-0.59427,48.03948],[-0.62637,48.0435],[-0.65294,48.01315],[-0.62325,47.99482],[-0.68393,47.97472],[-0.74063,47.98853],[-0.76603,48.03976],[-0.80051,48.0359],[-0.80407,48.0691],[-0.85973,48.11075]]]}},{"type":"Feature","properties":{"riding_id":"05302","dept":"053","name":"Mayenne — 2ème circonscription"},"geometry":{"type":"Polygon","coordinates":[[[-0.65379,47.73338],[-0.7497,47.74161],[-0.81607,47.77123],[-0.8393,47.75228],[-0.95976,47.79633],[-0.97846,47.762],[-1.0209,47.77479],[-1.07504,47.77419],[-1.19304,47.78621],[-1.23825,47.80999],[-1.18916,47.86771],[-1.1562,47.96445],[-1.10752,47.98888],[-1.03042,47.99247],[-1.00251,47.96775],[-0.92881,47.97719],[-0.9039,48.01438],[-0.91333,48.03332],[-0.88221,48.05882],[-0.89588,48.0779],[-0.85973,48.11075],[-0.80407,48.0691],[-0.80051,48.0359],[-0.76603,48.03976],[-0.74063,47.98853],[-0.68393,47.97472],[-0.62325,47.99482],[-0.65294,48.01315],[-0.62637,48.0435],[-0.59427,48.03948],[-0.52084,48.07117],[-0.49284,48.0966],[-0.40445,48.10225],[-0.34373,48.13253],[-0.25381,48.13653],[-0.22296,48.12272],[-0.22599,48.07169],[-0.27423,48.06446],[-0.33448,48.03237],[-0.30899,48.0056],[-0.29783,47.94342],[-0.38484,47.93084],[-0.4065,47.91039],[-0.37684,47.88727],[-0.37497,47.85762],[-0.41203,47.85763],[-0.44791,47.83203],[-0.43408,47.80905],[-0.3882,47.80532],[-0.3817,47.76057],[-0.41003,47.76522],[-0.45393,47.75724],[-0.50713,47.78507],[-0.53292,47.75069],[-0.58465,47.75841],[-0.61082,47.73569],[-0.65379,47.73338]]]}},{"type":"Feature","properties":{"riding_id":"05303","dept":"053","name":"Mayenne — 3ème circonscription"},"geometry":{"type":"Polygon","coordinates":[[[-0.17209,48.50214],[-0.20972,48.49918],[-0.29715,48.44613],[-0.30974,48.36413],[-0.37116,48.35377],[-0.37865,48.32449],[-0.42008,48.29416],[-0.4837,48.26604],[-0.52999,48.27675],[-0.5326,48.24775],[-0.58827,48.22044],[-0.57407,48.16106],[-0.74063,48.18413],[-0.77738,48.14986],[-0.84294,48.1531],[-0.85973,48.11075],[-0.89588,48.0779],[-0.88221,48.05882],[-0.91333,48.03332],[-0.9039,48.01438],[-0.92881,47.97719],[-1.00251,47.96775],[-1.03042,47.99247],[-1.0215,48.0684],[-1.04913,48.0896],[-1.07436,48.20047],[-1.09993,48.26837],[-1.04583,48.32966],[-1.05279,48.38093],[-1.07973,48.41738],[-1.06465,48.46691],[-1.07017,48.50849],[-1.00297,48.48907],[-0.95388,48.51679],[-0.89603,48.49487],[-0.86036,48.50146],[-0.81603,48.47119],[-0.77787,48.46541],[-0.75648,48.43694],[-0.71592,48.4509],[-0.72525,48.47347],[-0.65817,48.47485],[-0.65421,48.44454],[-0.59321,48.47084],[-0.55316,48.47297],[-0.50929,48.50884],[-0.44688,48.51494],[-0.36808,48.49311],[-0.32024,48.52293],[-0.26839,48.52067],[-0.24264,48.568],[-0.20735,48.56252],[-0.1446,48.52775],[-0.17209,48.50214]]]}},{"type":"Feature","properties":{"riding_id":"05401","dept":"054","name":"Meurthe-et-Moselle — 1ère circonscription"},"geometry":{"type":"Polygon","coordinates":[[[6.21264,48.6731],[6.16896,48.69927],[6.1369,48.70064],[6.17365,48.71643],[6.1722,48.76879],[6.3005,48.79493],[6.35545,48.79204],[6.39487,48.77476],[6.43311,48.7891],[6.4536,48.76589],[6.42805,48.73448],[6.39079,48.74212],[6.3623,48.71774],[6.29591,48.7084],[6.27383,48.67924],[6.21264,48.6731]]]}},{"type":"Feature","properties":{"riding_id":"05402","dept":"054","name":"Meurthe-et-Moselle — 2ème circonscription"},"geometry":{"type":"Polygon","coordinates":[[[6.0742,48.69249],[6.1369,48.70064],[6.16896,48.69927],[6.21264,48.6731],[6.21504,48.64812],[6.17387,48.60841],[6.143,48.64652],[6.10804,48.6473],[6.0742,48.69249]]]}},{"type":"Feature","properties":{"riding_id":"05403","dept":"054","name":"Meurthe-et-Moselle — 3ème circonscription"},"geometry":{"type":"Polygon","coordinates":[[[5.46365,49.4822],[5.47091,49.49721],[5.55398,49.52787],[5.59383,49.52136],[5.66081,49.55235],[5.70126,49.53952],[5.75716,49.54257],[5.77274,49.56255],[5.83617,49.54178],[5.83605,49.51996],[5.8934,49.49692],[5.92961,49.48535],[5.94179,49.45264],[5.91184,49.40754],[5.96282,49.34486],[5.9511,49.32745],[5.98522,49.30517],[6.03076,49.23308],[6.00957,49.22179],[5.92722,49.23866],[5.90125,49.21855],[5.85437,49.21197],[5.83768,49.2836],[5.79841,49.29762],[5.76091,49.27961],[5.7629,49.31433],[5.72082,49.33008],[5.73756,49.35568],[5.69357,49.3972],[5.6918,49.41509],[5.63355,49.43787],[5.58434,49.41881],[5.49394,49.40707],[5.46365,49.4822]]]}},{"type":"Feature","properties":{"riding_id":"05404","dept":"054","name":"Meurthe-et-Moselle — 4ème circonscription"},"geometry":{"type":"Polygon","coordinates":[[[7.07936,48.53642],[7.12317,48.51359],[7.09269,48.51185],[6.96527,48.47155],[6.89211,48.41921],[6.84919,48.42383],[6.81503,48.39507],[6.76589,48.40164],[6.64763,48.43513],[6.62075,48.47241],[6.56859,48.43823],[6.50179,48.41456],[6.45687,48.41702],[6.38424,48.39461],[6.30826,48.41189],[6.30286,48.42839],[6.30891,48.4659],[6.27351,48.52668],[6.21698,48.55084],[6.1762,48.54945],[6.15366,48.56884],[6.17387,48.60841],[6.21504,48.64812],[6.21264,48.6731],[6.27383,48.67924],[6.29591,48.7084],[6.3623,48.71774],[6.39079,48.74212],[6.42805,48.73448],[6.4536,48.76589],[6.53421,48.7496],[6.56218,48.75611],[6.59897,48.71569],[6.66158,48.70608],[6.69458,48.67302],[6.75513,48.66988],[6.78263,48.64272],[6.83429,48.64363],[6.84789,48.62384],[6.93001,48.63555],[6.9608,48.60829],[7.03425,48.58042],[7.07936,48.53642]]]}},{"type":"Feature","properties":{"riding_id":"05405","dept":"054","name":"Meurthe-et-Moselle — 5ème circonscription"},"geometry":{"type":"Polygon","coordinates":[[[5.76516,48.49649],[5.77637,48.54062],[5.71548,48.5623],[5.71799,48.59121],[5.75482,48.6063],[5.74451,48.6569],[5.7646,48.70108],[5.71904,48.73291],[5.74004,48.77224],[5.76616,48.78905],[5.78658,48.8782],[5.75191,48.92112],[5.84917,48.96123],[5.81781,48.98024],[5.8532,49.01523],[5.90404,48.99798],[5.93004,48.95669],[5.98469,48.93798],[5.96625,48.86209],[6.01679,48.85267],[6.02731,48.81139],[6.0188,48.77986],[6.06764,48.77563],[6.10482,48.75897],[6.0742,48.69249],[6.10804,48.6473],[6.143,48.64652],[6.17387,48.60841],[6.15366,48.56884],[6.1762,48.54945],[6.21698,48.55084],[6.27351,48.52668],[6.30891,48.4659],[6.30286,48.42839],[6.26044,48.4064],[6.17842,48.39761],[6.11705,48.35384],[6.07982,48.36364],[6.00513,48.36042],[5.96481,48.35006],[5.94958,48.3965],[5.85934,48.4165],[5.89749,48.44855],[5.9043,48.48293],[5.85724,48.50685],[5.76516,48.49649]]]}},{"type":"Feature","properties":{"riding_id":"05406","dept":"054","name":"Meurthe-et-Moselle — 6ème circonscription"},"geometry":{"type":"Polygon","coordinates":[[[6.32752,48.90487],[6.31025,48.86349],[6.33965,48.83349],[6.35545,48.79204],[6.3005,48.79493],[6.1722,48.76879],[6.17365,48.71643],[6.1369,48.70064],[6.0742,48.69249],[6.10482,48.75897],[6.06764,48.77563],[6.0188,48.77986],[6.02731,48.81139],[6.01679,48.85267],[5.96625,48.86209],[5.98469,48.93798],[5.93004,48.95669],[5.90404,48.99798],[5.8532,49.01523],[5.81781,48.98024],[5.8212,49.01998],[5.85348,49.04046],[5.80817,49.07578],[5.81785,49.11104],[5.76014,49.10917],[5.71992,49.21716],[5.72472,49.26978],[5.76091,49.27961],[5.79841,49.29762],[5.83768,49.2836],[5.85437,49.21197],[5.90125,49.21855],[5.92722,49.23866],[6.00957,49.22179],[5.97877,49.19486],[6.01734,49.17189],[6.01089,49.15368],[5.98273,49.14474],[5.99896,49.10833],[5.9316,49.1091],[5.95757,49.04782],[6.04468,49.01244],[6.04343,48.97748],[6.17516,48.93624],[6.26256,48.93351],[6.32752,48.90487]]]}},{"type":"Feature","properties":{"riding_id":"05501","dept":"055","name":"Meuse — 1ère circonscription"},"geometry":{"type":"Polygon","coordinates":[[[4.98843,48.68443],[4.98958,48.74204],[4.93438,48.79059],[4.88876,48.81721],[4.93549,48.8405],[4.91226,48.86946],[4.93621,48.92214],[5.03094,48.95432],[5.03527,49.02256],[5.00574,49.05987],[5.02284,49.07212],[5.0877,49.04957],[5.16007,49.05971],[5.23221,48.99419],[5.30495,48.98696],[5.34142,48.9603],[5.40973,48.97633],[5.45529,48.99965],[5.4836,49.0414],[5.55589,49.04074],[5.61467,49.003],[5.66339,49.01554],[5.75687,49.02603],[5.745,49.05976],[5.77682,49.08379],[5.80817,49.07578],[5.85348,49.04046],[5.8212,49.01998],[5.81781,48.98024],[5.84917,48.96123],[5.75191,48.92112],[5.78658,48.8782],[5.76616,48.78905],[5.74004,48.77224],[5.71904,48.73291],[5.7646,48.70108],[5.74451,48.6569],[5.75482,48.6063],[5.71799,48.59121],[5.71548,48.5623],[5.77637,48.54062],[5.76516,48.49649],[5.74023,48.46587],[5.67638,48.47153],[5.61505,48.44051],[5.56083,48.44147],[5.47006,48.42093],[5.4095,48.44554],[5.39807,48.47319],[5.34947,48.48199],[5.32737,48.50932],[5.27264,48.51432],[5.22912,48.53077],[5.11787,48.58689],[5.0064,48.61139],[4.98843,48.68443]]]}},{"type":"Feature","properties":{"riding_id":"05502","dept":"055","name":"Meuse — 2ème circonscription"},"geometry":{"type":"Polygon","coordinates":[[[4.95099,49.23687],[5.01103,49.26929],[5.05118,49.27405],[5.0271,49.33561],[5.08862,49.36963],[5.11503,49.42058],[5.10986,49.45625],[5.05987,49.50471],[5.09772,49.53365],[5.11972,49.59268],[5.15989,49.56669],[5.23434,49.56909],[5.26271,49.54182],[5.30817,49.56285],[5.33998,49.59419],[5.37724,49.59262],[5.39354,49.61709],[5.43097,49.59238],[5.4472,49.51788],[5.47091,49.49721],[5.46365,49.4822],[5.49394,49.40707],[5.58434,49.41881],[5.63355,49.43787],[5.6918,49.41509],[5.69357,49.3972],[5.73756,49.35568],[5.72082,49.33008],[5.7629,49.31433],[5.76091,49.27961],[5.72472,49.26978],[5.71992,49.21716],[5.76014,49.10917],[5.81785,49.11104],[5.80817,49.07578],[5.77682,49.08379],[5.745,49.05976],[5.75687,49.02603],[5.66339,49.01554],[5.61467,49.003],[5.55589,49.04074],[5.4836,49.0414],[5.45529,48.99965],[5.40973,48.97633],[5.34142,48.9603],[5.30495,48.98696],[5.23221,48.99419],[5.16007,49.05971],[5.0877,49.04957],[5.02284,49.07212],[5.00574,49.05987],[4.99634,49.1065],[4.94238,49.18677],[4.99186,49.21084],[4.95099,49.23687]]]}},{"type":"Feature","properties":{"riding_id":"05601","dept":"056","name":"Morbihan — 1ère circonscription"},"geometry":{"type":"Polygon","coordinates":[[[-2.9357,47.62529],[-2.88347,47.64257],[-2.85544,47.6847],[-2.79811,47.67426],[-2.75391,47.72749],[-2.69712,47.70419],[-2.68925,47.67397],[-2.63095,47.66921],[-2.58207,47.61593],[-2.52828,47.61801],[-2.45371,47.6366],[-2.43811,47.61807],[-2.38799,47.61263],[-2.38616,47.54656],[-2.35846,47.50769],[-2.42046,47.49521],[-2.53533,47.52583],[-2.62333,47.50505],[-2.66312,47.51923],[-2.67912,47.49452],[-2.72703,47.50597],[-2.79532,47.48545],[-2.8471,47.49825],[-2.86939,47.53043],[-2.80798,47.55529],[-2.78068,47.53914],[-2.72834,47.54469],[-2.71713,47.59711],[-2.7776,47.62006],[-2.85925,47.62228],[-2.93591,47.58584],[-2.9357,47.62529]]]}},{"type":"Feature","properties":{"riding_id":"05602","dept":"056","name":"Morbihan — 2ème circonscription"},"geometry":{"type":"MultiPolygon","coordinates":[[[[-3.28249,47.77935],[-3.23758,47.80374],[-3.20213,47.77973],[-3.14872,47.76892],[-3.11288,47.80795],[-3.05961,47.8314],[-3.00997,47.86467],[-2.96493,47.85715],[-2.95243,47.82653],[-2.9519,47.76054],[-2.88228,47.75909],[-2.87497,47.72406],[-2.88595,47.69029],[-2.85544,47.6847],[-2.88347,47.64257],[-2.9357,47.62529],[-2.97372,47.57224],[-3.04171,47.57876],[-3.09758,47.56484],[-3.12847,47.59882],[-3.19671,47.62402],[-3.21373,47.6456],[-3.3427,47.71592],[-3.28249,47.77935]]],[[[-3.17357,47.30073],[-3.2213,47.296],[-3.26056,47.3534],[-3.24861,47.3858],[-3.15974,47.36328],[-3.14537,47.33439],[-3.09954,47.31581],[-3.07757,47.28707],[-3.17357,47.30073]]]]}},{"type":"Feature","properties":{"riding_id":"05603","dept":"056","name":"Morbihan — 3ème circonscription"},"geometry":{"type":"Polygon","coordinates":[[[-3.05961,47.8314],[-3.07764,47.87485],[-3.07383,47.92746],[-3.14479,47.96764],[-3.13174,48.00707],[-3.16841,48.04923],[-3.12275,48.07267],[-3.0951,48.05284],[-3.0288,48.03699],[-3.00493,48.0729],[-2.94532,48.08901],[-2.87795,48.15092],[-2.8104,48.14655],[-2.78496,48.12262],[-2.74817,48.11387],[-2.65199,48.11997],[-2.67133,48.06291],[-2.65576,48.03254],[-2.65489,47.99282],[-2.63346,47.98191],[-2.65601,47.92171],[-2.59425,47.90562],[-2.62751,47.88385],[-2.58665,47.86356],[-2.5592,47.79793],[-2.53283,47.76872],[-2.53889,47.7188],[-2.48404,47.68545],[-2.51355,47.65896],[-2.56101,47.64939],[-2.58207,47.61593],[-2.63095,47.66921],[-2.68925,47.67397],[-2.69712,47.70419],[-2.75391,47.72749],[-2.79811,47.67426],[-2.85544,47.6847],[-2.88595,47.69029],[-2.87497,47.72406],[-2.88228,47.75909],[-2.9519,47.76054],[-2.95243,47.82653],[-2.96493,47.85715],[-3.00997,47.86467],[-3.05961,47.8314]]]}},{"type":"Feature","properties":{"riding_id":"05604","dept":"056","name":"Morbihan — 4ème circonscription"},"geometry":{"type":"Polygon","coordinates":[[[-2.09704,47.63136],[-2.09673,47.57263],[-2.09885,47.53345],[-2.1534,47.52203],[-2.15519,47.49782],[-2.2981,47.51548],[-2.31613,47.46252],[-2.41041,47.45883],[-2.45849,47.44812],[-2.4974,47.45961],[-2.46425,47.48513],[-2.42046,47.49521],[-2.35846,47.50769],[-2.38616,47.54656],[-2.38799,47.61263],[-2.43811,47.61807],[-2.45371,47.6366],[-2.52828,47.61801],[-2.58207,47.61593],[-2.56101,47.64939],[-2.51355,47.65896],[-2.48404,47.68545],[-2.53889,47.7188],[-2.53283,47.76872],[-2.5592,47.79793],[-2.58665,47.86356],[-2.62751,47.88385],[-2.59425,47.90562],[-2.65601,47.92171],[-2.63346,47.98191],[-2.65489,47.99282],[-2.65576,48.03254],[-2.62332,48.0369],[-2.57922,48.06974],[-2.4884,48.15792],[-2.42091,48.17325],[-2.33012,48.12036],[-2.28728,48.13375],[-2.25633,48.11032],[-2.24916,48.08412],[-2.16848,48.07621],[-2.19135,48.05245],[-2.24243,48.0526],[-2.27329,48.03107],[-2.28754,47.9915],[-2.2382,47.99934],[-2.17673,47.98005],[-2.1466,47.98394],[-2.07895,47.91949],[-2.11418,47.87883],[-2.09519,47.84326],[-2.05393,47.85095],[-2.03605,47.83346],[-2.07289,47.79183],[-2.1101,47.7786],[-2.05986,47.73831],[-2.10946,47.73588],[-2.12266,47.68267],[-2.09704,47.63136]]]}},{"type":"Feature","properties":{"riding_id":"05605","dept":"056","name":"Morbihan — 5ème circonscription"},"geometry":{"type":"MultiPolygon","coordinates":[[[[-3.37209,47.77052],[-3.35013,47.7435],[-3.39164,47.70151],[-3.45674,47.69779],[-3.50159,47.73786],[-3.4039,47.77399],[-3.37209,47.77052]]],[[[-3.3599,47.77027],[-3.29436,47.79351],[-3.30207,47.76655],[-3.34467,47.74287],[-3.3599,47.77027]]]]}},{"type":"Feature","properties":{"riding_id":"05606","dept":"056","name":"Morbihan — 6ème circonscription"},"geometry":{"type":"Polygon","coordinates":[[[-3.05961,47.8314],[-3.11288,47.80795],[-3.14872,47.76892],[-3.20213,47.77973],[-3.23758,47.80374],[-3.28249,47.77935],[-3.29436,47.79351],[-3.3599,47.77027],[-3.37209,47.77052],[-3.4039,47.77399],[-3.50159,47.73786],[-3.52626,47.76454],[-3.51523,47.80429],[-3.53384,47.8236],[-3.523,47.84915],[-3.48588,47.82529],[-3.44985,47.86133],[-3.40389,47.86838],[-3.41136,47.90481],[-3.38802,47.92704],[-3.41773,47.97217],[-3.47992,47.9508],[-3.49745,47.97673],[-3.55412,47.99188],[-3.64104,47.98579],[-3.6746,48.05492],[-3.73297,48.09627],[-3.69602,48.15202],[-3.67156,48.15148],[-3.56484,48.18575],[-3.48045,48.18586],[-3.42208,48.17335],[-3.4176,48.14564],[-3.33693,48.17157],[-3.28469,48.14377],[-3.14788,48.1611],[-3.12993,48.19868],[-3.07697,48.2099],[-3.01838,48.19109],[-2.99975,48.16071],[-2.94387,48.1717],[-2.87795,48.15092],[-2.94532,48.08901],[-3.00493,48.0729],[-3.0288,48.03699],[-3.0951,48.05284],[-3.12275,48.07267],[-3.16841,48.04923],[-3.13174,48.00707],[-3.14479,47.96764],[-3.07383,47.92746],[-3.07764,47.87485],[-3.05961,47.8314]]]}},{"type":"Feature","properties":{"riding_id":"05701","dept":"057","name":"Moselle — 1ère circonscription"},"geometry":{"type":"Polygon","coordinates":[[[6.16416,49.09776],[6.15979,49.09982],[6.11893,49.0771],[6.09555,49.10192],[6.10827,49.13395],[6.07771,49.14739],[6.01089,49.15368],[6.01734,49.17189],[5.97877,49.19486],[6.00957,49.22179],[6.03076,49.23308],[6.06086,49.25022],[6.12822,49.26196],[6.18582,49.25659],[6.20387,49.22071],[6.1797,49.18521],[6.20946,49.17002],[6.18468,49.11254],[6.16416,49.09776]]]}},{"type":"Feature","properties":{"riding_id":"05702","dept":"057","name":"Moselle — 2ème circonscription"},"geometry":{"type":"Polygon","coordinates":[[[6.01089,49.15368],[6.07771,49.14739],[6.10827,49.13395],[6.09555,49.10192],[6.11893,49.0771],[6.15979,49.09982],[6.16416,49.09776],[6.17196,49.09392],[6.20301,49.1226],[6.25122,49.11624],[6.23918,49.08684],[6.29811,49.06795],[6.28965,49.04556],[6.32998,49.01371],[6.28751,48.99767],[6.35481,48.94336],[6.32752,48.90487],[6.26256,48.93351],[6.17516,48.93624],[6.04343,48.97748],[6.04468,49.01244],[5.95757,49.04782],[5.9316,49.1091],[5.99896,49.10833],[5.98273,49.14474],[6.01089,49.15368]]]}},{"type":"Feature","properties":{"riding_id":"05703","dept":"057","name":"Moselle — 3ème circonscription"},"geometry":{"type":"Polygon","coordinates":[[[6.18582,49.25659],[6.19482,49.26078],[6.24389,49.25605],[6.27982,49.27005],[6.29014,49.22964],[6.32348,49.22468],[6.37986,49.25817],[6.4196,49.23393],[6.43279,49.19812],[6.40262,49.13882],[6.44873,49.09997],[6.49935,49.10186],[6.48384,49.05685],[6.4488,49.05307],[6.39984,49.02331],[6.43954,48.98592],[6.38237,48.92433],[6.35481,48.94336],[6.28751,48.99767],[6.32998,49.01371],[6.28965,49.04556],[6.29811,49.06795],[6.23918,49.08684],[6.25122,49.11624],[6.20301,49.1226],[6.17196,49.09392],[6.16416,49.09776],[6.18468,49.11254],[6.20946,49.17002],[6.1797,49.18521],[6.20387,49.22071],[6.18582,49.25659]]]}},{"type":"Feature","properties":{"riding_id":"05704","dept":"057","name":"Moselle — 4ème circonscription"},"geometry":{"type":"Polygon","coordinates":[[[7.30436,48.66021],[7.25628,48.58868],[7.21657,48.55236],[7.1685,48.52869],[7.07936,48.53642],[7.03425,48.58042],[6.9608,48.60829],[6.93001,48.63555],[6.84789,48.62384],[6.83429,48.64363],[6.78263,48.64272],[6.75513,48.66988],[6.69458,48.67302],[6.66158,48.70608],[6.59897,48.71569],[6.56218,48.75611],[6.53421,48.7496],[6.4536,48.76589],[6.43311,48.7891],[6.39487,48.77476],[6.35545,48.79204],[6.33965,48.83349],[6.31025,48.86349],[6.32752,48.90487],[6.35481,48.94336],[6.38237,48.92433],[6.43954,48.98592],[6.47517,48.96609],[6.51927,48.96993],[6.58706,48.99706],[6.61109,48.99414],[6.64695,49.03018],[6.69666,49.03775],[6.72064,49.05958],[6.81275,49.07984],[6.85642,49.04601],[6.84945,49.02214],[6.89165,48.98736],[6.9077,48.95727],[6.98681,48.94962],[6.95507,48.91996],[6.98797,48.89137],[7.05501,48.86492],[7.04712,48.82064],[7.1268,48.80115],[7.14885,48.8446],[7.2909,48.79391],[7.30858,48.76788],[7.26013,48.69472],[7.26628,48.6623],[7.30436,48.66021]]]}},{"type":"Feature","properties":{"riding_id":"05705","dept":"057","name":"Moselle — 5ème circonscription"},"geometry":{"type":"Polygon","coordinates":[[[7.51319,48.94325],[7.45163,48.96797],[7.32685,48.94338],[7.29393,48.97262],[7.23799,48.98765],[7.20931,48.98009],[7.17424,49.00637],[7.12995,49.00536],[7.10636,49.04535],[7.05491,49.03063],[7.03169,48.98636],[7.03222,48.95605],[6.98681,48.94962],[6.9077,48.95727],[6.89165,48.98736],[6.84945,49.02214],[6.85642,49.04601],[6.93743,49.08383],[6.97145,49.08385],[6.98856,49.12505],[6.98464,49.16094],[7.01544,49.19127],[7.05802,49.11259],[7.10424,49.13869],[7.1588,49.12078],[7.24545,49.12971],[7.2934,49.11516],[7.32596,49.14345],[7.36278,49.14518],[7.36618,49.17201],[7.44559,49.18402],[7.49134,49.16851],[7.48958,49.13653],[7.53118,49.09713],[7.56849,49.07991],[7.6274,49.0734],[7.63529,49.05417],[7.58874,48.99105],[7.57993,48.96161],[7.53651,48.93364],[7.51319,48.94325]]]}},{"type":"Feature","properties":{"riding_id":"05706","dept":"057","name":"Moselle — 6ème circonscription"},"geometry":{"type":"Polygon","coordinates":[[[7.01544,49.19127],[6.98464,49.16094],[6.98856,49.12505],[6.97145,49.08385],[6.93743,49.08383],[6.85642,49.04601],[6.81275,49.07984],[6.78898,49.10613],[6.80164,49.13398],[6.77379,49.16765],[6.83446,49.15138],[6.86093,49.17862],[6.83765,49.21126],[6.89429,49.2102],[6.9348,49.22213],[7.01544,49.19127]]]}},{"type":"Feature","properties":{"riding_id":"05707","dept":"057","name":"Moselle — 7ème circonscription"},"geometry":{"type":"Polygon","coordinates":[[[6.37986,49.25817],[6.37829,49.30613],[6.41743,49.33402],[6.47538,49.35852],[6.51399,49.3478],[6.55205,49.39453],[6.59933,49.36662],[6.56538,49.34929],[6.61599,49.30268],[6.66785,49.28044],[6.69292,49.21755],[6.73799,49.16457],[6.77379,49.16765],[6.80164,49.13398],[6.78898,49.10613],[6.81275,49.07984],[6.72064,49.05958],[6.69666,49.03775],[6.64695,49.03018],[6.61109,48.99414],[6.58706,48.99706],[6.51927,48.96993],[6.47517,48.96609],[6.43954,48.98592],[6.39984,49.02331],[6.4488,49.05307],[6.48384,49.05685],[6.49935,49.10186],[6.44873,49.09997],[6.40262,49.13882],[6.43279,49.19812],[6.4196,49.23393],[6.37986,49.25817]]]}},{"type":"Feature","properties":{"riding_id":"05708","dept":"057","name":"Moselle — 8ème circonscription"},"geometry":{"type":"Polygon","coordinates":[[[6.19482,49.26078],[6.18582,49.25659],[6.12822,49.26196],[6.06086,49.25022],[6.03076,49.23308],[5.98522,49.30517],[5.9511,49.32745],[5.96282,49.34486],[5.91184,49.40754],[5.94179,49.45264],[5.92961,49.48535],[5.8934,49.49692],[5.94543,49.49964],[5.97424,49.46641],[6.04215,49.44781],[6.03388,49.42222],[6.06073,49.38119],[6.05862,49.35892],[6.14964,49.3465],[6.16139,49.30829],[6.19482,49.26078]]]}},{"type":"Feature","properties":{"riding_id":"05709","dept":"057","name":"Moselle — 9ème circonscription"},"geometry":{"type":"Polygon","coordinates":[[[6.55205,49.39453],[6.51399,49.3478],[6.47538,49.35852],[6.41743,49.33402],[6.37829,49.30613],[6.37986,49.25817],[6.32348,49.22468],[6.29014,49.22964],[6.27982,49.27005],[6.24389,49.25605],[6.19482,49.26078],[6.16139,49.30829],[6.14964,49.3465],[6.05862,49.35892],[6.06073,49.38119],[6.03388,49.42222],[6.04215,49.44781],[6.10001,49.46678],[6.15676,49.50284],[6.27615,49.50354],[6.33378,49.46689],[6.46819,49.46473],[6.53542,49.43416],[6.55205,49.39453]]]}},{"type":"Feature","properties":{"riding_id":"05801","dept":"058","name":"Nièvre — 1ère circonscription"},"geometry":{"type":"Polygon","coordinates":[[[3.0636,46.88995],[3.05023,46.90915],[3.07828,46.95343],[3.06397,46.97694],[3.07478,47.02999],[3.02224,47.06365],[3.02828,47.12844],[2.97903,47.22906],[2.97355,47.26994],[2.87025,47.34234],[2.91977,47.41047],[2.93156,47.44067],[2.87462,47.52042],[2.85663,47.55141],[2.9143,47.56597],[2.95866,47.55738],[2.96868,47.4992],[3.01236,47.48246],[3.0263,47.46071],[3.09452,47.47319],[3.12402,47.45666],[3.1122,47.4307],[3.04105,47.41816],[3.05869,47.37948],[3.08722,47.36823],[3.11584,47.33137],[3.10039,47.30017],[3.14373,47.29335],[3.15392,47.26724],[3.20712,47.26152],[3.2002,47.24086],[3.25567,47.2013],[3.28201,47.16829],[3.20798,47.13785],[3.17232,47.0708],[3.14123,47.08023],[3.10877,47.06108],[3.12388,47.04088],[3.11267,46.9958],[3.25128,47.03931],[3.32684,47.04266],[3.33252,47.08568],[3.39182,47.09383],[3.39627,47.05569],[3.43114,47.03561],[3.48702,47.03291],[3.56074,46.98231],[3.64289,46.97042],[3.62769,46.92344],[3.60214,46.88397],[3.53655,46.88539],[3.53095,46.91356],[3.4712,46.92059],[3.42443,46.89466],[3.39876,46.91815],[3.3601,46.90919],[3.31045,46.92217],[3.21163,46.88954],[3.16234,46.86282],[3.1084,46.8701],[3.0636,46.88995]]]}},{"type":"Feature","properties":{"riding_id":"05802","dept":"058","name":"Nièvre — 2ème circonscription"},"geometry":{"type":"Polygon","coordinates":[[[3.82655,46.70383],[3.79465,46.70203],[3.78367,46.73605],[3.73863,46.75196],[3.6611,46.73774],[3.62942,46.74946],[3.5489,46.70555],[3.48683,46.66056],[3.4553,46.6524],[3.43421,46.71222],[3.38071,46.71233],[3.36642,46.69068],[3.31805,46.68844],[3.29805,46.71588],[3.26854,46.71592],[3.20443,46.67875],[3.16741,46.69097],[3.12906,46.72749],[3.04969,46.75781],[3.03207,46.79491],[3.0694,46.85226],[3.0636,46.88995],[3.1084,46.8701],[3.16234,46.86282],[3.21163,46.88954],[3.31045,46.92217],[3.3601,46.90919],[3.39876,46.91815],[3.42443,46.89466],[3.4712,46.92059],[3.53095,46.91356],[3.53655,46.88539],[3.60214,46.88397],[3.62769,46.92344],[3.64289,46.97042],[3.56074,46.98231],[3.48702,47.03291],[3.43114,47.03561],[3.39627,47.05569],[3.39182,47.09383],[3.33252,47.08568],[3.32684,47.04266],[3.25128,47.03931],[3.11267,46.9958],[3.12388,47.04088],[3.10877,47.06108],[3.14123,47.08023],[3.17232,47.0708],[3.20798,47.13785],[3.28201,47.16829],[3.25567,47.2013],[3.2002,47.24086],[3.20712,47.26152],[3.15392,47.26724],[3.14373,47.29335],[3.10039,47.30017],[3.11584,47.33137],[3.08722,47.36823],[3.05869,47.37948],[3.04105,47.41816],[3.1122,47.4307],[3.12402,47.45666],[3.09452,47.47319],[3.0263,47.46071],[3.01236,47.48246],[2.96868,47.4992],[2.95866,47.55738],[2.97654,47.56943],[3.01705,47.55783],[3.08803,47.58699],[3.11158,47.5839],[3.12303,47.53943],[3.16519,47.5175],[3.20452,47.52319],[3.23503,47.48964],[3.28525,47.50394],[3.33952,47.47926],[3.39133,47.50656],[3.48828,47.49383],[3.49836,47.56088],[3.51419,47.52722],[3.57995,47.49797],[3.58328,47.4615],[3.67936,47.44724],[3.71478,47.40684],[3.7833,47.40517],[3.81374,47.38037],[3.86438,47.43433],[3.8934,47.41029],[3.86145,47.39337],[3.964,47.36586],[3.97295,47.335],[4.02547,47.31361],[4.04807,47.33953],[4.10609,47.33926],[4.12536,47.24951],[4.18675,47.24514],[4.23088,47.19702],[4.20983,47.15541],[4.1819,47.15051],[4.11507,47.14616],[4.11597,47.12334],[4.06038,47.12074],[4.03885,47.07974],[4.07113,47.05784],[4.03714,46.98469],[4.04469,46.90117],[4.09524,46.87241],[4.04839,46.83795],[4.06214,46.78556],[3.96322,46.76603],[3.92824,46.74138],[3.84492,46.72199],[3.82655,46.70383]]]}},{"type":"Feature","properties":{"riding_id":"05901","dept":"059","name":"Nord — 1ère circonscription"},"geometry":{"type":"Polygon","coordinates":[[[2.99639,50.6181],[3.04101,50.63621],[3.06252,50.6379],[3.07067,50.63231],[3.08672,50.58861],[3.03666,50.59163],[2.99639,50.6181]]]}},{"type":"Feature","properties":{"riding_id":"05902","dept":"059","name":"Nord — 2ème circonscription"},"geometry":{"type":"Polygon","coordinates":[[[3.1187,50.65367],[3.17939,50.65375],[3.1858,50.63806],[3.19692,50.63474],[3.20624,50.63464],[3.17296,50.60197],[3.13794,50.6012],[3.08672,50.58861],[3.07067,50.63231],[3.1187,50.65367]]]}},{"type":"Feature","properties":{"riding_id":"05903","dept":"059","name":"Nord — 3ème circonscription"},"geometry":{"type":"Polygon","coordinates":[[[3.71043,50.30318],[3.74277,50.34808],[3.84015,50.35386],[3.88606,50.32706],[4.02522,50.35789],[4.11836,50.30227],[4.12401,50.27276],[4.17958,50.27677],[4.22083,50.25431],[4.16644,50.21509],[4.15321,50.16037],[4.12692,50.13492],[4.19525,50.1346],[4.22431,50.06439],[4.16078,50.04753],[4.13737,50.02177],[4.1409,49.97876],[4.08444,49.97066],[3.98014,50.00356],[3.98231,50.04443],[4.04811,50.0833],[4.01649,50.09963],[3.97747,50.07263],[3.95551,50.08387],[3.98305,50.11549],[3.94556,50.12713],[3.94006,50.12888],[3.93834,50.12427],[3.92668,50.12653],[3.92322,50.13105],[3.91591,50.12365],[3.87488,50.10231],[3.85797,50.13058],[3.81393,50.12768],[3.78338,50.14444],[3.82973,50.16905],[3.87117,50.15793],[3.91358,50.19361],[3.97707,50.19818],[3.97249,50.23913],[3.91274,50.26902],[3.82497,50.2681],[3.77633,50.25633],[3.72872,50.27635],[3.71043,50.30318]]]}},{"type":"Feature","properties":{"riding_id":"05904","dept":"059","name":"Nord — 4ème circonscription"},"geometry":{"type":"Polygon","coordinates":[[[3.06252,50.6379],[3.04101,50.63621],[2.95225,50.67419],[2.98187,50.69377],[2.93717,50.73006],[2.93765,50.74257],[3.05875,50.78071],[3.06582,50.7194],[3.06252,50.6379]]]}},{"type":"Feature","properties":{"riding_id":"05905","dept":"059","name":"Nord — 5ème circonscription"},"geometry":{"type":"Polygon","coordinates":[[[2.86199,50.62751],[2.87974,50.60313],[2.9364,50.5999],[2.99639,50.6181],[3.03666,50.59163],[3.08672,50.58861],[3.13794,50.6012],[3.13306,50.58589],[3.07667,50.56423],[3.06311,50.53105],[3.00834,50.49277],[2.96471,50.51278],[2.91014,50.49983],[2.88697,50.53766],[2.82477,50.52561],[2.79447,50.54921],[2.80843,50.60772],[2.86199,50.62751]]]}},{"type":"Feature","properties":{"riding_id":"05906","dept":"059","name":"Nord — 6ème circonscription"},"geometry":{"type":"Polygon","coordinates":[[[3.33471,50.5079],[3.35248,50.46044],[3.32023,50.44472],[3.21439,50.42614],[3.14663,50.43675],[3.08179,50.44373],[3.00827,50.45586],[3.00834,50.49277],[3.06311,50.53105],[3.07667,50.56423],[3.13306,50.58589],[3.13794,50.6012],[3.17296,50.60197],[3.20624,50.63464],[3.24507,50.65143],[3.27831,50.5942],[3.28653,50.52758],[3.33471,50.5079]]]}},{"type":"Feature","properties":{"riding_id":"05907","dept":"059","name":"Nord — 7ème circonscription"},"geometry":{"type":"Polygon","coordinates":[[[3.1187,50.65367],[3.11382,50.6859],[3.16176,50.69986],[3.21154,50.67066],[3.25369,50.69114],[3.24507,50.65143],[3.20624,50.63464],[3.19692,50.63474],[3.1858,50.63806],[3.17939,50.65375],[3.1187,50.65367]]]}},{"type":"Feature","properties":{"riding_id":"05908","dept":"059","name":"Nord — 8ème circonscription"},"geometry":{"type":"Polygon","coordinates":[[[3.16176,50.69986],[3.18817,50.74022],[3.25369,50.69114],[3.21154,50.67066],[3.16176,50.69986]]]}},{"type":"Feature","properties":{"riding_id":"05909","dept":"059","name":"Nord — 9ème circonscription"},"geometry":{"type":"Polygon","coordinates":[[[3.18817,50.74022],[3.16176,50.69986],[3.11382,50.6859],[3.1187,50.65367],[3.07067,50.63231],[3.06252,50.6379],[3.06582,50.7194],[3.08489,50.72885],[3.15662,50.71784],[3.18817,50.74022]]]}},{"type":"Feature","properties":{"riding_id":"05910","dept":"059","name":"Nord — 10ème circonscription"},"geometry":{"type":"Polygon","coordinates":[[[3.05875,50.78071],[3.08067,50.77286],[3.14711,50.7899],[3.18817,50.74022],[3.15662,50.71784],[3.08489,50.72885],[3.06582,50.7194],[3.05875,50.78071]]]}},{"type":"Feature","properties":{"riding_id":"05911","dept":"059","name":"Nord — 11ème circonscription"},"geometry":{"type":"Polygon","coordinates":[[[2.87017,50.70291],[2.90994,50.69436],[2.93717,50.73006],[2.98187,50.69377],[2.95225,50.67419],[3.04101,50.63621],[2.99639,50.6181],[2.9364,50.5999],[2.87974,50.60313],[2.86199,50.62751],[2.80919,50.66937],[2.87017,50.70291]]]}},{"type":"Feature","properties":{"riding_id":"05912","dept":"059","name":"Nord — 12ème circonscription"},"geometry":{"type":"Polygon","coordinates":[[[3.98231,50.04443],[3.94983,50.02689],[3.88232,50.03237],[3.83706,50.04781],[3.74575,50.05357],[3.71036,50.06649],[3.66746,50.10945],[3.61202,50.13073],[3.5682,50.12601],[3.51353,50.15375],[3.48122,50.13329],[3.40853,50.13879],[3.38518,50.1167],[3.29642,50.11868],[3.28836,50.13934],[3.34333,50.18559],[3.36937,50.22466],[3.43614,50.25876],[3.47595,50.24574],[3.49386,50.27893],[3.54721,50.28144],[3.55618,50.29939],[3.62482,50.3261],[3.67368,50.33493],[3.71043,50.30318],[3.72872,50.27635],[3.77633,50.25633],[3.82497,50.2681],[3.91274,50.26902],[3.97249,50.23913],[3.97707,50.19818],[3.91358,50.19361],[3.87117,50.15793],[3.82973,50.16905],[3.78338,50.14444],[3.81393,50.12768],[3.85797,50.13058],[3.87488,50.10231],[3.91591,50.12365],[3.92322,50.13105],[3.92668,50.12653],[3.93834,50.12427],[3.94006,50.12888],[3.94556,50.12713],[3.98305,50.11549],[3.95551,50.08387],[3.97747,50.07263],[4.01649,50.09963],[4.04811,50.0833],[3.98231,50.04443]]]}},{"type":"Feature","properties":{"riding_id":"05913","dept":"059","name":"Nord — 13ème circonscription"},"geometry":{"type":"Polygon","coordinates":[[[2.2402,51.03858],[2.35041,51.06024],[2.39587,51.051],[2.44961,50.98645],[2.39125,50.99804],[2.32064,50.99968],[2.28375,50.97597],[2.24057,51.02097],[2.2402,51.03858]]]}},{"type":"Feature","properties":{"riding_id":"05914","dept":"059","name":"Nord — 14ème circonscription"},"geometry":{"type":"Polygon","coordinates":[[[2.39587,51.051],[2.54603,51.0894],[2.57829,51.00002],[2.60648,50.98891],[2.63009,50.94581],[2.60472,50.90635],[2.5704,50.89757],[2.47565,50.83247],[2.42362,50.86344],[2.33174,50.83952],[2.31261,50.78721],[2.25483,50.78803],[2.21136,50.81954],[2.20265,50.84294],[2.18877,50.87465],[2.12134,50.97895],[2.06771,51.0065],[2.11083,51.00439],[2.2402,51.03858],[2.24057,51.02097],[2.28375,50.97597],[2.32064,50.99968],[2.39125,50.99804],[2.44961,50.98645],[2.39587,51.051]]]}},{"type":"Feature","properties":{"riding_id":"05915","dept":"059","name":"Nord — 15ème circonscription"},"geometry":{"type":"Polygon","coordinates":[[[2.87017,50.70291],[2.80919,50.66937],[2.76969,50.66363],[2.75152,50.60689],[2.72607,50.61385],[2.7186,50.62936],[2.63052,50.61795],[2.61314,50.63403],[2.54633,50.62702],[2.53478,50.64166],[2.47318,50.6386],[2.43019,50.6568],[2.34219,50.7407],[2.41148,50.76673],[2.31261,50.78721],[2.33174,50.83952],[2.42362,50.86344],[2.47565,50.83247],[2.5704,50.89757],[2.60472,50.90635],[2.61142,50.8636],[2.63498,50.81276],[2.67017,50.82104],[2.72501,50.79572],[2.81327,50.71695],[2.87017,50.70291]]]}},{"type":"Feature","properties":{"riding_id":"05916","dept":"059","name":"Nord — 16ème circonscription"},"geometry":{"type":"Polygon","coordinates":[[[3.14663,50.43675],[3.21439,50.42614],[3.32023,50.44472],[3.34755,50.40553],[3.34226,50.34735],[3.29916,50.34456],[3.23393,50.31285],[3.14918,50.33666],[3.09422,50.34269],[3.09658,50.38281],[3.14941,50.40005],[3.14663,50.43675]]]}},{"type":"Feature","properties":{"riding_id":"05917","dept":"059","name":"Nord — 17ème circonscription"},"geometry":{"type":"Polygon","coordinates":[[[3.00647,50.36116],[2.99394,50.38177],[2.99042,50.39495],[3.06852,50.42565],[3.08179,50.44373],[3.14663,50.43675],[3.14941,50.40005],[3.09658,50.38281],[3.09422,50.34269],[3.14918,50.33666],[3.23393,50.31285],[3.2522,50.27972],[3.23181,50.26378],[3.14909,50.26248],[3.04624,50.27617],[3.08431,50.31119],[3.00647,50.36116]]]}},{"type":"Feature","properties":{"riding_id":"05918","dept":"059","name":"Nord — 18ème circonscription"},"geometry":{"type":"Polygon","coordinates":[[[3.71036,50.06649],[3.66396,50.05371],[3.61412,50.02506],[3.59422,50.04392],[3.54176,50.05197],[3.49011,50.01896],[3.35311,50.03572],[3.3371,50.0174],[3.28036,50.01521],[3.22935,50.03019],[3.17271,50.01199],[3.12358,50.02448],[3.09025,50.05374],[3.11406,50.09239],[3.09597,50.12452],[3.13533,50.14074],[3.10096,50.16197],[3.11565,50.16664],[3.14909,50.26248],[3.23181,50.26378],[3.27801,50.25157],[3.34697,50.24985],[3.36937,50.22466],[3.34333,50.18559],[3.28836,50.13934],[3.29642,50.11868],[3.38518,50.1167],[3.40853,50.13879],[3.48122,50.13329],[3.51353,50.15375],[3.5682,50.12601],[3.61202,50.13073],[3.66746,50.10945],[3.71036,50.06649]]]}},{"type":"Feature","properties":{"riding_id":"05919","dept":"059","name":"Nord — 19ème circonscription"},"geometry":{"type":"Polygon","coordinates":[[[3.23181,50.26378],[3.2522,50.27972],[3.23393,50.31285],[3.29916,50.34456],[3.34226,50.34735],[3.34755,50.40553],[3.36172,50.39822],[3.38169,50.35307],[3.43263,50.37904],[3.43383,50.37881],[3.4981,50.33811],[3.55866,50.33065],[3.55618,50.29939],[3.54721,50.28144],[3.49386,50.27893],[3.47595,50.24574],[3.43614,50.25876],[3.36937,50.22466],[3.34697,50.24985],[3.27801,50.25157],[3.23181,50.26378]]]}},{"type":"Feature","properties":{"riding_id":"05920","dept":"059","name":"Nord — 20ème circonscription"},"geometry":{"type":"Polygon","coordinates":[[[3.43383,50.37881],[3.43263,50.37904],[3.39864,50.40756],[3.36172,50.39822],[3.34755,50.40553],[3.32023,50.44472],[3.35248,50.46044],[3.33471,50.5079],[3.37726,50.49099],[3.43563,50.50913],[3.47489,50.53318],[3.51719,50.51802],[3.52146,50.4946],[3.58332,50.49101],[3.58264,50.44555],[3.60888,50.43508],[3.50895,50.36546],[3.47253,50.38871],[3.43383,50.37881]]]}},{"type":"Feature","properties":{"riding_id":"05921","dept":"059","name":"Nord — 21ème circonscription"},"geometry":{"type":"MultiPolygon","coordinates":[[[[3.58332,50.49101],[3.60794,50.49653],[3.66883,50.43645],[3.67295,50.38907],[3.6578,50.37054],[3.67368,50.33493],[3.62482,50.3261],[3.55618,50.29939],[3.55866,50.33065],[3.4981,50.33811],[3.43383,50.37881],[3.47253,50.38871],[3.50895,50.36546],[3.60888,50.43508],[3.58264,50.44555],[3.58332,50.49101]]],[[[3.36172,50.39822],[3.39864,50.40756],[3.43263,50.37904],[3.38169,50.35307],[3.36172,50.39822]]]]}},{"type":"Feature","properties":{"riding_id":"06001","dept":"060","name":"Oise — 1ère circonscription"},"geometry":{"type":"Polygon","coordinates":[[[2.64963,49.57176],[2.63665,49.50446],[2.6613,49.48644],[2.65421,49.45571],[2.60327,49.43682],[2.50651,49.42824],[2.42034,49.45973],[2.37623,49.44364],[2.32065,49.4815],[2.26133,49.45864],[2.27944,49.43023],[2.27688,49.38797],[2.23683,49.36914],[2.1587,49.40255],[2.13979,49.42155],[2.05506,49.42782],[2.03972,49.43587],[2.00602,49.46376],[1.95516,49.4476],[1.9295,49.47274],[1.94128,49.4944],[1.93794,49.55773],[1.88365,49.57458],[1.90904,49.59727],[2.03602,49.64437],[2.0443,49.65832],[2.12054,49.67407],[2.12404,49.68804],[2.15558,49.70209],[2.22962,49.7022],[2.33229,49.68099],[2.37391,49.65604],[2.44559,49.65298],[2.47812,49.62079],[2.50578,49.63628],[2.57163,49.59708],[2.61546,49.61162],[2.64963,49.57176]]]}},{"type":"Feature","properties":{"riding_id":"06002","dept":"060","name":"Oise — 2ème circonscription"},"geometry":{"type":"Polygon","coordinates":[[[1.97409,49.18332],[1.88257,49.1625],[1.77692,49.18523],[1.7427,49.1798],[1.70436,49.2322],[1.71165,49.26452],[1.80266,49.27343],[1.77239,49.29366],[1.774,49.33569],[1.75934,49.36824],[1.71394,49.40922],[1.72608,49.43807],[1.77577,49.47344],[1.74928,49.4936],[1.72983,49.56129],[1.69769,49.57222],[1.69372,49.60107],[1.72168,49.62332],[1.70808,49.64615],[1.72413,49.6718],[1.71256,49.73015],[1.78485,49.7579],[1.83835,49.73072],[1.84899,49.70164],[1.89476,49.6998],[1.93307,49.71988],[2.03402,49.71062],[2.05885,49.6951],[2.12404,49.68804],[2.12054,49.67407],[2.0443,49.65832],[2.03602,49.64437],[1.90904,49.59727],[1.88365,49.57458],[1.93794,49.55773],[1.94128,49.4944],[1.9295,49.47274],[1.95516,49.4476],[2.00602,49.46376],[2.03972,49.43587],[2.05506,49.42782],[2.13979,49.42155],[2.1587,49.40255],[2.23683,49.36914],[2.27688,49.38797],[2.26969,49.34515],[2.28137,49.30573],[2.22057,49.25532],[2.17409,49.27016],[2.02142,49.30109],[1.98583,49.28583],[2.02229,49.26236],[1.99444,49.23773],[1.97409,49.18332]]]}},{"type":"Feature","properties":{"riding_id":"06003","dept":"060","name":"Oise — 3ème circonscription"},"geometry":{"type":"Polygon","coordinates":[[[1.97409,49.18332],[1.99444,49.23773],[2.02229,49.26236],[1.98583,49.28583],[2.02142,49.30109],[2.17409,49.27016],[2.22057,49.25532],[2.28137,49.30573],[2.33171,49.30939],[2.36484,49.2838],[2.40864,49.29606],[2.47057,49.25983],[2.49541,49.27411],[2.51159,49.24275],[2.45689,49.24696],[2.41598,49.20568],[2.39163,49.20425],[2.37316,49.15933],[2.3593,49.14735],[2.32178,49.18444],[2.28641,49.15992],[2.24158,49.15157],[2.22028,49.1792],[2.16827,49.16475],[2.15303,49.18393],[2.09587,49.19006],[2.08077,49.2072],[1.99944,49.17557],[1.97409,49.18332]]]}},{"type":"Feature","properties":{"riding_id":"06004","dept":"060","name":"Oise — 4ème circonscription"},"geometry":{"type":"Polygon","coordinates":[[[2.70308,49.06474],[2.63327,49.10838],[2.59052,49.07966],[2.49923,49.12227],[2.43891,49.1415],[2.37316,49.15933],[2.39163,49.20425],[2.41598,49.20568],[2.45689,49.24696],[2.51159,49.24275],[2.49541,49.27411],[2.52608,49.29921],[2.60361,49.31068],[2.62479,49.332],[2.72428,49.31187],[2.75322,49.28876],[2.73829,49.26215],[2.79066,49.22684],[2.79145,49.19636],[2.82307,49.18046],[2.8797,49.1899],[2.93559,49.23315],[2.96435,49.23191],[2.97181,49.18753],[3.0157,49.21632],[3.10245,49.19731],[3.11095,49.17056],[3.07188,49.11755],[3.05632,49.10192],[2.97461,49.07484],[2.90151,49.08537],[2.85609,49.07003],[2.80925,49.09754],[2.76083,49.063],[2.70308,49.06474]]]}},{"type":"Feature","properties":{"riding_id":"06005","dept":"060","name":"Oise — 5ème circonscription"},"geometry":{"type":"Polygon","coordinates":[[[3.03633,49.32574],[3.00179,49.34015],[2.96426,49.32138],[2.99372,49.28842],[3.0346,49.28589],[3.03933,49.23046],[2.96435,49.23191],[2.93559,49.23315],[2.8797,49.1899],[2.82307,49.18046],[2.79145,49.19636],[2.79066,49.22684],[2.73829,49.26215],[2.75322,49.28876],[2.72428,49.31187],[2.62479,49.332],[2.64865,49.39529],[2.61538,49.4029],[2.60327,49.43682],[2.65421,49.45571],[2.6613,49.48644],[2.71736,49.4708],[2.73117,49.45399],[2.79231,49.43101],[2.82206,49.40833],[2.88641,49.38872],[2.9237,49.41193],[2.94159,49.45879],[3.09633,49.5179],[3.12128,49.49368],[3.10709,49.46823],[3.15521,49.45419],[3.12673,49.43182],[3.09443,49.43427],[3.09437,49.37853],[3.03633,49.32574]]]}},{"type":"Feature","properties":{"riding_id":"06006","dept":"060","name":"Oise — 6ème circonscription"},"geometry":{"type":"Polygon","coordinates":[[[2.6613,49.48644],[2.63665,49.50446],[2.64963,49.57176],[2.68893,49.62566],[2.72521,49.62473],[2.78619,49.6129],[2.80043,49.66137],[2.83963,49.66077],[2.86064,49.68489],[2.91342,49.70951],[2.95027,49.69279],[2.99237,49.70765],[3.02831,49.68006],[3.05244,49.71377],[3.11865,49.70583],[3.12708,49.66953],[3.09938,49.65656],[3.12253,49.60203],[3.13148,49.54338],[3.09633,49.5179],[2.94159,49.45879],[2.9237,49.41193],[2.88641,49.38872],[2.82206,49.40833],[2.79231,49.43101],[2.73117,49.45399],[2.71736,49.4708],[2.6613,49.48644]]]}},{"type":"Feature","properties":{"riding_id":"06007","dept":"060","name":"Oise — 7ème circonscription"},"geometry":{"type":"Polygon","coordinates":[[[2.60327,49.43682],[2.61538,49.4029],[2.64865,49.39529],[2.62479,49.332],[2.60361,49.31068],[2.52608,49.29921],[2.49541,49.27411],[2.47057,49.25983],[2.40864,49.29606],[2.36484,49.2838],[2.33171,49.30939],[2.28137,49.30573],[2.26969,49.34515],[2.27688,49.38797],[2.27944,49.43023],[2.26133,49.45864],[2.32065,49.4815],[2.37623,49.44364],[2.42034,49.45973],[2.50651,49.42824],[2.60327,49.43682]]]}},{"type":"Feature","properties":{"riding_id":"06101","dept":"061","name":"Orne — 1ère circonscription"},"geometry":{"type":"Polygon","coordinates":[[[-0.05453,48.382],[-0.0507,48.45059],[-0.10826,48.44802],[-0.14895,48.45879],[-0.17209,48.50214],[-0.1446,48.52775],[-0.20735,48.56252],[-0.24264,48.568],[-0.26839,48.52067],[-0.32024,48.52293],[-0.36808,48.49311],[-0.44688,48.51494],[-0.50929,48.50884],[-0.55316,48.47297],[-0.59321,48.47084],[-0.65421,48.44454],[-0.65817,48.47485],[-0.72525,48.47347],[-0.71592,48.4509],[-0.75648,48.43694],[-0.77787,48.46541],[-0.81603,48.47119],[-0.86036,48.50146],[-0.84752,48.52085],[-0.77571,48.56184],[-0.753,48.61964],[-0.77329,48.65671],[-0.73627,48.6795],[-0.69954,48.69236],[-0.66146,48.68284],[-0.63218,48.70398],[-0.58654,48.68956],[-0.60744,48.66824],[-0.58597,48.63914],[-0.549,48.62088],[-0.51575,48.63987],[-0.48076,48.61547],[-0.43102,48.64057],[-0.36509,48.64664],[-0.32269,48.62403],[-0.28637,48.64172],[-0.24141,48.61099],[-0.13034,48.6287],[-0.08338,48.60213],[0.02312,48.61412],[0.08413,48.60894],[0.12125,48.64359],[0.12336,48.66381],[0.18839,48.66547],[0.22909,48.68079],[0.25881,48.68732],[0.28725,48.66318],[0.35574,48.68171],[0.45229,48.62317],[0.42119,48.6016],[0.43305,48.54761],[0.40831,48.5229],[0.34395,48.50585],[0.31474,48.47319],[0.29791,48.47982],[0.17233,48.46383],[0.15332,48.43794],[0.11159,48.43232],[0.02308,48.38021],[0.00337,48.396],[-0.05453,48.382]]]}},{"type":"Feature","properties":{"riding_id":"06102","dept":"061","name":"Orne — 2ème circonscription"},"geometry":{"type":"Polygon","coordinates":[[[0.22909,48.68079],[0.1696,48.69206],[0.19285,48.72647],[0.2396,48.7489],[0.25367,48.7813],[0.20978,48.79918],[0.21824,48.84542],[0.11621,48.87598],[0.08718,48.9159],[0.06374,48.91677],[0.08072,48.93798],[0.13629,48.9504],[0.18732,48.94107],[0.30872,48.95423],[0.35662,48.94962],[0.37745,48.97256],[0.41281,48.95063],[0.38611,48.91055],[0.44311,48.88128],[0.54987,48.87471],[0.57804,48.89366],[0.61944,48.85275],[0.60787,48.83249],[0.69017,48.79406],[0.73052,48.78559],[0.77503,48.73736],[0.75117,48.70398],[0.76845,48.67072],[0.81482,48.67017],[0.8224,48.60887],[0.86728,48.57395],[0.92571,48.55965],[0.92419,48.53804],[0.96774,48.52388],[0.95305,48.48016],[0.94838,48.40165],[0.90735,48.3701],[0.82787,48.34231],[0.78543,48.34044],[0.75684,48.30047],[0.79749,48.29145],[0.78732,48.26145],[0.82945,48.21137],[0.79766,48.19446],[0.75921,48.18009],[0.72364,48.19814],[0.68739,48.24078],[0.65247,48.26339],[0.61313,48.24274],[0.5468,48.25016],[0.49442,48.28349],[0.39536,48.32129],[0.36321,48.45156],[0.31474,48.47319],[0.34395,48.50585],[0.40831,48.5229],[0.43305,48.54761],[0.42119,48.6016],[0.45229,48.62317],[0.35574,48.68171],[0.28725,48.66318],[0.25881,48.68732],[0.22909,48.68079]]]}},{"type":"Feature","properties":{"riding_id":"06103","dept":"061","name":"Orne — 3ème circonscription"},"geometry":{"type":"Polygon","coordinates":[[[-0.46476,48.87099],[-0.41085,48.86996],[-0.34542,48.82183],[-0.26802,48.85318],[-0.14483,48.83246],[-0.08334,48.84434],[0.05645,48.90255],[0.06374,48.91677],[0.08718,48.9159],[0.11621,48.87598],[0.21824,48.84542],[0.20978,48.79918],[0.25367,48.7813],[0.2396,48.7489],[0.19285,48.72647],[0.1696,48.69206],[0.22909,48.68079],[0.18839,48.66547],[0.12336,48.66381],[0.12125,48.64359],[0.08413,48.60894],[0.02312,48.61412],[-0.08338,48.60213],[-0.13034,48.6287],[-0.24141,48.61099],[-0.28637,48.64172],[-0.32269,48.62403],[-0.36509,48.64664],[-0.43102,48.64057],[-0.48076,48.61547],[-0.51575,48.63987],[-0.549,48.62088],[-0.58597,48.63914],[-0.60744,48.66824],[-0.58654,48.68956],[-0.63218,48.70398],[-0.66146,48.68284],[-0.69954,48.69236],[-0.73627,48.6795],[-0.79692,48.70907],[-0.84094,48.75223],[-0.78063,48.78665],[-0.74394,48.79192],[-0.68217,48.82183],[-0.6245,48.82697],[-0.54965,48.84627],[-0.50998,48.84597],[-0.46476,48.87099]]]}},{"type":"Feature","properties":{"riding_id":"06201","dept":"062","name":"Pas-de-Calais — 1ère circonscription"},"geometry":{"type":"Polygon","coordinates":[[[2.64382,50.38634],[2.66656,50.29023],[2.68746,50.25303],[2.72125,50.23184],[2.79848,50.24775],[2.86944,50.27981],[2.91293,50.32115],[2.90794,50.33722],[3.00647,50.36116],[3.08431,50.31119],[3.04624,50.27617],[3.14909,50.26248],[3.11565,50.16664],[3.10096,50.16197],[3.13533,50.14074],[3.09597,50.12452],[3.11406,50.09239],[3.09025,50.05374],[3.01197,50.05804],[2.97154,50.04137],[2.91697,50.03553],[2.87619,50.04425],[2.85541,50.07799],[2.75219,50.04032],[2.7809,50.11116],[2.72993,50.12586],[2.69165,50.09207],[2.63073,50.10728],[2.53233,50.11508],[2.51495,50.14082],[2.45505,50.13118],[2.42966,50.08819],[2.37546,50.10926],[2.38978,50.15548],[2.41485,50.17311],[2.49569,50.19456],[2.45207,50.23021],[2.3313,50.22172],[2.26935,50.22765],[2.1733,50.20789],[2.08571,50.20102],[2.04867,50.25677],[1.99413,50.27572],[2.03979,50.27714],[2.10833,50.32058],[2.1371,50.30642],[2.20596,50.32878],[2.18472,50.34336],[2.18291,50.38412],[2.19862,50.41876],[2.2503,50.41399],[2.30188,50.43201],[2.36764,50.41881],[2.42012,50.41984],[2.43944,50.45933],[2.51559,50.42813],[2.55515,50.3869],[2.64382,50.38634]]]}},{"type":"Feature","properties":{"riding_id":"06202","dept":"062","name":"Pas-de-Calais — 2ème circonscription"},"geometry":{"type":"Polygon","coordinates":[[[2.64382,50.38634],[2.67085,50.4004],[2.73375,50.40621],[2.78952,50.40615],[2.85122,50.38055],[2.89798,50.38557],[2.99394,50.38177],[3.00647,50.36116],[2.90794,50.33722],[2.91293,50.32115],[2.86944,50.27981],[2.79848,50.24775],[2.72125,50.23184],[2.68746,50.25303],[2.66656,50.29023],[2.64382,50.38634]]]}},{"type":"Feature","properties":{"riding_id":"06203","dept":"062","name":"Pas-de-Calais — 3ème circonscription"},"geometry":{"type":"Polygon","coordinates":[[[2.91125,50.48935],[2.92414,50.41024],[2.86643,50.40183],[2.85122,50.38055],[2.78952,50.40615],[2.80404,50.42246],[2.75611,50.45383],[2.77993,50.47919],[2.84103,50.44805],[2.91125,50.48935]]]}},{"type":"Feature","properties":{"riding_id":"06204","dept":"062","name":"Pas-de-Calais — 4ème circonscription"},"geometry":{"type":"Polygon","coordinates":[[[1.64154,50.35215],[1.62817,50.37027],[1.55597,50.39875],[1.58554,50.53601],[1.5788,50.58064],[1.6303,50.58187],[1.67951,50.59579],[1.76815,50.59162],[1.79026,50.61395],[1.82508,50.6085],[1.88274,50.63492],[2.00306,50.63726],[2.04217,50.57705],[2.07753,50.55142],[2.15056,50.56572],[2.19156,50.5628],[2.21386,50.53377],[2.19276,50.50056],[2.22834,50.46734],[2.15951,50.45524],[2.19862,50.41876],[2.18291,50.38412],[2.18472,50.34336],[2.20596,50.32878],[2.1371,50.30642],[2.10833,50.32058],[2.03979,50.27714],[1.99413,50.27572],[1.94565,50.28775],[1.9195,50.31266],[1.80468,50.35961],[1.76185,50.36161],[1.67725,50.33382],[1.64154,50.35215]]]}},{"type":"Feature","properties":{"riding_id":"06205","dept":"062","name":"Pas-de-Calais — 5ème circonscription"},"geometry":{"type":"Polygon","coordinates":[[[1.60922,50.80434],[1.65373,50.80569],[1.69167,50.77004],[1.74364,50.73848],[1.73906,50.685],[1.79599,50.63733],[1.88274,50.63492],[1.82508,50.6085],[1.79026,50.61395],[1.76815,50.59162],[1.67951,50.59579],[1.6303,50.58187],[1.5788,50.58064],[1.57865,50.63925],[1.56144,50.69935],[1.59356,50.73354],[1.60922,50.80434]]]}},{"type":"Feature","properties":{"riding_id":"06206","dept":"062","name":"Pas-de-Calais — 6ème circonscription"},"geometry":{"type":"Polygon","coordinates":[[[2.20265,50.84294],[2.21136,50.81954],[2.14691,50.79644],[2.09828,50.76472],[2.11451,50.74776],[2.16338,50.7668],[2.23461,50.67795],[2.20638,50.6578],[2.2417,50.63471],[2.29365,50.62118],[2.31663,50.55192],[2.37303,50.53902],[2.39938,50.51043],[2.4489,50.49416],[2.43944,50.45933],[2.42012,50.41984],[2.36764,50.41881],[2.30188,50.43201],[2.2503,50.41399],[2.19862,50.41876],[2.15951,50.45524],[2.22834,50.46734],[2.19276,50.50056],[2.21386,50.53377],[2.19156,50.5628],[2.15056,50.56572],[2.07753,50.55142],[2.04217,50.57705],[2.00306,50.63726],[1.88274,50.63492],[1.79599,50.63733],[1.73906,50.685],[1.74364,50.73848],[1.69167,50.77004],[1.65373,50.80569],[1.60922,50.80434],[1.57855,50.85516],[1.63622,50.87704],[1.69268,50.91538],[1.76336,50.87867],[1.81556,50.87296],[1.86408,50.91384],[1.88173,50.89379],[1.95686,50.87842],[1.9956,50.90038],[2.03998,50.83082],[2.10919,50.84958],[2.20265,50.84294]]]}},{"type":"Feature","properties":{"riding_id":"06207","dept":"062","name":"Pas-de-Calais — 7ème circonscription"},"geometry":{"type":"Polygon","coordinates":[[[1.69268,50.91538],[1.76946,50.95156],[1.88965,50.97273],[1.91238,50.9826],[2.03898,50.99741],[2.06771,51.0065],[2.12134,50.97895],[2.18877,50.87465],[2.20265,50.84294],[2.10919,50.84958],[2.03998,50.83082],[1.9956,50.90038],[1.95686,50.87842],[1.88173,50.89379],[1.86408,50.91384],[1.81556,50.87296],[1.76336,50.87867],[1.69268,50.91538]]]}},{"type":"Feature","properties":{"riding_id":"06208","dept":"062","name":"Pas-de-Calais — 8ème circonscription"},"geometry":{"type":"Polygon","coordinates":[[[2.47318,50.6386],[2.49117,50.62428],[2.44557,50.58459],[2.46138,50.54556],[2.50801,50.51446],[2.4489,50.49416],[2.39938,50.51043],[2.37303,50.53902],[2.31663,50.55192],[2.29365,50.62118],[2.2417,50.63471],[2.20638,50.6578],[2.23461,50.67795],[2.16338,50.7668],[2.11451,50.74776],[2.09828,50.76472],[2.14691,50.79644],[2.21136,50.81954],[2.25483,50.78803],[2.31261,50.78721],[2.41148,50.76673],[2.34219,50.7407],[2.43019,50.6568],[2.47318,50.6386]]]}},{"type":"Feature","properties":{"riding_id":"06209","dept":"062","name":"Pas-de-Calais — 9ème circonscription"},"geometry":{"type":"MultiPolygon","coordinates":[[[[2.50801,50.51446],[2.46138,50.54556],[2.44557,50.58459],[2.49117,50.62428],[2.47318,50.6386],[2.53478,50.64166],[2.54633,50.62702],[2.61314,50.63403],[2.63052,50.61795],[2.7186,50.62936],[2.72607,50.61385],[2.73788,50.57214],[2.71048,50.55215],[2.66028,50.53249],[2.6725,50.50988],[2.6508,50.48679],[2.59895,50.51388],[2.50801,50.51446]]],[[[2.86199,50.62751],[2.80843,50.60772],[2.79447,50.54921],[2.75152,50.60689],[2.76969,50.66363],[2.80919,50.66937],[2.86199,50.62751]]]]}},{"type":"Feature","properties":{"riding_id":"06210","dept":"062","name":"Pas-de-Calais — 10ème circonscription"},"geometry":{"type":"Polygon","coordinates":[[[2.43944,50.45933],[2.4489,50.49416],[2.50801,50.51446],[2.59895,50.51388],[2.6508,50.48679],[2.6725,50.50988],[2.66028,50.53249],[2.71048,50.55215],[2.72541,50.52267],[2.68601,50.46731],[2.73375,50.40621],[2.67085,50.4004],[2.64382,50.38634],[2.55515,50.3869],[2.51559,50.42813],[2.43944,50.45933]]]}},{"type":"Feature","properties":{"riding_id":"06211","dept":"062","name":"Pas-de-Calais — 11ème circonscription"},"geometry":{"type":"Polygon","coordinates":[[[2.91125,50.48935],[2.91014,50.49983],[2.96471,50.51278],[3.00834,50.49277],[3.00827,50.45586],[3.08179,50.44373],[3.06852,50.42565],[2.99042,50.39495],[2.99394,50.38177],[2.89798,50.38557],[2.85122,50.38055],[2.86643,50.40183],[2.92414,50.41024],[2.91125,50.48935]]]}},{"type":"Feature","properties":{"riding_id":"06212","dept":"062","name":"Pas-de-Calais — 12ème circonscription"},"geometry":{"type":"Polygon","coordinates":[[[2.71048,50.55215],[2.73788,50.57214],[2.72607,50.61385],[2.75152,50.60689],[2.79447,50.54921],[2.82477,50.52561],[2.88697,50.53766],[2.91014,50.49983],[2.91125,50.48935],[2.84103,50.44805],[2.77993,50.47919],[2.75611,50.45383],[2.80404,50.42246],[2.78952,50.40615],[2.73375,50.40621],[2.68601,50.46731],[2.72541,50.52267],[2.71048,50.55215]]]}},{"type":"Feature","properties":{"riding_id":"06301","dept":"063","name":"Puy-de-Dôme — 1ère circonscription"},"geometry":{"type":"Polygon","coordinates":[[[3.08923,45.76782],[3.09103,45.78743],[3.06697,45.82088],[3.00997,45.83631],[3.15524,45.84969],[3.21141,45.81593],[3.16259,45.77811],[3.18737,45.75511],[3.22654,45.75738],[3.20178,45.72174],[3.1706,45.72164],[3.15191,45.75601],[3.08923,45.76782]]]}},{"type":"Feature","properties":{"riding_id":"06302","dept":"063","name":"Puy-de-Dôme — 2ème circonscription"},"geometry":{"type":"Polygon","coordinates":[[[3.47317,46.01074],[3.42612,45.98236],[3.39267,45.98475],[3.33342,45.95586],[3.18486,45.95188],[3.16713,45.91073],[3.18413,45.8784],[3.15524,45.84969],[3.00997,45.83631],[2.92957,45.79861],[2.87504,45.81346],[2.83224,45.7685],[2.80585,45.80122],[2.74516,45.79409],[2.71337,45.74005],[2.69137,45.72225],[2.72009,45.68589],[2.72272,45.64484],[2.68571,45.65261],[2.53429,45.57903],[2.51588,45.55388],[2.46347,45.59468],[2.48629,45.64082],[2.51398,45.63944],[2.52868,45.6822],[2.52151,45.71134],[2.49213,45.73767],[2.43412,45.76986],[2.43086,45.78862],[2.38802,45.82738],[2.49222,45.86403],[2.56871,45.95787],[2.60683,45.96642],[2.59314,45.99607],[2.6027,46.03287],[2.57334,46.04693],[2.55061,46.08645],[2.56538,46.14304],[2.6372,46.11939],[2.65437,46.12526],[2.67657,46.1722],[2.7231,46.18152],[2.7326,46.22341],[2.78678,46.19865],[2.81731,46.20502],[2.81916,46.24179],[2.85976,46.25659],[2.93674,46.24313],[2.91582,46.21279],[2.91569,46.17413],[2.94347,46.16866],[2.97174,46.12169],[3.01692,46.10246],[3.09096,46.11173],[3.11306,46.08145],[3.16007,46.06643],[3.21451,46.07494],[3.36913,46.05448],[3.41974,46.07438],[3.45359,46.06379],[3.47317,46.01074]]]}},{"type":"Feature","properties":{"riding_id":"06303","dept":"063","name":"Puy-de-Dôme — 3ème circonscription"},"geometry":{"type":"Polygon","coordinates":[[[2.50841,45.47851],[2.51588,45.55388],[2.53429,45.57903],[2.68571,45.65261],[2.72272,45.64484],[2.72009,45.68589],[2.69137,45.72225],[2.71337,45.74005],[2.74516,45.79409],[2.80585,45.80122],[2.83224,45.7685],[2.87504,45.81346],[2.92957,45.79861],[3.00997,45.83631],[3.06697,45.82088],[3.09103,45.78743],[3.08923,45.76782],[3.08918,45.74271],[3.06332,45.70205],[3.11207,45.6835],[3.14714,45.59832],[3.1807,45.61356],[3.19813,45.57194],[3.16668,45.57232],[3.15836,45.53019],[3.13008,45.48928],[3.20115,45.42972],[3.18721,45.39115],[3.21586,45.37001],[3.18113,45.35231],[3.1035,45.35437],[3.06318,45.33137],[3.0594,45.30683],[3.0183,45.28707],[2.94862,45.30913],[2.92039,45.36218],[2.89297,45.37924],[2.81535,45.4004],[2.78515,45.38458],[2.74128,45.39296],[2.71453,45.38147],[2.66043,45.4348],[2.58269,45.45268],[2.54396,45.47898],[2.50841,45.47851]]]}},{"type":"Feature","properties":{"riding_id":"06304","dept":"063","name":"Puy-de-Dôme — 4ème circonscription"},"geometry":{"type":"Polygon","coordinates":[[[3.22654,45.75738],[3.25498,45.76659],[3.27431,45.8152],[3.31779,45.79239],[3.41197,45.80439],[3.40993,45.77331],[3.37839,45.77025],[3.3518,45.73284],[3.32171,45.74586],[3.28298,45.72806],[3.29303,45.67063],[3.40228,45.66488],[3.40934,45.62622],[3.44847,45.58495],[3.44585,45.54524],[3.50494,45.52081],[3.51841,45.46776],[3.47961,45.46359],[3.50126,45.42763],[3.45585,45.40033],[3.38001,45.40116],[3.23617,45.39463],[3.21586,45.37001],[3.18721,45.39115],[3.20115,45.42972],[3.13008,45.48928],[3.15836,45.53019],[3.16668,45.57232],[3.19813,45.57194],[3.1807,45.61356],[3.14714,45.59832],[3.11207,45.6835],[3.06332,45.70205],[3.08918,45.74271],[3.08923,45.76782],[3.15191,45.75601],[3.1706,45.72164],[3.20178,45.72174],[3.22654,45.75738]]]}},{"type":"Feature","properties":{"riding_id":"06305","dept":"063","name":"Puy-de-Dôme — 5ème circonscription"},"geometry":{"type":"Polygon","coordinates":[[[3.95447,45.55583],[3.97511,45.44827],[3.89854,45.40982],[3.89741,45.35708],[3.85279,45.36157],[3.8363,45.38309],[3.79141,45.38477],[3.78919,45.35853],[3.66318,45.36297],[3.61781,45.33816],[3.55582,45.39388],[3.50689,45.41103],[3.50126,45.42763],[3.47961,45.46359],[3.51841,45.46776],[3.50494,45.52081],[3.44585,45.54524],[3.44847,45.58495],[3.40934,45.62622],[3.40228,45.66488],[3.29303,45.67063],[3.28298,45.72806],[3.32171,45.74586],[3.3518,45.73284],[3.37839,45.77025],[3.40993,45.77331],[3.41197,45.80439],[3.31779,45.79239],[3.27431,45.8152],[3.25498,45.76659],[3.22654,45.75738],[3.18737,45.75511],[3.16259,45.77811],[3.21141,45.81593],[3.15524,45.84969],[3.18413,45.8784],[3.16713,45.91073],[3.18486,45.95188],[3.33342,45.95586],[3.39267,45.98475],[3.42612,45.98236],[3.47317,46.01074],[3.60115,46.01496],[3.63916,45.96543],[3.67802,45.95595],[3.69389,45.93096],[3.72135,45.92274],[3.75437,45.88603],[3.71912,45.85007],[3.72689,45.83027],[3.70039,45.78356],[3.75584,45.74661],[3.78238,45.71165],[3.77759,45.69057],[3.82392,45.63214],[3.90809,45.59669],[3.95447,45.55583]]]}},{"type":"Feature","properties":{"riding_id":"06401","dept":"064","name":"Pyrénées-Atlantiques — 1ère circonscription"},"geometry":{"type":"Polygon","coordinates":[[[-0.35436,43.40096],[-0.38464,43.39438],[-0.39683,43.35964],[-0.3507,43.35432],[-0.36034,43.28698],[-0.33866,43.28043],[-0.30769,43.24199],[-0.32551,43.22395],[-0.3822,43.23817],[-0.37894,43.28576],[-0.45006,43.31524],[-0.47187,43.29029],[-0.50596,43.29641],[-0.53188,43.33179],[-0.50402,43.39985],[-0.45972,43.41141],[-0.46241,43.44321],[-0.44271,43.4697],[-0.41115,43.43265],[-0.36077,43.41681],[-0.35436,43.40096]]]}},{"type":"Feature","properties":{"riding_id":"06402","dept":"064","name":"Pyrénées-Atlantiques — 2ème circonscription"},"geometry":{"type":"Polygon","coordinates":[[[-0.1099,43.3128],[-0.09645,43.31303],[-0.06448,43.35361],[-0.0931,43.37389],[-0.06727,43.41042],[-0.04298,43.41021],[-0.01653,43.44395],[0.00966,43.4222],[-0.00465,43.37571],[0.02866,43.34662],[0.01277,43.32753],[-0.02537,43.32962],[-0.0444,43.30294],[-0.01852,43.26938],[-0.04495,43.2338],[-0.07397,43.22238],[-0.06787,43.17712],[-0.11624,43.17929],[-0.14631,43.12819],[-0.19756,43.09997],[-0.19072,43.05125],[-0.22395,43.03369],[-0.2605,43.03827],[-0.30271,43.05832],[-0.29159,43.0772],[-0.32686,43.14584],[-0.35462,43.16864],[-0.32551,43.22395],[-0.30769,43.24199],[-0.33866,43.28043],[-0.36034,43.28698],[-0.3507,43.35432],[-0.39683,43.35964],[-0.38464,43.39438],[-0.35436,43.40096],[-0.30869,43.43095],[-0.28619,43.41819],[-0.23114,43.43364],[-0.1988,43.39279],[-0.10728,43.37074],[-0.08727,43.33384],[-0.1148,43.32203],[-0.1099,43.3128]],[[-0.11782,43.30735],[-0.1406,43.27167],[-0.11839,43.24138],[-0.07963,43.27165],[-0.10914,43.30898],[-0.11782,43.30735]]]}},{"type":"Feature","properties":{"riding_id":"06403","dept":"064","name":"Pyrénées-Atlantiques — 3ème circonscription"},"geometry":{"type":"Polygon","coordinates":[[[-0.24284,43.58499],[-0.17656,43.59683],[-0.16211,43.58167],[-0.09678,43.58241],[-0.08712,43.54238],[-0.0437,43.52299],[-0.06575,43.46349],[-0.06727,43.41042],[-0.0931,43.37389],[-0.10728,43.37074],[-0.1988,43.39279],[-0.23114,43.43364],[-0.28619,43.41819],[-0.30869,43.43095],[-0.35436,43.40096],[-0.36077,43.41681],[-0.41115,43.43265],[-0.44271,43.4697],[-0.46241,43.44321],[-0.45972,43.41141],[-0.50402,43.39985],[-0.53188,43.33179],[-0.50596,43.29641],[-0.47187,43.29029],[-0.45006,43.31524],[-0.37894,43.28576],[-0.3822,43.23817],[-0.32551,43.22395],[-0.35462,43.16864],[-0.39224,43.17881],[-0.42881,43.15987],[-0.50664,43.18396],[-0.55666,43.22753],[-0.59441,43.28431],[-0.62831,43.23809],[-0.65097,43.26782],[-0.68772,43.27655],[-0.67177,43.31041],[-0.70017,43.32982],[-0.75012,43.39812],[-0.82468,43.41813],[-0.85606,43.44692],[-0.90107,43.42988],[-0.98879,43.44706],[-1.03057,43.41943],[-1.05979,43.45854],[-1.069,43.50845],[-0.99238,43.50403],[-0.9882,43.5402],[-0.92368,43.53462],[-0.89369,43.55027],[-0.85571,43.5419],[-0.80335,43.55619],[-0.77031,43.57917],[-0.70761,43.55788],[-0.65789,43.55975],[-0.60004,43.53865],[-0.55276,43.54316],[-0.44923,43.59627],[-0.44971,43.54987],[-0.40604,43.56823],[-0.30599,43.55948],[-0.28332,43.58416],[-0.24284,43.58499]]]}},{"type":"Feature","properties":{"riding_id":"06404","dept":"064","name":"Pyrénées-Atlantiques — 4ème circonscription"},"geometry":{"type":"Polygon","coordinates":[[[-1.41321,43.27342],[-1.32864,43.31634],[-1.36254,43.37379],[-1.38922,43.3995],[-1.38844,43.42611],[-1.25991,43.4397],[-1.28717,43.39583],[-1.2404,43.34718],[-1.17029,43.37287],[-1.21407,43.43655],[-1.20023,43.44561],[-1.13327,43.43525],[-1.08771,43.44392],[-1.08398,43.41582],[-1.03057,43.41943],[-0.98879,43.44706],[-0.90107,43.42988],[-0.85606,43.44692],[-0.82468,43.41813],[-0.75012,43.39812],[-0.70017,43.32982],[-0.67177,43.31041],[-0.68772,43.27655],[-0.65097,43.26782],[-0.62831,43.23809],[-0.59441,43.28431],[-0.55666,43.22753],[-0.50664,43.18396],[-0.42881,43.15987],[-0.39224,43.17881],[-0.35462,43.16864],[-0.32686,43.14584],[-0.29159,43.0772],[-0.30271,43.05832],[-0.2605,43.03827],[-0.28767,43.00556],[-0.27927,42.94235],[-0.32432,42.90333],[-0.31344,42.84938],[-0.3492,42.83519],[-0.38887,42.80054],[-0.44145,42.79688],[-0.50992,42.82511],[-0.52691,42.79456],[-0.60028,42.80643],[-0.60235,42.83009],[-0.65606,42.85923],[-0.67944,42.88293],[-0.72869,42.89506],[-0.73327,42.94616],[-0.7528,42.96696],[-0.81188,42.9513],[-0.94763,42.95518],[-1.01474,42.99282],[-1.07233,42.99845],[-1.11242,43.02164],[-1.18373,43.03418],[-1.2308,43.05482],[-1.24751,43.04236],[-1.3452,43.09307],[-1.35657,43.02895],[-1.43973,43.04595],[-1.47137,43.08112],[-1.41602,43.12782],[-1.40003,43.17994],[-1.38495,43.18812],[-1.38287,43.25215],[-1.41321,43.27342]]]}},{"type":"Feature","properties":{"riding_id":"06405","dept":"064","name":"Pyrénées-Atlantiques — 5ème circonscription"},"geometry":{"type":"Polygon","coordinates":[[[-1.19562,43.5461],[-1.13403,43.52018],[-1.069,43.50845],[-1.05979,43.45854],[-1.03057,43.41943],[-1.08398,43.41582],[-1.08771,43.44392],[-1.13327,43.43525],[-1.20023,43.44561],[-1.21407,43.43655],[-1.17029,43.37287],[-1.2404,43.34718],[-1.28717,43.39583],[-1.25991,43.4397],[-1.38844,43.42611],[-1.45508,43.42412],[-1.47437,43.44967],[-1.53559,43.46081],[-1.54982,43.49433],[-1.52487,43.5297],[-1.47961,43.53918],[-1.41766,43.49691],[-1.32241,43.50495],[-1.29138,43.49839],[-1.19562,43.5461]]]}},{"type":"Feature","properties":{"riding_id":"06406","dept":"064","name":"Pyrénées-Atlantiques — 6ème circonscription"},"geometry":{"type":"Polygon","coordinates":[[[-1.54982,43.49433],[-1.53559,43.46081],[-1.47437,43.44967],[-1.45508,43.42412],[-1.38844,43.42611],[-1.38922,43.3995],[-1.36254,43.37379],[-1.32864,43.31634],[-1.41321,43.27342],[-1.46896,43.2737],[-1.50586,43.29328],[-1.56173,43.2884],[-1.57347,43.2526],[-1.60709,43.25328],[-1.62948,43.28323],[-1.62315,43.30366],[-1.6694,43.31419],[-1.73104,43.29902],[-1.73882,43.32904],[-1.78601,43.35046],[-1.77921,43.37108],[-1.64432,43.40672],[-1.60947,43.42753],[-1.54982,43.49433]]]}},{"type":"Feature","properties":{"riding_id":"06501","dept":"065","name":"Hautes-Pyrénées — 1ère circonscription"},"geometry":{"type":"Polygon","coordinates":[[[0.24414,43.37272],[0.29876,43.38858],[0.32541,43.37478],[0.33135,43.34265],[0.37855,43.35537],[0.39582,43.33424],[0.49354,43.32548],[0.54707,43.32981],[0.60681,43.31089],[0.63572,43.29914],[0.55096,43.23601],[0.55188,43.20915],[0.52065,43.19326],[0.44171,43.13097],[0.48929,43.11518],[0.50459,43.09536],[0.56385,43.07425],[0.53512,43.03705],[0.59183,43.02237],[0.6274,42.99973],[0.62012,42.97244],[0.64596,42.96134],[0.60019,42.92802],[0.56234,42.86076],[0.47736,42.87824],[0.45617,42.8176],[0.45519,42.77092],[0.47775,42.69999],[0.42573,42.69081],[0.3601,42.7243],[0.29554,42.67504],[0.25988,42.71582],[0.1753,42.73579],[0.13657,42.72233],[0.13756,42.74917],[0.10003,42.80065],[0.11531,42.84568],[0.15428,42.85969],[0.1564,42.88673],[0.13634,42.93599],[0.11368,42.93355],[0.04994,42.95337],[0.08104,43.01287],[0.07678,43.06422],[0.05184,43.10058],[0.11251,43.13594],[0.09137,43.18448],[0.11425,43.21157],[0.08965,43.23269],[0.07806,43.28212],[0.12392,43.31037],[0.12632,43.32882],[0.24528,43.30773],[0.27233,43.34595],[0.24414,43.37272]]]}},{"type":"Feature","properties":{"riding_id":"06502","dept":"065","name":"Hautes-Pyrénées — 2ème circonscription"},"geometry":{"type":"MultiPolygon","coordinates":[[[[0.13657,42.72233],[0.0885,42.71678],[0.05179,42.69717],[-0.00654,42.68489],[-0.05769,42.69366],[-0.06882,42.71606],[-0.10611,42.72206],[-0.15861,42.7957],[-0.18286,42.78672],[-0.23645,42.80774],[-0.31344,42.84938],[-0.32432,42.90333],[-0.27927,42.94235],[-0.28767,43.00556],[-0.2605,43.03827],[-0.22395,43.03369],[-0.19072,43.05125],[-0.19756,43.09997],[-0.14631,43.12819],[-0.11624,43.17929],[-0.06787,43.17712],[-0.07397,43.22238],[-0.04495,43.2338],[-0.01852,43.26938],[-0.0444,43.30294],[-0.02537,43.32962],[0.01277,43.32753],[0.02866,43.34662],[-0.00465,43.37571],[0.00966,43.4222],[-0.01653,43.44395],[-0.04298,43.41021],[-0.06727,43.41042],[-0.06575,43.46349],[-0.0437,43.52299],[-0.08712,43.54238],[-0.09678,43.58241],[-0.07421,43.60618],[-0.01501,43.60553],[-0.00167,43.56532],[0.05362,43.51877],[0.11225,43.51737],[0.13074,43.47407],[0.16606,43.44238],[0.13455,43.42249],[0.18203,43.37118],[0.24414,43.37272],[0.27233,43.34595],[0.24528,43.30773],[0.12632,43.32882],[0.12392,43.31037],[0.07806,43.28212],[0.08965,43.23269],[0.11425,43.21157],[0.09137,43.18448],[0.11251,43.13594],[0.05184,43.10058],[0.07678,43.06422],[0.08104,43.01287],[0.04994,42.95337],[0.11368,42.93355],[0.13634,42.93599],[0.1564,42.88673],[0.15428,42.85969],[0.11531,42.84568],[0.10003,42.80065],[0.13756,42.74917],[0.13657,42.72233]]],[[[-0.11782,43.30735],[-0.10914,43.30898],[-0.07963,43.27165],[-0.11839,43.24138],[-0.1406,43.27167],[-0.11782,43.30735]]],[[[-0.10728,43.37074],[-0.0931,43.37389],[-0.06448,43.35361],[-0.09645,43.31303],[-0.1099,43.3128],[-0.1148,43.32203],[-0.08727,43.33384],[-0.10728,43.37074]]]]}},{"type":"Feature","properties":{"riding_id":"06601","dept":"066","name":"Pyrénées-Orientales — 1ère circonscription"},"geometry":{"type":"Polygon","coordinates":[[[2.92617,42.65557],[2.93016,42.65353],[2.90666,42.6519],[2.89269,42.62956],[2.81264,42.64507],[2.79573,42.66105],[2.81359,42.67922],[2.86321,42.6872],[2.87986,42.69382],[2.87428,42.7054],[2.91341,42.71524],[2.95321,42.73998],[2.98377,42.6783],[2.92617,42.65557]]]}},{"type":"Feature","properties":{"riding_id":"06602","dept":"066","name":"Pyrénées-Orientales — 2ème circonscription"},"geometry":{"type":"Polygon","coordinates":[[[2.32249,42.70811],[2.35535,42.72805],[2.3361,42.84071],[2.38217,42.84847],[2.45682,42.83748],[2.50045,42.85043],[2.60008,42.8366],[2.72743,42.8344],[2.76191,42.87333],[2.81013,42.89842],[2.86527,42.91834],[2.91711,42.88486],[2.9766,42.87015],[3.04351,42.83815],[3.03573,42.64077],[3.04311,42.60008],[3.00252,42.59453],[2.98085,42.62987],[2.93016,42.65353],[2.92617,42.65557],[2.98377,42.6783],[2.95321,42.73998],[2.91341,42.71524],[2.87428,42.7054],[2.82912,42.73877],[2.8287,42.76607],[2.73582,42.77686],[2.73676,42.749],[2.70051,42.72683],[2.67121,42.72543],[2.61591,42.70172],[2.5514,42.70618],[2.52526,42.68898],[2.53054,42.65408],[2.47401,42.65426],[2.44251,42.68336],[2.37643,42.68771],[2.32249,42.70811]]]}},{"type":"Feature","properties":{"riding_id":"06603","dept":"066","name":"Pyrénées-Orientales — 3ème circonscription"},"geometry":{"type":"Polygon","coordinates":[[[2.31874,42.42501],[2.25708,42.43849],[2.20135,42.41666],[2.13317,42.41434],[2.08593,42.36375],[2.01279,42.3494],[1.96977,42.37665],[1.93385,42.45417],[1.88713,42.44994],[1.83151,42.48309],[1.72964,42.4961],[1.73805,42.55329],[1.78612,42.57362],[1.86533,42.57989],[1.91077,42.60806],[1.96906,42.61674],[1.99796,42.6609],[2.02705,42.65262],[2.12789,42.67204],[2.16605,42.66392],[2.17609,42.65301],[2.24445,42.67983],[2.25668,42.69827],[2.32249,42.70811],[2.37643,42.68771],[2.44251,42.68336],[2.47401,42.65426],[2.53054,42.65408],[2.52526,42.68898],[2.5514,42.70618],[2.61591,42.70172],[2.67121,42.72543],[2.70051,42.72683],[2.73676,42.749],[2.73582,42.77686],[2.8287,42.76607],[2.82912,42.73877],[2.87428,42.7054],[2.87986,42.69382],[2.86321,42.6872],[2.81359,42.67922],[2.79573,42.66105],[2.74163,42.6572],[2.70456,42.66899],[2.65928,42.62912],[2.62521,42.63047],[2.63253,42.58716],[2.66512,42.57306],[2.63608,42.54561],[2.59554,42.54622],[2.56155,42.56537],[2.55301,42.51396],[2.51802,42.49899],[2.46845,42.49982],[2.37325,42.44053],[2.31874,42.42501]]]}},{"type":"Feature","properties":{"riding_id":"06604","dept":"066","name":"Pyrénées-Orientales — 4ème circonscription"},"geometry":{"type":"Polygon","coordinates":[[[2.31874,42.42501],[2.37325,42.44053],[2.46845,42.49982],[2.51802,42.49899],[2.55301,42.51396],[2.56155,42.56537],[2.59554,42.54622],[2.63608,42.54561],[2.66512,42.57306],[2.63253,42.58716],[2.62521,42.63047],[2.65928,42.62912],[2.70456,42.66899],[2.74163,42.6572],[2.79573,42.66105],[2.81264,42.64507],[2.89269,42.62956],[2.90666,42.6519],[2.93016,42.65353],[2.98085,42.62987],[3.00252,42.59453],[3.04311,42.60008],[3.05126,42.54536],[3.09021,42.52528],[3.13656,42.51625],[3.17407,42.43519],[3.0852,42.42631],[3.04045,42.47369],[2.92054,42.45746],[2.87076,42.46694],[2.79836,42.41991],[2.77212,42.41229],[2.72396,42.42272],[2.65383,42.38768],[2.6753,42.35574],[2.66331,42.341],[2.56187,42.35711],[2.53327,42.33349],[2.48488,42.34008],[2.41034,42.39216],[2.35627,42.40428],[2.31874,42.42501]]]}},{"type":"Feature","properties":{"riding_id":"06701","dept":"067","name":"Bas-Rhin — 1ère circonscription"},"geometry":{"type":"Polygon","coordinates":[[[7.68805,48.59813],[7.78818,48.59092],[7.73511,48.57055],[7.73061,48.55807],[7.70401,48.55759],[7.68805,48.59813]]]}},{"type":"Feature","properties":{"riding_id":"06702","dept":"067","name":"Bas-Rhin — 2ème circonscription"},"geometry":{"type":"Polygon","coordinates":[[[7.73028,48.55116],[7.73061,48.55807],[7.73511,48.57055],[7.78818,48.59092],[7.79866,48.59013],[7.80516,48.5135],[7.77147,48.49244],[7.70613,48.50702],[7.69599,48.53336],[7.73028,48.55116]]]}},{"type":"Feature","properties":{"riding_id":"06703","dept":"067","name":"Bas-Rhin — 3ème circonscription"},"geometry":{"type":"Polygon","coordinates":[[[7.68805,48.59813],[7.70865,48.60394],[7.73067,48.65216],[7.76493,48.65507],[7.83592,48.63367],[7.79866,48.59013],[7.78818,48.59092],[7.68805,48.59813]]]}},{"type":"Feature","properties":{"riding_id":"06704","dept":"067","name":"Bas-Rhin — 4ème circonscription"},"geometry":{"type":"Polygon","coordinates":[[[7.48295,48.65262],[7.51839,48.69252],[7.58039,48.71646],[7.63679,48.69909],[7.68878,48.66568],[7.73067,48.65216],[7.70865,48.60394],[7.68805,48.59813],[7.70401,48.55759],[7.73061,48.55807],[7.73028,48.55116],[7.69599,48.53336],[7.70613,48.50702],[7.77147,48.49244],[7.75342,48.43461],[7.69526,48.45077],[7.69787,48.48206],[7.60814,48.47528],[7.58349,48.52654],[7.58384,48.58089],[7.54436,48.58483],[7.54677,48.62284],[7.48295,48.65262]]]}},{"type":"Feature","properties":{"riding_id":"06705","dept":"067","name":"Bas-Rhin — 5ème circonscription"},"geometry":{"type":"Polygon","coordinates":[[[7.60814,48.47528],[7.69787,48.48206],[7.69526,48.45077],[7.75342,48.43461],[7.73097,48.3822],[7.74523,48.32983],[7.69394,48.30212],[7.66615,48.2211],[7.64185,48.204],[7.57786,48.12139],[7.5186,48.12776],[7.52033,48.1495],[7.47014,48.16017],[7.47694,48.20354],[7.35151,48.24746],[7.31315,48.25214],[7.27433,48.30508],[7.19828,48.31048],[7.16954,48.34231],[7.20595,48.36633],[7.26863,48.38912],[7.30192,48.42648],[7.39305,48.4234],[7.417,48.43459],[7.48123,48.42],[7.4828,48.38633],[7.54115,48.39627],[7.59196,48.44453],[7.60814,48.47528]]]}},{"type":"Feature","properties":{"riding_id":"06706","dept":"067","name":"Bas-Rhin — 6ème circonscription"},"geometry":{"type":"Polygon","coordinates":[[[7.60814,48.47528],[7.59196,48.44453],[7.54115,48.39627],[7.4828,48.38633],[7.48123,48.42],[7.417,48.43459],[7.39305,48.4234],[7.30192,48.42648],[7.26863,48.38912],[7.20595,48.36633],[7.16954,48.34231],[7.14132,48.33202],[7.07596,48.35258],[7.10082,48.37374],[7.09569,48.42653],[7.12317,48.51359],[7.07936,48.53642],[7.1685,48.52869],[7.21657,48.55236],[7.25628,48.58868],[7.30436,48.66021],[7.36685,48.64078],[7.39893,48.65986],[7.48295,48.65262],[7.54677,48.62284],[7.54436,48.58483],[7.58384,48.58089],[7.58349,48.52654],[7.60814,48.47528]]]}},{"type":"Feature","properties":{"riding_id":"06707","dept":"067","name":"Bas-Rhin — 7ème circonscription"},"geometry":{"type":"Polygon","coordinates":[[[7.65632,48.84678],[7.61982,48.83487],[7.61437,48.80345],[7.65361,48.72895],[7.63679,48.69909],[7.58039,48.71646],[7.51839,48.69252],[7.48295,48.65262],[7.39893,48.65986],[7.36685,48.64078],[7.30436,48.66021],[7.26628,48.6623],[7.26013,48.69472],[7.30858,48.76788],[7.2909,48.79391],[7.14885,48.8446],[7.1268,48.80115],[7.04712,48.82064],[7.05501,48.86492],[6.98797,48.89137],[6.95507,48.91996],[6.98681,48.94962],[7.03222,48.95605],[7.03169,48.98636],[7.05491,49.03063],[7.10636,49.04535],[7.12995,49.00536],[7.17424,49.00637],[7.20931,48.98009],[7.23799,48.98765],[7.29393,48.97262],[7.32685,48.94338],[7.45163,48.96797],[7.51319,48.94325],[7.48663,48.90344],[7.57864,48.85232],[7.65632,48.84678]]]}},{"type":"Feature","properties":{"riding_id":"06708","dept":"067","name":"Bas-Rhin — 8ème circonscription"},"geometry":{"type":"Polygon","coordinates":[[[7.9246,48.69054],[7.86808,48.71462],[7.92573,48.77994],[7.96637,48.8376],[7.94903,48.86782],[7.90102,48.89004],[7.83205,48.90307],[7.74784,48.8682],[7.65632,48.84678],[7.57864,48.85232],[7.48663,48.90344],[7.51319,48.94325],[7.53651,48.93364],[7.57993,48.96161],[7.58874,48.99105],[7.63529,49.05417],[7.67108,49.04597],[7.7306,49.05446],[7.76645,49.04668],[7.79993,49.06416],[7.86741,49.03349],[7.93704,49.05623],[7.97632,49.0283],[8.05114,49.01276],[8.09138,48.98926],[8.19352,48.97648],[8.1974,48.9571],[8.14157,48.89607],[8.10107,48.81581],[8.01748,48.76275],[7.97025,48.75623],[7.96174,48.72026],[7.9246,48.69054]]]}},{"type":"Feature","properties":{"riding_id":"06709","dept":"067","name":"Bas-Rhin — 9ème circonscription"},"geometry":{"type":"Polygon","coordinates":[[[7.9246,48.69054],[7.83592,48.63367],[7.76493,48.65507],[7.73067,48.65216],[7.68878,48.66568],[7.63679,48.69909],[7.65361,48.72895],[7.61437,48.80345],[7.61982,48.83487],[7.65632,48.84678],[7.74784,48.8682],[7.83205,48.90307],[7.90102,48.89004],[7.94903,48.86782],[7.96637,48.8376],[7.92573,48.77994],[7.86808,48.71462],[7.9246,48.69054]]]}},{"type":"Feature","properties":{"riding_id":"06801","dept":"068","name":"Haut-Rhin — 1ère circonscription"},"geometry":{"type":"Polygon","coordinates":[[[7.57786,48.12139],[7.56859,48.03634],[7.62216,47.97366],[7.58099,47.92077],[7.48397,47.9213],[7.44489,47.98139],[7.36519,47.99774],[7.34642,48.01739],[7.35085,48.05298],[7.31607,48.07052],[7.33181,48.12101],[7.36768,48.13028],[7.39271,48.17632],[7.44537,48.17681],[7.47014,48.16017],[7.52033,48.1495],[7.5186,48.12776],[7.57786,48.12139]]]}},{"type":"Feature","properties":{"riding_id":"06802","dept":"068","name":"Haut-Rhin — 2ème circonscription"},"geometry":{"type":"Polygon","coordinates":[[[6.98154,48.00942],[7.01861,48.05506],[7.05165,48.08261],[7.08416,48.12922],[7.05905,48.13918],[7.10629,48.19431],[7.14872,48.26434],[7.19828,48.31048],[7.27433,48.30508],[7.31315,48.25214],[7.35151,48.24746],[7.47694,48.20354],[7.47014,48.16017],[7.44537,48.17681],[7.39271,48.17632],[7.36768,48.13028],[7.33181,48.12101],[7.31607,48.07052],[7.35085,48.05298],[7.34642,48.01739],[7.32841,47.93715],[7.19239,47.8925],[7.0698,47.90498],[6.98319,47.98242],[6.98154,48.00942]]]}},{"type":"Feature","properties":{"riding_id":"06803","dept":"068","name":"Haut-Rhin — 3ème circonscription"},"geometry":{"type":"Polygon","coordinates":[[[7.52467,47.66019],[7.59304,47.60082],[7.58427,47.57571],[7.51736,47.54577],[7.50792,47.49623],[7.45348,47.47358],[7.3863,47.43197],[7.30398,47.43825],[7.24714,47.42113],[7.2359,47.43688],[7.17473,47.44267],[7.1689,47.4895],[7.13035,47.50303],[7.14217,47.52502],[7.10622,47.55134],[7.08539,47.59305],[7.00921,47.59939],[7.0198,47.65068],[7.04528,47.67037],[7.02757,47.70537],[7.03742,47.72156],[7.12578,47.70461],[7.21277,47.69496],[7.25113,47.72223],[7.28487,47.71841],[7.28655,47.68002],[7.32019,47.66779],[7.33795,47.61687],[7.40937,47.59007],[7.50896,47.63047],[7.52467,47.66019]]]}},{"type":"Feature","properties":{"riding_id":"06804","dept":"068","name":"Haut-Rhin — 4ème circonscription"},"geometry":{"type":"Polygon","coordinates":[[[7.03742,47.72156],[7.01168,47.74163],[6.93845,47.77116],[6.86496,47.78461],[6.84618,47.82294],[6.92005,47.85029],[6.89833,47.88869],[6.92751,47.91213],[6.92038,47.946],[6.94351,47.99874],[6.98154,48.00942],[6.98319,47.98242],[7.0698,47.90498],[7.19239,47.8925],[7.32841,47.93715],[7.34642,48.01739],[7.36519,47.99774],[7.44489,47.98139],[7.48397,47.9213],[7.58099,47.92077],[7.55773,47.88095],[7.56337,47.85117],[7.44133,47.82454],[7.39579,47.83619],[7.31117,47.83636],[7.25286,47.78666],[7.18176,47.76202],[7.20619,47.73442],[7.21277,47.69496],[7.12578,47.70461],[7.03742,47.72156]]]}},{"type":"Feature","properties":{"riding_id":"06805","dept":"068","name":"Haut-Rhin — 5ème circonscription"},"geometry":{"type":"Polygon","coordinates":[[[7.32019,47.66779],[7.28655,47.68002],[7.28487,47.71841],[7.25113,47.72223],[7.21277,47.69496],[7.20619,47.73442],[7.29635,47.75523],[7.38026,47.75848],[7.39407,47.7736],[7.44473,47.76306],[7.4691,47.71323],[7.42184,47.71147],[7.35299,47.68899],[7.32019,47.66779]]]}},{"type":"Feature","properties":{"riding_id":"06806","dept":"068","name":"Haut-Rhin — 6ème circonscription"},"geometry":{"type":"Polygon","coordinates":[[[7.32019,47.66779],[7.35299,47.68899],[7.42184,47.71147],[7.4691,47.71323],[7.44473,47.76306],[7.39407,47.7736],[7.38026,47.75848],[7.29635,47.75523],[7.20619,47.73442],[7.18176,47.76202],[7.25286,47.78666],[7.31117,47.83636],[7.39579,47.83619],[7.44133,47.82454],[7.56337,47.85117],[7.53023,47.78344],[7.54859,47.73541],[7.51375,47.70282],[7.52467,47.66019],[7.50896,47.63047],[7.40937,47.59007],[7.33795,47.61687],[7.32019,47.66779]]]}},{"type":"Feature","properties":{"riding_id":"06901","dept":"069","name":"Rhône — 1ère circonscription"},"geometry":{"type":"Polygon","coordinates":[[[4.78656,45.76416],[4.79246,45.77329],[4.79459,45.77603],[4.83031,45.74656],[4.85618,45.72949],[4.85436,45.71987],[4.83956,45.71797],[4.84055,45.70805],[4.82305,45.71461],[4.78656,45.76416]]]}},{"type":"Feature","properties":{"riding_id":"06902","dept":"069","name":"Rhône — 2ème circonscription"},"geometry":{"type":"Polygon","coordinates":[[[4.79459,45.77603],[4.80267,45.7917],[4.84305,45.77861],[4.83995,45.76356],[4.83031,45.74656],[4.79459,45.77603]]]}},{"type":"Feature","properties":{"riding_id":"06903","dept":"069","name":"Rhône — 3ème circonscription"},"geometry":{"type":"Polygon","coordinates":[[[4.83031,45.74656],[4.83995,45.76356],[4.88699,45.72595],[4.85618,45.72949],[4.83031,45.74656]]]}},{"type":"Feature","properties":{"riding_id":"06904","dept":"069","name":"Rhône — 4ème circonscription"},"geometry":{"type":"Polygon","coordinates":[[[4.84305,45.77861],[4.8604,45.78646],[4.89901,45.75245],[4.88699,45.72595],[4.83995,45.76356],[4.84305,45.77861]]]}},{"type":"Feature","properties":{"riding_id":"06905","dept":"069","name":"Rhône — 5ème circonscription"},"geometry":{"type":"Polygon","coordinates":[[[4.76112,45.935],[4.84912,45.91287],[4.8807,45.89717],[4.90057,45.8576],[4.86683,45.8382],[4.87866,45.79618],[4.8604,45.78646],[4.84305,45.77861],[4.80267,45.7917],[4.73445,45.85159],[4.69987,45.84134],[4.72796,45.87694],[4.72696,45.90747],[4.76112,45.935]]]}},{"type":"Feature","properties":{"riding_id":"06906","dept":"069","name":"Rhône — 6ème circonscription"},"geometry":{"type":"Polygon","coordinates":[[[4.89901,45.75245],[4.8604,45.78646],[4.87866,45.79618],[4.90618,45.7836],[4.89901,45.75245]]]}},{"type":"Feature","properties":{"riding_id":"06907","dept":"069","name":"Rhône — 7ème circonscription"},"geometry":{"type":"Polygon","coordinates":[[[4.88699,45.72595],[4.89901,45.75245],[4.90618,45.7836],[4.87866,45.79618],[4.86683,45.8382],[4.90057,45.8576],[4.9238,45.804],[4.97037,45.80738],[4.93774,45.7718],[4.92892,45.72392],[4.88699,45.72595]]]}},{"type":"Feature","properties":{"riding_id":"06908","dept":"069","name":"Rhône — 8ème circonscription"},"geometry":{"type":"Polygon","coordinates":[[[4.43859,46.16788],[4.46833,46.18316],[4.51008,46.173],[4.49905,46.1441],[4.5301,46.12091],[4.55086,46.08532],[4.54044,46.01797],[4.56529,45.98891],[4.63849,45.98078],[4.6632,45.94831],[4.64454,45.88959],[4.67541,45.84311],[4.69987,45.84134],[4.73445,45.85159],[4.80267,45.7917],[4.79459,45.77603],[4.79246,45.77329],[4.76121,45.77069],[4.71977,45.79676],[4.65725,45.7912],[4.61753,45.75615],[4.56853,45.76752],[4.5248,45.75894],[4.49527,45.80346],[4.44951,45.83603],[4.3906,45.83748],[4.32322,45.90389],[4.34602,45.92994],[4.31199,45.94201],[4.28882,45.97317],[4.31201,46.00513],[4.26127,46.03686],[4.31041,46.08172],[4.32212,46.12998],[4.38181,46.14966],[4.41736,46.13592],[4.43859,46.16788]]]}},{"type":"Feature","properties":{"riding_id":"06909","dept":"069","name":"Rhône — 9ème circonscription"},"geometry":{"type":"Polygon","coordinates":[[[4.43859,46.16788],[4.42296,46.20314],[4.38808,46.21979],[4.39876,46.28432],[4.42704,46.30283],[4.48846,46.28799],[4.504,46.26714],[4.58651,46.26869],[4.63872,46.30142],[4.67978,46.30452],[4.70748,46.28471],[4.70523,46.25087],[4.73618,46.2332],[4.72906,46.17943],[4.78021,46.17668],[4.79594,46.13916],[4.74802,46.09136],[4.76175,46.06744],[4.73962,46.04749],[4.74899,46.00376],[4.75461,45.97381],[4.73058,45.95073],[4.76112,45.935],[4.72696,45.90747],[4.72796,45.87694],[4.69987,45.84134],[4.67541,45.84311],[4.64454,45.88959],[4.6632,45.94831],[4.63849,45.98078],[4.56529,45.98891],[4.54044,46.01797],[4.55086,46.08532],[4.5301,46.12091],[4.49905,46.1441],[4.51008,46.173],[4.46833,46.18316],[4.43859,46.16788]]]}},{"type":"Feature","properties":{"riding_id":"06910","dept":"069","name":"Rhône — 10ème circonscription"},"geometry":{"type":"Polygon","coordinates":[[[4.54726,45.58016],[4.46781,45.58575],[4.44149,45.62305],[4.41028,45.63205],[4.36552,45.69852],[4.39068,45.75508],[4.37645,45.78411],[4.3906,45.83748],[4.44951,45.83603],[4.49527,45.80346],[4.5248,45.75894],[4.56853,45.76752],[4.61753,45.75615],[4.65725,45.7912],[4.71977,45.79676],[4.76121,45.77069],[4.73569,45.72537],[4.77177,45.72878],[4.82058,45.69558],[4.76881,45.65018],[4.72881,45.6911],[4.69871,45.69837],[4.66318,45.67362],[4.59949,45.67101],[4.54726,45.58016]]]}},{"type":"Feature","properties":{"riding_id":"06911","dept":"069","name":"Rhône — 11ème circonscription"},"geometry":{"type":"Polygon","coordinates":[[[4.75694,45.45571],[4.72183,45.49439],[4.68193,45.47981],[4.65416,45.48769],[4.65079,45.52999],[4.61486,45.57548],[4.54726,45.58016],[4.59949,45.67101],[4.66318,45.67362],[4.69871,45.69837],[4.72881,45.6911],[4.76881,45.65018],[4.80866,45.63594],[4.85478,45.641],[4.88797,45.66456],[4.91727,45.64821],[4.93408,45.68351],[4.95968,45.68011],[5.05403,45.66005],[5.03414,45.61399],[5.00282,45.62247],[4.90827,45.6067],[4.80844,45.57235],[4.87181,45.52764],[4.84146,45.5006],[4.75694,45.45571]]]}},{"type":"Feature","properties":{"riding_id":"06912","dept":"069","name":"Rhône — 12ème circonscription"},"geometry":{"type":"Polygon","coordinates":[[[4.76121,45.77069],[4.79246,45.77329],[4.78656,45.76416],[4.82305,45.71461],[4.84055,45.70805],[4.82859,45.65404],[4.80866,45.63594],[4.76881,45.65018],[4.82058,45.69558],[4.77177,45.72878],[4.73569,45.72537],[4.76121,45.77069]]]}},{"type":"Feature","properties":{"riding_id":"06913","dept":"069","name":"Rhône — 13ème circonscription"},"geometry":{"type":"Polygon","coordinates":[[[5.10107,45.81338],[5.09073,45.78716],[5.09453,45.73945],[5.12668,45.73755],[5.154,45.69972],[5.10428,45.69829],[5.08916,45.6772],[5.05403,45.66005],[4.95968,45.68011],[4.92892,45.72392],[4.93774,45.7718],[4.97037,45.80738],[5.10107,45.81338]]]}},{"type":"Feature","properties":{"riding_id":"06914","dept":"069","name":"Rhône — 14ème circonscription"},"geometry":{"type":"Polygon","coordinates":[[[4.85618,45.72949],[4.88699,45.72595],[4.92892,45.72392],[4.95968,45.68011],[4.93408,45.68351],[4.91727,45.64821],[4.88797,45.66456],[4.85478,45.641],[4.80866,45.63594],[4.82859,45.65404],[4.84055,45.70805],[4.83956,45.71797],[4.85436,45.71987],[4.85618,45.72949]]]}},{"type":"Feature","properties":{"riding_id":"07001","dept":"070","name":"Haute-Saône — 1ère circonscription"},"geometry":{"type":"Polygon","coordinates":[[[6.1727,47.39778],[6.11982,47.3955],[6.07954,47.35465],[6.02355,47.33235],[5.9267,47.34476],[5.92644,47.32707],[5.90431,47.33302],[5.84507,47.30089],[5.7953,47.2897],[5.7352,47.26344],[5.69873,47.26501],[5.60131,47.26021],[5.53324,47.28653],[5.51854,47.30419],[5.47429,47.3153],[5.495,47.34143],[5.49692,47.38855],[5.45139,47.38397],[5.43042,47.42136],[5.44102,47.44656],[5.37953,47.46614],[5.39922,47.49901],[5.44746,47.4962],[5.49664,47.54713],[5.47856,47.60539],[5.4256,47.63207],[5.3998,47.59716],[5.37408,47.60454],[5.40649,47.67362],[5.53059,47.67401],[5.56739,47.70712],[5.59681,47.67165],[5.68878,47.68478],[5.68965,47.7339],[5.70729,47.76772],[5.67661,47.77916],[5.69827,47.82335],[5.73143,47.81763],[5.76119,47.85934],[5.82186,47.86911],[5.85133,47.90593],[5.88473,47.92605],[5.94753,47.97971],[6.00226,47.95609],[6.03686,48.00145],[6.10923,48.01247],[6.06324,47.9731],[6.08733,47.89987],[6.14765,47.85886],[6.12496,47.7993],[6.16548,47.80524],[6.18316,47.78483],[6.19415,47.72904],[6.23714,47.74117],[6.26798,47.707],[6.24732,47.68276],[6.2625,47.66114],[6.17745,47.5953],[6.12142,47.57502],[6.08271,47.53373],[6.11576,47.50461],[6.13979,47.41929],[6.1727,47.39778]]]}},{"type":"Feature","properties":{"riding_id":"07002","dept":"070","name":"Haute-Saône — 2ème circonscription"},"geometry":{"type":"Polygon","coordinates":[[[6.80701,47.5628],[6.7811,47.53637],[6.74011,47.5568],[6.67018,47.5579],[6.627,47.52985],[6.58156,47.54098],[6.57351,47.49549],[6.51772,47.49667],[6.50057,47.51025],[6.41115,47.5219],[6.33448,47.506],[6.28018,47.44397],[6.25055,47.42466],[6.17762,47.41604],[6.1727,47.39778],[6.13979,47.41929],[6.11576,47.50461],[6.08271,47.53373],[6.12142,47.57502],[6.17745,47.5953],[6.2625,47.66114],[6.24732,47.68276],[6.26798,47.707],[6.23714,47.74117],[6.19415,47.72904],[6.18316,47.78483],[6.16548,47.80524],[6.12496,47.7993],[6.14765,47.85886],[6.08733,47.89987],[6.06324,47.9731],[6.10923,48.01247],[6.15606,48.00694],[6.16125,47.9583],[6.23799,47.93284],[6.27733,47.95381],[6.32246,47.95008],[6.36499,47.96257],[6.43192,47.94381],[6.47826,47.88544],[6.54201,47.90253],[6.56871,47.9345],[6.60124,47.94438],[6.6452,47.90409],[6.73816,47.86205],[6.78495,47.84957],[6.82354,47.81305],[6.75764,47.74788],[6.79833,47.644],[6.78564,47.61136],[6.80701,47.5628]]]}},{"type":"Feature","properties":{"riding_id":"07101","dept":"071","name":"Saône-et-Loire — 1ère circonscription"},"geometry":{"type":"Polygon","coordinates":[[[4.42704,46.30283],[4.40141,46.31403],[4.37752,46.35012],[4.41084,46.37495],[4.4486,46.3764],[4.54138,46.4552],[4.54047,46.48402],[4.48429,46.49328],[4.53229,46.52017],[4.57022,46.60548],[4.61717,46.60865],[4.64301,46.63034],[4.68109,46.62625],[4.67432,46.59917],[4.7023,46.58544],[4.77157,46.56013],[4.78322,46.51694],[4.86034,46.51967],[4.88141,46.48599],[4.91453,46.48011],[4.89444,46.44537],[4.88821,46.40298],[4.85853,46.36802],[4.85142,46.32608],[4.81082,46.25455],[4.78021,46.17668],[4.72906,46.17943],[4.73618,46.2332],[4.70523,46.25087],[4.70748,46.28471],[4.67978,46.30452],[4.63872,46.30142],[4.58651,46.26869],[4.504,46.26714],[4.48846,46.28799],[4.42704,46.30283]]]}},{"type":"Feature","properties":{"riding_id":"07102","dept":"071","name":"Saône-et-Loire — 2ème circonscription"},"geometry":{"type":"Polygon","coordinates":[[[3.62942,46.74946],[3.6611,46.73774],[3.73863,46.75196],[3.78367,46.73605],[3.79465,46.70203],[3.82655,46.70383],[3.86523,46.66759],[3.85519,46.6405],[3.90654,46.64416],[4.04086,46.67824],[4.0826,46.6698],[4.11267,46.68457],[4.13997,46.7291],[4.19906,46.68727],[4.22844,46.69954],[4.31112,46.68734],[4.33176,46.67168],[4.32587,46.62612],[4.37767,46.62172],[4.44032,46.69572],[4.51745,46.71131],[4.56186,46.69097],[4.61717,46.60865],[4.57022,46.60548],[4.53229,46.52017],[4.48429,46.49328],[4.54047,46.48402],[4.54138,46.4552],[4.4486,46.3764],[4.41084,46.37495],[4.37752,46.35012],[4.40141,46.31403],[4.42704,46.30283],[4.39876,46.28432],[4.38808,46.21979],[4.36335,46.19856],[4.28243,46.15682],[4.24537,46.18823],[4.20622,46.19449],[4.17813,46.17369],[4.13339,46.17732],[4.10383,46.19844],[4.02749,46.16959],[3.98853,46.16986],[3.96517,46.20287],[3.89013,46.21449],[3.90876,46.26062],[3.89953,46.27591],[3.90197,46.29316],[3.98372,46.31799],[3.99154,46.37042],[3.97757,46.39787],[4.00269,46.4405],[3.99872,46.4649],[3.96515,46.478],[3.91649,46.4961],[3.86526,46.48965],[3.86383,46.51268],[3.75578,46.53615],[3.73456,46.60378],[3.71344,46.61072],[3.69594,46.66141],[3.67017,46.67238],[3.6228,46.7409],[3.62942,46.74946]]]}},{"type":"Feature","properties":{"riding_id":"07103","dept":"071","name":"Saône-et-Loire — 3ème circonscription"},"geometry":{"type":"Polygon","coordinates":[[[4.22844,46.69954],[4.19906,46.68727],[4.13997,46.7291],[4.11267,46.68457],[4.0826,46.6698],[4.04086,46.67824],[3.90654,46.64416],[3.85519,46.6405],[3.86523,46.66759],[3.82655,46.70383],[3.84492,46.72199],[3.92824,46.74138],[3.96322,46.76603],[4.06214,46.78556],[4.04839,46.83795],[4.09524,46.87241],[4.04469,46.90117],[4.03714,46.98469],[4.07113,47.05784],[4.03885,47.07974],[4.06038,47.12074],[4.11597,47.12334],[4.15001,47.11404],[4.1819,47.15051],[4.20983,47.15541],[4.27662,47.10799],[4.34938,47.09695],[4.34425,47.07243],[4.40287,47.08228],[4.40628,47.05],[4.48964,47.03201],[4.51214,47.012],[4.55481,47.02005],[4.59581,46.95216],[4.67844,46.93043],[4.68522,46.90095],[4.74432,46.92444],[4.89308,46.9515],[4.91475,46.96776],[4.99722,46.96113],[5.0493,46.98159],[5.07494,46.96116],[5.16463,46.96423],[5.2122,46.98015],[5.23339,46.93163],[5.15784,46.92532],[5.1413,46.85659],[5.03283,46.86791],[4.98522,46.85577],[4.90441,46.85369],[4.87524,46.87693],[4.79503,46.84215],[4.79725,46.81499],[4.76493,46.72163],[4.69306,46.74068],[4.69341,46.76362],[4.61371,46.78584],[4.55513,46.78529],[4.48044,46.76906],[4.391,46.80711],[4.41148,46.8522],[4.36264,46.88943],[4.34105,46.86786],[4.28846,46.86381],[4.26674,46.78844],[4.2729,46.76499],[4.22844,46.69954]]]}},{"type":"Feature","properties":{"riding_id":"07104","dept":"071","name":"Saône-et-Loire — 4ème circonscription"},"geometry":{"type":"Polygon","coordinates":[[[5.31056,46.44678],[5.27368,46.44859],[5.21506,46.46836],[5.20122,46.50782],[5.14104,46.50858],[5.05475,46.48428],[5.00637,46.5097],[4.9356,46.51423],[4.91453,46.48011],[4.88141,46.48599],[4.86034,46.51967],[4.78322,46.51694],[4.77157,46.56013],[4.7023,46.58544],[4.7087,46.60971],[4.76974,46.64041],[4.76804,46.66872],[4.8158,46.70077],[4.90245,46.69746],[4.9337,46.686],[4.92481,46.74917],[4.96685,46.77759],[4.92565,46.80118],[4.79725,46.81499],[4.79503,46.84215],[4.87524,46.87693],[4.90441,46.85369],[4.98522,46.85577],[5.03283,46.86791],[5.1413,46.85659],[5.15784,46.92532],[5.23339,46.93163],[5.2122,46.98015],[5.25524,46.97989],[5.26313,46.95352],[5.30737,46.93646],[5.32872,46.88932],[5.40384,46.88952],[5.41524,46.86181],[5.45929,46.85524],[5.45949,46.83081],[5.37527,46.82699],[5.3325,46.79771],[5.39025,46.77059],[5.36173,46.73311],[5.39079,46.72636],[5.4406,46.63791],[5.41379,46.61464],[5.40569,46.58167],[5.36788,46.56695],[5.35918,46.52015],[5.42106,46.50044],[5.42004,46.48018],[5.37379,46.46045],[5.32335,46.46251],[5.31056,46.44678]]]}},{"type":"Feature","properties":{"riding_id":"07105","dept":"071","name":"Saône-et-Loire — 5ème circonscription"},"geometry":{"type":"Polygon","coordinates":[[[4.79725,46.81499],[4.92565,46.80118],[4.96685,46.77759],[4.92481,46.74917],[4.9337,46.686],[4.90245,46.69746],[4.8158,46.70077],[4.76804,46.66872],[4.76974,46.64041],[4.7087,46.60971],[4.7023,46.58544],[4.67432,46.59917],[4.68109,46.62625],[4.64301,46.63034],[4.61717,46.60865],[4.56186,46.69097],[4.51745,46.71131],[4.44032,46.69572],[4.37767,46.62172],[4.32587,46.62612],[4.33176,46.67168],[4.31112,46.68734],[4.22844,46.69954],[4.2729,46.76499],[4.26674,46.78844],[4.28846,46.86381],[4.34105,46.86786],[4.36264,46.88943],[4.41148,46.8522],[4.391,46.80711],[4.48044,46.76906],[4.55513,46.78529],[4.61371,46.78584],[4.69341,46.76362],[4.69306,46.74068],[4.76493,46.72163],[4.79725,46.81499]]]}},{"type":"Feature","properties":{"riding_id":"07201","dept":"072","name":"Sarthe — 1ère circonscription"},"geometry":{"type":"Polygon","coordinates":[[[0.22412,47.99451],[0.21434,47.99218],[0.18719,47.99688],[0.14532,48.01539],[0.1019,48.01102],[0.08427,48.03152],[0.04067,48.03142],[0.02096,48.06419],[-0.03152,48.0609],[-0.07763,48.04331],[-0.17969,48.05366],[-0.22599,48.07169],[-0.22296,48.12272],[-0.25381,48.13653],[-0.23143,48.16859],[-0.14684,48.20501],[-0.16458,48.25916],[-0.13861,48.29495],[-0.158,48.33452],[-0.11216,48.37425],[-0.05453,48.382],[0.00337,48.396],[0.02308,48.38021],[0.11159,48.43232],[0.15332,48.43794],[0.1537,48.37628],[0.20137,48.39527],[0.22571,48.36991],[0.20708,48.32595],[0.18314,48.19473],[0.14575,48.18987],[0.116,48.14724],[0.15789,48.11319],[0.18226,48.10986],[0.17681,48.04476],[0.22412,47.99451]]]}},{"type":"Feature","properties":{"riding_id":"07202","dept":"072","name":"Sarthe — 2ème circonscription"},"geometry":{"type":"Polygon","coordinates":[[[0.16904,47.91071],[0.18318,47.92779],[0.16596,47.98135],[0.18719,47.99688],[0.21434,47.99218],[0.22412,47.99451],[0.23642,47.99734],[0.21833,48.0212],[0.22453,48.05474],[0.26068,48.07218],[0.2552,48.10285],[0.2976,48.10166],[0.34485,48.11848],[0.37062,48.1441],[0.46188,48.1474],[0.43386,48.09332],[0.57869,48.03253],[0.59832,48.01086],[0.67642,48.00411],[0.60806,47.94695],[0.60778,47.90066],[0.55843,47.87311],[0.46929,47.91046],[0.40297,47.86165],[0.35911,47.91707],[0.31983,47.93097],[0.21956,47.92238],[0.16904,47.91071]]]}},{"type":"Feature","properties":{"riding_id":"07203","dept":"072","name":"Sarthe — 3ème circonscription"},"geometry":{"type":"Polygon","coordinates":[[[0.61443,47.69421],[0.59334,47.67184],[0.49842,47.64476],[0.46118,47.64381],[0.4222,47.61957],[0.38279,47.6431],[0.36456,47.62207],[0.40258,47.57851],[0.37848,47.56853],[0.3221,47.59524],[0.23,47.6084],[0.14849,47.5813],[0.11565,47.60563],[0.05226,47.60622],[-0.00451,47.64769],[-0.10548,47.65708],[-0.1141,47.63548],[-0.1967,47.65004],[-0.23677,47.70463],[-0.28763,47.71913],[-0.2494,47.76902],[-0.17631,47.74306],[-0.13585,47.7629],[-0.11721,47.72923],[-0.03976,47.75396],[-0.00315,47.75159],[0.04077,47.8168],[0.01464,47.83094],[0.06261,47.86352],[0.14016,47.8397],[0.16904,47.91071],[0.21956,47.92238],[0.31983,47.93097],[0.35911,47.91707],[0.40297,47.86165],[0.46929,47.91046],[0.55843,47.87311],[0.60778,47.90066],[0.60806,47.94695],[0.67642,48.00411],[0.79482,47.96936],[0.82436,47.98174],[0.84519,47.94119],[0.81635,47.93428],[0.75981,47.89809],[0.76841,47.83111],[0.71282,47.79049],[0.60873,47.7253],[0.61443,47.69421]]]}},{"type":"Feature","properties":{"riding_id":"07204","dept":"072","name":"Sarthe — 4ème circonscription"},"geometry":{"type":"Polygon","coordinates":[[[-0.22599,48.07169],[-0.17969,48.05366],[-0.07763,48.04331],[-0.03152,48.0609],[0.02096,48.06419],[0.04067,48.03142],[0.08427,48.03152],[0.1019,48.01102],[0.14532,48.01539],[0.18719,47.99688],[0.16596,47.98135],[0.18318,47.92779],[0.16904,47.91071],[0.14016,47.8397],[0.06261,47.86352],[0.01464,47.83094],[0.04077,47.8168],[-0.00315,47.75159],[-0.03976,47.75396],[-0.11721,47.72923],[-0.13585,47.7629],[-0.17631,47.74306],[-0.2494,47.76902],[-0.28763,47.71913],[-0.33366,47.72094],[-0.37378,47.73987],[-0.3817,47.76057],[-0.3882,47.80532],[-0.43408,47.80905],[-0.44791,47.83203],[-0.41203,47.85763],[-0.37497,47.85762],[-0.37684,47.88727],[-0.4065,47.91039],[-0.38484,47.93084],[-0.29783,47.94342],[-0.30899,48.0056],[-0.33448,48.03237],[-0.27423,48.06446],[-0.22599,48.07169]]]}},{"type":"Feature","properties":{"riding_id":"07205","dept":"072","name":"Sarthe — 5ème circonscription"},"geometry":{"type":"Polygon","coordinates":[[[0.23642,47.99734],[0.22412,47.99451],[0.17681,48.04476],[0.18226,48.10986],[0.15789,48.11319],[0.116,48.14724],[0.14575,48.18987],[0.18314,48.19473],[0.20708,48.32595],[0.22571,48.36991],[0.20137,48.39527],[0.1537,48.37628],[0.15332,48.43794],[0.17233,48.46383],[0.29791,48.47982],[0.31474,48.47319],[0.36321,48.45156],[0.39536,48.32129],[0.49442,48.28349],[0.5468,48.25016],[0.61313,48.24274],[0.65247,48.26339],[0.68739,48.24078],[0.72364,48.19814],[0.75921,48.18009],[0.79766,48.19446],[0.84057,48.16553],[0.88447,48.16184],[0.91434,48.13585],[0.85037,48.13308],[0.84122,48.10306],[0.84302,48.07264],[0.80356,48.0716],[0.79488,48.04693],[0.84056,48.01903],[0.82436,47.98174],[0.79482,47.96936],[0.67642,48.00411],[0.59832,48.01086],[0.57869,48.03253],[0.43386,48.09332],[0.46188,48.1474],[0.37062,48.1441],[0.34485,48.11848],[0.2976,48.10166],[0.2552,48.10285],[0.26068,48.07218],[0.22453,48.05474],[0.21833,48.0212],[0.23642,47.99734]]]}},{"type":"Feature","properties":{"riding_id":"07301","dept":"073","name":"Savoie — 1ère circonscription"},"geometry":{"type":"Polygon","coordinates":[[[5.96279,45.81274],[5.97403,45.76869],[6.04225,45.73926],[6.01664,45.68363],[5.97958,45.68241],[5.93869,45.61335],[5.91244,45.64283],[5.87153,45.57064],[5.84452,45.57734],[5.81873,45.52219],[5.86528,45.49459],[5.89388,45.49667],[5.91537,45.47645],[5.90445,45.43231],[5.91089,45.39415],[5.78246,45.44111],[5.73999,45.43758],[5.73653,45.47186],[5.71396,45.49748],[5.67134,45.53665],[5.67115,45.56133],[5.62375,45.61327],[5.6879,45.64396],[5.7092,45.68493],[5.77637,45.72792],[5.78693,45.82322],[5.8294,45.91399],[5.83123,45.93846],[5.8621,45.9324],[5.87354,45.83561],[5.91395,45.80406],[5.96279,45.81274]]]}},{"type":"Feature","properties":{"riding_id":"07302","dept":"073","name":"Savoie — 2ème circonscription"},"geometry":{"type":"Polygon","coordinates":[[[6.30795,45.69296],[6.32738,45.69291],[6.37044,45.75293],[6.36331,45.76795],[6.42456,45.80386],[6.47184,45.88429],[6.51106,45.90906],[6.55658,45.89326],[6.53533,45.86198],[6.55272,45.82634],[6.60168,45.79507],[6.65935,45.80015],[6.68826,45.77133],[6.71195,45.72292],[6.75767,45.76716],[6.80252,45.77837],[6.8094,45.72588],[6.84612,45.69057],[6.90136,45.67912],[6.91483,45.65174],[6.96674,45.65386],[6.99913,45.63817],[6.97889,45.58864],[6.99381,45.57483],[6.99997,45.50479],[7.05105,45.49625],[7.04957,45.47268],[7.10181,45.46852],[7.11352,45.4342],[7.04281,45.43239],[7.00948,45.39957],[6.99818,45.36662],[6.91869,45.38667],[6.90277,45.42535],[6.8271,45.40478],[6.74953,45.34624],[6.73136,45.29781],[6.60986,45.26499],[6.53372,45.25213],[6.50363,45.28613],[6.44999,45.29723],[6.4468,45.31315],[6.3959,45.35037],[6.3883,45.3913],[6.41154,45.42705],[6.35466,45.44452],[6.38256,45.50936],[6.40446,45.53779],[6.3645,45.56632],[6.39023,45.60317],[6.35193,45.62499],[6.31112,45.67189],[6.30795,45.69296]]]}},{"type":"Feature","properties":{"riding_id":"07303","dept":"073","name":"Savoie — 3ème circonscription"},"geometry":{"type":"Polygon","coordinates":[[[6.3645,45.56632],[6.40446,45.53779],[6.38256,45.50936],[6.35466,45.44452],[6.41154,45.42705],[6.3883,45.3913],[6.3959,45.35037],[6.4468,45.31315],[6.44999,45.29723],[6.50363,45.28613],[6.53372,45.25213],[6.60986,45.26499],[6.73136,45.29781],[6.74953,45.34624],[6.8271,45.40478],[6.90277,45.42535],[6.91869,45.38667],[6.99818,45.36662],[7.00948,45.39957],[7.04281,45.43239],[7.11352,45.4342],[7.18251,45.4068],[7.15986,45.35958],[7.11069,45.32651],[7.13525,45.2818],[7.13511,45.25456],[7.0664,45.21134],[7.05118,45.22534],[6.96627,45.20647],[6.94144,45.17068],[6.89297,45.16565],[6.89538,45.14009],[6.85426,45.12862],[6.76953,45.15934],[6.73874,45.13748],[6.71129,45.14476],[6.62999,45.10933],[6.57653,45.1231],[6.53519,45.09897],[6.48172,45.09045],[6.48708,45.05641],[6.39689,45.06199],[6.33423,45.12294],[6.29334,45.10864],[6.26057,45.12685],[6.18099,45.16486],[6.13968,45.21306],[6.1257,45.24427],[6.13082,45.28453],[6.18445,45.31796],[6.19476,45.35225],[6.17546,45.3941],[6.13014,45.43503],[6.09002,45.44401],[6.04924,45.43781],[6.00779,45.45411],[5.97102,45.4914],[5.91537,45.47645],[5.89388,45.49667],[5.92634,45.51513],[5.94025,45.56849],[5.97121,45.57422],[6.02617,45.53516],[6.08583,45.50967],[6.11763,45.53427],[6.17296,45.55497],[6.22648,45.58548],[6.27762,45.59779],[6.3192,45.57373],[6.3645,45.56632]]]}},{"type":"Feature","properties":{"riding_id":"07304","dept":"073","name":"Savoie — 4ème circonscription"},"geometry":{"type":"Polygon","coordinates":[[[6.04225,45.73926],[6.09613,45.74282],[6.10313,45.76344],[6.16623,45.75572],[6.19555,45.73233],[6.18993,45.70084],[6.22975,45.68271],[6.30795,45.69296],[6.31112,45.67189],[6.35193,45.62499],[6.39023,45.60317],[6.3645,45.56632],[6.3192,45.57373],[6.27762,45.59779],[6.22648,45.58548],[6.17296,45.55497],[6.11763,45.53427],[6.08583,45.50967],[6.02617,45.53516],[5.97121,45.57422],[5.94025,45.56849],[5.92634,45.51513],[5.89388,45.49667],[5.86528,45.49459],[5.81873,45.52219],[5.84452,45.57734],[5.87153,45.57064],[5.91244,45.64283],[5.93869,45.61335],[5.97958,45.68241],[6.01664,45.68363],[6.04225,45.73926]]]}},{"type":"Feature","properties":{"riding_id":"07401","dept":"074","name":"Haute-Savoie — 1ère circonscription"},"geometry":{"type":"Polygon","coordinates":[[[5.8621,45.9324],[5.8939,45.96318],[5.93332,45.94892],[5.99161,45.9741],[5.97752,46.00895],[6.02708,46.00789],[6.12876,46.00992],[6.15103,46.03178],[6.19384,46.04558],[6.21815,46.07027],[6.25237,46.03371],[6.29817,46.02965],[6.34609,46.00564],[6.32839,45.9724],[6.33686,45.94128],[6.24142,45.89572],[6.25865,45.86904],[6.25875,45.82723],[6.22293,45.80108],[6.20645,45.83611],[6.16395,45.86335],[6.12944,45.92432],[6.08455,45.90219],[6.02166,45.89548],[6.01543,45.85544],[5.96279,45.81274],[5.91395,45.80406],[5.87354,45.83561],[5.8621,45.9324]]]}},{"type":"Feature","properties":{"riding_id":"07402","dept":"074","name":"Haute-Savoie — 2ème circonscription"},"geometry":{"type":"Polygon","coordinates":[[[6.33686,45.94128],[6.35037,45.92747],[6.40483,45.94766],[6.46026,45.99904],[6.52522,45.98177],[6.55576,45.95578],[6.51106,45.90906],[6.47184,45.88429],[6.42456,45.80386],[6.36331,45.76795],[6.37044,45.75293],[6.32738,45.69291],[6.30795,45.69296],[6.22975,45.68271],[6.18993,45.70084],[6.19555,45.73233],[6.16623,45.75572],[6.10313,45.76344],[6.09613,45.74282],[6.04225,45.73926],[5.97403,45.76869],[5.96279,45.81274],[6.01543,45.85544],[6.02166,45.89548],[6.08455,45.90219],[6.12944,45.92432],[6.16395,45.86335],[6.20645,45.83611],[6.22293,45.80108],[6.25875,45.82723],[6.25865,45.86904],[6.24142,45.89572],[6.33686,45.94128]]]}},{"type":"Feature","properties":{"riding_id":"07403","dept":"074","name":"Haute-Savoie — 3ème circonscription"},"geometry":{"type":"Polygon","coordinates":[[[6.35472,46.22969],[6.38989,46.24966],[6.42539,46.25126],[6.4824,46.27505],[6.49638,46.24451],[6.55791,46.1991],[6.54611,46.17788],[6.47768,46.15212],[6.49928,46.12537],[6.5585,46.09146],[6.51537,46.07262],[6.50989,46.02172],[6.46026,45.99904],[6.40483,45.94766],[6.35037,45.92747],[6.33686,45.94128],[6.32839,45.9724],[6.34609,46.00564],[6.29817,46.02965],[6.25237,46.03371],[6.21815,46.07027],[6.19384,46.04558],[6.15103,46.03178],[6.12876,46.00992],[6.02708,46.00789],[6.01711,46.07477],[6.07026,46.08727],[6.10482,46.06746],[6.17135,46.11949],[6.20361,46.16485],[6.26213,46.14995],[6.34304,46.16732],[6.35472,46.22969]]]}},{"type":"Feature","properties":{"riding_id":"07404","dept":"074","name":"Haute-Savoie — 4ème circonscription"},"geometry":{"type":"Polygon","coordinates":[[[6.29488,46.26459],[6.32631,46.26633],[6.35472,46.22969],[6.34304,46.16732],[6.26213,46.14995],[6.20361,46.16485],[6.17135,46.11949],[6.10482,46.06746],[6.07026,46.08727],[6.01711,46.07477],[6.02708,46.00789],[5.97752,46.00895],[5.99161,45.9741],[5.93332,45.94892],[5.8939,45.96318],[5.8621,45.9324],[5.83123,45.93846],[5.83403,45.97203],[5.81229,45.98665],[5.81142,46.07843],[5.88999,46.08715],[5.88623,46.10962],[5.9204,46.13104],[5.95606,46.13209],[5.99352,46.14385],[6.03535,46.13616],[6.05704,46.15111],[6.13541,46.14133],[6.23384,46.20601],[6.29447,46.22493],[6.29488,46.26459]]]}},{"type":"Feature","properties":{"riding_id":"07405","dept":"074","name":"Haute-Savoie — 5ème circonscription"},"geometry":{"type":"Polygon","coordinates":[[[6.79042,46.15431],[6.73115,46.13794],[6.69451,46.16044],[6.6755,46.19374],[6.60286,46.18817],[6.55791,46.1991],[6.49638,46.24451],[6.4824,46.27505],[6.42539,46.25126],[6.38989,46.24966],[6.35472,46.22969],[6.32631,46.26633],[6.29488,46.26459],[6.26134,46.25246],[6.23882,46.27532],[6.25816,46.32475],[6.30247,46.3662],[6.34911,46.3674],[6.38572,46.34066],[6.41394,46.35928],[6.47492,46.37552],[6.51307,46.40479],[6.54413,46.39482],[6.63867,46.40541],[6.71714,46.40783],[6.80182,46.38832],[6.77467,46.34728],[6.86374,46.27978],[6.80356,46.20313],[6.81196,46.18331],[6.79042,46.15431]]]}},{"type":"Feature","properties":{"riding_id":"07406","dept":"074","name":"Haute-Savoie — 6ème circonscription"},"geometry":{"type":"Polygon","coordinates":[[[6.80252,45.77837],[6.75767,45.76716],[6.71195,45.72292],[6.68826,45.77133],[6.65935,45.80015],[6.60168,45.79507],[6.55272,45.82634],[6.53533,45.86198],[6.55658,45.89326],[6.51106,45.90906],[6.55576,45.95578],[6.52522,45.98177],[6.46026,45.99904],[6.50989,46.02172],[6.51537,46.07262],[6.5585,46.09146],[6.49928,46.12537],[6.47768,46.15212],[6.54611,46.17788],[6.55791,46.1991],[6.60286,46.18817],[6.6755,46.19374],[6.69451,46.16044],[6.73115,46.13794],[6.79042,46.15431],[6.81521,46.12932],[6.89714,46.123],[6.8851,46.09682],[6.88797,46.04391],[6.92209,46.0628],[6.95113,46.04964],[6.98681,46.00511],[7.02013,45.98131],[7.04205,45.92477],[7.00892,45.90344],[6.99285,45.87065],[6.86998,45.8284],[6.82158,45.837],[6.80252,45.77837]]]}},{"type":"Feature","properties":{"riding_id":"07501","dept":"075","name":"Paris — 1ère circonscription"},"geometry":{"type":"Polygon","coordinates":[[[2.30156,48.86348],[2.31599,48.88145],[2.32712,48.88348],[2.34895,48.87943],[2.35009,48.86196],[2.34456,48.85399],[2.30156,48.86348]]]}},{"type":"Feature","properties":{"riding_id":"07502","dept":"075","name":"Paris — 2ème circonscription"},"geometry":{"type":"Polygon","coordinates":[[[2.32063,48.84848],[2.28978,48.85812],[2.29208,48.85983],[2.29563,48.86236],[2.30156,48.86348],[2.34456,48.85399],[2.36595,48.84489],[2.34205,48.8383],[2.32063,48.84848]]]}},{"type":"Feature","properties":{"riding_id":"07503","dept":"075","name":"Paris — 3ème circonscription"},"geometry":{"type":"Polygon","coordinates":[[[2.32712,48.88348],[2.31599,48.88145],[2.30045,48.89269],[2.30378,48.89415],[2.31988,48.90046],[2.33496,48.90138],[2.32712,48.88348]]]}},{"type":"Feature","properties":{"riding_id":"07504","dept":"075","name":"Paris — 4ème circonscription"},"geometry":{"type":"Polygon","coordinates":[[[2.25529,48.87435],[2.28446,48.88564],[2.29394,48.88986],[2.30045,48.89269],[2.31599,48.88145],[2.30156,48.86348],[2.29563,48.86236],[2.29208,48.85983],[2.25529,48.87435]]]}},{"type":"Feature","properties":{"riding_id":"07505","dept":"075","name":"Paris — 5ème circonscription"},"geometry":{"type":"Polygon","coordinates":[[[2.35009,48.86196],[2.34895,48.87943],[2.3495,48.88374],[2.35844,48.88444],[2.36874,48.88406],[2.3724,48.87619],[2.37701,48.87192],[2.36766,48.8687],[2.36386,48.86743],[2.35009,48.86196]]]}},{"type":"Feature","properties":{"riding_id":"07506","dept":"075","name":"Paris — 6ème circonscription"},"geometry":{"type":"Polygon","coordinates":[[[2.36766,48.8687],[2.37701,48.87192],[2.383,48.8733],[2.39439,48.86984],[2.39988,48.86307],[2.3983,48.85129],[2.39876,48.84981],[2.39907,48.84809],[2.3846,48.85049],[2.36766,48.8687]]]}},{"type":"Feature","properties":{"riding_id":"07507","dept":"075","name":"Paris — 7ème circonscription"},"geometry":{"type":"Polygon","coordinates":[[[2.34456,48.85399],[2.35009,48.86196],[2.36386,48.86743],[2.36766,48.8687],[2.3846,48.85049],[2.37211,48.83999],[2.36595,48.84489],[2.34456,48.85399]]]}},{"type":"Feature","properties":{"riding_id":"07508","dept":"075","name":"Paris — 8ème circonscription"},"geometry":{"type":"Polygon","coordinates":[[[2.39007,48.8257],[2.37211,48.83999],[2.3846,48.85049],[2.39907,48.84809],[2.39876,48.84981],[2.41544,48.85446],[2.41634,48.84924],[2.4243,48.84177],[2.43708,48.84074],[2.46726,48.83909],[2.46358,48.82495],[2.39007,48.8257]]]}},{"type":"Feature","properties":{"riding_id":"07509","dept":"075","name":"Paris — 9ème circonscription"},"geometry":{"type":"Polygon","coordinates":[[[2.34205,48.8383],[2.36595,48.84489],[2.37211,48.83999],[2.39007,48.8257],[2.3668,48.81735],[2.34092,48.83195],[2.34205,48.8383]]]}},{"type":"Feature","properties":{"riding_id":"07510","dept":"075","name":"Paris — 10ème circonscription"},"geometry":{"type":"Polygon","coordinates":[[[2.30132,48.82513],[2.31081,48.83297],[2.32174,48.82531],[2.33113,48.82361],[2.34092,48.83195],[2.3668,48.81735],[2.36414,48.81639],[2.34874,48.81674],[2.34655,48.81628],[2.33715,48.81674],[2.33191,48.81701],[2.30132,48.82513]]]}},{"type":"Feature","properties":{"riding_id":"07511","dept":"075","name":"Paris — 11ème circonscription"},"geometry":{"type":"Polygon","coordinates":[[[2.32063,48.84848],[2.34205,48.8383],[2.34092,48.83195],[2.33113,48.82361],[2.32174,48.82531],[2.31081,48.83297],[2.32063,48.84848]]]}},{"type":"Feature","properties":{"riding_id":"07512","dept":"075","name":"Paris — 12ème circonscription"},"geometry":{"type":"Polygon","coordinates":[[[2.31081,48.83297],[2.28059,48.84988],[2.28978,48.85812],[2.32063,48.84848],[2.31081,48.83297]]]}},{"type":"Feature","properties":{"riding_id":"07513","dept":"075","name":"Paris — 13ème circonscription"},"geometry":{"type":"Polygon","coordinates":[[[2.2628,48.83393],[2.28059,48.84988],[2.31081,48.83297],[2.30132,48.82513],[2.2628,48.83393]]]}},{"type":"Feature","properties":{"riding_id":"07514","dept":"075","name":"Paris — 14ème circonscription"},"geometry":{"type":"Polygon","coordinates":[[[2.22423,48.85352],[2.22568,48.85941],[2.23174,48.86907],[2.25529,48.87435],[2.29208,48.85983],[2.28978,48.85812],[2.28059,48.84988],[2.2628,48.83393],[2.25063,48.84553],[2.24203,48.84779],[2.22423,48.85352]]]}},{"type":"Feature","properties":{"riding_id":"07515","dept":"075","name":"Paris — 15ème circonscription"},"geometry":{"type":"Polygon","coordinates":[[[2.383,48.8733],[2.41069,48.87848],[2.41328,48.87312],[2.41544,48.85446],[2.39876,48.84981],[2.3983,48.85129],[2.39988,48.86307],[2.39439,48.86984],[2.383,48.8733]]]}},{"type":"Feature","properties":{"riding_id":"07516","dept":"075","name":"Paris — 16ème circonscription"},"geometry":{"type":"Polygon","coordinates":[[[2.37029,48.90165],[2.39865,48.88941],[2.41069,48.87848],[2.383,48.8733],[2.37701,48.87192],[2.3724,48.87619],[2.37337,48.88135],[2.38209,48.8859],[2.37029,48.90165]]]}},{"type":"Feature","properties":{"riding_id":"07517","dept":"075","name":"Paris — 17ème circonscription"},"geometry":{"type":"Polygon","coordinates":[[[2.3724,48.87619],[2.36874,48.88406],[2.35844,48.88444],[2.3495,48.88374],[2.35187,48.90153],[2.36585,48.90161],[2.37029,48.90165],[2.38209,48.8859],[2.37337,48.88135],[2.3724,48.87619]]]}},{"type":"Feature","properties":{"riding_id":"07518","dept":"075","name":"Paris — 18ème circonscription"},"geometry":{"type":"Polygon","coordinates":[[[2.33496,48.90138],[2.35187,48.90153],[2.3495,48.88374],[2.34895,48.87943],[2.32712,48.88348],[2.33496,48.90138]]]}},{"type":"Feature","properties":{"riding_id":"07601","dept":"076","name":"Seine-Maritime — 1ère circonscription"},"geometry":{"type":"Polygon","coordinates":[[[1.04795,49.48065],[1.09888,49.48355],[1.10986,49.42535],[1.03846,49.42721],[1.04795,49.48065]]]}},{"type":"Feature","properties":{"riding_id":"07602","dept":"076","name":"Seine-Maritime — 2ème circonscription"},"geometry":{"type":"Polygon","coordinates":[[[1.69769,49.57222],[1.72983,49.56129],[1.74928,49.4936],[1.77577,49.47344],[1.72608,49.43807],[1.71394,49.40922],[1.69428,49.39487],[1.60696,49.41085],[1.5762,49.44005],[1.50187,49.43954],[1.412,49.45563],[1.34409,49.44627],[1.30963,49.42873],[1.27215,49.34738],[1.2461,49.34752],[1.21222,49.34972],[1.1369,49.32584],[1.12645,49.35663],[1.10986,49.42535],[1.09888,49.48355],[1.1313,49.49334],[1.12572,49.52031],[1.18038,49.49625],[1.22225,49.51615],[1.26575,49.55653],[1.28201,49.59067],[1.4339,49.61813],[1.45027,49.58534],[1.49932,49.56853],[1.56398,49.57357],[1.61472,49.55091],[1.64799,49.58084],[1.69769,49.57222]]]}},{"type":"Feature","properties":{"riding_id":"07603","dept":"076","name":"Seine-Maritime — 3ème circonscription"},"geometry":{"type":"Polygon","coordinates":[[[1.03846,49.42721],[1.10986,49.42535],[1.12645,49.35663],[1.11615,49.34094],[1.06083,49.32826],[1.02773,49.35128],[1.05802,49.36699],[1.06123,49.41118],[1.03846,49.42721]]]}},{"type":"Feature","properties":{"riding_id":"07604","dept":"076","name":"Seine-Maritime — 4ème circonscription"},"geometry":{"type":"Polygon","coordinates":[[[0.84848,49.33167],[0.85937,49.34539],[0.92009,49.33861],[0.91812,49.38546],[0.93074,49.4128],[0.97472,49.38844],[0.99172,49.44499],[1.01745,49.44577],[1.04795,49.48065],[1.03846,49.42721],[1.06123,49.41118],[1.05802,49.36699],[1.02773,49.35128],[1.06083,49.32826],[1.11615,49.34094],[1.12645,49.35663],[1.1369,49.32584],[1.04815,49.29788],[1.05125,49.26162],[0.99911,49.25197],[0.93732,49.32001],[0.90795,49.30678],[0.84848,49.33167]]]}},{"type":"Feature","properties":{"riding_id":"07605","dept":"076","name":"Seine-Maritime — 5ème circonscription"},"geometry":{"type":"Polygon","coordinates":[[[0.47989,49.47991],[0.41794,49.5534],[0.5097,49.52814],[0.57098,49.5471],[0.62847,49.58288],[0.66048,49.57336],[0.7284,49.58794],[0.76392,49.56334],[0.79711,49.59109],[0.79914,49.62734],[0.85651,49.60563],[0.998,49.64179],[1.03993,49.64584],[1.04948,49.61459],[0.99798,49.58918],[1.02606,49.57381],[1.03145,49.53862],[1.12572,49.52031],[1.1313,49.49334],[1.09888,49.48355],[1.04795,49.48065],[1.01745,49.44577],[0.99172,49.44499],[0.97472,49.38844],[0.93074,49.4128],[0.91812,49.38546],[0.81888,49.39819],[0.76765,49.41899],[0.73829,49.40807],[0.66092,49.40308],[0.63469,49.43386],[0.58125,49.43397],[0.52211,49.47963],[0.47989,49.47991]]]}},{"type":"Feature","properties":{"riding_id":"07606","dept":"076","name":"Seine-Maritime — 6ème circonscription"},"geometry":{"type":"Polygon","coordinates":[[[1.78485,49.7579],[1.71256,49.73015],[1.72413,49.6718],[1.70808,49.64615],[1.72168,49.62332],[1.69372,49.60107],[1.69769,49.57222],[1.64799,49.58084],[1.61472,49.55091],[1.56398,49.57357],[1.49932,49.56853],[1.45027,49.58534],[1.4339,49.61813],[1.49065,49.63407],[1.44027,49.69132],[1.37531,49.66855],[1.30565,49.72403],[1.32621,49.74357],[1.3158,49.77281],[1.2832,49.77122],[1.19861,49.80189],[1.17025,49.8522],[1.11298,49.8366],[1.08326,49.85343],[1.02185,49.83924],[1.01132,49.85292],[0.9159,49.85076],[0.8609,49.86159],[0.89844,49.90033],[0.95627,49.91876],[1.02574,49.91655],[1.1013,49.93587],[1.19452,49.96804],[1.33874,50.04997],[1.3797,50.06502],[1.45915,50.0625],[1.45226,50.04267],[1.57439,49.97366],[1.59605,49.94799],[1.67845,49.91813],[1.72622,49.83995],[1.73385,49.8135],[1.78485,49.7579]]]}},{"type":"Feature","properties":{"riding_id":"07607","dept":"076","name":"Seine-Maritime — 7ème circonscription"},"geometry":{"type":"Polygon","coordinates":[[[0.12878,49.60996],[0.16429,49.61429],[0.26232,49.58999],[0.27538,49.56072],[0.24813,49.52721],[0.19761,49.51934],[0.16647,49.53566],[0.12744,49.52692],[0.11333,49.52005],[0.09158,49.48772],[0.06979,49.50632],[0.07803,49.53999],[0.12878,49.60996]]]}},{"type":"Feature","properties":{"riding_id":"07608","dept":"076","name":"Seine-Maritime — 8ème circonscription"},"geometry":{"type":"Polygon","coordinates":[[[0.24813,49.52721],[0.25315,49.49493],[0.23779,49.45209],[0.11407,49.47054],[0.09158,49.48772],[0.11333,49.52005],[0.12744,49.52692],[0.16647,49.53566],[0.19761,49.51934],[0.24813,49.52721]]]}},{"type":"Feature","properties":{"riding_id":"07609","dept":"076","name":"Seine-Maritime — 9ème circonscription"},"geometry":{"type":"Polygon","coordinates":[[[0.47989,49.47991],[0.43534,49.46041],[0.33898,49.44093],[0.29547,49.43778],[0.23779,49.45209],[0.25315,49.49493],[0.24813,49.52721],[0.27538,49.56072],[0.26232,49.58999],[0.16429,49.61429],[0.12878,49.60996],[0.16454,49.68662],[0.20516,49.71298],[0.32042,49.74146],[0.36707,49.76742],[0.52424,49.82541],[0.5656,49.81922],[0.5843,49.74615],[0.56764,49.73519],[0.61717,49.67643],[0.665,49.68649],[0.71345,49.67782],[0.70017,49.63563],[0.67059,49.64558],[0.62847,49.58288],[0.57098,49.5471],[0.5097,49.52814],[0.41794,49.5534],[0.47989,49.47991]]]}},{"type":"Feature","properties":{"riding_id":"07610","dept":"076","name":"Seine-Maritime — 10ème circonscription"},"geometry":{"type":"Polygon","coordinates":[[[1.4339,49.61813],[1.28201,49.59067],[1.26575,49.55653],[1.22225,49.51615],[1.18038,49.49625],[1.12572,49.52031],[1.03145,49.53862],[1.02606,49.57381],[0.99798,49.58918],[1.04948,49.61459],[1.03993,49.64584],[0.998,49.64179],[0.85651,49.60563],[0.79914,49.62734],[0.79711,49.59109],[0.76392,49.56334],[0.7284,49.58794],[0.66048,49.57336],[0.62847,49.58288],[0.67059,49.64558],[0.70017,49.63563],[0.71345,49.67782],[0.665,49.68649],[0.61717,49.67643],[0.56764,49.73519],[0.5843,49.74615],[0.5656,49.81922],[0.52424,49.82541],[0.58141,49.85205],[0.70974,49.87294],[0.76389,49.87175],[0.89844,49.90033],[0.8609,49.86159],[0.9159,49.85076],[1.01132,49.85292],[1.02185,49.83924],[1.08326,49.85343],[1.11298,49.8366],[1.17025,49.8522],[1.19861,49.80189],[1.2832,49.77122],[1.3158,49.77281],[1.32621,49.74357],[1.30565,49.72403],[1.37531,49.66855],[1.44027,49.69132],[1.49065,49.63407],[1.4339,49.61813]]]}},{"type":"Feature","properties":{"riding_id":"07701","dept":"077","name":"Seine-et-Marne — 1ère circonscription"},"geometry":{"type":"Polygon","coordinates":[[[2.67466,48.48839],[2.59783,48.43745],[2.57493,48.38479],[2.54706,48.40142],[2.50503,48.42987],[2.49761,48.51724],[2.53159,48.57366],[2.53479,48.54071],[2.61073,48.51752],[2.64471,48.53487],[2.66351,48.61458],[2.71529,48.60979],[2.72829,48.54672],[2.70917,48.5083],[2.67466,48.48839]]]}},{"type":"Feature","properties":{"riding_id":"07702","dept":"077","name":"Seine-et-Marne — 2ème circonscription"},"geometry":{"type":"Polygon","coordinates":[[[2.40266,48.32072],[2.44984,48.37371],[2.52178,48.40404],[2.54706,48.40142],[2.57493,48.38479],[2.59783,48.43745],[2.67466,48.48839],[2.74466,48.48689],[2.77101,48.46171],[2.81626,48.44871],[2.82063,48.42563],[2.77634,48.40533],[2.79405,48.34719],[2.76462,48.3375],[2.78205,48.30454],[2.85574,48.28112],[2.8899,48.28606],[2.92208,48.33114],[3.01568,48.30732],[3.04371,48.27184],[3.00599,48.20943],[2.97167,48.20341],[2.93631,48.16339],[2.86682,48.15604],[2.82088,48.12966],[2.78098,48.16736],[2.70655,48.12482],[2.66475,48.12054],[2.63967,48.13895],[2.52221,48.12521],[2.4611,48.13821],[2.52301,48.19876],[2.50619,48.23854],[2.42011,48.2667],[2.40266,48.32072]]]}},{"type":"Feature","properties":{"riding_id":"07703","dept":"077","name":"Seine-et-Marne — 3ème circonscription"},"geometry":{"type":"Polygon","coordinates":[[[2.67466,48.48839],[2.70917,48.5083],[2.72829,48.54672],[2.71529,48.60979],[2.72036,48.62769],[2.78587,48.65939],[2.81655,48.64852],[2.8822,48.65794],[2.89895,48.67452],[2.94655,48.63262],[3.03612,48.60791],[3.03471,48.58453],[2.9836,48.56835],[2.96372,48.53111],[2.9273,48.50537],[2.97407,48.48584],[3.02217,48.44034],[3.0615,48.43397],[3.08335,48.4019],[3.07526,48.37574],[3.12247,48.36863],[3.04945,48.36003],[3.01568,48.30732],[2.92208,48.33114],[2.8899,48.28606],[2.85574,48.28112],[2.78205,48.30454],[2.76462,48.3375],[2.79405,48.34719],[2.77634,48.40533],[2.82063,48.42563],[2.81626,48.44871],[2.77101,48.46171],[2.74466,48.48689],[2.67466,48.48839]]]}},{"type":"Feature","properties":{"riding_id":"07704","dept":"077","name":"Seine-et-Marne — 4ème circonscription"},"geometry":{"type":"Polygon","coordinates":[[[3.12247,48.36863],[3.07526,48.37574],[3.08335,48.4019],[3.0615,48.43397],[3.02217,48.44034],[2.97407,48.48584],[2.9273,48.50537],[2.96372,48.53111],[2.9836,48.56835],[3.03471,48.58453],[3.03612,48.60791],[2.94655,48.63262],[2.89895,48.67452],[2.81541,48.68332],[2.84887,48.72964],[2.79582,48.75704],[2.81301,48.77324],[2.77691,48.80908],[2.78471,48.82812],[2.89271,48.83788],[2.93294,48.81861],[2.93635,48.78142],[2.96536,48.78242],[3.06201,48.72826],[3.10789,48.7329],[3.11942,48.76187],[3.15011,48.76288],[3.16803,48.82994],[3.12443,48.83828],[3.1097,48.86289],[3.14148,48.90782],[3.18922,48.94228],[3.20991,48.91471],[3.29381,48.90049],[3.31308,48.92122],[3.3617,48.91956],[3.38233,48.87363],[3.48519,48.85191],[3.48524,48.8255],[3.44448,48.8118],[3.44215,48.78486],[3.39713,48.7614],[3.4674,48.73863],[3.47086,48.68727],[3.4427,48.67251],[3.55561,48.62029],[3.50851,48.60551],[3.46552,48.57049],[3.48236,48.54981],[3.45071,48.52867],[3.43491,48.49685],[3.38409,48.47803],[3.40571,48.45329],[3.39291,48.42522],[3.41479,48.39027],[3.36394,48.37532],[3.28317,48.38139],[3.25102,48.3651],[3.18098,48.37456],[3.12247,48.36863]]]}},{"type":"Feature","properties":{"riding_id":"07705","dept":"077","name":"Seine-et-Marne — 5ème circonscription"},"geometry":{"type":"Polygon","coordinates":[[[2.78471,48.82812],[2.80657,48.91476],[2.8365,48.90097],[2.89644,48.9102],[2.99852,48.95928],[3.06,48.97896],[3.13245,48.99143],[3.16301,49.01994],[3.24952,48.97423],[3.26948,48.93745],[3.31308,48.92122],[3.29381,48.90049],[3.20991,48.91471],[3.18922,48.94228],[3.14148,48.90782],[3.1097,48.86289],[3.12443,48.83828],[3.16803,48.82994],[3.15011,48.76288],[3.11942,48.76187],[3.10789,48.7329],[3.06201,48.72826],[2.96536,48.78242],[2.93635,48.78142],[2.93294,48.81861],[2.89271,48.83788],[2.78471,48.82812]]]}},{"type":"Feature","properties":{"riding_id":"07706","dept":"077","name":"Seine-et-Marne — 6ème circonscription"},"geometry":{"type":"Polygon","coordinates":[[[2.70308,49.06474],[2.76083,49.063],[2.80925,49.09754],[2.85609,49.07003],[2.90151,49.08537],[2.97461,49.07484],[3.05632,49.10192],[3.07188,49.11755],[3.16523,49.09966],[3.15581,49.0855],[3.19067,49.04997],[3.16301,49.01994],[3.13245,48.99143],[3.06,48.97896],[2.99852,48.95928],[2.89644,48.9102],[2.8365,48.90097],[2.80657,48.91476],[2.78649,48.92847],[2.79615,48.98999],[2.75343,48.99066],[2.68308,49.01183],[2.67488,49.03381],[2.70308,49.06474]]]}},{"type":"Feature","properties":{"riding_id":"07707","dept":"077","name":"Seine-et-Marne — 7ème circonscription"},"geometry":{"type":"Polygon","coordinates":[[[2.66085,48.87404],[2.59237,48.9077],[2.59593,48.93861],[2.55306,49.00982],[2.59052,49.07966],[2.63327,49.10838],[2.70308,49.06474],[2.67488,49.03381],[2.68308,49.01183],[2.75343,48.99066],[2.79615,48.98999],[2.78649,48.92847],[2.73317,48.92186],[2.72754,48.85976],[2.66233,48.85016],[2.66085,48.87404]]]}},{"type":"Feature","properties":{"riding_id":"07708","dept":"077","name":"Seine-et-Marne — 8ème circonscription"},"geometry":{"type":"Polygon","coordinates":[[[2.62677,48.80308],[2.63917,48.85909],[2.66085,48.87404],[2.66233,48.85016],[2.72754,48.85976],[2.73317,48.92186],[2.78649,48.92847],[2.80657,48.91476],[2.78471,48.82812],[2.77691,48.80908],[2.72802,48.7973],[2.70395,48.74854],[2.65071,48.74971],[2.62677,48.80308]]]}},{"type":"Feature","properties":{"riding_id":"07709","dept":"077","name":"Seine-et-Marne — 9ème circonscription"},"geometry":{"type":"Polygon","coordinates":[[[2.57166,48.69202],[2.59754,48.76057],[2.59228,48.80744],[2.59579,48.81427],[2.62677,48.80308],[2.65071,48.74971],[2.70395,48.74854],[2.72802,48.7973],[2.77691,48.80908],[2.81301,48.77324],[2.79582,48.75704],[2.84887,48.72964],[2.81541,48.68332],[2.89895,48.67452],[2.8822,48.65794],[2.81655,48.64852],[2.78587,48.65939],[2.72036,48.62769],[2.71529,48.60979],[2.66351,48.61458],[2.62809,48.63837],[2.54797,48.64966],[2.57166,48.69202]]]}},{"type":"Feature","properties":{"riding_id":"07710","dept":"077","name":"Seine-et-Marne — 10ème circonscription"},"geometry":{"type":"Polygon","coordinates":[[[2.56797,48.86594],[2.55941,48.88534],[2.59237,48.9077],[2.66085,48.87404],[2.63917,48.85909],[2.62677,48.80308],[2.59579,48.81427],[2.56797,48.86594]]]}},{"type":"Feature","properties":{"riding_id":"07711","dept":"077","name":"Seine-et-Marne — 11ème circonscription"},"geometry":{"type":"Polygon","coordinates":[[[2.53159,48.57366],[2.52177,48.57322],[2.54145,48.59689],[2.5175,48.62981],[2.54797,48.64966],[2.62809,48.63837],[2.66351,48.61458],[2.64471,48.53487],[2.61073,48.51752],[2.53479,48.54071],[2.53159,48.57366]]]}},{"type":"Feature","properties":{"riding_id":"07801","dept":"078","name":"Yvelines — 1ère circonscription"},"geometry":{"type":"Polygon","coordinates":[[[2.01124,48.76197],[1.9944,48.79912],[2.05012,48.79841],[2.08043,48.81963],[2.13607,48.81494],[2.14848,48.82849],[2.16127,48.81278],[2.11004,48.79439],[2.10149,48.75649],[2.04993,48.76947],[2.01124,48.76197]]]}},{"type":"Feature","properties":{"riding_id":"07802","dept":"078","name":"Yvelines — 2ème circonscription"},"geometry":{"type":"Polygon","coordinates":[[[1.93243,48.74171],[1.98868,48.729],[2.01124,48.76197],[2.04993,48.76947],[2.10149,48.75649],[2.11004,48.79439],[2.16127,48.81278],[2.22663,48.78159],[2.22656,48.7761],[2.10045,48.736],[2.09785,48.69403],[2.04584,48.68678],[2.01166,48.65358],[1.92481,48.6698],[1.94327,48.69508],[1.93243,48.74171]]]}},{"type":"Feature","properties":{"riding_id":"07803","dept":"078","name":"Yvelines — 3ème circonscription"},"geometry":{"type":"Polygon","coordinates":[[[2.15039,48.87087],[2.15987,48.84772],[2.14848,48.82849],[2.13607,48.81494],[2.08043,48.81963],[2.0594,48.8294],[1.9944,48.79912],[1.98648,48.79969],[1.9669,48.82179],[1.9697,48.86396],[1.99837,48.8914],[2.07737,48.87362],[2.11064,48.84109],[2.15039,48.87087]]]}},{"type":"Feature","properties":{"riding_id":"07804","dept":"078","name":"Yvelines — 4ème circonscription"},"geometry":{"type":"Polygon","coordinates":[[[2.19893,48.93525],[2.20059,48.90868],[2.16935,48.89581],[2.15039,48.87087],[2.11064,48.84109],[2.07737,48.87362],[2.11819,48.89078],[2.18288,48.93654],[2.19893,48.93525]]]}},{"type":"Feature","properties":{"riding_id":"07805","dept":"078","name":"Yvelines — 5ème circonscription"},"geometry":{"type":"Polygon","coordinates":[[[2.17815,48.96351],[2.20586,48.94974],[2.19893,48.93525],[2.18288,48.93654],[2.11819,48.89078],[2.10413,48.9074],[2.13447,48.95585],[2.17815,48.96351]]]}},{"type":"Feature","properties":{"riding_id":"07806","dept":"078","name":"Yvelines — 6ème circonscription"},"geometry":{"type":"Polygon","coordinates":[[[1.96947,48.94612],[2.00832,48.94193],[2.0744,48.98481],[2.12745,48.98905],[2.17815,48.96351],[2.13447,48.95585],[2.10413,48.9074],[2.11819,48.89078],[2.07737,48.87362],[1.99837,48.8914],[2.02217,48.91361],[1.96947,48.94612]]]}},{"type":"Feature","properties":{"riding_id":"07807","dept":"078","name":"Yvelines — 7ème circonscription"},"geometry":{"type":"Polygon","coordinates":[[[2.12126,49.01849],[2.12745,48.98905],[2.0744,48.98481],[2.00832,48.94193],[1.96947,48.94612],[1.95574,48.95683],[1.9371,49.00657],[1.86481,48.98989],[1.85926,49.01397],[1.90852,49.04802],[1.95495,49.02454],[2.02644,49.0007],[2.06443,49.00821],[2.12126,49.01849]]]}},{"type":"Feature","properties":{"riding_id":"07808","dept":"078","name":"Yvelines — 8ème circonscription"},"geometry":{"type":"Polygon","coordinates":[[[1.85926,49.01397],[1.86481,48.98989],[1.80685,48.97102],[1.67493,48.96169],[1.63108,48.98729],[1.56715,48.98342],[1.58436,49.01635],[1.69367,49.05668],[1.72346,49.04498],[1.8236,49.07667],[1.86547,49.05747],[1.85926,49.01397]]]}},{"type":"Feature","properties":{"riding_id":"07809","dept":"078","name":"Yvelines — 9ème circonscription"},"geometry":{"type":"Polygon","coordinates":[[[1.86481,48.98989],[1.9371,49.00657],[1.95574,48.95683],[1.91769,48.9245],[1.89135,48.87853],[1.8384,48.87126],[1.77043,48.89607],[1.73144,48.87397],[1.71892,48.84859],[1.70564,48.77978],[1.67509,48.7434],[1.7147,48.71347],[1.64903,48.70933],[1.61129,48.68846],[1.58249,48.7043],[1.62496,48.74903],[1.58293,48.76756],[1.59048,48.81733],[1.58296,48.8575],[1.53825,48.92169],[1.50152,48.94105],[1.47089,48.97482],[1.4771,49.0148],[1.45776,49.0263],[1.52135,49.06835],[1.6088,49.07789],[1.67082,49.07891],[1.69367,49.05668],[1.58436,49.01635],[1.56715,48.98342],[1.63108,48.98729],[1.67493,48.96169],[1.80685,48.97102],[1.86481,48.98989]]]}},{"type":"Feature","properties":{"riding_id":"07810","dept":"078","name":"Yvelines — 10ème circonscription"},"geometry":{"type":"Polygon","coordinates":[[[1.94124,48.79154],[1.95194,48.75937],[1.93243,48.74171],[1.94327,48.69508],[1.92481,48.6698],[2.01166,48.65358],[2.05482,48.60796],[2.03501,48.60485],[2.01757,48.5576],[1.93796,48.56178],[1.96206,48.535],[1.91683,48.47369],[1.92215,48.4576],[1.90451,48.44026],[1.84722,48.44667],[1.80213,48.46809],[1.78664,48.49147],[1.7763,48.52681],[1.78724,48.55374],[1.76145,48.57169],[1.70925,48.57802],[1.71514,48.61315],[1.66635,48.61371],[1.64084,48.64489],[1.60271,48.6631],[1.61129,48.68846],[1.64903,48.70933],[1.7147,48.71347],[1.67509,48.7434],[1.70564,48.77978],[1.71892,48.84859],[1.76112,48.84104],[1.84176,48.80062],[1.89849,48.80962],[1.94124,48.79154]]]}},{"type":"Feature","properties":{"riding_id":"07811","dept":"078","name":"Yvelines — 11ème circonscription"},"geometry":{"type":"MultiPolygon","coordinates":[[[[1.93243,48.74171],[1.95194,48.75937],[1.94124,48.79154],[1.98648,48.79969],[1.9944,48.79912],[2.01124,48.76197],[1.98868,48.729],[1.93243,48.74171]]],[[[1.9944,48.79912],[2.0594,48.8294],[2.08043,48.81963],[2.05012,48.79841],[1.9944,48.79912]]]]}},{"type":"Feature","properties":{"riding_id":"07812","dept":"078","name":"Yvelines — 12ème circonscription"},"geometry":{"type":"Polygon","coordinates":[[[1.71892,48.84859],[1.73144,48.87397],[1.77043,48.89607],[1.8384,48.87126],[1.89135,48.87853],[1.91769,48.9245],[1.95574,48.95683],[1.96947,48.94612],[2.02217,48.91361],[1.99837,48.8914],[1.9697,48.86396],[1.9669,48.82179],[1.98648,48.79969],[1.94124,48.79154],[1.89849,48.80962],[1.84176,48.80062],[1.76112,48.84104],[1.71892,48.84859]]]}},{"type":"Feature","properties":{"riding_id":"07901","dept":"079","name":"Deux-Sèvres — 1ère circonscription"},"geometry":{"type":"Polygon","coordinates":[[[-0.64354,46.31945],[-0.60284,46.35959],[-0.55959,46.36094],[-0.5378,46.38647],[-0.61101,46.41305],[-0.62553,46.49676],[-0.60213,46.53328],[-0.61396,46.62013],[-0.56316,46.6294],[-0.52725,46.653],[-0.47217,46.6536],[-0.47437,46.7049],[-0.43664,46.71266],[-0.40536,46.68727],[-0.35452,46.66954],[-0.29546,46.69228],[-0.27241,46.64934],[-0.31918,46.63374],[-0.30788,46.60751],[-0.20281,46.6016],[-0.1676,46.59218],[-0.1759,46.55285],[-0.20699,46.52871],[-0.17328,46.51486],[-0.19006,46.4713],[-0.25582,46.45204],[-0.28036,46.48555],[-0.3384,46.43426],[-0.39059,46.44348],[-0.39689,46.42245],[-0.35811,46.39915],[-0.35381,46.3479],[-0.30633,46.25485],[-0.26813,46.22531],[-0.28569,46.20064],[-0.33386,46.17029],[-0.36393,46.19547],[-0.43544,46.22591],[-0.45849,46.29396],[-0.5257,46.30611],[-0.56589,46.28995],[-0.58676,46.3068],[-0.64354,46.31945]]]}},{"type":"Feature","properties":{"riding_id":"07902","dept":"079","name":"Deux-Sèvres — 2ème circonscription"},"geometry":{"type":"Polygon","coordinates":[[[-0.58308,46.13956],[-0.61585,46.13845],[-0.68241,46.19769],[-0.69095,46.21933],[-0.75146,46.24507],[-0.73599,46.26782],[-0.75048,46.30426],[-0.69734,46.32519],[-0.64354,46.31945],[-0.58676,46.3068],[-0.56589,46.28995],[-0.5257,46.30611],[-0.45849,46.29396],[-0.43544,46.22591],[-0.36393,46.19547],[-0.33386,46.17029],[-0.28569,46.20064],[-0.26813,46.22531],[-0.30633,46.25485],[-0.35381,46.3479],[-0.35811,46.39915],[-0.39689,46.42245],[-0.39059,46.44348],[-0.3384,46.43426],[-0.28036,46.48555],[-0.25582,46.45204],[-0.19006,46.4713],[-0.17328,46.51486],[-0.20699,46.52871],[-0.1759,46.55285],[-0.1676,46.59218],[-0.20281,46.6016],[-0.30788,46.60751],[-0.31918,46.63374],[-0.27241,46.64934],[-0.29546,46.69228],[-0.35452,46.66954],[-0.40536,46.68727],[-0.3773,46.6987],[-0.36695,46.74004],[-0.31357,46.78531],[-0.26631,46.76875],[-0.25895,46.74484],[-0.21882,46.73341],[-0.23167,46.70575],[-0.20703,46.68053],[-0.14941,46.69099],[-0.13702,46.74169],[-0.08821,46.7726],[-0.05867,46.74615],[-0.02187,46.77635],[0.03306,46.73849],[-0.00048,46.71582],[-0.03166,46.66935],[-0.05885,46.63837],[-0.01008,46.6166],[0.02286,46.61453],[0.02052,46.58464],[-0.00331,46.57173],[-0.00627,46.52398],[-0.03135,46.52498],[-0.0401,46.47006],[-0.01047,46.46833],[-0.02022,46.40588],[0.03422,46.3735],[0.01385,46.35701],[0.02935,46.32867],[0.07822,46.30494],[0.12332,46.34679],[0.17737,46.32811],[0.15295,46.30405],[0.17232,46.2786],[0.12884,46.26723],[0.1427,46.23045],[0.11343,46.21221],[0.1077,46.18599],[0.15511,46.15717],[0.21631,46.14213],[0.18885,46.11131],[0.19735,46.09556],[0.16752,46.08456],[0.13582,46.10405],[0.07297,46.0939],[0.01914,46.05284],[-0.02621,46.05635],[-0.05886,45.98605],[-0.10294,45.96966],[-0.13561,45.97854],[-0.1448,46.00467],[-0.21066,46.04543],[-0.27303,46.05732],[-0.28002,46.0769],[-0.40145,46.08425],[-0.45034,46.10206],[-0.50363,46.10727],[-0.52679,46.13556],[-0.58308,46.13956]]]}},{"type":"Feature","properties":{"riding_id":"07903","dept":"079","name":"Deux-Sèvres — 3ème circonscription"},"geometry":{"type":"Polygon","coordinates":[[[-0.02187,46.77635],[-0.05867,46.74615],[-0.08821,46.7726],[-0.13702,46.74169],[-0.14941,46.69099],[-0.20703,46.68053],[-0.23167,46.70575],[-0.21882,46.73341],[-0.25895,46.74484],[-0.26631,46.76875],[-0.31357,46.78531],[-0.36695,46.74004],[-0.3773,46.6987],[-0.40536,46.68727],[-0.43664,46.71266],[-0.47437,46.7049],[-0.47217,46.6536],[-0.52725,46.653],[-0.56316,46.6294],[-0.61396,46.62013],[-0.64848,46.64704],[-0.63699,46.66333],[-0.65583,46.70034],[-0.71975,46.75573],[-0.71004,46.82157],[-0.78143,46.84308],[-0.81547,46.87886],[-0.83061,46.93114],[-0.881,46.94647],[-0.89196,46.97583],[-0.78758,47.00514],[-0.71454,46.98598],[-0.67104,47.00098],[-0.62018,46.99336],[-0.58725,47.00613],[-0.56155,47.02951],[-0.55972,47.0617],[-0.49178,47.08285],[-0.48375,47.06659],[-0.40078,47.07077],[-0.39603,47.09024],[-0.34014,47.08727],[-0.24041,47.10514],[-0.16674,47.08099],[-0.1289,47.05424],[-0.10212,47.06481],[-0.08134,47.01313],[-0.03312,46.98025],[-0.04483,46.95952],[-0.00912,46.90792],[-0.02829,46.87918],[-0.01067,46.84742],[-0.04539,46.824],[0.00681,46.81054],[-0.02187,46.77635]]]}},{"type":"Feature","properties":{"riding_id":"08001","dept":"080","name":"Somme — 1ère circonscription"},"geometry":{"type":"Polygon","coordinates":[[[2.07977,50.13334],[2.13609,50.11281],[2.27893,50.09168],[2.28434,50.07171],[2.34413,50.06781],[2.27226,50.02143],[2.23598,50.02554],[2.19211,49.95987],[2.30342,49.96228],[2.39384,49.93235],[2.38216,49.88492],[2.34274,49.86325],[2.33481,49.87134],[2.28946,49.89972],[2.277,49.91278],[2.21694,49.92695],[2.18722,49.87647],[2.12992,49.91936],[2.10215,49.90191],[2.05307,49.91597],[2.01977,49.95171],[1.9997,50.00177],[2.00646,50.02342],[1.88138,50.05721],[1.83656,50.04235],[1.81038,50.06854],[1.74951,50.08831],[1.74207,50.12551],[1.85261,50.16124],[1.92077,50.13032],[1.94786,50.16104],[1.99991,50.16388],[2.04752,50.18128],[2.07977,50.13334]]]}},{"type":"Feature","properties":{"riding_id":"08002","dept":"080","name":"Somme — 2ème circonscription"},"geometry":{"type":"Polygon","coordinates":[[[2.38216,49.88492],[2.45223,49.88631],[2.49791,49.85137],[2.45759,49.83087],[2.44904,49.79937],[2.39357,49.7665],[2.30084,49.77131],[2.22913,49.83265],[2.18416,49.83758],[2.18722,49.87647],[2.21694,49.92695],[2.277,49.91278],[2.28946,49.89972],[2.33481,49.87134],[2.34274,49.86325],[2.38216,49.88492]]]}},{"type":"Feature","properties":{"riding_id":"08003","dept":"080","name":"Somme — 3ème circonscription"},"geometry":{"type":"Polygon","coordinates":[[[1.64154,50.35215],[1.67725,50.33382],[1.76185,50.36161],[1.80468,50.35961],[1.9195,50.31266],[1.94565,50.28775],[1.99413,50.27572],[2.04867,50.25677],[2.08571,50.20102],[2.10581,50.14364],[2.07977,50.13334],[2.04752,50.18128],[1.99991,50.16388],[1.94786,50.16104],[1.92077,50.13032],[1.85261,50.16124],[1.74207,50.12551],[1.74951,50.08831],[1.81038,50.06854],[1.83656,50.04235],[1.88138,50.05721],[2.00646,50.02342],[1.9997,50.00177],[2.01977,49.95171],[2.05307,49.91597],[2.10215,49.90191],[2.12992,49.91936],[2.18722,49.87647],[2.18416,49.83758],[2.11425,49.82579],[2.07551,49.80472],[2.03238,49.82478],[1.97256,49.8364],[1.97407,49.87425],[1.89012,49.89544],[1.84834,49.87617],[1.80272,49.8836],[1.76222,49.84692],[1.72622,49.83995],[1.67845,49.91813],[1.59605,49.94799],[1.57439,49.97366],[1.45226,50.04267],[1.45915,50.0625],[1.3797,50.06502],[1.45375,50.10998],[1.4831,50.17267],[1.54575,50.21414],[1.59626,50.18617],[1.67499,50.17543],[1.66146,50.21382],[1.61703,50.21935],[1.59223,50.25646],[1.53837,50.28021],[1.55662,50.36314],[1.64154,50.35215]]]}},{"type":"Feature","properties":{"riding_id":"08004","dept":"080","name":"Somme — 4ème circonscription"},"geometry":{"type":"Polygon","coordinates":[[[2.38216,49.88492],[2.39384,49.93235],[2.30342,49.96228],[2.19211,49.95987],[2.23598,50.02554],[2.27226,50.02143],[2.34413,50.06781],[2.28434,50.07171],[2.27893,50.09168],[2.13609,50.11281],[2.07977,50.13334],[2.10581,50.14364],[2.08571,50.20102],[2.1733,50.20789],[2.26935,50.22765],[2.3313,50.22172],[2.45207,50.23021],[2.49569,50.19456],[2.41485,50.17311],[2.38978,50.15548],[2.37546,50.10926],[2.42966,50.08819],[2.37618,50.06899],[2.41818,50.01154],[2.50108,50.02486],[2.54739,50.04115],[2.57709,50.0022],[2.57839,49.96081],[2.55103,49.95081],[2.6114,49.87747],[2.62236,49.80356],[2.64695,49.79249],[2.6593,49.73576],[2.7318,49.72214],[2.69286,49.69093],[2.73336,49.64075],[2.72521,49.62473],[2.68893,49.62566],[2.64963,49.57176],[2.61546,49.61162],[2.57163,49.59708],[2.50578,49.63628],[2.47812,49.62079],[2.44559,49.65298],[2.37391,49.65604],[2.33229,49.68099],[2.22962,49.7022],[2.15558,49.70209],[2.12404,49.68804],[2.05885,49.6951],[2.03402,49.71062],[1.93307,49.71988],[1.89476,49.6998],[1.84899,49.70164],[1.83835,49.73072],[1.78485,49.7579],[1.73385,49.8135],[1.72622,49.83995],[1.76222,49.84692],[1.80272,49.8836],[1.84834,49.87617],[1.89012,49.89544],[1.97407,49.87425],[1.97256,49.8364],[2.03238,49.82478],[2.07551,49.80472],[2.11425,49.82579],[2.18416,49.83758],[2.22913,49.83265],[2.30084,49.77131],[2.39357,49.7665],[2.44904,49.79937],[2.45759,49.83087],[2.49791,49.85137],[2.45223,49.88631],[2.38216,49.88492]]]}},{"type":"Feature","properties":{"riding_id":"08005","dept":"080","name":"Somme — 5ème circonscription"},"geometry":{"type":"Polygon","coordinates":[[[3.09025,50.05374],[3.12358,50.02448],[3.17271,50.01199],[3.19272,49.97754],[3.11762,49.91396],[3.11913,49.88302],[3.08784,49.86569],[3.08593,49.79175],[3.1204,49.70573],[3.11865,49.70583],[3.05244,49.71377],[3.02831,49.68006],[2.99237,49.70765],[2.95027,49.69279],[2.91342,49.70951],[2.86064,49.68489],[2.83963,49.66077],[2.80043,49.66137],[2.78619,49.6129],[2.72521,49.62473],[2.73336,49.64075],[2.69286,49.69093],[2.7318,49.72214],[2.6593,49.73576],[2.64695,49.79249],[2.62236,49.80356],[2.6114,49.87747],[2.55103,49.95081],[2.57839,49.96081],[2.57709,50.0022],[2.54739,50.04115],[2.50108,50.02486],[2.41818,50.01154],[2.37618,50.06899],[2.42966,50.08819],[2.45505,50.13118],[2.51495,50.14082],[2.53233,50.11508],[2.63073,50.10728],[2.69165,50.09207],[2.72993,50.12586],[2.7809,50.11116],[2.75219,50.04032],[2.85541,50.07799],[2.87619,50.04425],[2.91697,50.03553],[2.97154,50.04137],[3.01197,50.05804],[3.09025,50.05374]]]}},{"type":"Feature","properties":{"riding_id":"08101","dept":"081","name":"Tarn — 1ère circonscription"},"geometry":{"type":"Polygon","coordinates":[[[2.93546,43.69467],[2.91809,43.66099],[2.81475,43.63931],[2.75452,43.61414],[2.72267,43.64264],[2.65364,43.65002],[2.61691,43.60145],[2.61664,43.56538],[2.65885,43.51692],[2.60828,43.50391],[2.54695,43.52206],[2.46471,43.57699],[2.42164,43.56629],[2.41118,43.62813],[2.3441,43.61902],[2.32777,43.58496],[2.2539,43.5573],[2.22989,43.5878],[2.27295,43.65348],[2.23451,43.67032],[2.20815,43.70733],[2.22922,43.72199],[2.21963,43.7663],[2.19515,43.76092],[2.15057,43.7812],[2.10905,43.77705],[2.08053,43.79326],[2.05206,43.83653],[2.06291,43.91176],[2.13487,43.92059],[2.19528,43.95161],[2.27099,43.93469],[2.33065,43.93319],[2.36056,43.96852],[2.32715,43.99135],[2.32335,44.03527],[2.35774,44.10155],[2.38922,44.09457],[2.41021,44.05586],[2.46087,44.05032],[2.5018,43.98663],[2.5085,43.94527],[2.55384,43.92109],[2.55201,43.89157],[2.57627,43.88176],[2.5618,43.84597],[2.62921,43.78025],[2.68173,43.74352],[2.74054,43.72896],[2.7815,43.73696],[2.81452,43.76158],[2.87045,43.73916],[2.91914,43.73247],[2.93546,43.69467]]]}},{"type":"Feature","properties":{"riding_id":"08102","dept":"081","name":"Tarn — 2ème circonscription"},"geometry":{"type":"Polygon","coordinates":[[[2.08053,43.79326],[2.05696,43.78363],[2.03857,43.68886],[1.97083,43.71059],[1.96067,43.73219],[1.91074,43.71869],[1.87267,43.72843],[1.84318,43.7561],[1.84387,43.77777],[1.78496,43.80686],[1.73518,43.77129],[1.65153,43.77586],[1.64479,43.80026],[1.58859,43.81718],[1.59317,43.84314],[1.55509,43.86849],[1.55562,43.91832],[1.57752,43.93881],[1.55229,43.96304],[1.61864,43.97283],[1.65118,44.01128],[1.68973,44.02326],[1.70421,44.04436],[1.66684,44.06493],[1.67105,44.11613],[1.74653,44.11469],[1.77796,44.09677],[1.80601,44.12645],[1.91906,44.16308],[1.94139,44.14786],[1.99017,44.14945],[2.03025,44.15757],[2.11406,44.1958],[2.14921,44.20054],[2.18079,44.17828],[2.28488,44.14534],[2.30729,44.11854],[2.35774,44.10155],[2.32335,44.03527],[2.32715,43.99135],[2.36056,43.96852],[2.33065,43.93319],[2.27099,43.93469],[2.19528,43.95161],[2.13487,43.92059],[2.06291,43.91176],[2.05206,43.83653],[2.08053,43.79326]]]}},{"type":"Feature","properties":{"riding_id":"08103","dept":"081","name":"Tarn — 3ème circonscription"},"geometry":{"type":"Polygon","coordinates":[[[1.68777,43.63071],[1.72884,43.65756],[1.7207,43.68835],[1.66357,43.69406],[1.70645,43.71622],[1.65009,43.7516],[1.65153,43.77586],[1.73518,43.77129],[1.78496,43.80686],[1.84387,43.77777],[1.84318,43.7561],[1.87267,43.72843],[1.91074,43.71869],[1.96067,43.73219],[1.97083,43.71059],[2.03857,43.68886],[2.05696,43.78363],[2.08053,43.79326],[2.10905,43.77705],[2.15057,43.7812],[2.19515,43.76092],[2.21963,43.7663],[2.22922,43.72199],[2.20815,43.70733],[2.23451,43.67032],[2.27295,43.65348],[2.22989,43.5878],[2.2539,43.5573],[2.32777,43.58496],[2.3441,43.61902],[2.41118,43.62813],[2.42164,43.56629],[2.46471,43.57699],[2.54695,43.52206],[2.60828,43.50391],[2.65885,43.51692],[2.66463,43.46389],[2.60637,43.43199],[2.56579,43.42296],[2.51899,43.42372],[2.49438,43.43694],[2.42759,43.43449],[2.39873,43.41705],[2.30412,43.44793],[2.28201,43.44123],[2.25669,43.45364],[2.2225,43.42828],[2.21502,43.38262],[2.17041,43.41581],[2.10879,43.39446],[2.0728,43.3957],[2.05307,43.43031],[2.02913,43.4369],[2.01933,43.47006],[1.88772,43.51694],[1.85071,43.54919],[1.83915,43.57787],[1.80615,43.57937],[1.68777,43.63071]]]}},{"type":"Feature","properties":{"riding_id":"08201","dept":"082","name":"Tarn-et-Garonne — 1ère circonscription"},"geometry":{"type":"Polygon","coordinates":[[[1.70232,44.3145],[1.74095,44.3263],[1.78267,44.31625],[1.88208,44.34007],[1.86048,44.32194],[1.90139,44.27912],[1.97063,44.27635],[1.96202,44.24234],[1.93216,44.24265],[1.90835,44.21245],[1.91299,44.18841],[1.97398,44.18139],[1.99017,44.14945],[1.94139,44.14786],[1.91906,44.16308],[1.80601,44.12645],[1.77796,44.09677],[1.74653,44.11469],[1.67105,44.11613],[1.66684,44.06493],[1.70421,44.04436],[1.68973,44.02326],[1.65118,44.01128],[1.61864,43.97283],[1.55229,43.96304],[1.57752,43.93881],[1.55562,43.91832],[1.49666,43.88858],[1.46987,43.89748],[1.38323,43.91673],[1.34198,43.96809],[1.31124,43.99149],[1.27291,44.0823],[1.24532,44.11442],[1.21363,44.11363],[1.17831,44.14158],[1.23241,44.18924],[1.28439,44.25252],[1.28132,44.23534],[1.37717,44.22283],[1.45211,44.25588],[1.47353,44.28422],[1.50926,44.27379],[1.53746,44.23026],[1.58592,44.25094],[1.57382,44.30096],[1.65005,44.2832],[1.70232,44.3145]]]}},{"type":"Feature","properties":{"riding_id":"08202","dept":"082","name":"Tarn-et-Garonne — 2ème circonscription"},"geometry":{"type":"Polygon","coordinates":[[[0.74189,44.0652],[0.75438,44.1048],[0.79317,44.11846],[0.79657,44.14515],[0.86909,44.12652],[0.88835,44.14881],[0.85969,44.19274],[0.90311,44.19006],[0.95079,44.27507],[0.86945,44.30926],[0.89611,44.34623],[0.88732,44.36465],[0.91985,44.38442],[0.95022,44.35958],[1.06023,44.36606],[1.06408,44.37851],[1.10342,44.36697],[1.10947,44.32469],[1.16907,44.30402],[1.18441,44.2868],[1.28439,44.25252],[1.23241,44.18924],[1.17831,44.14158],[1.21363,44.11363],[1.24532,44.11442],[1.27291,44.0823],[1.31124,43.99149],[1.34198,43.96809],[1.38323,43.91673],[1.46987,43.89748],[1.44774,43.87351],[1.41812,43.87188],[1.36518,43.88957],[1.31941,43.85807],[1.36003,43.81721],[1.21278,43.76824],[1.15737,43.81833],[1.11508,43.79778],[1.08331,43.81633],[0.95398,43.78737],[0.89729,43.78854],[0.92516,43.83203],[0.89524,43.8399],[0.88923,43.90425],[0.8093,43.9323],[0.77,43.92214],[0.76011,43.9453],[0.82687,43.99749],[0.81455,44.02282],[0.76405,44.02964],[0.74189,44.0652]]]}},{"type":"Feature","properties":{"riding_id":"08301","dept":"083","name":"Var — 1ère circonscription"},"geometry":{"type":"Polygon","coordinates":[[[5.88734,43.11615],[5.92048,43.15094],[5.96717,43.15232],[5.9841,43.12343],[5.97906,43.10654],[5.92874,43.10456],[5.88734,43.11615]]]}},{"type":"Feature","properties":{"riding_id":"08302","dept":"083","name":"Var — 2ème circonscription"},"geometry":{"type":"Polygon","coordinates":[[[5.8009,43.15898],[5.85495,43.19902],[5.99474,43.26153],[6.01814,43.23105],[6.09389,43.19812],[6.08416,43.16588],[6.0256,43.15471],[5.9841,43.12343],[5.96717,43.15232],[5.92048,43.15094],[5.88734,43.11615],[5.88562,43.11715],[5.82302,43.1204],[5.8009,43.15898]]]}},{"type":"Feature","properties":{"riding_id":"08303","dept":"083","name":"Var — 3ème circonscription"},"geometry":{"type":"Polygon","coordinates":[[[5.97906,43.10654],[5.9841,43.12343],[6.0256,43.15471],[6.08416,43.16588],[6.09389,43.19812],[6.11391,43.22752],[6.16316,43.20264],[6.24083,43.21525],[6.29206,43.18084],[6.27182,43.12099],[6.20105,43.11543],[6.12537,43.0776],[6.08151,43.08736],[6.0511,43.07918],[5.97906,43.10654]]]}},{"type":"Feature","properties":{"riding_id":"08304","dept":"083","name":"Var — 4ème circonscription"},"geometry":{"type":"Polygon","coordinates":[[[6.19132,43.44246],[6.23499,43.45988],[6.23639,43.4812],[6.28706,43.47893],[6.32615,43.5173],[6.52195,43.48003],[6.54297,43.39719],[6.62298,43.40529],[6.68217,43.34098],[6.66822,43.3143],[6.58536,43.27924],[6.59415,43.26219],[6.64406,43.27362],[6.66531,43.24237],[6.66525,43.21147],[6.62086,43.16146],[6.59438,43.18468],[6.56164,43.18883],[6.49406,43.1509],[6.46546,43.15682],[6.36811,43.13564],[6.36399,43.08956],[6.32611,43.09247],[6.27182,43.12099],[6.29206,43.18084],[6.24083,43.21525],[6.24194,43.27741],[6.21139,43.31949],[6.16493,43.3171],[6.13499,43.33201],[6.19132,43.44246]]]}},{"type":"Feature","properties":{"riding_id":"08305","dept":"083","name":"Var — 5ème circonscription"},"geometry":{"type":"Polygon","coordinates":[[[6.87913,43.53245],[6.88423,43.50254],[6.93373,43.48007],[6.92131,43.45131],[6.8901,43.42801],[6.86024,43.43119],[6.78776,43.40895],[6.73533,43.40777],[6.71382,43.34588],[6.68217,43.34098],[6.62298,43.40529],[6.54297,43.39719],[6.52195,43.48003],[6.59066,43.49123],[6.57717,43.52299],[6.67147,43.55362],[6.78687,43.54669],[6.87913,43.53245]]]}},{"type":"Feature","properties":{"riding_id":"08306","dept":"083","name":"Var — 6ème circonscription"},"geometry":{"type":"Polygon","coordinates":[[[5.72591,43.13653],[5.69591,43.14509],[5.67188,43.17927],[5.68242,43.23546],[5.76093,43.26735],[5.7266,43.31736],[5.66916,43.31941],[5.70363,43.35401],[5.68279,43.39917],[5.77891,43.41007],[5.72721,43.46708],[5.71428,43.50122],[5.72507,43.55127],[5.78349,43.53811],[5.82768,43.54825],[5.86541,43.48804],[5.92542,43.4905],[5.91433,43.45081],[5.98801,43.43132],[5.99757,43.4693],[6.04024,43.45763],[6.06769,43.46779],[6.12618,43.4461],[6.19132,43.44246],[6.13499,43.33201],[6.16493,43.3171],[6.21139,43.31949],[6.24194,43.27741],[6.24083,43.21525],[6.16316,43.20264],[6.11391,43.22752],[6.09389,43.19812],[6.01814,43.23105],[5.99474,43.26153],[5.85495,43.19902],[5.8009,43.15898],[5.74476,43.16457],[5.72591,43.13653]]]}},{"type":"Feature","properties":{"riding_id":"08307","dept":"083","name":"Var — 7ème circonscription"},"geometry":{"type":"Polygon","coordinates":[[[5.72591,43.13653],[5.74476,43.16457],[5.8009,43.15898],[5.82302,43.1204],[5.88562,43.11715],[5.90721,43.10001],[5.86058,43.04893],[5.79776,43.06911],[5.80727,43.11572],[5.77033,43.13901],[5.72591,43.13653]]]}},{"type":"Feature","properties":{"riding_id":"08308","dept":"083","name":"Var — 8ème circonscription"},"geometry":{"type":"Polygon","coordinates":[[[6.6364,43.78895],[6.65742,43.74872],[6.75416,43.73786],[6.7747,43.69385],[6.76113,43.66589],[6.79987,43.62835],[6.85316,43.6064],[6.89447,43.61102],[6.91199,43.59833],[6.90664,43.56415],[6.87913,43.53245],[6.78687,43.54669],[6.67147,43.55362],[6.57717,43.52299],[6.59066,43.49123],[6.52195,43.48003],[6.32615,43.5173],[6.28706,43.47893],[6.23639,43.4812],[6.23499,43.45988],[6.19132,43.44246],[6.12618,43.4461],[6.06769,43.46779],[6.04024,43.45763],[5.99757,43.4693],[5.98801,43.43132],[5.91433,43.45081],[5.92542,43.4905],[5.86541,43.48804],[5.82768,43.54825],[5.78349,43.53811],[5.72507,43.55127],[5.68758,43.58421],[5.68088,43.61088],[5.7006,43.64253],[5.79921,43.65993],[5.81325,43.68905],[5.75365,43.72462],[5.75733,43.72941],[5.78134,43.75566],[5.83182,43.74596],[5.85575,43.72319],[5.88862,43.72636],[5.905,43.75278],[5.93825,43.74836],[5.95186,43.72153],[6.02173,43.66829],[6.03461,43.69271],[6.07041,43.70494],[6.11087,43.74575],[6.16911,43.75176],[6.21068,43.79766],[6.24963,43.80158],[6.26779,43.77855],[6.35451,43.73651],[6.38354,43.73444],[6.41279,43.76226],[6.41585,43.79005],[6.48724,43.79229],[6.52038,43.80698],[6.55407,43.78343],[6.58691,43.80532],[6.6364,43.78895]]]}},{"type":"Feature","properties":{"riding_id":"08401","dept":"084","name":"Vaucluse — 1ère circonscription"},"geometry":{"type":"Polygon","coordinates":[[[4.73906,43.92407],[4.81437,43.96468],[4.84534,43.99559],[4.88437,43.98195],[4.88397,43.95277],[4.91801,43.9539],[4.92201,43.88676],[4.8548,43.9108],[4.73906,43.92407]]]}},{"type":"Feature","properties":{"riding_id":"08402","dept":"084","name":"Vaucluse — 2ème circonscription"},"geometry":{"type":"Polygon","coordinates":[[[5.44529,43.6801],[5.41271,43.69291],[5.3153,43.73657],[5.23638,43.74747],[5.18626,43.73551],[5.04814,43.78973],[5.02772,43.82858],[4.96965,43.86974],[4.92201,43.88676],[4.91801,43.9539],[4.95095,43.97463],[5.04403,43.94499],[5.06877,43.96443],[5.15973,43.94997],[5.16656,43.86437],[5.26757,43.85389],[5.34337,43.86317],[5.35923,43.84511],[5.40418,43.84569],[5.47377,43.79816],[5.47283,43.75252],[5.45333,43.72931],[5.44529,43.6801]]]}},{"type":"Feature","properties":{"riding_id":"08403","dept":"084","name":"Vaucluse — 3ème circonscription"},"geometry":{"type":"Polygon","coordinates":[[[4.91514,44.10354],[4.9424,44.05398],[4.99148,44.06871],[5.04345,44.05478],[5.08664,44.06085],[5.10185,44.07931],[5.15915,44.08745],[5.15937,44.06338],[5.18612,44.03653],[5.13929,44.03099],[5.16161,44.00411],[5.21363,43.9899],[5.19595,43.95028],[5.15973,43.94997],[5.06877,43.96443],[5.04403,43.94499],[4.95095,43.97463],[4.91801,43.9539],[4.88397,43.95277],[4.88437,43.98195],[4.84534,43.99559],[4.79587,44.04791],[4.83395,44.03377],[4.86483,44.05797],[4.83955,44.07983],[4.87071,44.11767],[4.91514,44.10354]]]}},{"type":"Feature","properties":{"riding_id":"08404","dept":"084","name":"Vaucluse — 4ème circonscription"},"geometry":{"type":"MultiPolygon","coordinates":[[[[4.91514,44.10354],[4.87071,44.11767],[4.83955,44.07983],[4.86483,44.05797],[4.83395,44.03377],[4.79587,44.04791],[4.75772,44.08793],[4.72321,44.07935],[4.70508,44.10818],[4.71813,44.14068],[4.69994,44.21611],[4.67366,44.21471],[4.67736,44.23497],[4.64922,44.27036],[4.65062,44.32981],[4.72166,44.32659],[4.763,44.3251],[4.80456,44.3039],[4.804,44.26921],[4.82534,44.22845],[4.88025,44.26177],[4.93291,44.26215],[4.97169,44.27943],[4.98959,44.28577],[5.06057,44.30814],[5.07651,44.28409],[5.10955,44.28055],[5.14953,44.30068],[5.17561,44.22087],[5.23815,44.21323],[5.25651,44.23006],[5.30362,44.2088],[5.35579,44.2136],[5.38453,44.20119],[5.38324,44.15528],[5.3266,44.15958],[5.28286,44.17406],[5.17266,44.1626],[5.13253,44.14039],[5.071,44.13225],[5.04189,44.10973],[4.99636,44.10689],[4.95005,44.12909],[4.91514,44.10354]]],[[[4.98702,44.29272],[4.97997,44.29725],[4.92184,44.3088],[4.88946,44.30402],[4.86953,44.34508],[4.90709,44.37463],[4.91852,44.40778],[4.97055,44.42985],[5.01862,44.39259],[5.02506,44.361],[4.98702,44.29272]]]]}},{"type":"Feature","properties":{"riding_id":"08405","dept":"084","name":"Vaucluse — 5ème circonscription"},"geometry":{"type":"Polygon","coordinates":[[[5.15973,43.94997],[5.19595,43.95028],[5.21363,43.9899],[5.16161,44.00411],[5.13929,44.03099],[5.18612,44.03653],[5.15937,44.06338],[5.15915,44.08745],[5.10185,44.07931],[5.08664,44.06085],[5.04345,44.05478],[4.99148,44.06871],[4.9424,44.05398],[4.91514,44.10354],[4.95005,44.12909],[4.99636,44.10689],[5.04189,44.10973],[5.071,44.13225],[5.13253,44.14039],[5.17266,44.1626],[5.28286,44.17406],[5.3266,44.15958],[5.38324,44.15528],[5.41583,44.15465],[5.45472,44.11923],[5.49879,44.11572],[5.50264,44.06345],[5.5446,44.06989],[5.54287,44.02445],[5.51957,43.99401],[5.51267,43.9454],[5.56763,43.94264],[5.60656,43.91608],[5.57274,43.86351],[5.57172,43.82929],[5.65444,43.82511],[5.71627,43.75693],[5.75733,43.72941],[5.75365,43.72462],[5.71203,43.69064],[5.67311,43.69351],[5.60694,43.65869],[5.53051,43.65923],[5.44529,43.6801],[5.45333,43.72931],[5.47283,43.75252],[5.47377,43.79816],[5.40418,43.84569],[5.35923,43.84511],[5.34337,43.86317],[5.26757,43.85389],[5.16656,43.86437],[5.15973,43.94997]]]}},{"type":"Feature","properties":{"riding_id":"08501","dept":"085","name":"Vendée — 1ère circonscription"},"geometry":{"type":"Polygon","coordinates":[[[-1.93893,46.99352],[-1.83211,46.93209],[-1.75043,46.93037],[-1.73601,46.89606],[-1.54851,46.86008],[-1.50079,46.88339],[-1.52982,46.9082],[-1.52163,46.94103],[-1.55427,46.97865],[-1.54366,47.00377],[-1.49985,47.04069],[-1.47313,47.03112],[-1.45827,46.92584],[-1.37337,46.95208],[-1.33964,46.93583],[-1.35417,46.90317],[-1.3924,46.86905],[-1.3314,46.82936],[-1.33365,46.81039],[-1.28066,46.80072],[-1.2672,46.81557],[-1.2159,46.81718],[-1.17422,46.80346],[-1.14449,46.81733],[-1.10297,46.79873],[-1.10039,46.74594],[-1.07016,46.71902],[-1.1159,46.68956],[-1.16643,46.7118],[-1.20047,46.6889],[-1.24765,46.71445],[-1.33522,46.68982],[-1.36711,46.69311],[-1.52106,46.64211],[-1.5672,46.67764],[-1.59707,46.67628],[-1.59465,46.716],[-1.63506,46.71019],[-1.66945,46.68962],[-1.69377,46.70763],[-1.78158,46.73439],[-1.77253,46.77028],[-1.81872,46.79318],[-1.87545,46.80654],[-1.9271,46.83943],[-2.0295,46.84748],[-2.02338,46.86783],[-1.93651,46.89733],[-1.95338,46.92166],[-1.9436,46.94649],[-1.95707,46.97671],[-1.93893,46.99352]]]}},{"type":"Feature","properties":{"riding_id":"08502","dept":"085","name":"Vendée — 2ème circonscription"},"geometry":{"type":"Polygon","coordinates":[[[-1.30341,46.32062],[-1.35516,46.34584],[-1.46539,46.34276],[-1.50517,46.39939],[-1.62416,46.4141],[-1.71428,46.45903],[-1.65476,46.51627],[-1.66882,46.55118],[-1.73498,46.54943],[-1.73479,46.5855],[-1.69337,46.60666],[-1.75299,46.63101],[-1.75478,46.65902],[-1.72096,46.70031],[-1.69377,46.70763],[-1.66945,46.68962],[-1.63506,46.71019],[-1.59465,46.716],[-1.59707,46.67628],[-1.5672,46.67764],[-1.52106,46.64211],[-1.36711,46.69311],[-1.33522,46.68982],[-1.24765,46.71445],[-1.20047,46.6889],[-1.16643,46.7118],[-1.1159,46.68956],[-1.07016,46.71902],[-1.10039,46.74594],[-1.07353,46.76019],[-1.00187,46.75009],[-0.98714,46.77149],[-0.94159,46.7584],[-0.96245,46.73204],[-0.95644,46.69584],[-0.98654,46.63081],[-1.05841,46.64239],[-1.11315,46.56402],[-1.09739,46.54766],[-1.1512,46.48918],[-1.22964,46.48927],[-1.24328,46.46871],[-1.28871,46.46741],[-1.29594,46.43165],[-1.33376,46.42389],[-1.37619,46.38996],[-1.36595,46.35616],[-1.30341,46.32062]]]}},{"type":"Feature","properties":{"riding_id":"08503","dept":"085","name":"Vendée — 3ème circonscription"},"geometry":{"type":"MultiPolygon","coordinates":[[[[-1.98041,47.02891],[-1.93893,46.99352],[-1.95707,46.97671],[-1.9436,46.94649],[-1.95338,46.92166],[-1.93651,46.89733],[-2.02338,46.86783],[-2.0295,46.84748],[-1.9271,46.83943],[-1.87545,46.80654],[-1.81872,46.79318],[-1.77253,46.77028],[-1.78158,46.73439],[-1.69377,46.70763],[-1.72096,46.70031],[-1.75478,46.65902],[-1.75299,46.63101],[-1.69337,46.60666],[-1.73479,46.5855],[-1.73498,46.54943],[-1.66882,46.55118],[-1.65476,46.51627],[-1.71428,46.45903],[-1.78275,46.4943],[-1.81257,46.49438],[-1.85609,46.6084],[-1.89838,46.64126],[-1.94541,46.69401],[-2.05825,46.77492],[-2.14199,46.81898],[-2.1546,46.88816],[-2.12029,46.89222],[-2.10774,46.91748],[-2.0579,46.95157],[-2.02814,47.00957],[-1.98041,47.02891]]],[[[-2.34331,46.69273],[-2.3928,46.70996],[-2.38079,46.73247],[-2.3189,46.71927],[-2.34331,46.69273]]],[[[-2.18733,46.96115],[-2.26726,46.96396],[-2.30181,46.98974],[-2.30153,47.02497],[-2.25556,47.02707],[-2.22153,47.01206],[-2.23689,46.98087],[-2.18733,46.96115]]]]}},{"type":"Feature","properties":{"riding_id":"08504","dept":"085","name":"Vendée — 4ème circonscription"},"geometry":{"type":"Polygon","coordinates":[[[-1.37337,46.95208],[-1.35906,46.98114],[-1.37594,47.02966],[-1.31796,47.0343],[-1.26788,47.08427],[-1.19677,47.03977],[-1.14857,47.02955],[-1.11012,47.01601],[-0.95913,46.99812],[-0.93488,47.00756],[-0.89196,46.97583],[-0.881,46.94647],[-0.83061,46.93114],[-0.81547,46.87886],[-0.78143,46.84308],[-0.71004,46.82157],[-0.71975,46.75573],[-0.75904,46.74046],[-0.75776,46.70662],[-0.80553,46.68749],[-0.89294,46.67876],[-0.95644,46.69584],[-0.96245,46.73204],[-0.94159,46.7584],[-0.98714,46.77149],[-1.00187,46.75009],[-1.07353,46.76019],[-1.10039,46.74594],[-1.10297,46.79873],[-1.14449,46.81733],[-1.17422,46.80346],[-1.2159,46.81718],[-1.2672,46.81557],[-1.28066,46.80072],[-1.33365,46.81039],[-1.3314,46.82936],[-1.3924,46.86905],[-1.35417,46.90317],[-1.33964,46.93583],[-1.37337,46.95208]]]}},{"type":"Feature","properties":{"riding_id":"08505","dept":"085","name":"Vendée — 5ème circonscription"},"geometry":{"type":"Polygon","coordinates":[[[-1.1294,46.31028],[-1.16377,46.32435],[-1.20204,46.31609],[-1.20761,46.28287],[-1.23217,46.27577],[-1.30341,46.32062],[-1.36595,46.35616],[-1.37619,46.38996],[-1.33376,46.42389],[-1.29594,46.43165],[-1.28871,46.46741],[-1.24328,46.46871],[-1.22964,46.48927],[-1.1512,46.48918],[-1.09739,46.54766],[-1.11315,46.56402],[-1.05841,46.64239],[-0.98654,46.63081],[-0.95644,46.69584],[-0.89294,46.67876],[-0.80553,46.68749],[-0.75776,46.70662],[-0.75904,46.74046],[-0.71975,46.75573],[-0.65583,46.70034],[-0.63699,46.66333],[-0.64848,46.64704],[-0.61396,46.62013],[-0.60213,46.53328],[-0.62553,46.49676],[-0.61101,46.41305],[-0.5378,46.38647],[-0.55959,46.36094],[-0.60284,46.35959],[-0.64354,46.31945],[-0.69734,46.32519],[-0.75048,46.30426],[-0.84074,46.33969],[-0.93391,46.31263],[-0.95868,46.32335],[-0.93423,46.36011],[-1.01764,46.35301],[-1.0781,46.31935],[-1.1294,46.31028]]]}},{"type":"Feature","properties":{"riding_id":"08601","dept":"086","name":"Vienne — 1ère circonscription"},"geometry":{"type":"Polygon","coordinates":[[[0.40925,46.75424],[0.40104,46.7243],[0.43555,46.71782],[0.47905,46.73708],[0.50978,46.69721],[0.50629,46.65517],[0.56659,46.66519],[0.58658,46.63866],[0.64003,46.63735],[0.64819,46.61867],[0.61086,46.58048],[0.60037,46.50648],[0.5665,46.48694],[0.44987,46.5229],[0.39835,46.55332],[0.36995,46.57099],[0.31291,46.59803],[0.3074,46.6038],[0.24059,46.62533],[0.21247,46.65117],[0.15579,46.65599],[0.13196,46.708],[0.08048,46.69399],[0.05371,46.67275],[-0.00147,46.67876],[-0.03166,46.66935],[-0.00048,46.71582],[0.03306,46.73849],[0.03439,46.76011],[0.09874,46.77053],[0.22009,46.81226],[0.31231,46.78719],[0.35514,46.75714],[0.40925,46.75424]]]}},{"type":"Feature","properties":{"riding_id":"08602","dept":"086","name":"Vienne — 2ème circonscription"},"geometry":{"type":"Polygon","coordinates":[[[-0.00627,46.52398],[-0.00331,46.57173],[0.02052,46.58464],[0.02286,46.61453],[-0.01008,46.6166],[-0.05885,46.63837],[-0.03166,46.66935],[-0.00147,46.67876],[0.05371,46.67275],[0.08048,46.69399],[0.13196,46.708],[0.15579,46.65599],[0.21247,46.65117],[0.24059,46.62533],[0.3074,46.6038],[0.31291,46.59803],[0.36995,46.57099],[0.39835,46.55332],[0.44987,46.5229],[0.5665,46.48694],[0.53824,46.46665],[0.57217,46.44057],[0.51619,46.39772],[0.40396,46.41005],[0.38669,46.37272],[0.33189,46.36516],[0.21106,46.3854],[0.19563,46.41619],[0.18999,46.48441],[0.20665,46.51742],[0.13991,46.51063],[0.12434,46.48658],[0.07212,46.49048],[0.0501,46.51441],[-0.00627,46.52398]]]}},{"type":"Feature","properties":{"riding_id":"08603","dept":"086","name":"Vienne — 3ème circonscription"},"geometry":{"type":"Polygon","coordinates":[[[0.19735,46.09556],[0.18885,46.11131],[0.21631,46.14213],[0.15511,46.15717],[0.1077,46.18599],[0.11343,46.21221],[0.1427,46.23045],[0.12884,46.26723],[0.17232,46.2786],[0.15295,46.30405],[0.17737,46.32811],[0.12332,46.34679],[0.07822,46.30494],[0.02935,46.32867],[0.01385,46.35701],[0.03422,46.3735],[-0.02022,46.40588],[-0.01047,46.46833],[-0.0401,46.47006],[-0.03135,46.52498],[-0.00627,46.52398],[0.0501,46.51441],[0.07212,46.49048],[0.12434,46.48658],[0.13991,46.51063],[0.20665,46.51742],[0.18999,46.48441],[0.19563,46.41619],[0.21106,46.3854],[0.33189,46.36516],[0.38669,46.37272],[0.40396,46.41005],[0.51619,46.39772],[0.57217,46.44057],[0.53824,46.46665],[0.5665,46.48694],[0.60037,46.50648],[0.61086,46.58048],[0.64819,46.61867],[0.64003,46.63735],[0.58658,46.63866],[0.56659,46.66519],[0.50629,46.65517],[0.50978,46.69721],[0.47905,46.73708],[0.43555,46.71782],[0.40104,46.7243],[0.40925,46.75424],[0.50592,46.75286],[0.54537,46.78245],[0.58132,46.77359],[0.65019,46.70499],[0.7234,46.71036],[0.78194,46.72958],[0.81742,46.71346],[0.89297,46.70748],[0.90283,46.7304],[0.92481,46.70022],[0.90226,46.67767],[0.91564,46.65067],[0.89406,46.62862],[0.91587,46.59663],[0.99025,46.5659],[1.02041,46.53715],[1.09009,46.53758],[1.14914,46.50221],[1.13551,46.47089],[1.15092,46.4503],[1.21307,46.43308],[1.17728,46.38395],[1.12858,46.36222],[1.04864,46.35655],[1.02716,46.34344],[1.00589,46.28097],[0.90125,46.28751],[0.84355,46.23888],[0.8084,46.22801],[0.81337,46.19769],[0.84585,46.13837],[0.82343,46.12859],[0.74788,46.13872],[0.67645,46.11253],[0.68745,46.09725],[0.53997,46.08556],[0.50869,46.13194],[0.4723,46.13014],[0.44743,46.08705],[0.4661,46.06097],[0.29133,46.05955],[0.21985,46.09425],[0.19735,46.09556]]]}},{"type":"Feature","properties":{"riding_id":"08604","dept":"086","name":"Vienne — 4ème circonscription"},"geometry":{"type":"Polygon","coordinates":[[[0.40925,46.75424],[0.35514,46.75714],[0.31231,46.78719],[0.22009,46.81226],[0.09874,46.77053],[0.03439,46.76011],[0.03306,46.73849],[-0.02187,46.77635],[0.00681,46.81054],[-0.04539,46.824],[-0.01067,46.84742],[-0.02829,46.87918],[-0.00912,46.90792],[-0.04483,46.95952],[-0.03312,46.98025],[-0.08134,47.01313],[-0.10212,47.06481],[-0.08554,47.10043],[-0.04424,47.09315],[-0.03374,47.12756],[0.01902,47.17576],[0.05374,47.16461],[0.07807,47.12374],[0.1321,47.12139],[0.2082,47.05324],[0.24387,47.07095],[0.26422,47.04643],[0.30994,47.02803],[0.29821,46.97126],[0.32535,46.93094],[0.36463,46.94857],[0.43871,46.92958],[0.50519,46.95991],[0.5982,46.95643],[0.57368,46.98339],[0.59056,47.00673],[0.69017,46.97498],[0.70467,46.90289],[0.75342,46.86059],[0.808,46.82914],[0.81335,46.79168],[0.86747,46.74822],[0.90283,46.7304],[0.89297,46.70748],[0.81742,46.71346],[0.78194,46.72958],[0.7234,46.71036],[0.65019,46.70499],[0.58132,46.77359],[0.54537,46.78245],[0.50592,46.75286],[0.40925,46.75424]]]}},{"type":"Feature","properties":{"riding_id":"08701","dept":"087","name":"Haute-Vienne — 1ère circonscription"},"geometry":{"type":"Polygon","coordinates":[[[1.5379,45.99734],[1.56839,45.99684],[1.56624,45.96368],[1.51866,45.9505],[1.51382,45.93107],[1.57338,45.91582],[1.60493,45.93306],[1.64157,45.89622],[1.60208,45.88968],[1.6024,45.85746],[1.65283,45.84563],[1.72967,45.84349],[1.75584,45.85567],[1.8156,45.8144],[1.8838,45.79471],[1.89635,45.76007],[1.87347,45.72772],[1.89873,45.69828],[1.87482,45.66467],[1.82644,45.66505],[1.78583,45.68266],[1.75021,45.64571],[1.71073,45.64134],[1.62519,45.57869],[1.5929,45.57503],[1.5414,45.64696],[1.51439,45.64156],[1.49004,45.67057],[1.51378,45.73318],[1.53269,45.75509],[1.44669,45.77129],[1.4031,45.80279],[1.34123,45.7862],[1.29392,45.80226],[1.27762,45.81551],[1.25961,45.82749],[1.24662,45.83416],[1.25401,45.84326],[1.27363,45.90125],[1.26734,45.94266],[1.31818,45.96468],[1.3408,46.01322],[1.3809,46.02823],[1.40031,46.00826],[1.44595,46.00398],[1.49436,45.98299],[1.5379,45.99734]]]}},{"type":"Feature","properties":{"riding_id":"08702","dept":"087","name":"Haute-Vienne — 2ème circonscription"},"geometry":{"type":"Polygon","coordinates":[[[1.24662,45.83416],[1.25961,45.82749],[1.27762,45.81551],[1.29392,45.80226],[1.34123,45.7862],[1.4031,45.80279],[1.44669,45.77129],[1.53269,45.75509],[1.51378,45.73318],[1.49004,45.67057],[1.51439,45.64156],[1.5414,45.64696],[1.5929,45.57503],[1.55878,45.55094],[1.51739,45.56428],[1.49247,45.54939],[1.40894,45.52634],[1.3896,45.49616],[1.35008,45.4669],[1.28532,45.49028],[1.25315,45.44422],[1.21212,45.46237],[1.11844,45.4879],[1.16536,45.5264],[1.11931,45.54596],[1.08602,45.53474],[1.04775,45.55783],[1.02359,45.60722],[0.94615,45.61255],[0.89374,45.60103],[0.86935,45.62353],[0.84,45.5813],[0.77719,45.59217],[0.75061,45.61687],[0.77564,45.66775],[0.74414,45.68826],[0.66209,45.68748],[0.62974,45.71457],[0.69538,45.76212],[0.71052,45.8022],[0.78378,45.79348],[0.82737,45.88275],[0.82194,45.93156],[0.88458,45.92381],[0.94149,45.96059],[0.93468,45.99221],[1.06928,45.94414],[1.07268,45.91564],[1.04252,45.88823],[1.14055,45.87313],[1.18278,45.83875],[1.16139,45.81642],[1.1647,45.78878],[1.20348,45.78203],[1.23969,45.80714],[1.24662,45.83416]]]}},{"type":"Feature","properties":{"riding_id":"08703","dept":"087","name":"Haute-Vienne — 3ème circonscription"},"geometry":{"type":"Polygon","coordinates":[[[1.5379,45.99734],[1.49436,45.98299],[1.44595,46.00398],[1.40031,46.00826],[1.3809,46.02823],[1.3408,46.01322],[1.31818,45.96468],[1.26734,45.94266],[1.27363,45.90125],[1.25401,45.84326],[1.24662,45.83416],[1.23969,45.80714],[1.20348,45.78203],[1.1647,45.78878],[1.16139,45.81642],[1.18278,45.83875],[1.14055,45.87313],[1.04252,45.88823],[1.07268,45.91564],[1.06928,45.94414],[0.93468,45.99221],[0.92451,46.01023],[0.81791,46.04789],[0.83231,46.10434],[0.82343,46.12859],[0.84585,46.13837],[0.81337,46.19769],[0.8084,46.22801],[0.84355,46.23888],[0.90125,46.28751],[1.00589,46.28097],[1.02716,46.34344],[1.04864,46.35655],[1.12858,46.36222],[1.17728,46.38395],[1.21797,46.36826],[1.31051,46.37438],[1.34468,46.4016],[1.407,46.36264],[1.41519,46.34722],[1.44027,46.33535],[1.4077,46.25444],[1.37904,46.21941],[1.3985,46.18588],[1.45257,46.18115],[1.47009,46.1496],[1.50485,46.1232],[1.48849,46.10816],[1.54119,46.07567],[1.54772,46.03606],[1.5379,45.99734]]]}},{"type":"Feature","properties":{"riding_id":"08801","dept":"088","name":"Vosges — 1ère circonscription"},"geometry":{"type":"Polygon","coordinates":[[[6.58568,48.1256],[6.54246,48.11576],[6.52657,48.08603],[6.46663,48.04328],[6.40681,48.01107],[6.40063,47.98327],[6.36499,47.96257],[6.32246,47.95008],[6.27733,47.95381],[6.32642,48.04119],[6.27709,48.04922],[6.22071,48.0723],[6.21374,48.09586],[6.28982,48.12975],[6.26305,48.17912],[6.30915,48.18871],[6.32995,48.20796],[6.30531,48.23922],[6.34525,48.25644],[6.32577,48.29088],[6.35997,48.32628],[6.38424,48.39461],[6.45687,48.41702],[6.50179,48.41456],[6.56859,48.43823],[6.62075,48.47241],[6.64763,48.43513],[6.76589,48.40164],[6.81503,48.39507],[6.78766,48.35601],[6.77448,48.30489],[6.78495,48.28623],[6.72186,48.26852],[6.67505,48.30997],[6.63744,48.30992],[6.62346,48.28532],[6.55006,48.3129],[6.54845,48.21653],[6.58335,48.18013],[6.58568,48.1256]]]}},{"type":"Feature","properties":{"riding_id":"08802","dept":"088","name":"Vosges — 2ème circonscription"},"geometry":{"type":"Polygon","coordinates":[[[6.81503,48.39507],[6.84919,48.42383],[6.89211,48.41921],[6.96527,48.47155],[7.09269,48.51185],[7.12317,48.51359],[7.09569,48.42653],[7.10082,48.37374],[7.07596,48.35258],[7.14132,48.33202],[7.16954,48.34231],[7.19828,48.31048],[7.14872,48.26434],[7.10629,48.19431],[7.05905,48.13918],[7.08416,48.12922],[7.05165,48.08261],[7.01861,48.05506],[6.98327,48.08362],[6.81204,48.11353],[6.76933,48.10578],[6.6981,48.12703],[6.62782,48.10803],[6.58568,48.1256],[6.58335,48.18013],[6.54845,48.21653],[6.55006,48.3129],[6.62346,48.28532],[6.63744,48.30992],[6.67505,48.30997],[6.72186,48.26852],[6.78495,48.28623],[6.77448,48.30489],[6.78766,48.35601],[6.81503,48.39507]]]}},{"type":"Feature","properties":{"riding_id":"08803","dept":"088","name":"Vosges — 3ème circonscription"},"geometry":{"type":"Polygon","coordinates":[[[7.01861,48.05506],[6.98154,48.00942],[6.94351,47.99874],[6.92038,47.946],[6.92751,47.91213],[6.89833,47.88869],[6.92005,47.85029],[6.84618,47.82294],[6.82354,47.81305],[6.78495,47.84957],[6.73816,47.86205],[6.6452,47.90409],[6.60124,47.94438],[6.56871,47.9345],[6.54201,47.90253],[6.47826,47.88544],[6.43192,47.94381],[6.36499,47.96257],[6.40063,47.98327],[6.40681,48.01107],[6.46663,48.04328],[6.52657,48.08603],[6.54246,48.11576],[6.58568,48.1256],[6.62782,48.10803],[6.6981,48.12703],[6.76933,48.10578],[6.81204,48.11353],[6.98327,48.08362],[7.01861,48.05506]]]}},{"type":"Feature","properties":{"riding_id":"08804","dept":"088","name":"Vosges — 4ème circonscription"},"geometry":{"type":"Polygon","coordinates":[[[6.27733,47.95381],[6.23799,47.93284],[6.16125,47.9583],[6.15606,48.00694],[6.10923,48.01247],[6.03686,48.00145],[6.00226,47.95609],[5.94753,47.97971],[5.88473,47.92605],[5.83377,47.95962],[5.78841,47.9527],[5.79479,47.99679],[5.77642,48.02241],[5.6921,48.07553],[5.63314,48.0843],[5.68536,48.15062],[5.68017,48.17867],[5.73098,48.1897],[5.71084,48.21994],[5.6409,48.24235],[5.65381,48.26852],[5.61165,48.29181],[5.58842,48.27376],[5.53351,48.3251],[5.52653,48.34686],[5.4745,48.35457],[5.42605,48.33106],[5.40978,48.39262],[5.47006,48.42093],[5.56083,48.44147],[5.61505,48.44051],[5.67638,48.47153],[5.74023,48.46587],[5.76516,48.49649],[5.85724,48.50685],[5.9043,48.48293],[5.89749,48.44855],[5.85934,48.4165],[5.94958,48.3965],[5.96481,48.35006],[6.00513,48.36042],[6.07982,48.36364],[6.11705,48.35384],[6.17842,48.39761],[6.26044,48.4064],[6.30286,48.42839],[6.30826,48.41189],[6.38424,48.39461],[6.35997,48.32628],[6.32577,48.29088],[6.34525,48.25644],[6.30531,48.23922],[6.32995,48.20796],[6.30915,48.18871],[6.26305,48.17912],[6.28982,48.12975],[6.21374,48.09586],[6.22071,48.0723],[6.27709,48.04922],[6.32642,48.04119],[6.27733,47.95381]]]}},{"type":"Feature","properties":{"riding_id":"08901","dept":"089","name":"Yonne — 1ère circonscription"},"geometry":{"type":"Polygon","coordinates":[[[3.49836,47.56088],[3.48828,47.49383],[3.39133,47.50656],[3.33952,47.47926],[3.28525,47.50394],[3.23503,47.48964],[3.20452,47.52319],[3.16519,47.5175],[3.12303,47.53943],[3.11158,47.5839],[3.08803,47.58699],[3.01705,47.55783],[2.97654,47.56943],[2.94035,47.59821],[2.93232,47.62705],[2.95423,47.64569],[2.92416,47.6825],[2.84897,47.71685],[2.85648,47.76174],[2.93559,47.76325],[2.9889,47.78612],[3.0238,47.78637],[3.01387,47.83184],[3.03382,47.84387],[3.01149,47.8751],[3.01182,47.90483],[3.10527,47.94694],[3.12668,47.99127],[3.13674,47.96831],[3.18967,47.95922],[3.1912,47.9343],[3.25792,47.90704],[3.33783,47.94545],[3.41406,47.92382],[3.45911,47.92672],[3.4891,47.89771],[3.52269,47.89457],[3.55916,47.85243],[3.61497,47.8726],[3.64786,47.83809],[3.68972,47.82279],[3.70732,47.79186],[3.66475,47.76796],[3.73372,47.70631],[3.68283,47.70748],[3.65632,47.67707],[3.6122,47.66106],[3.57811,47.62968],[3.59009,47.60739],[3.56188,47.58481],[3.49836,47.56088]]]}},{"type":"Feature","properties":{"riding_id":"08902","dept":"089","name":"Yonne — 2ème circonscription"},"geometry":{"type":"Polygon","coordinates":[[[4.10609,47.33926],[4.04807,47.33953],[4.02547,47.31361],[3.97295,47.335],[3.964,47.36586],[3.86145,47.39337],[3.8934,47.41029],[3.86438,47.43433],[3.81374,47.38037],[3.7833,47.40517],[3.71478,47.40684],[3.67936,47.44724],[3.58328,47.4615],[3.57995,47.49797],[3.51419,47.52722],[3.49836,47.56088],[3.56188,47.58481],[3.59009,47.60739],[3.57811,47.62968],[3.6122,47.66106],[3.65632,47.67707],[3.68283,47.70748],[3.73372,47.70631],[3.66475,47.76796],[3.70732,47.79186],[3.68972,47.82279],[3.64786,47.83809],[3.61497,47.8726],[3.55916,47.85243],[3.52269,47.89457],[3.4891,47.89771],[3.45911,47.92672],[3.46099,47.98683],[3.4428,48.01226],[3.45437,48.07542],[3.52361,48.08702],[3.56329,48.06669],[3.6037,48.08041],[3.62077,48.11032],[3.65829,48.12138],[3.71051,48.11255],[3.7398,48.13869],[3.80166,48.10673],[3.82198,48.04392],[3.87024,48.01631],[3.85003,47.98366],[3.91417,47.97559],[3.90239,47.93829],[4.05489,47.93008],[4.0898,47.94397],[4.1137,47.92816],[4.16734,47.96001],[4.2239,47.9485],[4.24621,47.93041],[4.29342,47.92568],[4.26444,47.8715],[4.26269,47.84401],[4.32486,47.8472],[4.31998,47.81143],[4.33103,47.75609],[4.26589,47.70395],[4.2478,47.65878],[4.21258,47.62785],[4.17258,47.55082],[4.11463,47.51476],[4.12883,47.47046],[4.11943,47.44355],[4.07298,47.41365],[4.07805,47.38175],[4.10567,47.36602],[4.10609,47.33926]]]}},{"type":"Feature","properties":{"riding_id":"08903","dept":"089","name":"Yonne — 3ème circonscription"},"geometry":{"type":"Polygon","coordinates":[[[3.45911,47.92672],[3.41406,47.92382],[3.33783,47.94545],[3.25792,47.90704],[3.1912,47.9343],[3.18967,47.95922],[3.13674,47.96831],[3.12668,47.99127],[3.09537,48.05398],[3.05047,48.07233],[3.01323,48.14348],[2.93631,48.16339],[2.97167,48.20341],[3.00599,48.20943],[3.04371,48.27184],[3.01568,48.30732],[3.04945,48.36003],[3.12247,48.36863],[3.18098,48.37456],[3.25102,48.3651],[3.28317,48.38139],[3.36394,48.37532],[3.41479,48.39027],[3.45011,48.37285],[3.50441,48.36549],[3.58754,48.29848],[3.62377,48.25929],[3.6216,48.22561],[3.57519,48.18874],[3.64051,48.18462],[3.66787,48.13921],[3.7398,48.13869],[3.71051,48.11255],[3.65829,48.12138],[3.62077,48.11032],[3.6037,48.08041],[3.56329,48.06669],[3.52361,48.08702],[3.45437,48.07542],[3.4428,48.01226],[3.46099,47.98683],[3.45911,47.92672]]]}},{"type":"Feature","properties":{"riding_id":"09001","dept":"090","name":"Territoire de Belfort — 1ère circonscription"},"geometry":{"type":"Polygon","coordinates":[[[6.93918,47.4337],[6.90761,47.49455],[6.92532,47.51953],[6.88347,47.55533],[6.88448,47.58092],[6.83987,47.6082],[6.85389,47.63253],[6.84619,47.64808],[6.92759,47.66373],[6.92659,47.69067],[6.96752,47.69026],[7.02757,47.70537],[7.04528,47.67037],[7.0198,47.65068],[7.00921,47.59939],[7.08539,47.59305],[7.10622,47.55134],[7.14217,47.52502],[7.13035,47.50303],[7.0788,47.48906],[7.02439,47.50421],[6.9829,47.49426],[6.99821,47.45164],[6.93918,47.4337]]]}},{"type":"Feature","properties":{"riding_id":"09002","dept":"090","name":"Territoire de Belfort — 2ème circonscription"},"geometry":{"type":"Polygon","coordinates":[[[6.82354,47.81305],[6.84618,47.82294],[6.86496,47.78461],[6.93845,47.77116],[7.01168,47.74163],[7.03742,47.72156],[7.02757,47.70537],[6.96752,47.69026],[6.92659,47.69067],[6.92759,47.66373],[6.84619,47.64808],[6.85389,47.63253],[6.83987,47.6082],[6.88448,47.58092],[6.88347,47.55533],[6.81666,47.54792],[6.80701,47.5628],[6.78564,47.61136],[6.79833,47.644],[6.75764,47.74788],[6.82354,47.81305]]]}},{"type":"Feature","properties":{"riding_id":"09101","dept":"091","name":"Essonne — 1ère circonscription"},"geometry":{"type":"Polygon","coordinates":[[[2.36219,48.60149],[2.35938,48.61808],[2.38353,48.62998],[2.43776,48.64847],[2.48578,48.61532],[2.48125,48.58021],[2.42223,48.57322],[2.39857,48.60713],[2.36219,48.60149]]]}},{"type":"Feature","properties":{"riding_id":"09102","dept":"091","name":"Essonne — 2ème circonscription"},"geometry":{"type":"Polygon","coordinates":[[[2.36219,48.60149],[2.39857,48.60713],[2.42223,48.57322],[2.48125,48.58021],[2.52177,48.57322],[2.53159,48.57366],[2.49761,48.51724],[2.50503,48.42987],[2.54706,48.40142],[2.52178,48.40404],[2.44984,48.37371],[2.40266,48.32072],[2.36994,48.30867],[2.31242,48.33012],[2.26912,48.31505],[2.20709,48.34494],[2.16159,48.29844],[2.05271,48.29547],[1.99409,48.28659],[1.95923,48.30869],[1.98736,48.36381],[1.97724,48.39917],[2.0054,48.40118],[2.03418,48.46452],[2.07036,48.46407],[2.07403,48.50995],[2.12276,48.48005],[2.20952,48.47195],[2.23948,48.44394],[2.27505,48.463],[2.27223,48.5038],[2.30709,48.4999],[2.33845,48.52164],[2.33974,48.59353],[2.36219,48.60149]]]}},{"type":"Feature","properties":{"riding_id":"09103","dept":"091","name":"Essonne — 3ème circonscription"},"geometry":{"type":"Polygon","coordinates":[[[2.29271,48.62615],[2.35938,48.61808],[2.36219,48.60149],[2.33974,48.59353],[2.33845,48.52164],[2.30709,48.4999],[2.27223,48.5038],[2.27505,48.463],[2.23948,48.44394],[2.20952,48.47195],[2.12276,48.48005],[2.07403,48.50995],[2.07036,48.46407],[2.03418,48.46452],[2.0054,48.40118],[1.97724,48.39917],[1.93902,48.42216],[1.92215,48.4576],[1.91683,48.47369],[1.96206,48.535],[1.93796,48.56178],[2.01757,48.5576],[2.03501,48.60485],[2.05482,48.60796],[2.16802,48.58058],[2.2349,48.58897],[2.26311,48.62204],[2.29271,48.62615]]]}},{"type":"Feature","properties":{"riding_id":"09104","dept":"091","name":"Essonne — 4ème circonscription"},"geometry":{"type":"Polygon","coordinates":[[[2.05482,48.60796],[2.01166,48.65358],[2.04584,48.68678],[2.09785,48.69403],[2.19127,48.66826],[2.20971,48.70159],[2.29393,48.71213],[2.32817,48.68755],[2.34195,48.66758],[2.29893,48.65013],[2.29271,48.62615],[2.26311,48.62204],[2.2349,48.58897],[2.16802,48.58058],[2.05482,48.60796]]]}},{"type":"Feature","properties":{"riding_id":"09105","dept":"091","name":"Essonne — 5ème circonscription"},"geometry":{"type":"Polygon","coordinates":[[[2.22656,48.7761],[2.22884,48.77447],[2.26929,48.76064],[2.27452,48.74072],[2.2129,48.7288],[2.20971,48.70159],[2.19127,48.66826],[2.09785,48.69403],[2.10045,48.736],[2.22656,48.7761]]]}},{"type":"Feature","properties":{"riding_id":"09106","dept":"091","name":"Essonne — 6ème circonscription"},"geometry":{"type":"Polygon","coordinates":[[[2.20971,48.70159],[2.2129,48.7288],[2.27452,48.74072],[2.32072,48.74876],[2.35395,48.73866],[2.35168,48.70247],[2.32817,48.68755],[2.29393,48.71213],[2.20971,48.70159]]]}},{"type":"Feature","properties":{"riding_id":"09107","dept":"091","name":"Essonne — 7ème circonscription"},"geometry":{"type":"Polygon","coordinates":[[[2.41426,48.71782],[2.40058,48.70177],[2.39634,48.67354],[2.34195,48.66758],[2.32817,48.68755],[2.35168,48.70247],[2.35395,48.73866],[2.36984,48.74606],[2.37044,48.72787],[2.41426,48.71782]]]}},{"type":"Feature","properties":{"riding_id":"09108","dept":"091","name":"Essonne — 8ème circonscription"},"geometry":{"type":"Polygon","coordinates":[[[2.40058,48.70177],[2.41426,48.71782],[2.51005,48.73466],[2.52687,48.70473],[2.4679,48.67077],[2.40058,48.70177]]]}},{"type":"Feature","properties":{"riding_id":"09109","dept":"091","name":"Essonne — 9ème circonscription"},"geometry":{"type":"Polygon","coordinates":[[[2.38353,48.62998],[2.39634,48.67354],[2.40058,48.70177],[2.4679,48.67077],[2.52687,48.70473],[2.57166,48.69202],[2.54797,48.64966],[2.5175,48.62981],[2.54145,48.59689],[2.52177,48.57322],[2.48125,48.58021],[2.48578,48.61532],[2.43776,48.64847],[2.38353,48.62998]]]}},{"type":"Feature","properties":{"riding_id":"09110","dept":"091","name":"Essonne — 10ème circonscription"},"geometry":{"type":"Polygon","coordinates":[[[2.29271,48.62615],[2.29893,48.65013],[2.34195,48.66758],[2.39634,48.67354],[2.38353,48.62998],[2.35938,48.61808],[2.29271,48.62615]]]}},{"type":"Feature","properties":{"riding_id":"09201","dept":"092","name":"Hauts-de-Seine — 1ère circonscription"},"geometry":{"type":"Polygon","coordinates":[[[2.23766,48.90831],[2.2291,48.90603],[2.2204,48.92062],[2.2476,48.93674],[2.29097,48.95097],[2.33491,48.94154],[2.32202,48.91867],[2.28279,48.93165],[2.23766,48.90831]]]}},{"type":"Feature","properties":{"riding_id":"09202","dept":"092","name":"Hauts-de-Seine — 2ème circonscription"},"geometry":{"type":"Polygon","coordinates":[[[2.23766,48.90831],[2.28279,48.93165],[2.32202,48.91867],[2.31376,48.91402],[2.28427,48.90228],[2.23766,48.90831]]]}},{"type":"Feature","properties":{"riding_id":"09203","dept":"092","name":"Hauts-de-Seine — 3ème circonscription"},"geometry":{"type":"Polygon","coordinates":[[[2.23379,48.89568],[2.2291,48.90603],[2.23766,48.90831],[2.28427,48.90228],[2.27107,48.8984],[2.23379,48.89568]]]}},{"type":"Feature","properties":{"riding_id":"09204","dept":"092","name":"Hauts-de-Seine — 4ème circonscription"},"geometry":{"type":"Polygon","coordinates":[[[2.16935,48.89581],[2.20059,48.90868],[2.2204,48.92062],[2.2291,48.90603],[2.23379,48.89568],[2.23174,48.86907],[2.22568,48.85941],[2.16935,48.89581]]]}},{"type":"Feature","properties":{"riding_id":"09205","dept":"092","name":"Hauts-de-Seine — 5ème circonscription"},"geometry":{"type":"Polygon","coordinates":[[[2.28427,48.90228],[2.31376,48.91402],[2.31988,48.90046],[2.30378,48.89415],[2.30045,48.89269],[2.29394,48.88986],[2.28446,48.88564],[2.27107,48.8984],[2.28427,48.90228]]]}},{"type":"Feature","properties":{"riding_id":"09206","dept":"092","name":"Hauts-de-Seine — 6ème circonscription"},"geometry":{"type":"Polygon","coordinates":[[[2.23174,48.86907],[2.23379,48.89568],[2.27107,48.8984],[2.28446,48.88564],[2.25529,48.87435],[2.23174,48.86907]]]}},{"type":"Feature","properties":{"riding_id":"09207","dept":"092","name":"Hauts-de-Seine — 7ème circonscription"},"geometry":{"type":"Polygon","coordinates":[[[2.15987,48.84772],[2.15039,48.87087],[2.16935,48.89581],[2.22568,48.85941],[2.22423,48.85352],[2.22405,48.83515],[2.18079,48.83062],[2.15987,48.84772]]]}},{"type":"Feature","properties":{"riding_id":"09208","dept":"092","name":"Hauts-de-Seine — 8ème circonscription"},"geometry":{"type":"Polygon","coordinates":[[[2.16127,48.81278],[2.14848,48.82849],[2.15987,48.84772],[2.18079,48.83062],[2.22405,48.83515],[2.22581,48.82827],[2.25328,48.80969],[2.22663,48.78159],[2.16127,48.81278]]]}},{"type":"Feature","properties":{"riding_id":"09209","dept":"092","name":"Hauts-de-Seine — 9ème circonscription"},"geometry":{"type":"Polygon","coordinates":[[[2.22405,48.83515],[2.22423,48.85352],[2.24203,48.84779],[2.25063,48.84553],[2.2628,48.83393],[2.22581,48.82827],[2.22405,48.83515]]]}},{"type":"Feature","properties":{"riding_id":"09210","dept":"092","name":"Hauts-de-Seine — 10ème circonscription"},"geometry":{"type":"Polygon","coordinates":[[[2.25328,48.80969],[2.22581,48.82827],[2.2628,48.83393],[2.30132,48.82513],[2.27818,48.81425],[2.25328,48.80969]]]}},{"type":"Feature","properties":{"riding_id":"09211","dept":"092","name":"Hauts-de-Seine — 11ème circonscription"},"geometry":{"type":"Polygon","coordinates":[[[2.27818,48.81425],[2.30132,48.82513],[2.33191,48.81701],[2.31868,48.78799],[2.30331,48.7854],[2.27818,48.81425]]]}},{"type":"Feature","properties":{"riding_id":"09212","dept":"092","name":"Hauts-de-Seine — 12ème circonscription"},"geometry":{"type":"Polygon","coordinates":[[[2.30331,48.7854],[2.22884,48.77447],[2.22656,48.7761],[2.22663,48.78159],[2.25328,48.80969],[2.27818,48.81425],[2.30331,48.7854]]]}},{"type":"Feature","properties":{"riding_id":"09213","dept":"092","name":"Hauts-de-Seine — 13ème circonscription"},"geometry":{"type":"Polygon","coordinates":[[[2.27452,48.74072],[2.26929,48.76064],[2.22884,48.77447],[2.30331,48.7854],[2.31868,48.78799],[2.32581,48.78191],[2.32072,48.74876],[2.27452,48.74072]]]}},{"type":"Feature","properties":{"riding_id":"09301","dept":"093","name":"Seine-Saint-Denis — 1ère circonscription"},"geometry":{"type":"Polygon","coordinates":[[[2.28846,48.95898],[2.33331,48.95538],[2.33989,48.94174],[2.35215,48.92868],[2.36657,48.9209],[2.36585,48.90161],[2.35187,48.90153],[2.33496,48.90138],[2.31988,48.90046],[2.31376,48.91402],[2.32202,48.91867],[2.33491,48.94154],[2.29097,48.95097],[2.28846,48.95898]]]}},{"type":"Feature","properties":{"riding_id":"09302","dept":"093","name":"Seine-Saint-Denis — 2ème circonscription"},"geometry":{"type":"Polygon","coordinates":[[[2.33331,48.95538],[2.36616,48.97423],[2.37594,48.97202],[2.37474,48.92368],[2.36657,48.9209],[2.35215,48.92868],[2.33989,48.94174],[2.33331,48.95538]]]}},{"type":"Feature","properties":{"riding_id":"09303","dept":"093","name":"Seine-Saint-Denis — 3ème circonscription"},"geometry":{"type":"Polygon","coordinates":[[[2.49972,48.85568],[2.49639,48.85991],[2.50913,48.87792],[2.56797,48.86594],[2.59579,48.81427],[2.59228,48.80744],[2.53665,48.83851],[2.49972,48.85568]]]}},{"type":"Feature","properties":{"riding_id":"09304","dept":"093","name":"Seine-Saint-Denis — 4ème circonscription"},"geometry":{"type":"Polygon","coordinates":[[[2.41006,48.91669],[2.37474,48.92368],[2.37594,48.97202],[2.38245,48.97129],[2.40738,48.95613],[2.45601,48.95578],[2.45949,48.95506],[2.4794,48.91978],[2.47427,48.91843],[2.45211,48.93874],[2.41006,48.91669]]]}},{"type":"Feature","properties":{"riding_id":"09305","dept":"093","name":"Seine-Saint-Denis — 5ème circonscription"},"geometry":{"type":"Polygon","coordinates":[[[2.41006,48.91669],[2.45211,48.93874],[2.47427,48.91843],[2.42772,48.89589],[2.41006,48.91669]]]}},{"type":"Feature","properties":{"riding_id":"09306","dept":"093","name":"Seine-Saint-Denis — 6ème circonscription"},"geometry":{"type":"Polygon","coordinates":[[[2.36585,48.90161],[2.36657,48.9209],[2.37474,48.92368],[2.41006,48.91669],[2.42772,48.89589],[2.39865,48.88941],[2.37029,48.90165],[2.36585,48.90161]]]}},{"type":"Feature","properties":{"riding_id":"09307","dept":"093","name":"Seine-Saint-Denis — 7ème circonscription"},"geometry":{"type":"Polygon","coordinates":[[[2.41328,48.87312],[2.46476,48.87807],[2.48153,48.86141],[2.41634,48.84924],[2.41544,48.85446],[2.41328,48.87312]]]}},{"type":"Feature","properties":{"riding_id":"09308","dept":"093","name":"Seine-Saint-Denis — 8ème circonscription"},"geometry":{"type":"Polygon","coordinates":[[[2.49639,48.85991],[2.48153,48.86141],[2.46476,48.87807],[2.47664,48.88867],[2.50764,48.89852],[2.55941,48.88534],[2.56797,48.86594],[2.50913,48.87792],[2.49639,48.85991]]]}},{"type":"Feature","properties":{"riding_id":"09309","dept":"093","name":"Seine-Saint-Denis — 9ème circonscription"},"geometry":{"type":"Polygon","coordinates":[[[2.41328,48.87312],[2.41069,48.87848],[2.39865,48.88941],[2.42772,48.89589],[2.47427,48.91843],[2.4794,48.91978],[2.47664,48.88867],[2.46476,48.87807],[2.41328,48.87312]]]}},{"type":"Feature","properties":{"riding_id":"09310","dept":"093","name":"Seine-Saint-Denis — 10ème circonscription"},"geometry":{"type":"Polygon","coordinates":[[[2.4794,48.91978],[2.45949,48.95506],[2.49601,48.97272],[2.52415,48.95057],[2.51756,48.92566],[2.50764,48.89852],[2.47664,48.88867],[2.4794,48.91978]]]}},{"type":"Feature","properties":{"riding_id":"09311","dept":"093","name":"Seine-Saint-Denis — 11ème circonscription"},"geometry":{"type":"Polygon","coordinates":[[[2.49601,48.97272],[2.55306,49.00982],[2.59593,48.93861],[2.51756,48.92566],[2.52415,48.95057],[2.49601,48.97272]]]}},{"type":"Feature","properties":{"riding_id":"09312","dept":"093","name":"Seine-Saint-Denis — 12ème circonscription"},"geometry":{"type":"Polygon","coordinates":[[[2.51756,48.92566],[2.59593,48.93861],[2.59237,48.9077],[2.55941,48.88534],[2.50764,48.89852],[2.51756,48.92566]]]}},{"type":"Feature","properties":{"riding_id":"09401","dept":"094","name":"Val-de-Marne — 1ère circonscription"},"geometry":{"type":"Polygon","coordinates":[[[2.45668,48.80548],[2.48236,48.81936],[2.49095,48.81607],[2.52228,48.80407],[2.49996,48.7631],[2.4733,48.76209],[2.45668,48.80548]]]}},{"type":"Feature","properties":{"riding_id":"09402","dept":"094","name":"Val-de-Marne — 2ème circonscription"},"geometry":{"type":"Polygon","coordinates":[[[2.40155,48.77354],[2.43275,48.78673],[2.45668,48.80548],[2.4733,48.76209],[2.37044,48.72787],[2.36984,48.74606],[2.40155,48.77354]]]}},{"type":"Feature","properties":{"riding_id":"09403","dept":"094","name":"Val-de-Marne — 3ème circonscription"},"geometry":{"type":"Polygon","coordinates":[[[2.49996,48.7631],[2.57003,48.7511],[2.59754,48.76057],[2.57166,48.69202],[2.52687,48.70473],[2.51005,48.73466],[2.41426,48.71782],[2.37044,48.72787],[2.4733,48.76209],[2.49996,48.7631]]]}},{"type":"Feature","properties":{"riding_id":"09404","dept":"094","name":"Val-de-Marne — 4ème circonscription"},"geometry":{"type":"Polygon","coordinates":[[[2.52228,48.80407],[2.55872,48.80885],[2.52616,48.82394],[2.53665,48.83851],[2.59228,48.80744],[2.59754,48.76057],[2.57003,48.7511],[2.49996,48.7631],[2.52228,48.80407]]]}},{"type":"Feature","properties":{"riding_id":"09405","dept":"094","name":"Val-de-Marne — 5ème circonscription"},"geometry":{"type":"Polygon","coordinates":[[[2.49972,48.85568],[2.53665,48.83851],[2.52616,48.82394],[2.55872,48.80885],[2.52228,48.80407],[2.49095,48.81607],[2.48236,48.81936],[2.46358,48.82495],[2.46726,48.83909],[2.49972,48.85568]]]}},{"type":"Feature","properties":{"riding_id":"09406","dept":"094","name":"Val-de-Marne — 6ème circonscription"},"geometry":{"type":"Polygon","coordinates":[[[2.41634,48.84924],[2.48153,48.86141],[2.49639,48.85991],[2.49972,48.85568],[2.46726,48.83909],[2.43708,48.84074],[2.4243,48.84177],[2.41634,48.84924]]]}},{"type":"Feature","properties":{"riding_id":"09407","dept":"094","name":"Val-de-Marne — 7ème circonscription"},"geometry":{"type":"Polygon","coordinates":[[[2.32581,48.78191],[2.36727,48.77938],[2.40155,48.77354],[2.36984,48.74606],[2.35395,48.73866],[2.32072,48.74876],[2.32581,48.78191]]]}},{"type":"Feature","properties":{"riding_id":"09408","dept":"094","name":"Val-de-Marne — 8ème circonscription"},"geometry":{"type":"Polygon","coordinates":[[[2.39007,48.8257],[2.46358,48.82495],[2.48236,48.81936],[2.45668,48.80548],[2.43275,48.78673],[2.40876,48.81692],[2.39007,48.8257]]]}},{"type":"Feature","properties":{"riding_id":"09409","dept":"094","name":"Val-de-Marne — 9ème circonscription"},"geometry":{"type":"Polygon","coordinates":[[[2.40155,48.77354],[2.36727,48.77938],[2.37297,48.79754],[2.40876,48.81692],[2.43275,48.78673],[2.40155,48.77354]]]}},{"type":"Feature","properties":{"riding_id":"09410","dept":"094","name":"Val-de-Marne — 10ème circonscription"},"geometry":{"type":"Polygon","coordinates":[[[2.34874,48.81674],[2.36414,48.81639],[2.3668,48.81735],[2.39007,48.8257],[2.40876,48.81692],[2.37297,48.79754],[2.34874,48.81674]]]}},{"type":"Feature","properties":{"riding_id":"09411","dept":"094","name":"Val-de-Marne — 11ème circonscription"},"geometry":{"type":"Polygon","coordinates":[[[2.31868,48.78799],[2.33191,48.81701],[2.33715,48.81674],[2.34655,48.81628],[2.34874,48.81674],[2.37297,48.79754],[2.36727,48.77938],[2.32581,48.78191],[2.31868,48.78799]]]}},{"type":"Feature","properties":{"riding_id":"09501","dept":"095","name":"Val-d'Oise — 1ère circonscription"},"geometry":{"type":"Polygon","coordinates":[[[2.08545,49.03784],[2.07584,49.0446],[2.07222,49.04717],[2.09482,49.07026],[2.02689,49.09652],[1.98365,49.03457],[1.95495,49.02454],[1.90852,49.04802],[1.85926,49.01397],[1.86547,49.05747],[1.8236,49.07667],[1.72346,49.04498],[1.69367,49.05668],[1.67082,49.07891],[1.6088,49.07789],[1.65599,49.13039],[1.67629,49.21219],[1.70436,49.2322],[1.7427,49.1798],[1.77692,49.18523],[1.88257,49.1625],[1.97409,49.18332],[1.99944,49.17557],[2.08077,49.2072],[2.09587,49.19006],[2.15303,49.18393],[2.16827,49.16475],[2.22028,49.1792],[2.24158,49.15157],[2.28641,49.15992],[2.32178,49.18444],[2.3593,49.14735],[2.31499,49.14175],[2.30379,49.12069],[2.23504,49.13035],[2.18109,49.1084],[2.20605,49.08684],[2.16606,49.06444],[2.13529,49.06721],[2.08545,49.03784]]]}},{"type":"Feature","properties":{"riding_id":"09502","dept":"095","name":"Val-d'Oise — 2ème circonscription"},"geometry":{"type":"Polygon","coordinates":[[[2.3593,49.14735],[2.37316,49.15933],[2.43891,49.1415],[2.38905,49.10753],[2.36725,49.06829],[2.33529,49.05148],[2.28501,49.04913],[2.20406,49.06106],[2.12126,49.01849],[2.06443,49.00821],[2.07584,49.0446],[2.08545,49.03784],[2.13529,49.06721],[2.16606,49.06444],[2.20605,49.08684],[2.18109,49.1084],[2.23504,49.13035],[2.30379,49.12069],[2.31499,49.14175],[2.3593,49.14735]]]}},{"type":"Feature","properties":{"riding_id":"09503","dept":"095","name":"Val-d'Oise — 3ème circonscription"},"geometry":{"type":"Polygon","coordinates":[[[2.17815,48.96351],[2.12745,48.98905],[2.12126,49.01849],[2.20406,49.06106],[2.28501,49.04913],[2.27478,49.03644],[2.25315,49.04142],[2.20515,48.98362],[2.22875,48.97288],[2.22574,48.97103],[2.20586,48.94974],[2.17815,48.96351]]]}},{"type":"Feature","properties":{"riding_id":"09504","dept":"095","name":"Val-d'Oise — 4ème circonscription"},"geometry":{"type":"Polygon","coordinates":[[[2.22875,48.97288],[2.20515,48.98362],[2.25315,49.04142],[2.27478,49.03644],[2.30138,49.02378],[2.29186,48.97624],[2.22875,48.97288]]]}},{"type":"Feature","properties":{"riding_id":"09505","dept":"095","name":"Val-d'Oise — 5ème circonscription"},"geometry":{"type":"Polygon","coordinates":[[[2.20586,48.94974],[2.22574,48.97103],[2.28846,48.95898],[2.29097,48.95097],[2.2476,48.93674],[2.2204,48.92062],[2.20059,48.90868],[2.19893,48.93525],[2.20586,48.94974]]]}},{"type":"Feature","properties":{"riding_id":"09506","dept":"095","name":"Val-d'Oise — 6ème circonscription"},"geometry":{"type":"Polygon","coordinates":[[[2.28846,48.95898],[2.22574,48.97103],[2.22875,48.97288],[2.29186,48.97624],[2.30138,49.02378],[2.32103,48.98093],[2.36616,48.97423],[2.33331,48.95538],[2.28846,48.95898]]]}},{"type":"Feature","properties":{"riding_id":"09507","dept":"095","name":"Val-d'Oise — 7ème circonscription"},"geometry":{"type":"Polygon","coordinates":[[[2.36725,49.06829],[2.39434,49.06867],[2.43492,49.03434],[2.41027,49.02399],[2.36365,49.00957],[2.38245,48.97129],[2.37594,48.97202],[2.36616,48.97423],[2.32103,48.98093],[2.30138,49.02378],[2.27478,49.03644],[2.28501,49.04913],[2.33529,49.05148],[2.36725,49.06829]]]}},{"type":"Feature","properties":{"riding_id":"09508","dept":"095","name":"Val-d'Oise — 8ème circonscription"},"geometry":{"type":"Polygon","coordinates":[[[2.38245,48.97129],[2.36365,49.00957],[2.41027,49.02399],[2.41654,48.9985],[2.45601,48.95578],[2.40738,48.95613],[2.38245,48.97129]]]}},{"type":"Feature","properties":{"riding_id":"09509","dept":"095","name":"Val-d'Oise — 9ème circonscription"},"geometry":{"type":"Polygon","coordinates":[[[2.41027,49.02399],[2.43492,49.03434],[2.39434,49.06867],[2.36725,49.06829],[2.38905,49.10753],[2.43891,49.1415],[2.49923,49.12227],[2.59052,49.07966],[2.55306,49.00982],[2.49601,48.97272],[2.45949,48.95506],[2.45601,48.95578],[2.41654,48.9985],[2.41027,49.02399]]]}},{"type":"Feature","properties":{"riding_id":"09510","dept":"095","name":"Val-d'Oise — 10ème circonscription"},"geometry":{"type":"Polygon","coordinates":[[[2.07222,49.04717],[2.07584,49.0446],[2.06443,49.00821],[2.02644,49.0007],[1.95495,49.02454],[1.98365,49.03457],[2.02689,49.09652],[2.09482,49.07026],[2.07222,49.04717]]]}},{"type":"Feature","properties":{"riding_id":"09601","dept":"096","name":"Corse-du-Sud — 1ère circonscription"},"geometry":{"type":"Polygon","coordinates":[[[9.13357,42.0594],[9.06986,42.03662],[9.02115,42.03481],[8.93914,41.97711],[8.87203,41.95387],[8.86369,41.92626],[8.7691,41.94249],[8.74089,41.92866],[8.71513,41.90824],[8.64578,41.90954],[8.59391,41.96357],[8.64873,41.96894],[8.65829,42.01059],[8.74752,42.04781],[8.72053,42.06416],[8.7012,42.11119],[8.65097,42.11699],[8.5923,42.14267],[8.5879,42.1717],[8.55858,42.23555],[8.60687,42.25024],[8.68892,42.26345],[8.6724,42.29427],[8.60058,42.31869],[8.57341,42.38141],[8.6371,42.37284],[8.68348,42.34803],[8.75626,42.33845],[8.86073,42.29913],[8.90477,42.25387],[8.97233,42.23233],[9.02325,42.20358],[9.06506,42.16588],[9.09211,42.11672],[9.12363,42.1054],[9.13357,42.0594]]]}},{"type":"Feature","properties":{"riding_id":"09602","dept":"096","name":"Corse-du-Sud — 2ème circonscription"},"geometry":{"type":"Polygon","coordinates":[[[9.13357,42.0594],[9.16021,42.0268],[9.22109,42.02761],[9.22604,41.97221],[9.21328,41.91746],[9.24635,41.90931],[9.2275,41.85559],[9.30909,41.83214],[9.37733,41.86608],[9.40227,41.85871],[9.39541,41.79726],[9.40712,41.76436],[9.39955,41.69454],[9.37341,41.67701],[9.38343,41.64976],[9.35059,41.61858],[9.34799,41.56381],[9.2746,41.52604],[9.28726,41.48379],[9.22586,41.44253],[9.21963,41.36804],[9.09165,41.4001],[9.1171,41.44105],[9.08083,41.44195],[8.96278,41.49045],[8.92113,41.48959],[8.91346,41.50811],[8.82124,41.54646],[8.77915,41.59047],[8.79269,41.62914],[8.8761,41.65074],[8.9123,41.69097],[8.84219,41.69762],[8.81278,41.71354],[8.78621,41.70339],[8.76876,41.74068],[8.70989,41.72229],[8.7025,41.73963],[8.74969,41.81039],[8.77129,41.81124],[8.80258,41.89261],[8.7788,41.92527],[8.74089,41.92866],[8.7691,41.94249],[8.86369,41.92626],[8.87203,41.95387],[8.93914,41.97711],[9.02115,42.03481],[9.06986,42.03662],[9.13357,42.0594]]]}},{"type":"Feature","properties":{"riding_id":"09701","dept":"097","name":"Haute-Corse — 1ère circonscription"},"geometry":{"type":"Polygon","coordinates":[[[9.53435,42.5233],[9.47259,42.53424],[9.43892,42.51662],[9.37547,42.53313],[9.36674,42.55538],[9.32131,42.54445],[9.24235,42.55661],[9.22163,42.51839],[9.17554,42.50997],[9.13169,42.54954],[9.13484,42.60758],[9.10129,42.63615],[9.08349,42.678],[9.06221,42.69392],[9.10784,42.7243],[9.16362,42.73622],[9.22176,42.73419],[9.25589,42.71594],[9.28695,42.67586],[9.32114,42.69602],[9.343,42.73292],[9.34251,42.79422],[9.31003,42.83248],[9.33589,42.86451],[9.32639,42.90118],[9.35948,42.92289],[9.34358,42.99774],[9.42145,43.01073],[9.46057,42.98585],[9.45192,42.96307],[9.46924,42.93647],[9.47447,42.87562],[9.49146,42.79753],[9.46985,42.76647],[9.44697,42.68583],[9.46285,42.63925],[9.52754,42.56496],[9.53435,42.5233]]]}},{"type":"Feature","properties":{"riding_id":"09702","dept":"097","name":"Haute-Corse — 2ème circonscription"},"geometry":{"type":"Polygon","coordinates":[[[9.06221,42.69392],[9.08349,42.678],[9.10129,42.63615],[9.13484,42.60758],[9.13169,42.54954],[9.17554,42.50997],[9.22163,42.51839],[9.24235,42.55661],[9.32131,42.54445],[9.36674,42.55538],[9.37547,42.53313],[9.43892,42.51662],[9.47259,42.53424],[9.53435,42.5233],[9.52959,42.49558],[9.54339,42.42795],[9.53262,42.37902],[9.55982,42.28271],[9.55875,42.19576],[9.54928,42.10386],[9.41356,41.95519],[9.41612,41.92861],[9.39716,41.87447],[9.40227,41.85871],[9.37733,41.86608],[9.30909,41.83214],[9.2275,41.85559],[9.24635,41.90931],[9.21328,41.91746],[9.22604,41.97221],[9.22109,42.02761],[9.16021,42.0268],[9.13357,42.0594],[9.12363,42.1054],[9.09211,42.11672],[9.06506,42.16588],[9.02325,42.20358],[8.97233,42.23233],[8.90477,42.25387],[8.86073,42.29913],[8.75626,42.33845],[8.68348,42.34803],[8.6371,42.37284],[8.57341,42.38141],[8.6098,42.38737],[8.60695,42.41679],[8.64703,42.41266],[8.6475,42.47476],[8.71109,42.53748],[8.7264,42.56278],[8.767,42.55575],[8.80319,42.56992],[8.80576,42.60191],[8.8674,42.60841],[8.88258,42.62738],[9.01758,42.64256],[9.05885,42.66214],[9.06221,42.69392]]]}},{"type":"Feature","properties":{"riding_id":"97101","dept":"971","name":"Guadeloupe — 1ère circonscription"},"geometry":{"type":"MultiPolygon","coordinates":[[[[-61.49348,16.35364],[-61.45097,16.35666],[-61.40683,16.33042],[-61.44143,16.29119],[-61.44581,16.26234],[-61.50944,16.23682],[-61.52729,16.21912],[-61.54884,16.25312],[-61.54968,16.28806],[-61.53395,16.33277],[-61.49348,16.35364]]],[[[-61.22449,15.96436],[-61.20006,15.94362],[-61.20362,15.90264],[-61.24848,15.87266],[-61.28003,15.86752],[-61.33024,15.89803],[-61.33711,15.93938],[-61.29211,16.00156],[-61.23513,15.98529],[-61.22449,15.96436]]]]}},{"type":"Feature","properties":{"riding_id":"97102","dept":"971","name":"Guadeloupe — 2ème circonscription"},"geometry":{"type":"MultiPolygon","coordinates":[[[[-61.52729,16.21912],[-61.50944,16.23682],[-61.44581,16.26234],[-61.44143,16.29119],[-61.40683,16.33042],[-61.45097,16.35666],[-61.49348,16.35364],[-61.49608,16.37719],[-61.52813,16.39963],[-61.5357,16.45294],[-61.46959,16.51071],[-61.41167,16.46878],[-61.3982,16.42264],[-61.40031,16.37285],[-61.37582,16.34161],[-61.31138,16.33003],[-61.25802,16.30141],[-61.23925,16.271],[-61.25177,16.25546],[-61.36633,16.2336],[-61.40886,16.21239],[-61.46736,16.19856],[-61.52729,16.21912]]],[[[-61.05374,16.32799],[-61.00982,16.34998],[-61.0034,16.3337],[-61.04783,16.30822],[-61.05374,16.32799]]]]}},{"type":"Feature","properties":{"riding_id":"97103","dept":"971","name":"Guadeloupe — 3ème circonscription"},"geometry":{"type":"Polygon","coordinates":[[[-61.56918,16.11081],[-61.6223,16.08446],[-61.66349,16.09457],[-61.68074,16.11492],[-61.71144,16.11804],[-61.73642,16.18069],[-61.78231,16.1877],[-61.78548,16.22454],[-61.80606,16.268],[-61.79859,16.31612],[-61.76496,16.35386],[-61.74165,16.36052],[-61.71043,16.3373],[-61.62425,16.3015],[-61.61021,16.2692],[-61.56371,16.28487],[-61.55022,16.27369],[-61.56003,16.23447],[-61.58027,16.23652],[-61.58955,16.19524],[-61.56918,16.11081]]]}},{"type":"Feature","properties":{"riding_id":"97104","dept":"971","name":"Guadeloupe — 4ème circonscription"},"geometry":{"type":"Polygon","coordinates":[[[-61.78231,16.1877],[-61.73642,16.18069],[-61.71144,16.11804],[-61.68074,16.11492],[-61.66349,16.09457],[-61.6223,16.08446],[-61.56918,16.11081],[-61.55724,16.05202],[-61.57192,16.02379],[-61.61364,15.98952],[-61.62253,15.97176],[-61.70707,15.95009],[-61.7101,15.97062],[-61.74647,16.01047],[-61.76958,16.05959],[-61.77082,16.13124],[-61.78231,16.1877]]]}},{"type":"Feature","properties":{"riding_id":"97201","dept":"972","name":"Martinique — 1ère circonscription"},"geometry":{"type":"Polygon","coordinates":[[[-61.00063,14.55991],[-61.03656,14.60574],[-61.03921,14.64185],[-60.99704,14.65784],[-60.99455,14.67323],[-61.06391,14.70567],[-61.08477,14.72462],[-61.05279,14.74406],[-61.01484,14.73561],[-60.973,14.76305],[-60.9459,14.75461],[-60.88653,14.76523],[-60.89759,14.73601],[-60.93567,14.7503],[-60.94472,14.72535],[-60.9106,14.69158],[-60.93767,14.67873],[-60.92895,14.65334],[-60.89469,14.66091],[-60.8962,14.62254],[-60.87537,14.61836],[-60.85006,14.58535],[-60.89677,14.56289],[-60.92924,14.58023],[-60.93771,14.60042],[-60.97147,14.60488],[-61.00063,14.55991]]]}},{"type":"Feature","properties":{"riding_id":"97202","dept":"972","name":"Martinique — 2ème circonscription"},"geometry":{"type":"Polygon","coordinates":[[[-60.973,14.76305],[-61.01484,14.73561],[-61.05279,14.74406],[-61.08477,14.72462],[-61.06391,14.70567],[-60.99455,14.67323],[-60.99704,14.65784],[-61.03921,14.64185],[-61.10258,14.68881],[-61.08269,14.637],[-61.09078,14.60018],[-61.10575,14.62],[-61.15144,14.64943],[-61.18404,14.70572],[-61.17935,14.74907],[-61.21408,14.78162],[-61.22896,14.8204],[-61.21007,14.8582],[-61.14891,14.8786],[-61.0988,14.86284],[-61.05667,14.83432],[-61.03009,14.82833],[-60.973,14.76305]]]}},{"type":"Feature","properties":{"riding_id":"97203","dept":"972","name":"Martinique — 3ème circonscription"},"geometry":{"type":"Polygon","coordinates":[[[-61.09078,14.60018],[-61.08269,14.637],[-61.10258,14.68881],[-61.03921,14.64185],[-61.03656,14.60574],[-61.09078,14.60018]]]}},{"type":"Feature","properties":{"riding_id":"97204","dept":"972","name":"Martinique — 4ème circonscription"},"geometry":{"type":"Polygon","coordinates":[[[-61.00063,14.55991],[-60.97147,14.60488],[-60.93771,14.60042],[-60.92924,14.58023],[-60.89677,14.56289],[-60.85006,14.58535],[-60.82588,14.53294],[-60.81466,14.46126],[-60.85588,14.39996],[-60.89262,14.42032],[-60.89948,14.44996],[-60.93367,14.46303],[-61.02175,14.47961],[-61.05648,14.45409],[-61.08102,14.47156],[-61.09573,14.52022],[-61.05262,14.55634],[-61.02981,14.53838],[-61.00063,14.55991]]]}},{"type":"Feature","properties":{"riding_id":"97301","dept":"973","name":"Guyane — 1ère circonscription"},"geometry":{"type":"Polygon","coordinates":[[[-52.34629,4.9247],[-52.30511,4.95069],[-52.25987,4.91181],[-52.22998,4.86118],[-52.20622,4.85567],[-52.14658,4.79178],[-52.13416,4.79512],[-52.03665,4.73111],[-52.00241,4.70066],[-51.92163,4.67093],[-51.86272,4.67199],[-51.79966,4.61447],[-51.78492,4.57461],[-51.76743,4.46712],[-51.74759,4.44713],[-51.75358,4.42414],[-51.71003,4.38906],[-51.71835,4.35451],[-51.70591,4.30295],[-51.62708,4.19393],[-51.65616,4.05437],[-51.67442,4.03732],[-51.74743,3.99998],[-51.78089,3.96821],[-51.78246,3.92187],[-51.7997,3.88639],[-51.85535,3.83256],[-51.87243,3.80542],[-51.92449,3.76944],[-51.92254,3.72482],[-51.95374,3.72041],[-51.98631,3.67108],[-51.99,3.62606],[-52.01857,3.59401],[-52.05901,3.52218],[-52.08912,3.4852],[-52.15494,3.36393],[-52.18739,3.31747],[-52.19257,3.29693],[-52.23051,3.24502],[-52.26113,3.25157],[-52.2909,3.22684],[-52.29984,3.17587],[-52.3291,3.17122],[-52.34889,3.13287],[-52.344,3.09677],[-52.32765,3.07475],[-52.36248,3.01278],[-52.37142,2.97477],[-52.39102,2.94567],[-52.37857,2.91435],[-52.42201,2.89024],[-52.47209,2.79519],[-52.48216,2.74706],[-52.518,2.68578],[-52.5289,2.65549],[-52.55381,2.63665],[-52.52801,2.58542],[-52.56041,2.54838],[-52.55129,2.52915],[-52.61673,2.4472],[-52.64386,2.43305],[-52.66132,2.37664],[-52.70752,2.35938],[-52.71954,2.34291],[-52.80555,2.29974],[-52.8396,2.28947],[-52.87078,2.25716],[-52.90608,2.18957],[-52.98389,2.16727],[-53.05256,2.191],[-53.0804,2.22195],[-53.13279,2.2248],[-53.20696,2.21071],[-53.2751,2.21745],[-53.24741,2.24512],[-53.25467,2.27074],[-53.29866,2.30712],[-53.3172,2.34012],[-53.29411,2.35518],[-53.28933,2.38251],[-53.26497,2.40333],[-53.24154,2.44614],[-53.26912,2.45268],[-53.29316,2.48334],[-53.31849,2.49514],[-53.33223,2.52999],[-53.31032,2.55154],[-53.30915,2.58348],[-53.33882,2.61048],[-53.30647,2.62832],[-53.31276,2.66693],[-53.30109,2.7247],[-53.27674,2.72917],[-53.28425,2.76064],[-53.24473,2.81118],[-53.21453,2.82992],[-53.22058,2.87466],[-53.18349,2.92165],[-53.17412,2.9558],[-53.12614,2.97949],[-53.11605,3.00201],[-53.08654,3.01126],[-53.08541,3.09942],[-53.0565,3.14901],[-53.05869,3.19472],[-53.10106,3.21203],[-53.11162,3.26293],[-53.14463,3.27541],[-53.1696,3.31468],[-53.15388,3.35003],[-53.1553,3.40837],[-53.12541,3.42792],[-53.12631,3.45831],[-53.14131,3.48102],[-53.12641,3.51699],[-53.09954,3.54504],[-53.10541,3.61433],[-53.12765,3.63764],[-53.13753,3.69757],[-53.18061,3.75797],[-53.20549,3.77046],[-53.22804,3.80265],[-53.19924,3.81479],[-53.13249,3.88829],[-53.1512,3.91459],[-53.07807,3.95542],[-53.06041,3.97281],[-52.99266,4.00085],[-52.97663,4.03516],[-52.94763,4.04308],[-52.94113,4.08305],[-52.91616,4.09495],[-52.91027,4.12797],[-52.86166,4.16852],[-52.82285,4.18856],[-52.82332,4.25437],[-52.83583,4.2785],[-52.82468,4.30742],[-52.85365,4.3511],[-52.86426,4.39848],[-52.85359,4.42518],[-52.81427,4.44941],[-52.76471,4.54021],[-52.74017,4.56783],[-52.72815,4.60088],[-52.62327,4.71878],[-52.55474,4.70363],[-52.52186,4.67684],[-52.46521,4.66295],[-52.44808,4.70968],[-52.41745,4.76663],[-52.38504,4.75523],[-52.37977,4.83223],[-52.39126,4.88049],[-52.34629,4.9247]]]}},{"type":"Feature","properties":{"riding_id":"97302","dept":"973","name":"Guyane — 2ème circonscription"},"geometry":{"type":"Polygon","coordinates":[[[-52.34629,4.9247],[-52.39126,4.88049],[-52.37977,4.83223],[-52.38504,4.75523],[-52.41745,4.76663],[-52.44808,4.70968],[-52.46521,4.66295],[-52.52186,4.67684],[-52.55474,4.70363],[-52.62327,4.71878],[-52.72815,4.60088],[-52.74017,4.56783],[-52.76471,4.54021],[-52.81427,4.44941],[-52.85359,4.42518],[-52.86426,4.39848],[-52.85365,4.3511],[-52.82468,4.30742],[-52.83583,4.2785],[-52.82332,4.25437],[-52.82285,4.18856],[-52.86166,4.16852],[-52.91027,4.12797],[-52.91616,4.09495],[-52.94113,4.08305],[-52.94763,4.04308],[-52.97663,4.03516],[-52.99266,4.00085],[-53.06041,3.97281],[-53.07807,3.95542],[-53.1512,3.91459],[-53.13249,3.88829],[-53.19924,3.81479],[-53.22804,3.80265],[-53.20549,3.77046],[-53.18061,3.75797],[-53.13753,3.69757],[-53.12765,3.63764],[-53.10541,3.61433],[-53.09954,3.54504],[-53.12641,3.51699],[-53.14131,3.48102],[-53.12631,3.45831],[-53.12541,3.42792],[-53.1553,3.40837],[-53.15388,3.35003],[-53.1696,3.31468],[-53.14463,3.27541],[-53.11162,3.26293],[-53.10106,3.21203],[-53.05869,3.19472],[-53.0565,3.14901],[-53.08541,3.09942],[-53.08654,3.01126],[-53.11605,3.00201],[-53.12614,2.97949],[-53.17412,2.9558],[-53.18349,2.92165],[-53.22058,2.87466],[-53.21453,2.82992],[-53.24473,2.81118],[-53.28425,2.76064],[-53.27674,2.72917],[-53.30109,2.7247],[-53.31276,2.66693],[-53.30647,2.62832],[-53.33882,2.61048],[-53.30915,2.58348],[-53.31032,2.55154],[-53.33223,2.52999],[-53.31849,2.49514],[-53.29316,2.48334],[-53.26912,2.45268],[-53.24154,2.44614],[-53.26497,2.40333],[-53.28933,2.38251],[-53.29411,2.35518],[-53.3172,2.34012],[-53.35948,2.34207],[-53.3718,2.31437],[-53.42918,2.28636],[-53.46201,2.25422],[-53.48528,2.26044],[-53.547,2.25267],[-53.60404,2.2792],[-53.65238,2.27924],[-53.66771,2.30123],[-53.72752,2.31068],[-53.7242,2.34846],[-53.76492,2.3747],[-53.80747,2.35206],[-53.81467,2.31258],[-53.84084,2.30293],[-53.88167,2.30687],[-53.888,2.27601],[-53.90773,2.26222],[-53.93275,2.27879],[-53.94285,2.21891],[-53.99041,2.20914],[-54.01801,2.18308],[-54.0646,2.19423],[-54.08729,2.13998],[-54.10652,2.11316],[-54.1686,2.12948],[-54.18578,2.17665],[-54.22743,2.15103],[-54.27061,2.14568],[-54.33589,2.15383],[-54.36273,2.18125],[-54.36504,2.20912],[-54.41695,2.19677],[-54.47304,2.21366],[-54.51746,2.27865],[-54.53435,2.31663],[-54.55836,2.32825],[-54.58573,2.32269],[-54.59124,2.34957],[-54.55773,2.35119],[-54.50764,2.33748],[-54.50364,2.39271],[-54.47487,2.43281],[-54.41726,2.44066],[-54.3704,2.50828],[-54.35084,2.52408],[-54.33025,2.5728],[-54.31543,2.62995],[-54.27915,2.66856],[-54.26335,2.7239],[-54.2265,2.75154],[-54.20053,2.80312],[-54.18128,2.86007],[-54.19353,2.88465],[-54.1765,2.93385],[-54.18306,2.99774],[-54.1713,3.02047],[-54.19267,3.06122],[-54.17548,3.07548],[-54.18763,3.13336],[-54.21303,3.15284],[-54.18758,3.20568],[-54.17426,3.20965],[-54.13649,3.26466],[-54.10019,3.29715],[-54.07088,3.29739],[-54.05891,3.38208],[-54.02089,3.41268],[-54.00824,3.46901],[-54.00845,3.53683],[-53.98179,3.60435],[-54.00356,3.64474],[-54.04709,3.6343],[-54.05343,3.65658],[-54.08086,3.67309],[-54.07929,3.70635],[-54.12102,3.79046],[-54.20058,3.81135],[-54.20095,3.85238],[-54.23787,3.86257],[-54.25111,3.90898],[-54.29053,3.93756],[-54.31877,4.01448],[-54.35498,4.0464],[-54.34456,4.11193],[-54.32799,4.15152],[-54.38708,4.1802],[-54.39574,4.20372],[-54.38292,4.26336],[-54.39375,4.30772],[-54.38701,4.34661],[-54.39868,4.36735],[-54.43991,4.37266],[-54.43274,4.46637],[-54.44909,4.52519],[-54.4271,4.553],[-54.41526,4.60481],[-54.4339,4.63064],[-54.42482,4.66452],[-54.42787,4.71485],[-54.45827,4.72603],[-54.4672,4.81208],[-54.46719,4.87246],[-54.47445,4.90783],[-54.44336,4.94103],[-54.43753,5.01682],[-54.40821,5.09046],[-54.37677,5.10693],[-54.35067,5.14444],[-54.30764,5.2258],[-54.26291,5.27642],[-54.21016,5.3029],[-54.14526,5.36594],[-54.11843,5.4161],[-54.09281,5.44072],[-54.03777,5.50974],[-54.01747,5.52399],[-54.00389,5.57214],[-54.01138,5.66453],[-53.9684,5.74519],[-53.93689,5.74676],[-53.89603,5.73344],[-53.83863,5.73223],[-53.78674,5.71852],[-53.72293,5.68639],[-53.59704,5.61056],[-53.57957,5.60824],[-53.46939,5.56526],[-53.40243,5.56339],[-53.31322,5.53862],[-53.27762,5.56227],[-53.26207,5.54929],[-53.13316,5.50804],[-53.07317,5.46907],[-53.01702,5.45662],[-52.95071,5.45283],[-52.85528,5.37676],[-52.83167,5.33403],[-52.78739,5.30548],[-52.77172,5.28185],[-52.72439,5.23835],[-52.66801,5.20037],[-52.62971,5.14771],[-52.57552,5.10723],[-52.55868,5.10625],[-52.45707,5.0097],[-52.41683,4.97998],[-52.38876,4.94357],[-52.34629,4.9247]]]}},{"type":"Feature","properties":{"riding_id":"97401","dept":"974","name":"La Réunion — 1ère circonscription"},"geometry":{"type":"Polygon","coordinates":[[[55.37586,-20.89609],[55.39672,-20.88123],[55.45052,-20.87173],[55.48751,-20.88588],[55.48986,-20.91013],[55.46889,-21.00993],[55.46114,-21.01512],[55.4387,-20.99173],[55.40416,-20.98038],[55.40606,-20.95569],[55.37586,-20.89609]]]}},{"type":"Feature","properties":{"riding_id":"97402","dept":"974","name":"La Réunion — 2ème circonscription"},"geometry":{"type":"Polygon","coordinates":[[[55.37586,-20.89609],[55.40606,-20.95569],[55.40416,-20.98038],[55.4387,-20.99173],[55.46114,-21.01512],[55.44642,-21.06876],[55.46436,-21.08575],[55.42273,-21.11649],[55.38787,-21.0798],[55.34135,-21.07591],[55.3132,-21.06309],[55.26528,-21.04047],[55.24993,-21.01807],[55.27746,-20.99937],[55.27751,-20.95773],[55.29371,-20.92561],[55.32212,-20.93249],[55.37586,-20.89609]]]}},{"type":"Feature","properties":{"riding_id":"97403","dept":"974","name":"La Réunion — 3ème circonscription"},"geometry":{"type":"Polygon","coordinates":[[[55.46436,-21.08575],[55.50412,-21.1226],[55.50675,-21.13975],[55.55532,-21.13826],[55.58132,-21.13996],[55.59236,-21.17261],[55.61997,-21.18215],[55.63706,-21.19485],[55.60506,-21.23129],[55.60188,-21.27252],[55.53364,-21.31359],[55.51468,-21.29106],[55.50284,-21.2823],[55.4797,-21.25459],[55.45556,-21.28602],[55.40444,-21.30384],[55.40392,-21.30351],[55.42043,-21.29104],[55.42465,-21.25166],[55.41217,-21.23608],[55.43657,-21.20125],[55.40429,-21.13825],[55.42273,-21.11649],[55.46436,-21.08575]]]}},{"type":"Feature","properties":{"riding_id":"97404","dept":"974","name":"La Réunion — 4ème circonscription"},"geometry":{"type":"Polygon","coordinates":[[[55.40444,-21.30384],[55.45556,-21.28602],[55.4797,-21.25459],[55.50284,-21.2823],[55.51468,-21.29106],[55.53364,-21.31359],[55.60188,-21.27252],[55.60506,-21.23129],[55.63706,-21.19485],[55.65412,-21.21219],[55.67877,-21.24021],[55.69233,-21.27544],[55.68758,-21.30694],[55.70491,-21.36403],[55.7005,-21.37656],[55.64795,-21.38807],[55.60817,-21.38624],[55.58686,-21.37198],[55.53614,-21.36305],[55.45936,-21.34024],[55.40444,-21.30384]]]}},{"type":"Feature","properties":{"riding_id":"97405","dept":"974","name":"La Réunion — 5ème circonscription"},"geometry":{"type":"Polygon","coordinates":[[[55.68308,-20.94419],[55.70069,-20.97861],[55.70674,-21.02629],[55.78236,-21.12374],[55.82475,-21.14367],[55.83431,-21.1839],[55.81448,-21.21444],[55.80223,-21.26269],[55.80849,-21.33271],[55.78091,-21.36154],[55.7005,-21.37656],[55.70491,-21.36403],[55.68758,-21.30694],[55.69233,-21.27544],[55.67877,-21.24021],[55.65412,-21.21219],[55.63706,-21.19485],[55.61997,-21.18215],[55.59236,-21.17261],[55.58132,-21.13996],[55.55532,-21.13826],[55.50675,-21.13975],[55.50412,-21.1226],[55.46436,-21.08575],[55.44642,-21.06876],[55.46114,-21.01512],[55.46889,-21.00993],[55.50761,-21.00021],[55.55535,-21.00537],[55.59642,-20.96963],[55.63307,-20.95302],[55.64501,-20.93932],[55.68308,-20.94419]]]}},{"type":"Feature","properties":{"riding_id":"97406","dept":"974","name":"La Réunion — 6ème circonscription"},"geometry":{"type":"Polygon","coordinates":[[[55.46889,-21.00993],[55.48986,-20.91013],[55.48751,-20.88588],[55.5927,-20.89623],[55.64662,-20.91523],[55.68308,-20.94419],[55.64501,-20.93932],[55.63307,-20.95302],[55.59642,-20.96963],[55.55535,-21.00537],[55.50761,-21.00021],[55.46889,-21.00993]]]}},{"type":"Feature","properties":{"riding_id":"97407","dept":"974","name":"La Réunion — 7ème circonscription"},"geometry":{"type":"Polygon","coordinates":[[[55.24993,-21.01807],[55.26528,-21.04047],[55.3132,-21.06309],[55.34135,-21.07591],[55.38787,-21.0798],[55.42273,-21.11649],[55.40429,-21.13825],[55.43657,-21.20125],[55.41217,-21.23608],[55.42465,-21.25166],[55.42043,-21.29104],[55.40392,-21.30351],[55.34034,-21.28096],[55.33082,-21.2596],[55.29378,-21.22957],[55.28178,-21.20331],[55.28661,-21.16108],[55.25415,-21.10974],[55.2203,-21.07674],[55.21945,-21.03481],[55.24993,-21.01807]]]}},{"type":"Feature","properties":{"riding_id":"97501","dept":"975","name":"Saint-Pierre-et-Miquelon — Saint-Pierre-et-Miquelon"},"geometry":{"type":"MultiPolygon","coordinates":[[[[-56.40588,46.83495],[-56.38087,46.85749],[-56.35712,46.86303],[-56.33043,46.89732],[-56.32886,46.93462],[-56.33795,46.9656],[-56.35934,47.00516],[-56.38326,47.02089],[-56.38916,47.05353],[-56.37788,47.10252],[-56.33102,47.09083],[-56.29836,47.0725],[-56.25354,47.05856],[-56.25022,47.03975],[-56.27016,46.99923],[-56.3039,46.97827],[-56.31774,46.95905],[-56.32563,46.92671],[-56.31929,46.90748],[-56.28934,46.8906],[-56.26996,46.89515],[-56.23852,46.87054],[-56.24338,46.84367],[-56.31876,46.80259],[-56.34408,46.7848],[-56.36971,46.79627],[-56.37007,46.82319],[-56.40588,46.83495]]],[[[-56.24201,46.76557],[-56.19227,46.81055],[-56.16615,46.81584],[-56.15432,46.79737],[-56.19159,46.75771],[-56.24201,46.76557]]]]}},{"type":"Feature","properties":{"riding_id":"97601","dept":"976","name":"Mayotte — 1ère circonscription"},"geometry":{"type":"MultiPolygon","coordinates":[[[[45.23693,-12.75406],[45.1985,-12.76533],[45.12598,-12.75391],[45.09512,-12.73243],[45.04286,-12.74743],[45.05162,-12.70081],[45.09577,-12.67274],[45.12752,-12.70183],[45.12583,-12.7262],[45.1585,-12.73476],[45.20272,-12.73008],[45.23693,-12.75406]]],[[[45.25782,-12.78393],[45.28435,-12.76142],[45.29752,-12.78079],[45.28569,-12.80397],[45.25782,-12.78393]]]]}},{"type":"Feature","properties":{"riding_id":"97602","dept":"976","name":"Mayotte — 2ème circonscription"},"geometry":{"type":"Polygon","coordinates":[[[45.04286,-12.74743],[45.09512,-12.73243],[45.12598,-12.75391],[45.1985,-12.76533],[45.23693,-12.75406],[45.23106,-12.77626],[45.19369,-12.82705],[45.21598,-12.88664],[45.19837,-12.89617],[45.16866,-12.94905],[45.14863,-12.99911],[45.12407,-12.98205],[45.07191,-12.89953],[45.09957,-12.90036],[45.10554,-12.9227],[45.13664,-12.93675],[45.1549,-12.92288],[45.10262,-12.84545],[45.09599,-12.7852],[45.04286,-12.74743]]]}},{"type":"Feature","properties":{"riding_id":"97701","dept":"977","name":"Saint-Martin/Saint-Barthélemy — 1ère circonscription"},"geometry":{"type":"MultiPolygon","coordinates":[[[[-63.09622,18.06261],[-63.08109,18.07754],[-63.07339,18.09929],[-63.05942,18.10021],[-63.02615,18.12444],[-63.01868,18.08643],[-63.04007,18.0558],[-63.06309,18.06376],[-63.07796,18.04944],[-63.09622,18.06261]]],[[[-62.87419,17.92111],[-62.84876,17.91739],[-62.84001,17.90451],[-62.80894,17.91633],[-62.79555,17.8976],[-62.83689,17.87823],[-62.85689,17.90844],[-62.87419,17.92111]]]]}},{"type":"Feature","properties":{"riding_id":"98601","dept":"986","name":"Wallis et Futuna — 1ère circonscription"},"geometry":{"type":"MultiPolygon","coordinates":[[[[-176.25085,-13.29059],[-176.22468,-13.27795],[-176.2259,-13.25246],[-176.21778,-13.23041],[-176.19857,-13.21885],[-176.16231,-13.26528],[-176.18317,-13.29778],[-176.1994,-13.34377],[-176.21887,-13.34802],[-176.22002,-13.32938],[-176.24644,-13.31388],[-176.25085,-13.29059]]],[[[-178.07327,-14.34616],[-178.06744,-14.33281],[-178.03045,-14.32359],[-178.02034,-14.34525],[-178.04121,-14.36088],[-178.07327,-14.34616]]],[[[-178.18175,-14.25416],[-178.17861,-14.24197],[-178.1318,-14.25921],[-178.08791,-14.29733],[-178.09701,-14.30859],[-178.13851,-14.3111],[-178.16838,-14.28774],[-178.18175,-14.25416]]]]}},{"type":"Feature","properties":{"riding_id":"98701","dept":"987","name":"Polynésie française — 1ere circonscription"},"geometry":{"type":"MultiPolygon","coordinates":[[[[-150.65198,-17.66457],[-150.62805,-17.63395],[-150.60951,-17.65796],[-150.61044,-17.67138],[-150.62902,-17.68022],[-150.65198,-17.66457]]],[[[-140.72361,-8.01834],[-140.71226,-7.98466],[-140.64789,-7.95461],[-140.63947,-7.97394],[-140.6838,-8.00143],[-140.69464,-8.0276],[-140.69398,-8.04668],[-140.71869,-8.04199],[-140.72361,-8.01834]]],[[[-140.59911,-7.93015],[-140.58308,-7.92257],[-140.55822,-7.89832],[-140.55149,-7.90927],[-140.58109,-7.93106],[-140.59911,-7.93015]]],[[[-139.13247,-9.97823],[-139.12166,-9.95567],[-139.11821,-9.92997],[-139.09761,-9.89372],[-139.0658,-9.89259],[-139.03548,-9.92901],[-139.03926,-9.94769],[-139.07782,-9.95644],[-139.10169,-9.98246],[-139.10903,-10.00629],[-139.12436,-10.01239],[-139.13247,-9.97823]]],[[[-139.16365,-9.77618],[-139.14996,-9.75841],[-139.13267,-9.75017],[-139.09212,-9.74404],[-139.05148,-9.72046],[-139.00579,-9.69866],[-138.98462,-9.69785],[-138.9686,-9.70897],[-138.96156,-9.73863],[-138.89517,-9.73747],[-138.87785,-9.76529],[-138.86164,-9.75881],[-138.84662,-9.77121],[-138.88219,-9.79931],[-138.91203,-9.80823],[-138.96002,-9.80757],[-138.97388,-9.80205],[-138.9919,-9.81253],[-139.04073,-9.80656],[-139.07233,-9.85043],[-139.10159,-9.84713],[-139.1332,-9.82887],[-139.16365,-9.77618]]],[[[-140.13577,-9.38045],[-140.1286,-9.3828],[-140.0995,-9.3478],[-140.07424,-9.33747],[-140.02377,-9.36667],[-140.03684,-9.44821],[-140.05321,-9.46616],[-140.0761,-9.46145],[-140.09543,-9.4347],[-140.13059,-9.39946],[-140.13577,-9.38045]]],[[[-138.84212,-9.97617],[-138.82535,-9.97398],[-138.81269,-9.99656],[-138.82712,-10.00615],[-138.84212,-9.97617]]],[[[-138.69223,-10.5201],[-138.67652,-10.49519],[-138.67299,-10.45215],[-138.68915,-10.42586],[-138.65653,-10.42167],[-138.61325,-10.45996],[-138.61291,-10.50355],[-138.63636,-10.54122],[-138.66453,-10.54089],[-138.69223,-10.5201]]],[[[-139.61446,-8.92201],[-139.60343,-8.89401],[-139.55057,-8.86532],[-139.50856,-8.88177],[-139.48611,-8.92145],[-139.54315,-8.93133],[-139.59121,-8.95053],[-139.61446,-8.92201]]],[[[-140.25194,-8.8248],[-140.24737,-8.79993],[-140.20062,-8.78218],[-140.15683,-8.79279],[-140.1257,-8.81625],[-140.10698,-8.80967],[-140.0921,-8.81693],[-140.07293,-8.80326],[-140.06643,-8.82544],[-140.05381,-8.82727],[-140.03619,-8.79977],[-140.01471,-8.80659],[-140.04666,-8.82793],[-140.03361,-8.84605],[-140.01243,-8.84722],[-140.01593,-8.87439],[-140.00946,-8.90339],[-140.02889,-8.9007],[-140.03685,-8.88496],[-140.0532,-8.89576],[-140.04268,-8.91292],[-140.08232,-8.92502],[-140.10472,-8.9122],[-140.10877,-8.93429],[-140.13231,-8.9431],[-140.1699,-8.94286],[-140.18948,-8.96012],[-140.19785,-8.94654],[-140.22501,-8.92952],[-140.22935,-8.88215],[-140.24852,-8.84661],[-140.25194,-8.8248]]],[[[-145.21326,-19.86694],[-145.20807,-19.82346],[-145.19531,-19.78654],[-145.1711,-19.74678],[-145.15423,-19.72766],[-145.09986,-19.67727],[-145.06987,-19.65849],[-145.00848,-19.63759],[-144.96424,-19.634],[-144.91422,-19.6392],[-144.88002,-19.64859],[-144.83441,-19.6702],[-144.79204,-19.70309],[-144.76656,-19.73375],[-144.7518,-19.7596],[-144.73641,-19.80476],[-144.72478,-19.86482],[-144.7241,-19.92428],[-144.73585,-19.97211],[-144.76613,-20.0273],[-144.80105,-20.06385],[-144.83931,-20.08886],[-144.89607,-20.10901],[-144.96064,-20.11501],[-144.99583,-20.11038],[-145.05045,-20.09036],[-145.0839,-20.06871],[-145.16324,-20.00007],[-145.19753,-19.94574],[-145.20911,-19.90811],[-145.21326,-19.86694]]],[[[-140.645,-19.63379],[-140.6314,-19.56401],[-140.59943,-19.50419],[-140.57368,-19.47368],[-140.52906,-19.43867],[-140.49254,-19.42119],[-140.4582,-19.41182],[-140.4176,-19.40829],[-140.37154,-19.41244],[-140.3376,-19.42137],[-140.28915,-19.44543],[-140.26291,-19.46504],[-140.22544,-19.50187],[-140.20176,-19.53454],[-140.18087,-19.58124],[-140.17364,-19.61444],[-140.17206,-19.65284],[-140.17813,-19.69082],[-140.18962,-19.72377],[-140.22263,-19.77769],[-140.25346,-19.80893],[-140.29436,-19.83621],[-140.34893,-19.85608],[-140.40542,-19.86275],[-140.45453,-19.85793],[-140.50836,-19.84011],[-140.56039,-19.80824],[-140.59133,-19.77858],[-140.6257,-19.72426],[-140.64167,-19.6728],[-140.645,-19.63379]]],[[[-139.46746,-19.35567],[-139.45957,-19.29875],[-139.4419,-19.25687],[-139.41559,-19.22044],[-139.39369,-19.19968],[-139.34915,-19.16963],[-139.3096,-19.14949],[-139.24671,-19.12994],[-139.19832,-19.12761],[-139.15405,-19.13499],[-139.12377,-19.14517],[-139.08538,-19.16525],[-139.05857,-19.18608],[-139.02874,-19.2185],[-139.00535,-19.21539],[-138.98814,-19.17853],[-138.97008,-19.15282],[-138.94215,-19.12497],[-138.89906,-19.0973],[-138.83715,-19.07782],[-138.77489,-19.07275],[-138.72963,-19.07587],[-138.69208,-19.08583],[-138.65978,-19.1005],[-138.6167,-19.13197],[-138.5963,-19.15437],[-138.5749,-19.18831],[-138.56341,-19.21687],[-138.51175,-19.25972],[-138.48089,-19.30607],[-138.47164,-19.32812],[-138.45968,-19.38589],[-138.46057,-19.42484],[-138.46639,-19.45353],[-138.48398,-19.49634],[-138.49745,-19.51752],[-138.53198,-19.55424],[-138.56411,-19.57641],[-138.59661,-19.59145],[-138.6404,-19.60261],[-138.70399,-19.60322],[-138.75299,-19.59121],[-138.7892,-19.57365],[-138.83034,-19.54192],[-138.85938,-19.5061],[-138.87648,-19.47356],[-138.93541,-19.44239],[-138.9717,-19.40795],[-138.99101,-19.37987],[-139.00192,-19.41677],[-139.02012,-19.45667],[-139.05373,-19.50152],[-139.09274,-19.5329],[-139.13503,-19.55455],[-139.18016,-19.56686],[-139.22134,-19.56952],[-139.29552,-19.55746],[-139.33071,-19.54524],[-139.38052,-19.51789],[-139.40591,-19.49669],[-139.43445,-19.4626],[-139.4509,-19.4324],[-139.4632,-19.39381],[-139.46746,-19.35567]]],[[[-138.78541,-20.82441],[-138.77971,-20.77078],[-138.76537,-20.71117],[-138.73659,-20.65466],[-138.69895,-20.61561],[-138.6441,-20.5838],[-138.60428,-20.5725],[-138.56765,-20.56887],[-138.50952,-20.57573],[-138.46356,-20.59212],[-138.37999,-20.64398],[-138.35377,-20.66751],[-138.32808,-20.70046],[-138.30324,-20.75883],[-138.29537,-20.79712],[-138.29533,-20.84837],[-138.30532,-20.9181],[-138.31869,-20.95983],[-138.35183,-21.01247],[-138.37737,-21.03741],[-138.41761,-21.06383],[-138.45069,-21.07733],[-138.4993,-21.08712],[-138.52883,-21.08794],[-138.58714,-21.0776],[-138.62732,-21.06124],[-138.69097,-21.01812],[-138.73167,-20.98037],[-138.76735,-20.92455],[-138.77987,-20.88275],[-138.78541,-20.82441]]],[[[-139.35956,-20.78028],[-139.35593,-20.74103],[-139.33459,-20.68198],[-139.31127,-20.64707],[-139.26537,-20.60529],[-139.22727,-20.58484],[-139.18892,-20.57291],[-139.14152,-20.56784],[-139.09887,-20.57135],[-139.04194,-20.58951],[-139.0048,-20.61198],[-138.9741,-20.63976],[-138.93887,-20.69403],[-138.9248,-20.73775],[-138.92102,-20.77744],[-138.92585,-20.82021],[-138.94844,-20.88186],[-138.98761,-20.93387],[-139.01977,-20.95949],[-139.08071,-20.98786],[-139.13205,-20.99662],[-139.17423,-20.9947],[-139.23493,-20.9765],[-139.27924,-20.94898],[-139.30359,-20.9261],[-139.32988,-20.89044],[-139.34601,-20.85678],[-139.35669,-20.8163],[-139.35956,-20.78028]]],[[[-142.07704,-18.72259],[-142.07334,-18.67887],[-142.06074,-18.63665],[-142.04447,-18.60583],[-142.00715,-18.5622],[-141.95954,-18.52964],[-141.91766,-18.51358],[-141.85662,-18.50516],[-141.76594,-18.51615],[-141.71152,-18.53418],[-141.67694,-18.55299],[-141.61726,-18.60192],[-141.58619,-18.63542],[-141.55746,-18.68757],[-141.54719,-18.72592],[-141.54495,-18.76548],[-141.55513,-18.81898],[-141.58325,-18.88253],[-141.60246,-18.91141],[-141.62664,-18.93778],[-141.66545,-18.96731],[-141.70688,-18.98885],[-141.77654,-19.00704],[-141.83237,-19.00767],[-141.88861,-18.9938],[-141.93196,-18.97126],[-141.96242,-18.94664],[-141.99966,-18.90178],[-142.05325,-18.82358],[-142.06857,-18.78309],[-142.07704,-18.72259]]],[[[-140.92855,-19.12492],[-140.92584,-19.09138],[-140.91168,-19.04334],[-140.87681,-18.98806],[-140.82693,-18.94622],[-140.78842,-18.92808],[-140.75943,-18.91989],[-140.71628,-18.91523],[-140.67712,-18.9175],[-140.6222,-18.92723],[-140.58678,-18.93788],[-140.54411,-18.96042],[-140.51995,-18.97938],[-140.49053,-19.01192],[-140.47462,-19.03776],[-140.45762,-19.08155],[-140.45146,-19.11884],[-140.45426,-19.17099],[-140.47474,-19.23021],[-140.50281,-19.27297],[-140.55146,-19.31675],[-140.5954,-19.34092],[-140.65384,-19.35612],[-140.70884,-19.35647],[-140.75326,-19.34717],[-140.79604,-19.32961],[-140.83526,-19.30448],[-140.86359,-19.27968],[-140.89416,-19.24139],[-140.91459,-19.20146],[-140.92578,-19.15981],[-140.92855,-19.12492]]],[[[-141.46935,-19.18939],[-141.46447,-19.14682],[-141.44489,-19.09218],[-141.42896,-19.06635],[-141.38402,-19.02143],[-141.34539,-18.99867],[-141.30745,-18.98568],[-141.27361,-18.97983],[-141.23401,-18.97972],[-141.18922,-18.98821],[-141.14608,-19.00568],[-141.1113,-19.02847],[-141.08532,-19.05216],[-141.0506,-19.09658],[-141.03047,-19.13816],[-141.01871,-19.18915],[-141.0179,-19.22237],[-141.03052,-19.28367],[-141.04912,-19.32143],[-141.07391,-19.35311],[-141.12165,-19.3912],[-141.16157,-19.41026],[-141.19049,-19.41855],[-141.23564,-19.42374],[-141.28,-19.42018],[-141.32258,-19.40831],[-141.35261,-19.39384],[-141.38665,-19.36998],[-141.41425,-19.34165],[-141.43465,-19.31228],[-141.45886,-19.25825],[-141.46738,-19.22109],[-141.46935,-19.18939]]],[[[-136.67447,-18.47082],[-136.67211,-18.44122],[-136.66114,-18.39856],[-136.63279,-18.34749],[-136.60958,-18.32208],[-136.55963,-18.28699],[-136.51083,-18.26871],[-136.44628,-18.2618],[-136.40618,-18.2658],[-136.37214,-18.27468],[-136.26341,-18.32722],[-136.18163,-18.38527],[-136.13114,-18.43468],[-136.1139,-18.45943],[-136.09459,-18.50062],[-136.08399,-18.54993],[-136.08398,-18.59029],[-136.09805,-18.64719],[-136.11131,-18.67384],[-136.13735,-18.70908],[-136.16238,-18.73247],[-136.19111,-18.75147],[-136.25015,-18.77405],[-136.30516,-18.78035],[-136.37601,-18.77215],[-136.41822,-18.75833],[-136.46089,-18.73533],[-136.49764,-18.7055],[-136.52795,-18.67459],[-136.56373,-18.65714],[-136.61051,-18.62074],[-136.64381,-18.57885],[-136.65704,-18.55324],[-136.67145,-18.50533],[-136.67447,-18.47082]]],[[[-139.4276,-18.55717],[-139.41639,-18.49258],[-139.39941,-18.45655],[-139.38201,-18.43205],[-139.34937,-18.40063],[-139.3019,-18.37231],[-139.25761,-18.35826],[-139.20576,-18.35369],[-139.17386,-18.35672],[-139.12508,-18.37044],[-139.08732,-18.3902],[-139.05107,-18.42006],[-139.01897,-18.46357],[-139.00153,-18.50622],[-138.99455,-18.54979],[-138.99817,-18.628],[-138.95799,-18.59967],[-138.89394,-18.57325],[-138.85206,-18.56447],[-138.80117,-18.56099],[-138.73847,-18.56957],[-138.68919,-18.58921],[-138.64456,-18.6206],[-138.6181,-18.64948],[-138.60052,-18.67676],[-138.58269,-18.72333],[-138.57758,-18.75778],[-138.57907,-18.79953],[-138.59233,-18.84841],[-138.61068,-18.88297],[-138.65525,-18.93223],[-138.68377,-18.95181],[-138.72852,-18.97211],[-138.77547,-18.98342],[-138.84244,-18.98839],[-138.88288,-18.98589],[-138.95075,-18.96448],[-138.99282,-18.9381],[-139.01437,-18.9182],[-139.03957,-18.88522],[-139.05513,-18.85467],[-139.06508,-18.82201],[-139.0692,-18.77845],[-139.05883,-18.71878],[-139.07893,-18.72003],[-139.10404,-18.73543],[-139.14272,-18.75138],[-139.20037,-18.76165],[-139.25888,-18.75734],[-139.31632,-18.73722],[-139.35393,-18.71237],[-139.37873,-18.68788],[-139.4069,-18.64583],[-139.42629,-18.58125],[-139.4276,-18.55717]]],[[[-137.27998,-18.26413],[-137.27282,-18.21102],[-137.24594,-18.15337],[-137.21696,-18.1196],[-137.16328,-18.08341],[-137.12015,-18.0676],[-137.05542,-18.06146],[-137.00868,-18.06845],[-136.95057,-18.09281],[-136.89481,-18.13003],[-136.84679,-18.17375],[-136.80825,-18.21566],[-136.77898,-18.2597],[-136.76048,-18.30749],[-136.7541,-18.35375],[-136.75682,-18.3924],[-136.76392,-18.42065],[-136.78901,-18.471],[-136.81088,-18.49797],[-136.84817,-18.52923],[-136.87438,-18.54403],[-136.91228,-18.5577],[-136.96764,-18.56467],[-137.01495,-18.56062],[-137.07538,-18.54141],[-137.12974,-18.51273],[-137.18017,-18.47303],[-137.21068,-18.43591],[-137.25897,-18.35475],[-137.26808,-18.33267],[-137.27998,-18.26413]]],[[[-143.29873,-17.86507],[-143.29018,-17.79701],[-143.2742,-17.75696],[-143.23623,-17.70436],[-143.19181,-17.66883],[-143.15438,-17.64986],[-143.10038,-17.63546],[-143.05595,-17.63379],[-143.02437,-17.63811],[-142.98119,-17.65218],[-142.95043,-17.66927],[-142.91182,-17.70258],[-142.87752,-17.75483],[-142.86291,-17.79813],[-142.85367,-17.84902],[-142.85245,-17.88763],[-142.85895,-17.92575],[-142.87079,-17.95757],[-142.89846,-18.001],[-142.92849,-18.03057],[-142.97429,-18.05902],[-143.00518,-18.07102],[-143.0566,-18.08032],[-143.10358,-18.07847],[-143.1449,-18.06881],[-143.20031,-18.04093],[-143.25119,-17.9932],[-143.27615,-17.95345],[-143.28784,-17.92568],[-143.29873,-17.86507]]],[[[-149.58139,-17.54487],[-149.56717,-17.52627],[-149.54305,-17.52092],[-149.51253,-17.5224],[-149.50362,-17.5117],[-149.48953,-17.55233],[-149.49457,-17.61265],[-149.51282,-17.62343],[-149.52177,-17.59714],[-149.58258,-17.5564],[-149.58139,-17.54487]]],[[[-149.91593,-17.5027],[-149.9079,-17.49042],[-149.87074,-17.49188],[-149.854,-17.49968],[-149.84493,-17.48467],[-149.81677,-17.48454],[-149.7751,-17.47331],[-149.76365,-17.49975],[-149.77682,-17.52396],[-149.79855,-17.58138],[-149.80845,-17.59212],[-149.83748,-17.59206],[-149.85198,-17.58439],[-149.87377,-17.55693],[-149.90355,-17.53679],[-149.91593,-17.5027]]],[[[-142.60489,-18.04557],[-142.60021,-18.00229],[-142.58825,-17.95691],[-142.56851,-17.91287],[-142.53284,-17.86857],[-142.48652,-17.83523],[-142.44494,-17.81809],[-142.41561,-17.81118],[-142.35958,-17.80756],[-142.327,-17.78715],[-142.26381,-17.76201],[-142.19984,-17.75436],[-142.14583,-17.7616],[-142.1083,-17.77491],[-142.07413,-17.79495],[-142.0273,-17.84137],[-142.00026,-17.89318],[-141.98868,-17.9381],[-141.98682,-17.96977],[-141.97757,-18.01161],[-141.9811,-18.0768],[-141.95908,-18.11656],[-141.93448,-18.14921],[-141.91881,-18.18007],[-141.9048,-18.22768],[-141.90078,-18.26294],[-141.90267,-18.29659],[-141.91638,-18.34598],[-141.95341,-18.40425],[-141.97961,-18.42933],[-142.01872,-18.45414],[-142.0487,-18.48051],[-142.09516,-18.50619],[-142.14308,-18.5195],[-142.17293,-18.522],[-142.22251,-18.51686],[-142.25891,-18.5055],[-142.30366,-18.48032],[-142.33839,-18.44803],[-142.36171,-18.41535],[-142.38149,-18.3698],[-142.39314,-18.30192],[-142.42242,-18.28061],[-142.45417,-18.26837],[-142.50899,-18.23041],[-142.5546,-18.17906],[-142.58729,-18.12891],[-142.60186,-18.08151],[-142.60489,-18.04557]]],[[[-141.73756,-17.37707],[-141.7284,-17.31367],[-141.70741,-17.2687],[-141.68128,-17.23465],[-141.63978,-17.19938],[-141.60824,-17.18218],[-141.57003,-17.16844],[-141.525,-17.16042],[-141.46814,-17.16287],[-141.43451,-17.17078],[-141.38771,-17.19219],[-141.35061,-17.21957],[-141.33007,-17.24116],[-141.30564,-17.27838],[-141.28268,-17.3342],[-141.27601,-17.37228],[-141.27651,-17.40609],[-141.28525,-17.44768],[-141.30575,-17.49246],[-141.34317,-17.53727],[-141.36716,-17.5562],[-141.41106,-17.58009],[-141.44609,-17.59164],[-141.49717,-17.6004],[-141.53226,-17.59994],[-141.59908,-17.58305],[-141.64277,-17.55769],[-141.67895,-17.5233],[-141.69945,-17.49429],[-141.72211,-17.44979],[-141.7346,-17.40658],[-141.73756,-17.37707]]],[[[-141.27929,-18.11668],[-141.27194,-18.04942],[-141.257,-18.00545],[-141.23092,-17.95906],[-141.19737,-17.92283],[-141.14266,-17.88878],[-141.08125,-17.87175],[-141.06922,-17.82472],[-141.04784,-17.76727],[-141.0308,-17.73777],[-140.96516,-17.64944],[-140.92355,-17.61432],[-140.86842,-17.58441],[-140.82637,-17.55164],[-140.7787,-17.52396],[-140.75008,-17.51423],[-140.69588,-17.50601],[-140.64784,-17.50798],[-140.60958,-17.51558],[-140.56192,-17.53466],[-140.5295,-17.55388],[-140.49957,-17.5794],[-140.47808,-17.60445],[-140.45702,-17.64002],[-140.44007,-17.69745],[-140.43918,-17.74384],[-140.44514,-17.78056],[-140.47076,-17.84568],[-140.50421,-17.89869],[-140.54113,-17.93982],[-140.57942,-17.96719],[-140.64069,-18.03347],[-140.67442,-18.05658],[-140.65092,-18.08484],[-140.62478,-18.1293],[-140.61005,-18.17613],[-140.60654,-18.20641],[-140.54527,-18.24905],[-140.51004,-18.28513],[-140.47582,-18.33959],[-140.46265,-18.37337],[-140.45516,-18.42229],[-140.45952,-18.46948],[-140.47132,-18.50673],[-140.48762,-18.53696],[-140.51596,-18.57114],[-140.54296,-18.5931],[-140.58534,-18.61596],[-140.62417,-18.62736],[-140.67575,-18.63115],[-140.73846,-18.62598],[-140.79177,-18.61783],[-140.86691,-18.59595],[-140.94195,-18.56075],[-140.97696,-18.53166],[-141.06841,-18.43158],[-141.08958,-18.39823],[-141.12417,-18.3711],[-141.14808,-18.34611],[-141.18189,-18.32366],[-141.21024,-18.29545],[-141.22744,-18.27106],[-141.26045,-18.21079],[-141.27715,-18.15007],[-141.27929,-18.11668]]],[[[-138.66375,-17.34666],[-138.65999,-17.31326],[-138.64318,-17.2628],[-138.61917,-17.22493],[-138.60015,-17.20378],[-138.56201,-17.17395],[-138.51945,-17.15137],[-138.48863,-17.14043],[-138.44115,-17.12989],[-138.33538,-17.12584],[-138.29113,-17.13057],[-138.23346,-17.15103],[-138.19702,-17.17465],[-138.15956,-17.21327],[-138.13392,-17.26004],[-138.12305,-17.29969],[-138.12037,-17.33317],[-138.12355,-17.36661],[-138.13933,-17.41653],[-138.17151,-17.46563],[-138.2048,-17.49677],[-138.26855,-17.53563],[-138.30978,-17.54981],[-138.34283,-17.55628],[-138.43134,-17.55995],[-138.47693,-17.55692],[-138.5345,-17.54201],[-138.57307,-17.52146],[-138.6099,-17.48976],[-138.63152,-17.46244],[-138.65164,-17.42278],[-138.66074,-17.38955],[-138.66375,-17.34666]]],[[[-142.88032,-17.55309],[-142.8689,-17.48262],[-142.85756,-17.4558],[-142.83643,-17.42304],[-142.81027,-17.39521],[-142.78406,-17.37529],[-142.79457,-17.33834],[-142.79611,-17.28024],[-142.78407,-17.23316],[-142.75772,-17.18632],[-142.73291,-17.15871],[-142.68149,-17.1233],[-142.63201,-17.10575],[-142.59791,-17.10091],[-142.55499,-17.10227],[-142.52238,-17.10843],[-142.47603,-17.12478],[-142.42553,-17.15652],[-142.39212,-17.19079],[-142.35887,-17.25055],[-142.34753,-17.30218],[-142.34841,-17.34198],[-142.35494,-17.37347],[-142.36929,-17.40957],[-142.40064,-17.45487],[-142.36901,-17.49278],[-142.35274,-17.52381],[-142.33715,-17.58877],[-142.33845,-17.63491],[-142.34429,-17.66341],[-142.3586,-17.69956],[-142.38408,-17.73833],[-142.43365,-17.78499],[-142.46868,-17.80628],[-142.51271,-17.8243],[-142.55638,-17.83382],[-142.62806,-17.83489],[-142.68899,-17.82171],[-142.71777,-17.81183],[-142.76316,-17.78684],[-142.79511,-17.76231],[-142.8331,-17.72039],[-142.85867,-17.6751],[-142.87317,-17.63394],[-142.88032,-17.55309]]],[[[-143.68936,-17.44568],[-143.68312,-17.40024],[-143.66715,-17.35801],[-143.63847,-17.31647],[-143.62264,-17.30049],[-143.57345,-17.26712],[-143.53601,-17.25312],[-143.48643,-17.24587],[-143.4091,-17.24989],[-143.36596,-17.26222],[-143.32785,-17.2787],[-143.29697,-17.29771],[-143.24833,-17.34525],[-143.21918,-17.40013],[-143.20807,-17.45538],[-143.21399,-17.517],[-143.22923,-17.5577],[-143.26141,-17.60462],[-143.31193,-17.64603],[-143.36524,-17.67271],[-143.40085,-17.68458],[-143.44377,-17.69034],[-143.47891,-17.68906],[-143.53122,-17.67682],[-143.57227,-17.65669],[-143.60573,-17.63176],[-143.63663,-17.59777],[-143.6562,-17.5649],[-143.67798,-17.51552],[-143.68774,-17.47462],[-143.68936,-17.44568]]],[[[-145.81614,-17.35074],[-145.81376,-17.31927],[-145.80025,-17.27152],[-145.76434,-17.21192],[-145.73652,-17.18195],[-145.71327,-17.16412],[-145.66622,-17.1395],[-145.60881,-17.12465],[-145.53749,-17.12676],[-145.46428,-17.1435],[-145.41596,-17.16215],[-145.36661,-17.19851],[-145.32924,-17.25011],[-145.29021,-17.27781],[-145.23395,-17.34336],[-145.20788,-17.38271],[-145.18866,-17.42769],[-145.1814,-17.46504],[-145.18193,-17.51379],[-145.19132,-17.55302],[-145.20989,-17.59247],[-145.24115,-17.63191],[-145.2686,-17.65448],[-145.32664,-17.68481],[-145.36048,-17.69517],[-145.39565,-17.69979],[-145.45772,-17.69716],[-145.52642,-17.68094],[-145.56777,-17.66302],[-145.60436,-17.63736],[-145.64864,-17.58477],[-145.70956,-17.55384],[-145.74499,-17.52138],[-145.77241,-17.48397],[-145.79437,-17.44396],[-145.81291,-17.38678],[-145.81614,-17.35074]]],[[[-142.14129,-16.82949],[-142.13992,-16.80539],[-142.12825,-16.75854],[-142.11496,-16.73073],[-142.08547,-16.69122],[-142.03016,-16.64982],[-141.97083,-16.62859],[-141.91982,-16.62351],[-141.88791,-16.62627],[-141.84252,-16.63867],[-141.80646,-16.65697],[-141.77995,-16.67689],[-141.75229,-16.70588],[-141.72028,-16.75712],[-141.70895,-16.78692],[-141.70054,-16.83711],[-141.70299,-16.87665],[-141.71346,-16.91495],[-141.72636,-16.94195],[-141.75658,-16.98189],[-141.79628,-17.01401],[-141.85889,-17.04038],[-141.89831,-17.04669],[-141.9432,-17.04488],[-142.00833,-17.02701],[-142.03774,-17.01253],[-142.07018,-16.98879],[-142.099,-16.95739],[-142.11941,-16.92343],[-142.13676,-16.87181],[-142.14129,-16.82949]]],[[[-148.92379,-14.87758],[-148.92125,-14.84462],[-148.90843,-14.798],[-148.8933,-14.76704],[-148.86793,-14.73242],[-148.83151,-14.69914],[-148.79885,-14.67905],[-148.76656,-14.66585],[-148.70159,-14.65575],[-148.62991,-14.66368],[-148.56421,-14.68243],[-148.51456,-14.7075],[-148.46688,-14.75022],[-148.44534,-14.78186],[-148.42404,-14.83508],[-148.40142,-14.8106],[-148.31862,-14.7461],[-148.26491,-14.72023],[-148.18999,-14.70509],[-148.12415,-14.70482],[-148.07855,-14.71386],[-148.03388,-14.72944],[-147.97433,-14.75716],[-147.92629,-14.73095],[-147.89198,-14.72091],[-147.84484,-14.71616],[-147.78411,-14.72054],[-147.7354,-14.73124],[-147.65,-14.7441],[-147.55859,-14.77482],[-147.51881,-14.7954],[-147.46774,-14.83088],[-147.43342,-14.86091],[-147.40742,-14.89504],[-147.37226,-14.93099],[-147.33677,-14.95193],[-147.29433,-14.98608],[-147.26056,-15.02086],[-147.22075,-15.02453],[-147.17582,-15.0343],[-147.1235,-15.05996],[-147.08901,-15.08895],[-147.06455,-15.12033],[-147.04848,-15.15117],[-147.02176,-15.12313],[-146.99316,-15.10225],[-146.95762,-15.05688],[-146.92331,-15.02982],[-146.8829,-15.00951],[-146.81868,-14.99629],[-146.75848,-15.00155],[-146.63551,-15.03349],[-146.57463,-15.04521],[-146.50077,-15.07929],[-146.46115,-15.11057],[-146.42286,-15.10151],[-146.35897,-15.0996],[-146.31563,-15.10887],[-146.25654,-15.11358],[-146.22075,-15.12472],[-146.14585,-15.13868],[-146.1046,-15.15223],[-146.07184,-15.17008],[-146.04461,-15.19129],[-146.02148,-15.21663],[-145.99754,-15.25629],[-145.98721,-15.28427],[-145.97987,-15.33053],[-145.98187,-15.36984],[-145.99156,-15.42681],[-146.01538,-15.4937],[-146.01584,-15.52929],[-146.02977,-15.59892],[-145.96668,-15.6098],[-145.93202,-15.62241],[-145.84245,-15.67362],[-145.78218,-15.71502],[-145.76018,-15.73519],[-145.72603,-15.78068],[-145.70296,-15.82657],[-145.68452,-15.85181],[-145.63965,-15.84749],[-145.59827,-15.84976],[-145.54927,-15.86157],[-145.52098,-15.87426],[-145.48034,-15.90243],[-145.45767,-15.92572],[-145.46755,-15.86324],[-145.466,-15.82542],[-145.50172,-15.82886],[-145.55699,-15.82389],[-145.58175,-15.81682],[-145.62409,-15.79707],[-145.66716,-15.77033],[-145.69405,-15.74704],[-145.73902,-15.70005],[-145.77202,-15.649],[-145.78457,-15.61156],[-145.79786,-15.52861],[-145.79492,-15.47272],[-145.7866,-15.43998],[-145.75482,-15.37159],[-145.72945,-15.33614],[-145.68952,-15.29931],[-145.63585,-15.26987],[-145.56793,-15.25573],[-145.51876,-15.25832],[-145.48201,-15.26769],[-145.445,-15.28362],[-145.39244,-15.29122],[-145.35628,-15.30366],[-145.32156,-15.32283],[-145.28938,-15.34967],[-145.25926,-15.38916],[-145.24353,-15.42202],[-145.23312,-15.46],[-145.2297,-15.50716],[-145.24366,-15.57098],[-145.25567,-15.59599],[-145.18038,-15.57681],[-145.13493,-15.57443],[-145.09192,-15.58038],[-145.01759,-15.60444],[-144.97328,-15.63271],[-144.92664,-15.6864],[-144.91085,-15.71707],[-144.89505,-15.76961],[-144.8813,-15.79006],[-144.85797,-15.84165],[-144.8463,-15.8901],[-144.78738,-15.91076],[-144.79567,-15.89224],[-144.82895,-15.84921],[-144.84788,-15.80899],[-144.8576,-15.77304],[-144.86052,-15.74214],[-144.85557,-15.69115],[-144.83101,-15.62691],[-144.80768,-15.59358],[-144.78577,-15.57152],[-144.74556,-15.544],[-144.70247,-15.52706],[-144.67314,-15.52107],[-144.61509,-15.52127],[-144.557,-15.53633],[-144.52239,-15.55335],[-144.47836,-15.58646],[-144.4461,-15.62157],[-144.41893,-15.66534],[-144.40104,-15.72884],[-144.40017,-15.76475],[-144.40502,-15.79803],[-144.41559,-15.83005],[-144.43837,-15.87018],[-144.46874,-15.90333],[-144.51589,-15.93563],[-144.5785,-15.95834],[-144.62076,-15.96303],[-144.66875,-15.96067],[-144.70301,-15.95234],[-144.64007,-16.00631],[-144.61171,-16.04427],[-144.5872,-16.09396],[-144.57093,-16.16666],[-144.56792,-16.19613],[-144.54436,-16.17842],[-144.49557,-16.15374],[-144.45694,-16.14238],[-144.40474,-16.13779],[-144.37244,-16.14025],[-144.31951,-16.15379],[-144.28583,-16.16916],[-144.20737,-16.21431],[-144.18213,-16.23519],[-144.11541,-16.30519],[-144.06976,-16.27],[-144.0364,-16.25378],[-143.96594,-16.2366],[-143.91058,-16.23618],[-143.85119,-16.24497],[-143.78147,-16.26472],[-143.7262,-16.29327],[-143.70122,-16.31241],[-143.65634,-16.3644],[-143.59838,-16.38688],[-143.5427,-16.41612],[-143.50381,-16.40674],[-143.46229,-16.40431],[-143.4052,-16.40985],[-143.41848,-16.38146],[-143.43559,-16.33016],[-143.43983,-16.29652],[-143.43427,-16.24169],[-143.41469,-16.19206],[-143.3954,-16.16378],[-143.36118,-16.12973],[-143.32152,-16.10437],[-143.2895,-16.09131],[-143.23196,-16.07906],[-143.16341,-16.07898],[-143.11431,-16.08972],[-143.06985,-16.11],[-143.02077,-16.14362],[-142.9544,-16.17281],[-142.89029,-16.21675],[-142.86066,-16.24271],[-142.82324,-16.29416],[-142.8018,-16.35844],[-142.79969,-16.40153],[-142.80362,-16.43153],[-142.73803,-16.45359],[-142.68942,-16.48397],[-142.65314,-16.51708],[-142.62037,-16.56796],[-142.61013,-16.59515],[-142.57966,-16.65311],[-142.56942,-16.69817],[-142.56904,-16.74618],[-142.58015,-16.79478],[-142.60596,-16.84457],[-142.63441,-16.87809],[-142.69091,-16.91885],[-142.73237,-16.93484],[-142.78866,-16.94255],[-142.85144,-16.95882],[-142.84646,-17.00772],[-142.85566,-17.0676],[-142.84136,-17.09517],[-142.82287,-17.16461],[-142.82269,-17.21087],[-142.82895,-17.24394],[-142.84345,-17.28312],[-142.87446,-17.33027],[-142.90141,-17.35654],[-142.9455,-17.38553],[-143.00469,-17.40744],[-143.04026,-17.41241],[-143.08543,-17.41087],[-143.15866,-17.3942],[-143.19422,-17.37681],[-143.25046,-17.33755],[-143.27907,-17.30993],[-143.31229,-17.25541],[-143.35032,-17.23564],[-143.39268,-17.20704],[-143.45729,-17.14606],[-143.48371,-17.11096],[-143.51778,-17.04349],[-143.53286,-16.9936],[-143.53946,-16.94735],[-143.5666,-16.93955],[-143.60693,-16.92078],[-143.65496,-16.90318],[-143.72545,-16.86745],[-143.75989,-16.85806],[-143.83267,-16.82582],[-143.87349,-16.80231],[-143.89198,-16.84266],[-143.93413,-16.89452],[-143.97324,-16.92261],[-144.00554,-16.93791],[-144.04664,-16.94971],[-144.10844,-16.95302],[-144.12164,-16.96739],[-144.10019,-17.02101],[-144.09349,-17.06111],[-144.09343,-17.09875],[-144.10882,-17.16547],[-144.13169,-17.20883],[-144.1506,-17.2604],[-144.18813,-17.31282],[-144.23647,-17.34951],[-144.27309,-17.36603],[-144.30648,-17.37474],[-144.3667,-17.37874],[-144.41068,-17.37302],[-144.45705,-17.35757],[-144.51891,-17.32621],[-144.56441,-17.28747],[-144.58783,-17.25577],[-144.62048,-17.19692],[-144.67715,-17.19631],[-144.70701,-17.19256],[-144.77381,-17.17378],[-144.81856,-17.15486],[-144.86468,-17.13064],[-144.90593,-17.10392],[-144.93624,-17.10039],[-144.99288,-17.08166],[-145.0245,-17.06297],[-145.06639,-17.04589],[-145.11561,-17.01075],[-145.2277,-17.0182],[-145.25726,-17.01546],[-145.30008,-17.00376],[-145.34498,-16.98046],[-145.41709,-16.95403],[-145.45044,-16.93356],[-145.49131,-16.89882],[-145.527,-16.85282],[-145.55615,-16.78659],[-145.56557,-16.73856],[-145.62647,-16.70998],[-145.68327,-16.66521],[-145.72729,-16.62251],[-145.80191,-16.56041],[-145.85577,-16.49857],[-145.88603,-16.46728],[-145.94646,-16.39444],[-145.96832,-16.35638],[-145.98917,-16.30487],[-146.02109,-16.23874],[-146.10767,-16.20916],[-146.12685,-16.26676],[-146.15003,-16.30322],[-146.17311,-16.32821],[-146.20872,-16.35537],[-146.23558,-16.36917],[-146.27907,-16.38237],[-146.34952,-16.38975],[-146.41163,-16.38541],[-146.44979,-16.37378],[-146.49686,-16.34724],[-146.54365,-16.30145],[-146.57264,-16.25916],[-146.59169,-16.22103],[-146.60261,-16.18312],[-146.60562,-16.14132],[-146.59832,-16.09251],[-146.58328,-16.05382],[-146.64194,-16.04576],[-146.77,-16.01216],[-146.87029,-15.9676],[-146.9062,-15.94892],[-146.97875,-15.90166],[-147.01697,-15.86427],[-147.06264,-15.8023],[-147.08139,-15.76254],[-147.09571,-15.70104],[-147.09623,-15.66128],[-147.0878,-15.61487],[-147.07336,-15.57598],[-147.05267,-15.54232],[-147.0145,-15.50255],[-147.06482,-15.42315],[-147.09951,-15.45054],[-147.13488,-15.46844],[-147.18094,-15.48147],[-147.23127,-15.50817],[-147.28312,-15.52214],[-147.32202,-15.52539],[-147.37534,-15.52327],[-147.41985,-15.51517],[-147.48429,-15.5175],[-147.52888,-15.51234],[-147.57126,-15.49799],[-147.63723,-15.46128],[-147.66411,-15.43978],[-147.74173,-15.44654],[-147.79183,-15.43879],[-147.82428,-15.42764],[-147.87096,-15.40158],[-147.96493,-15.37272],[-148.0269,-15.33459],[-148.08143,-15.28261],[-148.16298,-15.31663],[-148.19468,-15.32421],[-148.24111,-15.32682],[-148.29382,-15.31819],[-148.35721,-15.28877],[-148.39365,-15.25934],[-148.43031,-15.21774],[-148.46584,-15.15768],[-148.49081,-15.09315],[-148.49719,-15.0548],[-148.52077,-15.07117],[-148.56472,-15.09109],[-148.62169,-15.10759],[-148.68543,-15.11115],[-148.74558,-15.10032],[-148.81168,-15.07226],[-148.84664,-15.04821],[-148.87779,-15.01686],[-148.899,-14.98411],[-148.91424,-14.94497],[-148.92379,-14.87758]],[[-145.41335,-16.01312],[-145.40829,-16.03477],[-145.38507,-16.07233],[-145.36107,-16.14404],[-145.33823,-16.16826],[-145.3115,-16.21141],[-145.24374,-16.26615],[-145.19702,-16.32136],[-145.1776,-16.35233],[-145.15847,-16.40355],[-145.15268,-16.45171],[-145.16071,-16.50876],[-145.12042,-16.51761],[-145.06643,-16.53699],[-145.01185,-16.5665],[-144.98637,-16.5859],[-144.89759,-16.58791],[-144.86134,-16.57811],[-144.82241,-16.57321],[-144.76061,-16.57303],[-144.71551,-16.58032],[-144.66975,-16.59713],[-144.63491,-16.61614],[-144.57838,-16.66859],[-144.54239,-16.67803],[-144.48976,-16.69869],[-144.46754,-16.71162],[-144.45256,-16.69093],[-144.45421,-16.67512],[-144.49996,-16.64918],[-144.53699,-16.62235],[-144.60311,-16.55874],[-144.62429,-16.53237],[-144.64692,-16.49128],[-144.6674,-16.43088],[-144.67151,-16.40391],[-144.69652,-16.42811],[-144.73928,-16.45662],[-144.77471,-16.47197],[-144.82855,-16.48375],[-144.90528,-16.48122],[-144.96448,-16.4645],[-144.9956,-16.45035],[-145.06049,-16.41346],[-145.10497,-16.37755],[-145.14503,-16.32907],[-145.18936,-16.26162],[-145.20698,-16.22143],[-145.21784,-16.16173],[-145.28244,-16.12815],[-145.38879,-16.04071],[-145.41335,-16.01312]],[[-143.17985,-16.6097],[-143.17091,-16.6575],[-143.17083,-16.6823],[-143.17833,-16.72499],[-143.12932,-16.7316],[-143.08455,-16.74559],[-143.08342,-16.6938],[-143.08672,-16.66019],[-143.08177,-16.61285],[-143.1079,-16.60745],[-143.14103,-16.61113],[-143.17985,-16.6097]]],[[[-141.64279,-14.10508],[-141.63513,-14.03926],[-141.616,-13.99383],[-141.59604,-13.96537],[-141.56348,-13.93437],[-141.52769,-13.91228],[-141.46477,-13.89284],[-141.39872,-13.89356],[-141.36761,-13.90108],[-141.32662,-13.91915],[-141.28543,-13.95002],[-141.23932,-13.94644],[-141.17629,-13.95662],[-141.11629,-13.97854],[-141.08226,-14.00016],[-141.04582,-14.02918],[-141.01926,-14.05652],[-140.98824,-14.10365],[-140.97107,-14.15492],[-140.9675,-14.19953],[-140.97305,-14.23895],[-140.98293,-14.26918],[-141.00265,-14.30567],[-141.03257,-14.34106],[-141.05752,-14.36118],[-141.09317,-14.38129],[-141.12722,-14.39296],[-141.16943,-14.39949],[-141.27524,-14.39301],[-141.33272,-14.37725],[-141.37359,-14.35419],[-141.42378,-14.3113],[-141.46064,-14.30796],[-141.50913,-14.29311],[-141.5519,-14.26915],[-141.58106,-14.24453],[-141.60861,-14.21094],[-141.62716,-14.17661],[-141.6389,-14.13915],[-141.64279,-14.10508]]],[[[-139.05495,-14.81292],[-139.04419,-14.75282],[-139.02269,-14.70796],[-139.00451,-14.68399],[-138.96609,-14.64721],[-138.92357,-14.62047],[-138.89369,-14.60845],[-138.84744,-14.59766],[-138.78836,-14.5984],[-138.74831,-14.60813],[-138.71107,-14.62536],[-138.68433,-14.64373],[-138.63495,-14.6926],[-138.59796,-14.75184],[-138.58378,-14.80373],[-138.58249,-14.84322],[-138.59625,-14.90513],[-138.61503,-14.94305],[-138.65957,-14.99393],[-138.70515,-15.02238],[-138.7614,-15.03925],[-138.80431,-15.04224],[-138.86393,-15.03374],[-138.90927,-15.01603],[-138.95322,-14.99201],[-138.98671,-14.96639],[-139.02477,-14.92149],[-139.04863,-14.8657],[-139.05495,-14.81292]]],[[[-140.37695,-15.98516],[-140.36664,-15.91907],[-140.34958,-15.8807],[-140.30788,-15.82922],[-140.27665,-15.80576],[-140.21115,-15.77631],[-140.15145,-15.7649],[-140.10861,-15.764],[-140.06928,-15.76821],[-140.02659,-15.77865],[-139.97482,-15.80502],[-139.93844,-15.83683],[-139.91428,-15.86922],[-139.89987,-15.89764],[-139.88723,-15.94245],[-139.88536,-15.99661],[-139.89527,-16.04267],[-139.91316,-16.08225],[-139.95583,-16.13619],[-140.01074,-16.17699],[-140.05417,-16.19598],[-140.09904,-16.20698],[-140.16022,-16.20898],[-140.19887,-16.20278],[-140.25045,-16.18465],[-140.2846,-16.16441],[-140.31891,-16.13381],[-140.34726,-16.09582],[-140.37156,-16.03305],[-140.37695,-15.98516]]],[[[-142.73943,-16.16414],[-142.7359,-16.12301],[-142.72329,-16.08124],[-142.70384,-16.04566],[-142.68079,-15.98659],[-142.65203,-15.93062],[-142.60207,-15.8703],[-142.52312,-15.79709],[-142.45169,-15.75324],[-142.42486,-15.70847],[-142.39824,-15.67868],[-142.34097,-15.63352],[-142.29384,-15.58434],[-142.24901,-15.55763],[-142.20137,-15.53925],[-142.16036,-15.53155],[-142.11186,-15.53053],[-142.06319,-15.53961],[-142.0309,-15.55232],[-141.99936,-15.5714],[-141.96613,-15.60135],[-141.94048,-15.63759],[-141.92505,-15.67367],[-141.91578,-15.73952],[-141.9209,-15.77865],[-141.94478,-15.83817],[-141.97193,-15.87617],[-142.05696,-15.96755],[-142.08046,-15.99831],[-142.11343,-16.02732],[-142.13571,-16.08693],[-142.17137,-16.15998],[-142.17965,-16.18601],[-142.20339,-16.23573],[-142.22572,-16.27143],[-142.28279,-16.35319],[-142.32717,-16.39743],[-142.3611,-16.41935],[-142.41314,-16.439],[-142.45245,-16.44592],[-142.50807,-16.44693],[-142.5714,-16.43246],[-142.6084,-16.41428],[-142.65795,-16.37226],[-142.67848,-16.34474],[-142.69823,-16.30561],[-142.71173,-16.26131],[-142.72504,-16.23358],[-142.7366,-16.19321],[-142.73943,-16.16414]]],[[[-148.49109,-15.84387],[-148.48899,-15.81922],[-148.47171,-15.74626],[-148.44808,-15.70051],[-148.42792,-15.67547],[-148.39194,-15.64463],[-148.35571,-15.62477],[-148.28858,-15.60658],[-148.2406,-15.60622],[-148.201,-15.6138],[-148.16818,-15.62643],[-148.12352,-15.6554],[-148.06741,-15.70975],[-148.0372,-15.75083],[-148.02155,-15.787],[-148.01212,-15.84658],[-148.01877,-15.89826],[-148.03186,-15.93478],[-148.04905,-15.965],[-148.07464,-15.99816],[-148.10512,-16.02499],[-148.16631,-16.05833],[-148.22761,-16.0725],[-148.26949,-16.07257],[-148.31653,-16.06335],[-148.37422,-16.03734],[-148.41653,-16.00582],[-148.45648,-15.96009],[-148.48459,-15.89777],[-148.49109,-15.84387]]],[[[-141.10944,-15.82223],[-141.09951,-15.76326],[-141.07819,-15.7179],[-141.05964,-15.69262],[-141.0313,-15.66538],[-140.99361,-15.64168],[-140.89527,-15.60828],[-140.85135,-15.60162],[-140.81741,-15.60242],[-140.77033,-15.61231],[-140.7306,-15.62976],[-140.68568,-15.66336],[-140.66788,-15.68308],[-140.63958,-15.73078],[-140.62895,-15.7632],[-140.62321,-15.80546],[-140.62957,-15.86197],[-140.64906,-15.91319],[-140.68871,-15.9677],[-140.72223,-15.99567],[-140.78492,-16.02711],[-140.82741,-16.03822],[-140.88949,-16.04157],[-140.93759,-16.03361],[-140.97984,-16.01792],[-141.01161,-15.99997],[-141.05468,-15.96376],[-141.07566,-15.9366],[-141.09793,-15.89164],[-141.10602,-15.86143],[-141.10944,-15.82223]]],[[[-144.77073,-14.96004],[-144.76853,-14.93043],[-144.75884,-14.89276],[-144.73645,-14.84938],[-144.70801,-14.81263],[-144.67597,-14.78462],[-144.64555,-14.7666],[-144.61002,-14.75292],[-144.56444,-14.74352],[-144.52628,-14.74294],[-144.49054,-14.74831],[-144.44411,-14.76466],[-144.41652,-14.78009],[-144.38179,-14.80842],[-144.36502,-14.8276],[-144.34159,-14.86664],[-144.33235,-14.89111],[-144.3243,-14.9351],[-144.33105,-15.00012],[-144.34973,-15.04547],[-144.36898,-15.0736],[-144.40832,-15.11039],[-144.45526,-15.13803],[-144.51799,-15.15703],[-144.58521,-15.15891],[-144.62165,-15.15197],[-144.65774,-15.13808],[-144.71235,-15.0991],[-144.74059,-15.06385],[-144.76558,-15.00433],[-144.77073,-14.96004]]],[[[-145.46943,-14.69312],[-145.46571,-14.65887],[-145.44441,-14.59543],[-145.43927,-14.56859],[-145.4241,-14.52866],[-145.39469,-14.48197],[-145.32893,-14.41292],[-145.28524,-14.38415],[-145.21366,-14.35695],[-145.17942,-14.31616],[-145.15108,-14.29294],[-145.09352,-14.25351],[-145.05559,-14.23195],[-144.96708,-14.19926],[-144.91359,-14.18799],[-144.86036,-14.18815],[-144.83279,-14.19178],[-144.78709,-14.20529],[-144.75317,-14.22244],[-144.72158,-14.24581],[-144.69464,-14.27447],[-144.66788,-14.31802],[-144.65538,-14.35234],[-144.64891,-14.38943],[-144.64964,-14.42756],[-144.66341,-14.48122],[-144.68447,-14.51952],[-144.72976,-14.56597],[-144.78407,-14.59773],[-144.83729,-14.64224],[-144.92983,-14.68977],[-144.97352,-14.70446],[-145.00747,-14.75094],[-145.06929,-14.82915],[-145.09884,-14.85764],[-145.14633,-14.88928],[-145.17104,-14.90037],[-145.21822,-14.91205],[-145.27619,-14.91177],[-145.31651,-14.90225],[-145.37571,-14.87088],[-145.41223,-14.83701],[-145.43129,-14.8142],[-145.45593,-14.76866],[-145.46773,-14.72259],[-145.46943,-14.69312]]],[[[-146.60991,-14.55187],[-146.60667,-14.5201],[-146.59633,-14.48291],[-146.57793,-14.44239],[-146.55672,-14.38051],[-146.52852,-14.33914],[-146.48822,-14.29753],[-146.44288,-14.2673],[-146.37023,-14.23984],[-146.33225,-14.23198],[-146.27002,-14.22502],[-146.22539,-14.22637],[-146.15844,-14.2443],[-146.05308,-14.18769],[-146.01558,-14.16546],[-145.98159,-14.15034],[-145.92262,-14.13431],[-145.88574,-14.12906],[-145.83873,-14.12914],[-145.80108,-14.13648],[-145.74862,-14.15906],[-145.71766,-14.18113],[-145.68255,-14.21901],[-145.64505,-14.2854],[-145.63156,-14.33143],[-145.62869,-14.36455],[-145.63413,-14.41193],[-145.64413,-14.44288],[-145.66213,-14.47691],[-145.69887,-14.52152],[-145.74386,-14.56314],[-145.79322,-14.59626],[-145.84484,-14.62464],[-145.87364,-14.63599],[-145.9578,-14.65829],[-146.0175,-14.6675],[-146.05655,-14.6674],[-146.1141,-14.65619],[-146.16275,-14.69073],[-146.19494,-14.70628],[-146.25445,-14.72093],[-146.31439,-14.75424],[-146.3725,-14.76737],[-146.42467,-14.76614],[-146.47102,-14.75451],[-146.50559,-14.73822],[-146.55674,-14.6964],[-146.58401,-14.65756],[-146.60503,-14.60213],[-146.60991,-14.55187]]],[[[-135.32821,-23.17521],[-135.31952,-23.1174],[-135.29388,-23.06449],[-135.2684,-23.03422],[-135.16982,-22.94256],[-135.13002,-22.88562],[-135.08259,-22.84077],[-135.04041,-22.81789],[-134.98793,-22.804],[-134.95151,-22.80205],[-134.89376,-22.81011],[-134.83202,-22.83303],[-134.78323,-22.86312],[-134.73807,-22.91461],[-134.7214,-22.94808],[-134.69022,-22.97315],[-134.66774,-22.9993],[-134.64307,-23.04393],[-134.63246,-23.08099],[-134.62923,-23.12539],[-134.63534,-23.16606],[-134.59205,-23.13841],[-134.52924,-23.119],[-134.47162,-23.11663],[-134.43108,-23.12231],[-134.39592,-23.13394],[-134.34849,-23.16212],[-134.31848,-23.19101],[-134.27855,-23.24168],[-134.25635,-23.28529],[-134.24624,-23.32795],[-134.24511,-23.3637],[-134.2547,-23.4142],[-134.27768,-23.46466],[-134.2949,-23.48889],[-134.3402,-23.52974],[-134.40526,-23.56276],[-134.4471,-23.57324],[-134.51405,-23.57294],[-134.55402,-23.56275],[-134.60717,-23.53512],[-134.65465,-23.48834],[-134.68148,-23.43992],[-134.70241,-23.38302],[-134.70874,-23.35324],[-134.74062,-23.37826],[-134.79885,-23.40582],[-134.8937,-23.4372],[-134.92699,-23.44492],[-134.99711,-23.44406],[-135.0404,-23.43145],[-135.15117,-23.3805],[-135.21996,-23.35379],[-135.24953,-23.33374],[-135.29115,-23.28927],[-135.31036,-23.25584],[-135.3231,-23.21881],[-135.32821,-23.17521]]],[[[-137.35875,-23.16692],[-137.35221,-23.11176],[-137.33524,-23.06354],[-137.31851,-23.03481],[-137.2939,-23.00528],[-137.26792,-22.98332],[-137.22482,-22.95571],[-137.16408,-22.93456],[-137.10464,-22.93152],[-137.04336,-22.94601],[-137.0066,-22.96474],[-136.97336,-22.99087],[-136.9484,-23.01907],[-136.9213,-23.06433],[-136.90505,-23.12368],[-136.90521,-23.17609],[-136.92238,-23.23578],[-136.95882,-23.29858],[-136.9867,-23.32911],[-137.02329,-23.35528],[-137.05549,-23.37011],[-137.1103,-23.38274],[-137.15067,-23.38322],[-137.20781,-23.37126],[-137.25653,-23.34799],[-137.30028,-23.31271],[-137.33637,-23.26102],[-137.35461,-23.208],[-137.35875,-23.16692]]],[[[-140.89323,-21.68386],[-140.888,-21.64035],[-140.87086,-21.59462],[-140.83587,-21.54688],[-140.81222,-21.50746],[-140.7835,-21.47687],[-140.751,-21.45366],[-140.71293,-21.43643],[-140.68344,-21.42858],[-140.63095,-21.42407],[-140.56229,-21.4323],[-140.51422,-21.45099],[-140.47977,-21.4738],[-140.44358,-21.51165],[-140.42655,-21.53887],[-140.41046,-21.57953],[-140.38782,-21.61149],[-140.37036,-21.65207],[-140.36213,-21.70513],[-140.3641,-21.73629],[-140.37477,-21.77828],[-140.38941,-21.80881],[-140.42145,-21.84993],[-140.44772,-21.87247],[-140.48105,-21.89345],[-140.52669,-21.91171],[-140.58257,-21.92533],[-140.61801,-21.92811],[-140.66339,-21.92302],[-140.70383,-21.90998],[-140.78156,-21.87525],[-140.8111,-21.85357],[-140.84554,-21.81851],[-140.86872,-21.78187],[-140.88242,-21.74951],[-140.89323,-21.68386]]],[[[-139.24906,-21.88278],[-139.243,-21.83248],[-139.22745,-21.79161],[-139.2031,-21.75496],[-139.16758,-21.72059],[-139.12425,-21.68922],[-139.08857,-21.67144],[-139.07051,-21.65139],[-139.02066,-21.61154],[-138.97924,-21.59124],[-138.94439,-21.58195],[-138.88941,-21.57798],[-138.85324,-21.58149],[-138.79071,-21.59815],[-138.75994,-21.6131],[-138.69878,-21.63546],[-138.66594,-21.65692],[-138.62152,-21.69959],[-138.59393,-21.74064],[-138.57952,-21.77691],[-138.57213,-21.81857],[-138.57346,-21.85907],[-138.58521,-21.90506],[-138.60089,-21.93663],[-138.64291,-21.98603],[-138.67461,-22.00885],[-138.61727,-22.03809],[-138.59296,-22.05714],[-138.54334,-22.10862],[-138.51282,-22.15625],[-138.49582,-22.22043],[-138.49943,-22.28485],[-138.5108,-22.3276],[-138.5336,-22.37181],[-138.56319,-22.40588],[-138.58831,-22.42611],[-138.6274,-22.44753],[-138.68473,-22.47061],[-138.73425,-22.48214],[-138.76995,-22.48304],[-138.83306,-22.47033],[-138.87171,-22.45164],[-138.91773,-22.41358],[-138.9386,-22.38593],[-138.95913,-22.34182],[-138.97991,-22.30748],[-138.99525,-22.26046],[-138.99853,-22.231],[-138.99597,-22.18939],[-138.97739,-22.13355],[-138.94358,-22.08615],[-139.01003,-22.09228],[-139.0505,-22.08977],[-139.08332,-22.08222],[-139.14049,-22.05976],[-139.17319,-22.03786],[-139.19748,-22.01473],[-139.22145,-21.98247],[-139.24136,-21.93678],[-139.24906,-21.88278]]],[[[-136.41379,-22.02738],[-136.41165,-21.99474],[-136.40276,-21.9559],[-136.37534,-21.89788],[-136.34723,-21.86369],[-136.3133,-21.83438],[-136.26627,-21.80777],[-136.20329,-21.79164],[-136.16726,-21.79074],[-136.10699,-21.80323],[-136.06493,-21.82349],[-136.04039,-21.84141],[-136.01247,-21.87038],[-135.9902,-21.90522],[-135.97251,-21.95463],[-135.96616,-22.00497],[-135.96949,-22.04457],[-135.98135,-22.08554],[-136.01167,-22.14473],[-136.03767,-22.17574],[-136.08782,-22.21261],[-136.12835,-22.22942],[-136.15853,-22.23608],[-136.19972,-22.23805],[-136.25659,-22.22908],[-136.29907,-22.21151],[-136.33651,-22.18646],[-136.37824,-22.14043],[-136.39858,-22.10185],[-136.4113,-22.05665],[-136.41379,-22.02738]]],[[[-135.85226,-21.47937],[-135.85043,-21.45478],[-135.83501,-21.40088],[-135.81509,-21.36614],[-135.77674,-21.32527],[-135.74821,-21.30587],[-135.70662,-21.28732],[-135.66505,-21.27765],[-135.62628,-21.27541],[-135.58222,-21.28133],[-135.5398,-21.27477],[-135.48036,-21.27886],[-135.43783,-21.29195],[-135.3625,-21.33204],[-135.3235,-21.36274],[-135.27869,-21.41775],[-135.2553,-21.4683],[-135.2475,-21.50362],[-135.24629,-21.53924],[-135.25534,-21.58922],[-135.27153,-21.62631],[-135.29149,-21.65567],[-135.33509,-21.69551],[-135.37585,-21.71761],[-135.41599,-21.72946],[-135.45643,-21.75414],[-135.50907,-21.7706],[-135.54924,-21.77376],[-135.65181,-21.76326],[-135.7086,-21.74325],[-135.73766,-21.72531],[-135.77821,-21.689],[-135.79976,-21.66089],[-135.82379,-21.61208],[-135.83791,-21.56967],[-135.84953,-21.51376],[-135.85226,-21.47937]]],[[[-136.9663,-21.29694],[-136.95906,-21.24864],[-136.94673,-21.21618],[-136.91609,-21.16959],[-136.8884,-21.14327],[-136.84245,-21.11474],[-136.80294,-21.10064],[-136.75413,-21.09334],[-136.71107,-21.09574],[-136.64764,-21.11585],[-136.6085,-21.11961],[-136.5679,-21.13089],[-136.52764,-21.12706],[-136.46609,-21.13567],[-136.43335,-21.14816],[-136.38948,-21.17608],[-136.35874,-21.20739],[-136.33033,-21.25519],[-136.26874,-21.28296],[-136.22989,-21.3149],[-136.20755,-21.34236],[-136.18436,-21.3852],[-136.16724,-21.43326],[-136.16095,-21.47052],[-136.16424,-21.52547],[-136.17984,-21.57279],[-136.20776,-21.61727],[-136.25593,-21.66159],[-136.28154,-21.6764],[-136.34447,-21.69674],[-136.3872,-21.7002],[-136.43315,-21.69508],[-136.50088,-21.67053],[-136.55055,-21.63471],[-136.58789,-21.59092],[-136.60919,-21.55383],[-136.62936,-21.54701],[-136.67545,-21.54652],[-136.73878,-21.53095],[-136.7696,-21.51609],[-136.81235,-21.50665],[-136.86344,-21.48244],[-136.91625,-21.43536],[-136.94214,-21.39774],[-136.95451,-21.37],[-136.96519,-21.32384],[-136.9663,-21.29694]]],[[[-143.77012,-20.44072],[-143.76587,-20.3993],[-143.7544,-20.36239],[-143.72086,-20.30899],[-143.67527,-20.26229],[-143.65543,-20.24693],[-143.61067,-20.22381],[-143.57649,-20.21425],[-143.54112,-20.2105],[-143.47586,-20.21918],[-143.43835,-20.23431],[-143.41263,-20.25015],[-143.36381,-20.29502],[-143.34371,-20.32071],[-143.32024,-20.36811],[-143.31181,-20.40385],[-143.28637,-20.40196],[-143.23638,-20.40644],[-143.20647,-20.41471],[-143.16484,-20.435],[-143.13432,-20.45789],[-143.10247,-20.49442],[-143.05811,-20.48909],[-143.00309,-20.49546],[-142.96934,-20.50633],[-142.92888,-20.52852],[-142.90324,-20.54939],[-142.87125,-20.58614],[-142.85236,-20.62061],[-142.83766,-20.66793],[-142.83352,-20.69786],[-142.83651,-20.75009],[-142.84774,-20.78734],[-142.86622,-20.82179],[-142.8878,-20.84861],[-142.91901,-20.87551],[-142.96889,-20.90162],[-143.00332,-20.91113],[-143.06449,-20.91368],[-143.10907,-20.90475],[-143.14666,-20.88929],[-143.2021,-20.85184],[-143.23056,-20.82298],[-143.29133,-20.83003],[-143.33408,-20.82496],[-143.3737,-20.81254],[-143.40434,-20.79665],[-143.45223,-20.75568],[-143.47965,-20.71665],[-143.50127,-20.6574],[-143.54869,-20.65887],[-143.59457,-20.6504],[-143.628,-20.63736],[-143.69037,-20.59852],[-143.71888,-20.57224],[-143.75225,-20.52181],[-143.76505,-20.48457],[-143.77012,-20.44072]]]]}},{"type":"Feature","properties":{"riding_id":"98702","dept":"987","name":"Polynésie française — 2ème circonscription"},"geometry":{"type":"MultiPolygon","coordinates":[[[[-153.03842,-22.64486],[-153.03326,-22.60353],[-153.01953,-22.56488],[-152.99877,-22.53051],[-152.96705,-22.49545],[-152.91339,-22.45951],[-152.86843,-22.4432],[-152.82824,-22.43609],[-152.76757,-22.43761],[-152.70395,-22.45513],[-152.65666,-22.4824],[-152.61846,-22.52002],[-152.59498,-22.55759],[-152.58112,-22.59417],[-152.57404,-22.65745],[-152.58295,-22.70839],[-152.61066,-22.76502],[-152.65506,-22.81302],[-152.6952,-22.83903],[-152.74828,-22.85887],[-152.78152,-22.8644],[-152.84093,-22.86257],[-152.88465,-22.85193],[-152.92182,-22.83493],[-152.95522,-22.81265],[-152.99483,-22.77393],[-153.02628,-22.71852],[-153.03708,-22.67109],[-153.03842,-22.64486]]],[[[-143.73662,-27.88535],[-143.73161,-27.84947],[-143.70489,-27.78659],[-143.68186,-27.75308],[-143.64594,-27.71994],[-143.5985,-27.6937],[-143.57472,-27.68497],[-143.52029,-27.67513],[-143.48645,-27.6749],[-143.43568,-27.68141],[-143.3945,-27.69368],[-143.35379,-27.71555],[-143.31282,-27.748],[-143.29374,-27.77152],[-143.2725,-27.80933],[-143.25835,-27.86933],[-143.2677,-27.93913],[-143.29317,-27.99868],[-143.32063,-28.03168],[-143.36245,-28.06447],[-143.39085,-28.07867],[-143.44269,-28.09479],[-143.49665,-28.09902],[-143.55894,-28.08978],[-143.6081,-28.07411],[-143.64847,-28.0525],[-143.67279,-28.03377],[-143.69942,-28.00456],[-143.72256,-27.96361],[-143.7352,-27.91564],[-143.73662,-27.88535]]],[[[-144.60632,-27.5961],[-144.60093,-27.54274],[-144.58676,-27.50141],[-144.54997,-27.44801],[-144.50961,-27.41505],[-144.4587,-27.38727],[-144.42553,-27.37628],[-144.36086,-27.36704],[-144.28833,-27.37144],[-144.23058,-27.38937],[-144.16993,-27.42353],[-144.13773,-27.45345],[-144.11175,-27.48754],[-144.09153,-27.52762],[-144.08216,-27.56233],[-144.07652,-27.63032],[-144.08513,-27.68569],[-144.10256,-27.73183],[-144.12711,-27.76741],[-144.16055,-27.7986],[-144.18903,-27.81701],[-144.23134,-27.835],[-144.278,-27.84779],[-144.3295,-27.85258],[-144.37647,-27.84774],[-144.42297,-27.83431],[-144.49898,-27.79492],[-144.54196,-27.75879],[-144.56483,-27.72987],[-144.58778,-27.68966],[-144.60054,-27.65303],[-144.60632,-27.5961]]],[[[-147.91921,-23.89848],[-147.9181,-23.84255],[-147.90631,-23.79151],[-147.89248,-23.76284],[-147.86683,-23.72835],[-147.81796,-23.68906],[-147.76219,-23.6656],[-147.71477,-23.6578],[-147.67523,-23.64264],[-147.6264,-23.6335],[-147.57517,-23.63376],[-147.54742,-23.63826],[-147.49468,-23.65509],[-147.44065,-23.6887],[-147.4198,-23.7089],[-147.38757,-23.7555],[-147.37581,-23.78495],[-147.36749,-23.83558],[-147.36909,-23.87779],[-147.38137,-23.93203],[-147.41087,-23.98451],[-147.44355,-24.01963],[-147.5114,-24.06405],[-147.58613,-24.09383],[-147.61893,-24.10208],[-147.67895,-24.10676],[-147.73055,-24.10259],[-147.76375,-24.09386],[-147.81098,-24.07338],[-147.85071,-24.04608],[-147.87378,-24.02267],[-147.89941,-23.98367],[-147.9122,-23.95062],[-147.91921,-23.89848]]],[[[-149.74797,-23.36803],[-149.74436,-23.33316],[-149.72999,-23.28964],[-149.71397,-23.2618],[-149.6909,-23.234],[-149.63862,-23.18983],[-149.56753,-23.14754],[-149.5035,-23.12819],[-149.44983,-23.12683],[-149.35726,-23.14516],[-149.31511,-23.16112],[-149.26411,-23.19419],[-149.23923,-23.21906],[-149.20263,-23.27138],[-149.18211,-23.32094],[-149.1768,-23.38243],[-149.18482,-23.42442],[-149.21411,-23.48217],[-149.2435,-23.51441],[-149.29958,-23.5506],[-149.40023,-23.58777],[-149.4622,-23.59967],[-149.50143,-23.60366],[-149.55814,-23.59793],[-149.61414,-23.57753],[-149.65192,-23.55263],[-149.70179,-23.49877],[-149.72628,-23.45959],[-149.73893,-23.42684],[-149.74797,-23.36803]]],[[[-151.59275,-22.45283],[-151.58906,-22.40809],[-151.57642,-22.36706],[-151.54783,-22.31854],[-151.50685,-22.27744],[-151.4659,-22.25253],[-151.41252,-22.23491],[-151.36549,-22.23048],[-151.31537,-22.23599],[-151.28198,-22.24569],[-151.23183,-22.2698],[-151.18088,-22.30519],[-151.14594,-22.34199],[-151.12545,-22.37636],[-151.112,-22.41489],[-151.10572,-22.47284],[-151.10831,-22.51697],[-151.1195,-22.56387],[-151.13641,-22.59971],[-151.16601,-22.644],[-151.18689,-22.66559],[-151.22242,-22.69201],[-151.26614,-22.71245],[-151.30115,-22.72159],[-151.35054,-22.72532],[-151.38466,-22.72172],[-151.43224,-22.70785],[-151.48069,-22.681],[-151.51298,-22.65168],[-151.54905,-22.5948],[-151.58519,-22.50559],[-151.59275,-22.45283]]],[[[-154.93606,-21.81431],[-154.93217,-21.77557],[-154.91916,-21.73561],[-154.89963,-21.70193],[-154.88067,-21.67929],[-154.83624,-21.64077],[-154.79008,-21.61409],[-154.75845,-21.60322],[-154.7067,-21.59591],[-154.66564,-21.59859],[-154.62344,-21.60933],[-154.5815,-21.62927],[-154.54565,-21.65646],[-154.52156,-21.68254],[-154.50191,-21.7119],[-154.48277,-21.761],[-154.47757,-21.81487],[-154.48908,-21.87368],[-154.50978,-21.91919],[-154.53509,-21.95332],[-154.55877,-21.97529],[-154.59341,-21.99772],[-154.63468,-22.01431],[-154.67875,-22.02247],[-154.7214,-22.02214],[-154.77657,-22.00973],[-154.84664,-21.9764],[-154.87567,-21.95304],[-154.90917,-21.91097],[-154.92318,-21.88231],[-154.93346,-21.84504],[-154.93606,-21.81431]]],[[[-149.59636,-17.66402],[-149.57163,-17.64967],[-149.52859,-17.65347],[-149.50391,-17.6611],[-149.48324,-17.64443],[-149.47774,-17.61823],[-149.49457,-17.61265],[-149.48953,-17.55233],[-149.50362,-17.5117],[-149.4937,-17.50098],[-149.42816,-17.50832],[-149.39801,-17.51897],[-149.37793,-17.53681],[-149.34098,-17.5439],[-149.30903,-17.57796],[-149.30088,-17.6072],[-149.31129,-17.66189],[-149.3037,-17.67865],[-149.30486,-17.72163],[-149.27444,-17.73661],[-149.21911,-17.73672],[-149.21292,-17.74479],[-149.15721,-17.7554],[-149.12754,-17.78195],[-149.12474,-17.82436],[-149.14364,-17.86957],[-149.16057,-17.88032],[-149.21898,-17.8637],[-149.24956,-17.86117],[-149.29689,-17.81965],[-149.29918,-17.78916],[-149.32795,-17.7491],[-149.36139,-17.76082],[-149.39279,-17.76204],[-149.41056,-17.77418],[-149.4772,-17.77818],[-149.48281,-17.76892],[-149.55372,-17.75317],[-149.5784,-17.74054],[-149.58656,-17.68424],[-149.59636,-17.66402]]]]}},{"type":"Feature","properties":{"riding_id":"98703","dept":"987","name":"Polynésie française — 3ème circonscription"},"geometry":{"type":"MultiPolygon","coordinates":[[[[-149.58139,-17.54487],[-149.58258,-17.5564],[-149.52177,-17.59714],[-149.51282,-17.62343],[-149.49457,-17.61265],[-149.47774,-17.61823],[-149.48324,-17.64443],[-149.50391,-17.6611],[-149.52859,-17.65347],[-149.57163,-17.64967],[-149.59636,-17.66402],[-149.61319,-17.62584],[-149.61377,-17.5906],[-149.62087,-17.56237],[-149.61342,-17.552],[-149.58139,-17.54487]]],[[[-151.55012,-16.6201],[-151.5457,-16.60408],[-151.51551,-16.5774],[-151.48394,-16.58448],[-151.44287,-16.60519],[-151.43716,-16.63088],[-151.45732,-16.64903],[-151.45627,-16.67683],[-151.47204,-16.6824],[-151.48851,-16.66059],[-151.50368,-16.67146],[-151.54516,-16.64171],[-151.55012,-16.6201]]],[[[-151.02755,-16.77897],[-150.98229,-16.75454],[-150.96438,-16.76325],[-150.95865,-16.78697],[-150.98321,-16.81052],[-151.00134,-16.80618],[-151.02755,-16.77897]]],[[[-151.49349,-16.79426],[-151.49001,-16.7463],[-151.47292,-16.72329],[-151.44374,-16.7265],[-151.40801,-16.78641],[-151.408,-16.80456],[-151.35835,-16.83512],[-151.35634,-16.86388],[-151.38332,-16.87697],[-151.39424,-16.89092],[-151.42612,-16.89275],[-151.44559,-16.91698],[-151.47048,-16.90634],[-151.45812,-16.88913],[-151.47818,-16.85026],[-151.48136,-16.82589],[-151.49349,-16.79426]]],[[[-151.04734,-16.7553],[-151.03373,-16.71549],[-151.04089,-16.70471],[-151.00246,-16.69653],[-150.98579,-16.70188],[-150.98668,-16.72239],[-150.97749,-16.74501],[-151.0013,-16.74759],[-151.02266,-16.76892],[-151.04734,-16.7553]]],[[[-151.7636,-16.47382],[-151.74667,-16.46524],[-151.72269,-16.47886],[-151.72023,-16.51868],[-151.73263,-16.52096],[-151.75294,-16.50647],[-151.75132,-16.4801],[-151.7636,-16.47382]]]]}},{"type":"Feature","properties":{"riding_id":"98801","dept":"988","name":"Nouvelle-Calédonie — 1ere circonscription"},"geometry":{"type":"MultiPolygon","coordinates":[[[[166.45706,-22.22288],[166.49483,-22.22621],[166.49647,-22.25368],[166.4799,-22.25685],[166.46076,-22.27935],[166.45846,-22.31069],[166.43708,-22.30376],[166.44141,-22.26454],[166.42695,-22.24656],[166.39898,-22.23492],[166.43109,-22.22248],[166.45706,-22.22288]]],[[[166.47109,-20.69976],[166.51569,-20.67134],[166.5462,-20.6349],[166.56014,-20.59543],[166.56053,-20.56029],[166.57228,-20.51919],[166.59334,-20.48132],[166.59215,-20.44219],[166.55082,-20.40425],[166.58885,-20.39186],[166.60739,-20.39366],[166.62527,-20.42834],[166.65829,-20.4512],[166.66713,-20.46619],[166.60906,-20.47136],[166.60443,-20.48543],[166.58105,-20.51036],[166.58199,-20.53711],[166.57157,-20.54657],[166.57605,-20.56937],[166.56937,-20.58789],[166.58393,-20.60392],[166.61284,-20.5976],[166.60935,-20.61617],[166.56784,-20.68825],[166.50536,-20.70606],[166.47109,-20.69976]]],[[[167.79375,-21.09153],[167.81547,-21.08586],[167.83956,-21.11617],[167.82345,-21.12877],[167.79375,-21.09153]]],[[[167.80034,-21.38132],[167.83895,-21.37502],[167.87433,-21.40014],[167.89654,-21.39821],[167.89883,-21.38222],[167.94591,-21.36725],[167.98254,-21.43992],[167.99967,-21.45788],[168.02966,-21.46667],[168.05457,-21.45458],[168.08346,-21.45459],[168.11499,-21.43398],[168.13622,-21.44849],[168.11933,-21.47541],[168.12456,-21.5027],[168.11335,-21.51389],[168.11439,-21.54453],[168.10814,-21.58944],[168.11536,-21.62738],[168.04808,-21.64163],[168.03975,-21.65846],[167.98369,-21.6574],[167.96099,-21.65047],[167.9356,-21.60495],[167.90945,-21.59752],[167.86393,-21.59854],[167.86456,-21.57499],[167.8788,-21.55051],[167.85377,-21.52707],[167.83248,-21.48086],[167.83934,-21.45168],[167.82962,-21.42534],[167.80769,-21.40641],[167.80034,-21.38132]]],[[[167.01,-20.91889],[167.04109,-20.91148],[167.06184,-20.92693],[167.12407,-20.90652],[167.14106,-20.87242],[167.16386,-20.85772],[167.18022,-20.81478],[167.17053,-20.79286],[167.14834,-20.78356],[167.12405,-20.78639],[167.10177,-20.76523],[167.03575,-20.7795],[167.03977,-20.73209],[167.06471,-20.71519],[167.09993,-20.71],[167.13569,-20.72411],[167.16301,-20.7118],[167.16168,-20.68979],[167.17961,-20.68078],[167.2116,-20.67981],[167.24822,-20.69555],[167.27636,-20.72715],[167.29814,-20.7268],[167.30077,-20.74644],[167.27613,-20.76401],[167.2739,-20.82858],[167.29051,-20.87333],[167.2574,-20.90724],[167.27417,-20.91979],[167.30169,-20.91846],[167.31978,-20.93701],[167.34993,-20.9384],[167.37648,-20.95424],[167.38525,-20.98011],[167.38156,-21.01516],[167.41209,-21.03509],[167.43343,-21.03656],[167.45846,-21.06656],[167.42625,-21.08363],[167.40867,-21.09919],[167.4145,-21.16391],[167.38231,-21.18355],[167.33822,-21.18265],[167.3139,-21.15168],[167.31329,-21.13758],[167.26725,-21.12276],[167.2705,-21.10212],[167.26073,-21.09042],[167.21604,-21.09139],[167.17862,-21.08326],[167.15673,-21.08624],[167.12716,-21.0704],[167.11151,-21.04936],[167.09606,-21.04286],[167.08916,-21.01952],[167.05459,-20.98751],[167.06335,-20.96707],[167.05199,-20.94765],[167.02641,-20.94049],[167.01,-20.91889]]],[[[167.50517,-22.68872],[167.51795,-22.67683],[167.5276,-22.64349],[167.55742,-22.66707],[167.54629,-22.69478],[167.50517,-22.68872]]],[[[167.41322,-22.60458],[167.42455,-22.58774],[167.4161,-22.55463],[167.46583,-22.5422],[167.49535,-22.55948],[167.50987,-22.55681],[167.54729,-22.59615],[167.55773,-22.61664],[167.54399,-22.62949],[167.51791,-22.61392],[167.51454,-22.6343],[167.52341,-22.64908],[167.49291,-22.67502],[167.4513,-22.66612],[167.42917,-22.64839],[167.42505,-22.61845],[167.41322,-22.60458]]]]}},{"type":"Feature","properties":{"riding_id":"98802","dept":"988","name":"Nouvelle-Calédonie — 2ème circonscription"},"geometry":{"type":"MultiPolygon","coordinates":[[[[164.15596,-20.08469],[164.1823,-20.07838],[164.21635,-20.10917],[164.232,-20.14298],[164.20723,-20.1435],[164.1811,-20.12395],[164.16359,-20.08537],[164.15596,-20.08469]]],[[[166.77218,-22.44115],[166.78525,-22.43348],[166.77669,-22.40747],[166.78561,-22.39828],[166.8393,-22.39742],[166.84763,-22.41546],[166.83308,-22.4509],[166.81755,-22.46657],[166.78279,-22.46143],[166.77218,-22.44115]]],[[[164.27137,-20.21245],[164.28807,-20.22286],[164.3001,-20.26011],[164.29069,-20.26134],[164.27137,-20.21245]]],[[[163.57035,-19.55487],[163.58719,-19.55474],[163.61042,-19.58896],[163.58548,-19.59516],[163.57035,-19.55487]]],[[[166.49483,-22.22621],[166.45706,-22.22288],[166.43754,-22.19009],[166.42139,-22.1735],[166.3849,-22.1689],[166.37207,-22.20719],[166.34539,-22.19324],[166.33351,-22.19737],[166.32113,-22.16948],[166.32349,-22.15271],[166.26907,-22.17003],[166.22211,-22.13943],[166.21871,-22.12543],[166.18253,-22.10539],[166.16188,-22.08432],[166.13772,-22.0982],[166.12268,-22.09083],[166.1307,-22.06389],[166.14581,-22.07439],[166.16259,-22.07018],[166.16844,-22.0299],[166.1368,-21.98096],[166.14785,-21.96203],[166.12325,-21.9473],[166.09287,-21.94717],[166.08202,-21.93638],[166.07828,-21.91337],[166.06205,-21.8978],[166.04418,-21.90049],[166.01898,-21.93036],[166.01405,-21.94799],[165.99044,-21.95905],[165.97801,-21.92902],[165.94964,-21.92539],[165.94241,-21.90756],[165.9068,-21.87043],[165.85239,-21.85864],[165.8428,-21.86833],[165.819,-21.86353],[165.83329,-21.84573],[165.81723,-21.8188],[165.80171,-21.8105],[165.80176,-21.79005],[165.76093,-21.78919],[165.76929,-21.767],[165.72748,-21.74458],[165.7033,-21.75049],[165.68169,-21.72451],[165.66167,-21.71398],[165.6277,-21.73492],[165.62425,-21.71067],[165.60982,-21.71369],[165.56394,-21.70812],[165.53111,-21.69857],[165.50709,-21.68435],[165.47186,-21.65421],[165.45829,-21.60761],[165.43687,-21.60606],[165.42866,-21.62],[165.39285,-21.61241],[165.32927,-21.58665],[165.28705,-21.57348],[165.26692,-21.55672],[165.26066,-21.50777],[165.23451,-21.51514],[165.19727,-21.48462],[165.1677,-21.47938],[165.14787,-21.46068],[165.13729,-21.43239],[165.11148,-21.405],[165.12819,-21.3875],[165.10947,-21.36759],[165.09441,-21.37162],[165.07221,-21.39122],[165.04585,-21.34493],[164.9885,-21.31329],[164.972,-21.35093],[164.94712,-21.35672],[164.94894,-21.29327],[164.91048,-21.2783],[164.8943,-21.24427],[164.86725,-21.22779],[164.85848,-21.20358],[164.83266,-21.18375],[164.83173,-21.15302],[164.86116,-21.13824],[164.85526,-21.10386],[164.8384,-21.10827],[164.82843,-21.0663],[164.79048,-21.05484],[164.77558,-21.06331],[164.76881,-21.08491],[164.75293,-21.07885],[164.75764,-21.05976],[164.74504,-21.04961],[164.72317,-21.06375],[164.69324,-21.03959],[164.68975,-21.00172],[164.70949,-21.00408],[164.70679,-20.98257],[164.65565,-20.98415],[164.67235,-20.93422],[164.62168,-20.91635],[164.58904,-20.92735],[164.56913,-20.89215],[164.5528,-20.89709],[164.52501,-20.89216],[164.50892,-20.8692],[164.48077,-20.84851],[164.46123,-20.84785],[164.45755,-20.83041],[164.43153,-20.81317],[164.41583,-20.78238],[164.3967,-20.7724],[164.41467,-20.75166],[164.41442,-20.71864],[164.36546,-20.69518],[164.36704,-20.674],[164.35085,-20.67258],[164.31868,-20.63135],[164.31691,-20.60913],[164.30268,-20.58387],[164.2869,-20.5733],[164.25814,-20.56707],[164.23703,-20.55213],[164.23649,-20.54037],[164.21332,-20.52447],[164.20736,-20.51117],[164.18082,-20.4879],[164.17053,-20.44635],[164.15633,-20.42028],[164.1257,-20.40184],[164.12622,-20.38369],[164.16528,-20.3964],[164.18454,-20.37102],[164.17211,-20.32919],[164.14425,-20.29981],[164.07303,-20.27868],[164.04015,-20.30105],[164.03713,-20.28262],[164.00037,-20.24791],[164.03117,-20.22829],[164.06375,-20.23393],[164.0562,-20.19254],[164.07005,-20.18469],[164.05767,-20.14482],[164.02532,-20.12932],[164.02867,-20.11538],[164.00233,-20.08458],[164.03205,-20.07897],[164.0497,-20.1026],[164.06323,-20.10304],[164.09503,-20.15752],[164.13102,-20.17548],[164.14875,-20.20801],[164.18048,-20.24318],[164.19167,-20.24297],[164.25087,-20.26953],[164.25123,-20.28341],[164.31177,-20.27841],[164.30471,-20.2553],[164.31067,-20.23119],[164.34109,-20.23904],[164.35852,-20.23639],[164.3777,-20.25712],[164.41422,-20.26142],[164.42645,-20.27386],[164.45349,-20.27978],[164.46794,-20.29179],[164.49711,-20.2989],[164.55115,-20.33541],[164.57804,-20.36302],[164.58964,-20.39834],[164.62162,-20.41805],[164.64827,-20.42493],[164.67331,-20.45249],[164.69934,-20.46791],[164.73027,-20.47529],[164.76047,-20.49888],[164.77547,-20.52283],[164.79431,-20.53727],[164.80166,-20.55468],[164.81725,-20.5597],[164.84687,-20.60995],[164.91344,-20.64561],[164.93939,-20.67072],[164.97893,-20.68293],[165.07141,-20.74021],[165.12012,-20.75541],[165.13871,-20.75301],[165.21858,-20.76541],[165.2431,-20.77393],[165.26335,-20.80637],[165.25684,-20.85205],[165.2632,-20.8667],[165.31851,-20.9268],[165.33621,-20.93723],[165.37393,-20.9346],[165.41448,-20.94673],[165.40022,-20.9883],[165.40801,-21.06065],[165.44829,-21.10077],[165.48097,-21.11124],[165.49669,-21.13412],[165.5384,-21.1309],[165.58439,-21.17014],[165.6108,-21.1829],[165.61898,-21.20437],[165.59936,-21.2073],[165.60124,-21.22466],[165.61769,-21.25456],[165.63512,-21.26947],[165.67384,-21.28661],[165.69222,-21.2847],[165.71474,-21.30375],[165.73868,-21.29597],[165.75947,-21.29911],[165.80054,-21.35264],[165.82651,-21.35491],[165.82056,-21.38416],[165.84359,-21.37298],[165.88238,-21.37819],[165.89609,-21.37219],[165.91567,-21.40453],[165.94489,-21.43681],[165.94877,-21.46279],[165.94239,-21.47673],[165.97449,-21.49555],[165.99453,-21.49857],[165.98689,-21.46669],[165.96791,-21.44569],[165.95426,-21.41847],[165.97635,-21.41191],[166.01017,-21.45162],[166.05405,-21.47375],[166.06311,-21.50871],[166.12015,-21.51503],[166.13124,-21.53037],[166.17246,-21.56573],[166.19764,-21.57616],[166.23913,-21.61412],[166.25525,-21.61679],[166.28344,-21.63419],[166.32378,-21.64874],[166.33755,-21.64369],[166.35664,-21.65307],[166.34201,-21.6797],[166.37384,-21.70028],[166.41265,-21.70557],[166.46962,-21.75179],[166.47102,-21.77712],[166.50791,-21.81347],[166.55213,-21.8477],[166.56687,-21.87652],[166.61435,-21.90353],[166.61691,-21.9151],[166.65659,-21.9369],[166.67092,-21.92216],[166.7199,-21.95782],[166.6996,-21.96729],[166.70004,-21.98119],[166.7268,-21.9804],[166.75453,-21.99091],[166.77695,-22.0145],[166.82093,-22.02558],[166.87045,-22.03339],[166.91806,-22.07654],[166.93896,-22.0851],[166.95106,-22.11718],[166.93732,-22.15689],[166.95063,-22.15574],[167.00469,-22.22645],[167.02224,-22.27969],[167.00376,-22.33501],[166.97882,-22.33814],[166.97142,-22.34997],[166.9253,-22.39515],[166.91631,-22.37755],[166.88762,-22.37013],[166.89129,-22.35307],[166.87392,-22.32044],[166.85078,-22.33364],[166.82773,-22.33536],[166.80813,-22.37275],[166.7822,-22.39072],[166.74138,-22.38259],[166.73045,-22.36352],[166.74623,-22.3488],[166.7004,-22.33415],[166.68431,-22.31032],[166.65038,-22.29457],[166.62958,-22.27413],[166.6096,-22.29066],[166.59058,-22.29249],[166.55726,-22.26074],[166.56858,-22.24428],[166.54884,-22.23734],[166.50835,-22.23336],[166.49483,-22.22621]]],[[[166.01888,-21.98238],[166.06987,-21.99526],[166.04526,-22.0222],[166.03133,-22.02681],[166.01888,-21.98238]]],[[[165.97096,-21.96508],[166.00805,-21.97365],[165.99646,-21.98653],[165.97096,-21.96508]]],[[[163.94534,-20.03205],[163.96139,-20.03601],[163.96889,-20.01481],[163.9932,-20.04778],[163.9904,-20.05936],[163.96658,-20.07544],[163.95191,-20.06943],[163.94534,-20.03205]]],[[[163.78922,-20.04985],[163.79437,-20.0347],[163.81159,-20.02863],[163.82786,-20.03801],[163.81532,-20.07552],[163.78922,-20.04985]]],[[[163.62087,-19.61835],[163.63331,-19.62591],[163.67421,-19.69162],[163.67313,-19.7238],[163.69925,-19.73841],[163.7039,-19.76935],[163.67328,-19.77221],[163.65397,-19.75495],[163.65262,-19.7373],[163.63505,-19.70987],[163.63061,-19.68769],[163.64503,-19.66978],[163.63937,-19.64862],[163.62087,-19.61835]]]]}}]}